[Start] effFix started at 2026-01-21 16:34:04.578481
[Wed Jan 21 16:34:04 2026][INFO]: <function title at 0x71b835dc5f70>
[Wed Jan 21 16:34:04 2026][INFO]: Displaying Configurations
[Wed Jan 21 16:34:04 2026][CONFIGURATION]: src_dir:/effFix-experiment/effFix-benchmark/openssl-1/null-ptr-5-openssl-1/src
[Wed Jan 21 16:34:04 2026][CONFIGURATION]: build_command_project:make
[Wed Jan 21 16:34:04 2026][CONFIGURATION]: build_command_repair:make build_ssl
[Wed Jan 21 16:34:04 2026][CONFIGURATION]: clean_command:make clean
[Wed Jan 21 16:34:04 2026][CONFIGURATION]: config_command:CC=gcc ./config
[Wed Jan 21 16:34:04 2026][CONFIGURATION]: tag_id:null-ptr-5-openssl-1
[Wed Jan 21 16:34:04 2026][CONFIGURATION]: bug_type:NULLPTR_DEREFERENCE
[Wed Jan 21 16:34:04 2026][CONFIGURATION]: bug_procedure:dtls1_buffer_message
[Wed Jan 21 16:34:04 2026][CONFIGURATION]: bug_file:ssl/d1_both.c
[Wed Jan 21 16:34:04 2026][CONFIGURATION]: bug_start_line:1181
[Wed Jan 21 16:34:04 2026][CONFIGURATION]: bug_end_line:1183
[Wed Jan 21 16:34:04 2026][INFO]: Loading dependency tools
[Wed Jan 21 16:34:04 2026][INFO]: Analyzing Program for Repair
[Wed Jan 21 16:34:04 2026][INFO]: Checking whether Infer detected the target bug
[Wed Jan 21 16:34:04 2026][INFO]: Target bug is: NULLPTR_DEREFERENCE, ssl/d1_both.c, dtls1_buffer_message, start_line:1181, end_line:1183, two_loc_source_line:-1
[Wed Jan 21 16:34:04 2026][INFO]: Performing fix localization
[Wed Jan 21 16:34:19 2026][COMMAND]: /opt/infer/infer/bin/infer --pulse-only --jobs 16 --pulse-max-disjuncts 100 --pulse-model-malloc-pattern CRYPTO_malloc --pulse-model-free-pattern CRYPTO_free --pulse-model-realloc-pattern CRYPTO_realloc --reactive --pulse-fix-mode --pulse-fix-file=ssl/d1_both.c --pulse-fix-function=dtls1_buffer_message -o /effFix-experiment/effFix-benchmark/openssl-1/null-ptr-5-openssl-1/repair/infer-out-single -- make build_ssl
[Wed Jan 21 16:34:22 2026][INFO]: Result from ochiai: [(1171, 0.08980265101338746), (1181, 0.08980265101338746), (1183, 0.08980265101338746), (1185, 0.0), (1187, 0.0), (1196, 0.0), (1197, 0.0), (1198, 0.0), (1199, 0.0), (1200, 0.0), (1201, 0.0), (1204, 0.0), (1205, 0.0), (1206, 0.0), (1207, 0.0), (1208, 0.0), (1210, 0.0), (1211, 0.0), (1212, 0.0), (1213, 0.0), (1214, 0.0), (1216, 0.0), (1217, 0.0), (1219, 0.0), (1192, 0.0), (1229, 0.0), (1230, 0.0), (1231, 0.0)]
[Wed Jan 21 16:34:22 2026][COMMAND]: codeql pack install
[Wed Jan 21 16:34:26 2026][COMMAND]: codeql database analyze /effFix-experiment/effFix-benchmark/openssl-1/null-ptr-5-openssl-1/pre/codeql-db /effFix-experiment/effFix-benchmark/openssl-1/null-ptr-5-openssl-1/repair/codeql-queries/loc_between.ql --format=csv --rerun --output=/effFix-experiment/effFix-benchmark/openssl-1/null-ptr-5-openssl-1/repair/codeql-res-loc-betweens.csv
[Wed Jan 21 16:35:18 2026][INFO]: Locations allowed (by considering trace start and trace end): {1183}
[Wed Jan 21 16:35:18 2026][INFO]: Final locations: [1183]
[Wed Jan 21 16:35:18 2026][INFO]: [Timer] Duration for localize: 74.298s
[Wed Jan 21 16:35:23 2026][INFO]: Target bug signature: PatchSignature: [
	DisjunctSignature: label: <AbortProgram, 1181, 1183>, 
		allocated: frozenset(), 
		deallocated: frozenset(), 
		return_formula: True, 
		formula: True,
	DisjunctSignature: label: <ErrorMemoryLeak, 1216, 1229>, 
		allocated: frozenset(), 
		deallocated: frozenset(), 
		return_formula: (return = 1), 
		formula: (((s->init_num = ('&(s->d1->w_msg_hdr)->msg_len' + 3)) & (! (s->d1->sent_messages->items = 0)) & (! (is_ccs = 0)) & (! (s->init_num = 0)) & (! (s->d1->sent_messages->items->next = 0)) & (! (s->d1->sent_messages->items->next->next = 0)) & ('&(s->d1->w_msg_hdr)->seq' = 0)) | ((s->init_num = ('&(s->d1->w_msg_hdr)->msg_len' + 1)) & (s->version = 65279) & (! (s->d1->sent_messages->items = 0)) & (! (is_ccs = 0)) & (! (s->init_num = 0)) & (! (s->d1->sent_messages->items->next = 0)) & ('&(s->d1->w_msg_hdr)->seq' = 0)) | ((! (s->d1->sent_messages->items = 0)) & (s->init_num = ('&(s->d1->w_msg_hdr)->msg_len' + 12)) & (is_ccs = 0) & (! (s->init_num = 0)) & ('&(s->d1->w_msg_hdr)->seq' = 0)) | ((! (s->d1->sent_messages->items = 0)) & (is_ccs = 0) & (s->init_num = ('&(s->d1->w_msg_hdr)->msg_len' + 12)) & (! (s->init_num = 0)) & (! (s->d1->sent_messages->items->next = 0)) & ('&(s->d1->w_msg_hdr)->seq' = 0)) | ((! (s->d1->sent_messages->items->next->next->next = 0)) & (! (s->d1->sent_messages->items = 0)) & (s->init_num = ('&(s->d1->w_msg_hdr)->msg_len' + 3)) & (! (is_ccs = 0)) & (! (s->init_num = 0)) & (! (s->d1->sent_messages->items->next = 0)) & (! (s->d1->sent_messages->items->next->next = 0)) & ('&(s->d1->w_msg_hdr)->seq' = 0)) | ((! (s->d1->sent_messages->items = 0)) & (s->init_num = ('&(s->d1->w_msg_hdr)->msg_len' + 3)) & (! (is_ccs = 0)) & (! (s->init_num = 0)) & (! (s->d1->sent_messages->items->next = 0)) & ('&(s->d1->w_msg_hdr)->seq' = 0)) | ((! (s->d1->sent_messages->items->next->next->next = 0)) & (s->init_num = ('&(s->d1->w_msg_hdr)->msg_len' + 1)) & (s->version = 65279) & (! (s->d1->sent_messages->items = 0)) & (! (is_ccs = 0)) & (! (s->init_num = 0)) & (! (s->d1->sent_messages->items->next = 0)) & (! (s->d1->sent_messages->items->next->next = 0)) & ('&(s->d1->w_msg_hdr)->seq' = 0)) | ((s->init_num = ('&(s->d1->w_msg_hdr)->msg_len' + 1)) & (s->version = 65279) & (! (s->d1->sent_messages->items = 0)) & (! (is_ccs = 0)) & (! (s->init_num = 0)) & (! (s->d1->sent_messages->items->next = 0)) & (! (s->d1->sent_messages->items->next->next = 0)) & ('&(s->d1->w_msg_hdr)->seq' = 0)) | ((! (s->d1->sent_messages->items = 0)) & (s->init_num = ('&(s->d1->w_msg_hdr)->msg_len' + 3)) & (! (is_ccs = 0)) & (! (s->init_num = 0)) & ('&(s->d1->w_msg_hdr)->seq' = 0)) | ((! (s->d1->sent_messages->items = 0)) & (s->init_num = ('&(s->d1->w_msg_hdr)->msg_len' + 12)) & (is_ccs = 0) & (! (s->init_num = 0)) & (! (s->d1->sent_messages->items->next = 0)) & (! (s->d1->sent_messages->items->next->next = 0)) & ('&(s->d1->w_msg_hdr)->seq' = 0)) | ((s->init_num = ('&(s->d1->w_msg_hdr)->msg_len' + 1)) & (s->version = 65279) & (! (s->d1->sent_messages->items = 0)) & (! (is_ccs = 0)) & (! (s->init_num = 0)) & ('&(s->d1->w_msg_hdr)->seq' = 0)) | ((! (s->d1->sent_messages->items->next->next->next = 0)) & (! (s->d1->sent_messages->items = 0)) & (is_ccs = 0) & (s->init_num = ('&(s->d1->w_msg_hdr)->msg_len' + 12)) & (! (s->init_num = 0)) & (! (s->d1->sent_messages->items->next = 0)) & (! (s->d1->sent_messages->items->next->next = 0)) & ('&(s->d1->w_msg_hdr)->seq' = 0))),
	DisjunctSignature: label: <ErrorMemoryLeak, 1181, 1229>, 
		allocated: frozenset(), 
		deallocated: frozenset(), 
		return_formula: (return = 1), 
		formula: (((! (s->d1->sent_messages->items = 0)) & (s->init_num = ('&(s->d1->w_msg_hdr)->msg_len' + 12)) & (is_ccs = 0) & (! (s->init_num = 0)) & ('&(s->d1->w_msg_hdr)->seq' = 0)) | ((! (s->d1->sent_messages->items->next->next->next = 0)) & (s->init_num = ('&(s->d1->w_msg_hdr)->msg_len' + 1)) & (s->version = 65279) & (! (s->d1->sent_messages->items = 0)) & (! (is_ccs = 0)) & (! (s->init_num = 0)) & (! (s->d1->sent_messages->items->next = 0)) & (! (s->d1->sent_messages->items->next->next = 0)) & ('&(s->d1->w_msg_hdr)->seq' = 0)) | ((! (s->d1->sent_messages->items->next->next->next = 0)) & (! (s->d1->sent_messages->items = 0)) & (s->init_num = ('&(s->d1->w_msg_hdr)->msg_len' + 12)) & (is_ccs = 0) & (! (s->init_num = 0)) & (! (s->d1->sent_messages->items->next = 0)) & (! (s->d1->sent_messages->items->next->next = 0)) & ('&(s->d1->w_msg_hdr)->seq' = 0)) | ((! (s->d1->sent_messages->items->next->next->next = 0)) & (! (s->d1->sent_messages->items = 0)) & (is_ccs = 0) & (s->init_num = ('&(s->d1->w_msg_hdr)->msg_len' + 12)) & (! (s->init_num = 0)) & (! (s->d1->sent_messages->items->next = 0)) & (! (s->d1->sent_messages->items->next->next = 0)) & ('&(s->d1->w_msg_hdr)->seq' = 0)) | ((s->init_num = ('&(s->d1->w_msg_hdr)->msg_len' + 3)) & (! (s->d1->sent_messages->items = 0)) & (! (is_ccs = 0)) & (! (s->init_num = 0)) & (! (s->d1->sent_messages->items->next = 0)) & (! (s->d1->sent_messages->items->next->next = 0)) & ('&(s->d1->w_msg_hdr)->seq' = 0)) | ((s->init_num = ('&(s->d1->w_msg_hdr)->msg_len' + 1)) & (s->version = 65279) & (! (s->d1->sent_messages->items = 0)) & (! (is_ccs = 0)) & (! (s->init_num = 0)) & (! (s->d1->sent_messages->items->next = 0)) & ('&(s->d1->w_msg_hdr)->seq' = 0)) | ((! (s->d1->sent_messages->items = 0)) & (s->init_num = ('&(s->d1->w_msg_hdr)->msg_len' + 12)) & (is_ccs = 0) & (! (s->init_num = 0)) & (! (s->d1->sent_messages->items->next = 0)) & ('&(s->d1->w_msg_hdr)->seq' = 0)) | ((! (s->d1->sent_messages->items = 0)) & (s->init_num = ('&(s->d1->w_msg_hdr)->msg_len' + 3)) & (! (is_ccs = 0)) & (! (s->init_num = 0)) & (! (s->d1->sent_messages->items->next = 0)) & (! (s->d1->sent_messages->items->next->next = 0)) & ('&(s->d1->w_msg_hdr)->seq' = 0)) | ((! (s->d1->sent_messages->items = 0)) & (is_ccs = 0) & (s->init_num = ('&(s->d1->w_msg_hdr)->msg_len' + 12)) & (! (s->init_num = 0)) & (! (s->d1->sent_messages->items->next = 0)) & ('&(s->d1->w_msg_hdr)->seq' = 0)) | ((! (s->d1->sent_messages->items = 0)) & (s->init_num = ('&(s->d1->w_msg_hdr)->msg_len' + 3)) & (! (is_ccs = 0)) & (! (s->init_num = 0)) & ('&(s->d1->w_msg_hdr)->seq' = 0)) | ((s->init_num = ('&(s->d1->w_msg_hdr)->msg_len' + 3)) & (! (s->d1->sent_messages->items = 0)) & (! (is_ccs = 0)) & (! (s->init_num = 0)) & ('&(s->d1->w_msg_hdr)->seq' = 0)) | ((s->init_num = ('&(s->d1->w_msg_hdr)->msg_len' + 1)) & (s->version = 65279) & (! (s->d1->sent_messages->items = 0)) & (! (is_ccs = 0)) & (! (s->init_num = 0)) & (! (s->d1->sent_messages->items->next = 0)) & (! (s->d1->sent_messages->items->next->next = 0)) & ('&(s->d1->w_msg_hdr)->seq' = 0)) | ((! (s->d1->sent_messages->items = 0)) & (s->init_num = ('&(s->d1->w_msg_hdr)->msg_len' + 12)) & (is_ccs = 0) & (! (s->init_num = 0)) & (! (s->d1->sent_messages->items->next = 0)) & (! (s->d1->sent_messages->items->next->next = 0)) & ('&(s->d1->w_msg_hdr)->seq' = 0)) | ((! (s->d1->sent_messages->items = 0)) & (is_ccs = 0) & (s->init_num = ('&(s->d1->w_msg_hdr)->msg_len' + 12)) & (! (s->init_num = 0)) & (! (s->d1->sent_messages->items->next = 0)) & (! (s->d1->sent_messages->items->next->next = 0)) & ('&(s->d1->w_msg_hdr)->seq' = 0)) | ((! (s->d1->sent_messages->items->next->next->next = 0)) & (s->init_num = ('&(s->d1->w_msg_hdr)->msg_len' + 3)) & (! (s->d1->sent_messages->items = 0)) & (! (is_ccs = 0)) & (! (s->init_num = 0)) & (! (s->d1->sent_messages->items->next = 0)) & (! (s->d1->sent_messages->items->next->next = 0)) & ('&(s->d1->w_msg_hdr)->seq' = 0)) | ((! (s->d1->sent_messages->items->next->next->next = 0)) & (! (s->d1->sent_messages->items = 0)) & (s->init_num = ('&(s->d1->w_msg_hdr)->msg_len' + 3)) & (! (is_ccs = 0)) & (! (s->init_num = 0)) & (! (s->d1->sent_messages->items->next = 0)) & (! (s->d1->sent_messages->items->next->next = 0)) & ('&(s->d1->w_msg_hdr)->seq' = 0)) | ((s->init_num = ('&(s->d1->w_msg_hdr)->msg_len' + 3)) & (! (s->d1->sent_messages->items = 0)) & (! (is_ccs = 0)) & (! (s->init_num = 0)) & (! (s->d1->sent_messages->items->next = 0)) & ('&(s->d1->w_msg_hdr)->seq' = 0)) | ((! (s->d1->sent_messages->items = 0)) & (s->init_num = ('&(s->d1->w_msg_hdr)->msg_len' + 3)) & (! (is_ccs = 0)) & (! (s->init_num = 0)) & (! (s->d1->sent_messages->items->next = 0)) & ('&(s->d1->w_msg_hdr)->seq' = 0)) | ((s->init_num = ('&(s->d1->w_msg_hdr)->msg_len' + 1)) & (s->version = 65279) & (! (s->d1->sent_messages->items = 0)) & (! (is_ccs = 0)) & (! (s->init_num = 0)) & ('&(s->d1->w_msg_hdr)->seq' = 0))),
	DisjunctSignature: label: <ISLLatentMemoryError, 0, 0>, 
		allocated: frozenset(), 
		deallocated: frozenset({frozenset({'s->enc_write_ctx'}),
           frozenset({'s->enc_write_ctx->cipher_data'})}), 
		return_formula: True, 
		formula: (((s->init_num = ('&(s->d1->w_msg_hdr)->msg_len' + 1)) & (! (s->enc_write_ctx->engine = 0)) & (add_lock_callback = 0) & (s->version = 65279) & (! (s->enc_write_ctx = 0)) & (! (s->enc_write_ctx->cipher_data = 0)) & (! (s->enc_write_ctx->cipher = 0)) & (! (id_callback = 0)) & (! (err_fns = 0)) & (! (is_ccs = 0)) & (! (s->write_hash->digest = 0)) & (! (s->init_num = 0)) & (! (s->write_hash->digest->ctx_size = 0)) & (! (s->write_hash = 0)) & ('&(s->d1->w_msg_hdr)->seq' = 0)) | ((s->init_num = ('&(s->d1->w_msg_hdr)->msg_len' + 1)) & (add_lock_callback = 0) & (! (s->enc_write_ctx->engine = 0)) & (s->version = 65279) & (! (s->enc_write_ctx->cipher_data = 0)) & (! (s->write_hash->digest->ctx_size = 0)) & (! (s->enc_write_ctx->cipher = 0)) & (! (id_callback = 0)) & (! (err_fns = 0)) & (! (is_ccs = 0)) & (! (s->write_hash->digest = 0)) & (! (s->init_num = 0)) & (! (s->enc_write_ctx = 0)) & (! (s->write_hash = 0)) & ('&(s->d1->w_msg_hdr)->seq' = 0))),
	DisjunctSignature: label: <ISLLatentMemoryError, 0, 0>, 
		allocated: frozenset(), 
		deallocated: frozenset(), 
		return_formula: True, 
		formula: ((! (s->init_num = 0)) & (s->init_num = ('&(s->d1->w_msg_hdr)->msg_len' + 12)) & (is_ccs = 0) & ('&(s->d1->w_msg_hdr)->seq' = 0)),
	DisjunctSignature: label: <ISLLatentMemoryError, 0, 0>, 
		allocated: frozenset(), 
		deallocated: frozenset(), 
		return_formula: True, 
		formula: ((! (s->init_num = 0)) & (s->init_num = ('&(s->d1->w_msg_hdr)->msg_len' + 12)) & (is_ccs = 0)),
	DisjunctSignature: label: <ISLLatentMemoryError, 0, 0>, 
		allocated: frozenset(), 
		deallocated: frozenset(), 
		return_formula: True, 
		formula: ((! (s->init_num = 0)) & (s->init_num = ('&(s->d1->w_msg_hdr)->msg_len' + 3)) & (! (is_ccs = 0)) & ('&(s->d1->w_msg_hdr)->seq' = 0)),
	DisjunctSignature: label: <ISLLatentMemoryError, 0, 0>, 
		allocated: frozenset(), 
		deallocated: frozenset(), 
		return_formula: True, 
		formula: ((! (s->init_num = 0)) & (! (is_ccs = 0)) & (s->init_num = ('&(s->d1->w_msg_hdr)->msg_len' + 3))),
	DisjunctSignature: label: <ISLLatentMemoryError, 0, 0>, 
		allocated: frozenset(), 
		deallocated: frozenset(), 
		return_formula: True, 
		formula: ((s->init_num = ('&(s->d1->w_msg_hdr)->msg_len' + 1)) & (s->version = 65279) & (! (is_ccs = 0)) & (! (s->init_num = 0)) & ('&(s->d1->w_msg_hdr)->seq' = 0)),
	DisjunctSignature: label: <ISLLatentMemoryError, 0, 0>, 
		allocated: frozenset(), 
		deallocated: frozenset(), 
		return_formula: True, 
		formula: ((! (s->init_num = 0)) & (s->version = 65279) & (s->init_num = ('&(s->d1->w_msg_hdr)->msg_len' + 1)) & (! (is_ccs = 0))),
	DisjunctSignature: label: <LatentAbortProgram, 1219, 383>, 
		allocated: frozenset(), 
		deallocated: frozenset({frozenset({'s->enc_write_ctx'}),
           frozenset({'s->enc_write_ctx->cipher_data'})}), 
		return_formula: True, 
		formula: ((! (s->write_hash->pctx->pkey->engine->finish = 0)) & (! (s->write_hash->pctx->peerkey = 0)) & (! (s->enc_write_ctx->engine = 0)) & (! (s->write_hash->pctx->peerkey->attributes = 0)) & (! (s->write_hash->pctx->peerkey->attributes->data = 0)) & (! (s->enc_write_ctx->cipher_data = 0)) & (! (s->write_hash->pctx->peerkey->ameth = 0)) & (! (s->enc_write_ctx->cipher = 0)) & (! (s->write_hash->pctx->peerkey->ameth->pkey_free = 0)) & (! (id_callback = 0)) & (! (s->write_hash->pctx->peerkey->engine = 0)) & (! (err_fns = 0)) & (! (s->write_hash->pctx->peerkey->engine->finish = 0)) & (! (s->write_hash->digest = 0)) & (! (s->write_hash->pctx->engine = 0)) & (! (s->write_hash->pctx->engine->finish = 0)) & (! (s->write_hash->md_data = 0)) & (! (s->write_hash->digest->cleanup = 0)) & (s->init_num = ('&(s->d1->w_msg_hdr)->msg_len' + 1)) & (add_lock_callback = 0) & (s->write_hash->pctx->pkey->engine->funct_ref = 1) & (s->version = 65279) & (! (s->write_hash->pctx->pkey->attributes->num = 0)) & (! (s->write_hash->pctx->peerkey->attributes->num = 0)) & (! (is_ccs = 0)) & (! (s->init_num = 0)) & (! (s->enc_write_ctx = 0)) & (! (s->write_hash = 0)) & (! (s->write_hash->engine = 0)) & ('&(s->d1->w_msg_hdr)->seq' = 0) & (s->write_hash->pctx->pkey->engine->funct_ref = s->write_hash->pctx->peerkey->engine->funct_ref) & (! (s->write_hash->engine->finish = 0)) & (s->write_hash->pctx->peerkey->engine->funct_ref = s->write_hash->engine->funct_ref) & (! (s->write_hash->pctx = 0)) & (! (s->write_hash->pctx->pmeth = 0)) & (! (s->write_hash->pctx->pmeth->cleanup = 0)) & (s->write_hash->pctx->pkey->references <= 1) & (s->write_hash->pctx->peerkey->references <= 1) & (! (s->write_hash->pctx->pkey = 0)) & (! (s->write_hash->pctx->pkey->attributes = 0)) & (! (s->write_hash->pctx->pkey->attributes->data = 0)) & (! (s->write_hash->pctx->pkey->ameth = 0)) & (! (s->write_hash->pctx->pkey->ameth->pkey_free = 0)) & (! (s->write_hash->pctx->pkey->engine = 0))),
	DisjunctSignature: label: <LatentAbortProgram, 1219, 383>, 
		allocated: frozenset(), 
		deallocated: frozenset({frozenset({'s->enc_write_ctx'}),
           frozenset({'s->write_hash'}),
           frozenset({'s->enc_write_ctx->cipher_data'})}), 
		return_formula: True, 
		formula: ((! (s->write_hash->pctx->pkey->engine->finish = 0)) & (! (s->write_hash->pctx->peerkey = 0)) & (! (s->enc_write_ctx->engine = 0)) & (! (s->write_hash->pctx->peerkey->attributes = 0)) & (! (s->write_hash->pctx->peerkey->attributes->data = 0)) & (! (s->enc_write_ctx->cipher_data = 0)) & (! (s->write_hash->pctx->peerkey->ameth = 0)) & (! (s->enc_write_ctx->cipher = 0)) & (! (s->write_hash->pctx->peerkey->ameth->pkey_free = 0)) & (! (id_callback = 0)) & (! (s->write_hash->pctx->peerkey->engine = 0)) & (! (err_fns = 0)) & (! (s->write_hash->pctx->peerkey->engine->finish = 0)) & (! (s->write_hash->digest = 0)) & (! (s->write_hash->pctx->engine = 0)) & (! (s->write_hash->pctx->engine->finish = 0)) & (! (s->write_hash->md_data = 0)) & (! (s->write_hash->digest->cleanup = 0)) & (s->init_num = ('&(s->d1->w_msg_hdr)->msg_len' + 1)) & (add_lock_callback = 0) & (s->write_hash->pctx->pkey->engine->funct_ref = 1) & (s->version = 65279) & (! (s->write_hash->pctx->pkey->attributes->num = 0)) & (! (s->write_hash->pctx->peerkey->attributes->num = 0)) & (! (is_ccs = 0)) & (! (s->init_num = 0)) & (! (s->enc_write_ctx = 0)) & (! (s->write_hash = 0)) & (! (s->write_hash->engine = 0)) & ('&(s->d1->w_msg_hdr)->seq' = 0) & (s->write_hash->pctx->pkey->engine->funct_ref = s->write_hash->pctx->peerkey->engine->funct_ref) & (! (s->write_hash->engine->finish = 0)) & (s->write_hash->pctx->peerkey->engine->funct_ref = s->write_hash->engine->funct_ref) & (! (s->write_hash->pctx = 0)) & (! (s->write_hash->pctx->pmeth = 0)) & (! (s->write_hash->pctx->pmeth->cleanup = 0)) & (s->write_hash->pctx->pkey->references <= 1) & (s->write_hash->pctx->peerkey->references <= 1) & (! (s->write_hash->pctx->pkey = 0)) & (! (s->write_hash->pctx->pkey->attributes = 0)) & (! (s->write_hash->pctx->pkey->attributes->data = 0)) & (! (s->write_hash->pctx->pkey->ameth = 0)) & (! (s->write_hash->pctx->pkey->ameth->pkey_free = 0)) & (! (s->write_hash->pctx->pkey->engine = 0))),
	DisjunctSignature: label: <LatentAbortProgram, 1171, 1183>, 
		allocated: frozenset(), 
		deallocated: frozenset(), 
		return_formula: True, 
		formula: (s->init_num = 0),
	DisjunctSignature: label: <LatentAbortProgram, 1181, 1183>, 
		allocated: frozenset(), 
		deallocated: frozenset(), 
		return_formula: True, 
		formula: (! (s->init_num = 0)),
	DisjunctSignature: label: <Ok, 0, 0>, 
		allocated: frozenset({frozenset({'s->d1->sent_messages->items->next->data'}),
           frozenset({'s->d1->sent_messages->items->next->data->fragment'}),
           frozenset({'s->d1->sent_messages->items->next'})}), 
		deallocated: frozenset(), 
		return_formula: (return = 1), 
		formula: ((s->d1->sent_messages->items->next->data->reassembly = is_ccs) & (s->d1->sent_messages->items->next->data->reassembly = 0) & (is_ccs = '&(s->d1->sent_messages->items->next->data->msg_header)->is_ccs') & ('&(s->d1->w_msg_hdr)->msg_len' = '&(s->d1->sent_messages->items->next->data->msg_header)->msg_len') & (! (s->d1->sent_messages->items = 0)) & ('&(s->d1->sent_messages->items->next->data->msg_header)->msg_len' = '&(s->d1->sent_messages->items->next->data->msg_header)->frag_len') & (! (s->d1->sent_messages->items->next->data = 0)) & (s->init_num = ('&(s->d1->w_msg_hdr)->msg_len' + 12)) & ('&(s->d1->w_msg_hdr)->seq' = '&(s->d1->sent_messages->items->next->data->msg_header)->seq') & (! (s->d1->sent_messages->items->next->data->fragment = 0)) & (! (s->init_num = 0)) & (! (s->d1->sent_messages->items->next = 0)) & ('&(s->d1->w_msg_hdr)->seq' = 0)),
	DisjunctSignature: label: <Ok, 0, 0>, 
		allocated: frozenset({frozenset({'s->d1->sent_messages->items->next->next'}),
           frozenset({'s->d1->sent_messages->items->next->next->data'}),
           frozenset({'s->d1->sent_messages->items->next->next->data->fragment'})}), 
		deallocated: frozenset(), 
		return_formula: (return = 1), 
		formula: (('&(s->d1->w_msg_hdr)->seq' = '&(s->d1->sent_messages->items->next->next->data->msg_header)->seq') & (! (s->d1->sent_messages->items->next->next->data->fragment = 0)) & (s->d1->sent_messages->items->next->next->data->reassembly = 0) & (s->d1->sent_messages->items->next->next->data->reassembly = is_ccs) & (! (s->d1->sent_messages->items = 0)) & (is_ccs = '&(s->d1->sent_messages->items->next->next->data->msg_header)->is_ccs') & ('&(s->d1->w_msg_hdr)->msg_len' = '&(s->d1->sent_messages->items->next->next->data->msg_header)->msg_len') & (s->init_num = ('&(s->d1->w_msg_hdr)->msg_len' + 12)) & (! (s->d1->sent_messages->items->next->next->data = 0)) & ('&(s->d1->sent_messages->items->next->next->data->msg_header)->msg_len' = '&(s->d1->sent_messages->items->next->next->data->msg_header)->frag_len') & (! (s->init_num = 0)) & (! (s->d1->sent_messages->items->next = 0)) & (! (s->d1->sent_messages->items->next->next = 0)) & ('&(s->d1->w_msg_hdr)->seq' = 0)),
	DisjunctSignature: label: <Ok, 0, 0>, 
		allocated: frozenset({frozenset({'s->d1->sent_messages->items->next->next->next'}),
           frozenset({'s->d1->sent_messages->items->next->next->next->data'}),
           frozenset({'s->d1->sent_messages->items->next->next->next->data->fragment'})}), 
		deallocated: frozenset(), 
		return_formula: (return = 1), 
		formula: ((! (s->d1->sent_messages->items->next->next->next->data->fragment = 0)) & ('&(s->d1->w_msg_hdr)->msg_len' = '&(s->d1->sent_messages->items->next->next->next->data->msg_header)->msg_len') & ('&(s->d1->sent_messages->items->next->next->next->data->msg_header)->msg_len' = '&(s->d1->sent_messages->items->next->next->next->data->msg_header)->frag_len') & (! (s->d1->sent_messages->items->next->next->next = 0)) & ('&(s->d1->w_msg_hdr)->seq' = '&(s->d1->sent_messages->items->next->next->next->data->msg_header)->seq') & (! (s->d1->sent_messages->items = 0)) & (s->d1->sent_messages->items->next->next->next->data->reassembly = 0) & (s->init_num = ('&(s->d1->w_msg_hdr)->msg_len' + 12)) & (! (s->init_num = 0)) & (s->d1->sent_messages->items->next->next->next->data->reassembly = is_ccs) & (! (s->d1->sent_messages->items->next = 0)) & (! (s->d1->sent_messages->items->next->next = 0)) & (is_ccs = '&(s->d1->sent_messages->items->next->next->next->data->msg_header)->is_ccs') & (! (s->d1->sent_messages->items->next->next->next->data = 0)) & ('&(s->d1->w_msg_hdr)->seq' = 0)),
	DisjunctSignature: label: <Ok, 0, 0>, 
		allocated: frozenset({frozenset({'s->d1->sent_messages->items->data'}),
           frozenset({'s->d1->sent_messages->items'}),
           frozenset({'s->d1->sent_messages->items->data->fragment'})}), 
		deallocated: frozenset(), 
		return_formula: (return = 1), 
		formula: ((! (s->d1->sent_messages->items->data->fragment = 0)) & (s->d1->sent_messages->items->data->reassembly = is_ccs) & (is_ccs = '&(s->d1->sent_messages->items->data->msg_header)->is_ccs') & (! (s->d1->sent_messages->items = 0)) & ('&(s->d1->w_msg_hdr)->msg_len' = '&(s->d1->sent_messages->items->data->msg_header)->msg_len') & ('&(s->d1->sent_messages->items->data->msg_header)->msg_len' = '&(s->d1->sent_messages->items->data->msg_header)->frag_len') & (s->init_num = ('&(s->d1->w_msg_hdr)->msg_len' + 12)) & ('&(s->d1->w_msg_hdr)->seq' = '&(s->d1->sent_messages->items->data->msg_header)->seq') & (! (s->init_num = 0)) & (! (s->d1->sent_messages->items->next = 0)) & (s->d1->sent_messages->items->data->reassembly = 0) & (! (s->d1->sent_messages->items->data = 0)) & ('&(s->d1->w_msg_hdr)->seq' = 0)),
	DisjunctSignature: label: <Ok, 0, 0>, 
		allocated: frozenset({frozenset({'s->d1->sent_messages->items->next->data'}),
           frozenset({'s->d1->sent_messages->items->next->data->fragment'}),
           frozenset({'s->d1->sent_messages->items->next'})}), 
		deallocated: frozenset(), 
		return_formula: (return = 1), 
		formula: ((s->d1->sent_messages->items->next->data->reassembly = is_ccs) & (s->d1->sent_messages->items->next->data->reassembly = 0) & (is_ccs = '&(s->d1->sent_messages->items->next->data->msg_header)->is_ccs') & ('&(s->d1->w_msg_hdr)->msg_len' = '&(s->d1->sent_messages->items->next->data->msg_header)->msg_len') & (! (s->d1->sent_messages->items = 0)) & ('&(s->d1->sent_messages->items->next->data->msg_header)->msg_len' = '&(s->d1->sent_messages->items->next->data->msg_header)->frag_len') & (! (s->d1->sent_messages->items->next->data = 0)) & (s->init_num = ('&(s->d1->w_msg_hdr)->msg_len' + 12)) & ('&(s->d1->w_msg_hdr)->seq' = '&(s->d1->sent_messages->items->next->data->msg_header)->seq') & (! (s->d1->sent_messages->items->next->data->fragment = 0)) & (! (s->init_num = 0)) & (! (s->d1->sent_messages->items->next = 0)) & (! (s->d1->sent_messages->items->next->next = 0)) & ('&(s->d1->w_msg_hdr)->seq' = 0)),
	DisjunctSignature: label: <Ok, 0, 0>, 
		allocated: frozenset({frozenset({'s->d1->sent_messages->items->next->next'}),
           frozenset({'s->d1->sent_messages->items->next->next->data'}),
           frozenset({'s->d1->sent_messages->items->next->next->data->fragment'})}), 
		deallocated: frozenset(), 
		return_formula: (return = 1), 
		formula: ((! (s->d1->sent_messages->items->next->next->next = 0)) & ('&(s->d1->w_msg_hdr)->seq' = '&(s->d1->sent_messages->items->next->next->data->msg_header)->seq') & (! (s->d1->sent_messages->items->next->next->data->fragment = 0)) & (s->d1->sent_messages->items->next->next->data->reassembly = 0) & (s->d1->sent_messages->items->next->next->data->reassembly = is_ccs) & (! (s->d1->sent_messages->items = 0)) & (is_ccs = '&(s->d1->sent_messages->items->next->next->data->msg_header)->is_ccs') & ('&(s->d1->w_msg_hdr)->msg_len' = '&(s->d1->sent_messages->items->next->next->data->msg_header)->msg_len') & (! (s->d1->sent_messages->items->next->next->data = 0)) & (s->init_num = ('&(s->d1->w_msg_hdr)->msg_len' + 12)) & ('&(s->d1->sent_messages->items->next->next->data->msg_header)->msg_len' = '&(s->d1->sent_messages->items->next->next->data->msg_header)->frag_len') & (! (s->init_num = 0)) & (! (s->d1->sent_messages->items->next = 0)) & (! (s->d1->sent_messages->items->next->next = 0)) & ('&(s->d1->w_msg_hdr)->seq' = 0)),
	DisjunctSignature: label: <Ok, 0, 0>, 
		allocated: frozenset({frozenset({'s->d1->sent_messages->items->next->next->next'}),
           frozenset({'s->d1->sent_messages->items->next->next->next->data'}),
           frozenset({'s->d1->sent_messages->items->next->next->next->data->fragment'})}), 
		deallocated: frozenset(), 
		return_formula: (return = 1), 
		formula: ((! (s->d1->sent_messages->items->next->next->next->data->fragment = 0)) & ('&(s->d1->w_msg_hdr)->msg_len' = '&(s->d1->sent_messages->items->next->next->next->data->msg_header)->msg_len') & ('&(s->d1->sent_messages->items->next->next->next->data->msg_header)->msg_len' = '&(s->d1->sent_messages->items->next->next->next->data->msg_header)->frag_len') & (! (s->d1->sent_messages->items->next->next->next = 0)) & ('&(s->d1->w_msg_hdr)->seq' = '&(s->d1->sent_messages->items->next->next->next->data->msg_header)->seq') & (! (s->d1->sent_messages->items = 0)) & (is_ccs = '&(s->d1->sent_messages->items->next->next->next->data->msg_header)->is_ccs') & (s->d1->sent_messages->items->next->next->next->data->reassembly = 0) & (s->init_num = ('&(s->d1->w_msg_hdr)->msg_len' + 12)) & (! (s->init_num = 0)) & (s->d1->sent_messages->items->next->next->next->data->reassembly = is_ccs) & (! (s->d1->sent_messages->items->next = 0)) & (! (s->d1->sent_messages->items->next->next = 0)) & (! (s->d1->sent_messages->items->next->next->next->next = 0)) & (! (s->d1->sent_messages->items->next->next->next->data = 0)) & ('&(s->d1->w_msg_hdr)->seq' = 0)),
	DisjunctSignature: label: <Ok, 0, 0>, 
		allocated: frozenset({frozenset({'s->d1->sent_messages->items->data'}),
           frozenset({'s->d1->sent_messages->items'}),
           frozenset({'s->d1->sent_messages->items->data->fragment'})}), 
		deallocated: frozenset(), 
		return_formula: (return = 1), 
		formula: ((! (s->d1->sent_messages->items->data->fragment = 0)) & (s->d1->sent_messages->items->data->reassembly = is_ccs) & (is_ccs = '&(s->d1->sent_messages->items->data->msg_header)->is_ccs') & (! (s->d1->sent_messages->items = 0)) & ('&(s->d1->w_msg_hdr)->msg_len' = '&(s->d1->sent_messages->items->data->msg_header)->msg_len') & ('&(s->d1->sent_messages->items->data->msg_header)->msg_len' = '&(s->d1->sent_messages->items->data->msg_header)->frag_len') & (s->init_num = ('&(s->d1->w_msg_hdr)->msg_len' + 12)) & ('&(s->d1->w_msg_hdr)->seq' = '&(s->d1->sent_messages->items->data->msg_header)->seq') & (! (s->init_num = 0)) & (s->d1->sent_messages->items->data->reassembly = 0) & (! (s->d1->sent_messages->items->data = 0)) & ('&(s->d1->w_msg_hdr)->seq' = 0)),
	DisjunctSignature: label: <Ok, 0, 0>, 
		allocated: frozenset({frozenset({'s->d1->sent_messages->items->next->data'}),
           frozenset({'s->d1->sent_messages->items->next->data->fragment'}),
           frozenset({'s->d1->sent_messages->items->next'})}), 
		deallocated: frozenset(), 
		return_formula: (return = 1), 
		formula: ((s->d1->sent_messages->items->next->next = s->d1->sent_messages->items->next->data->reassembly) & (! (s->d1->sent_messages->items->next = 0)) & (s->d1->sent_messages->items->next->data->reassembly = '&(s->d1->sent_messages->items->next->data->msg_header)->frag_off') & (is_ccs = '&(s->d1->sent_messages->items->next->data->msg_header)->is_ccs') & ('&(s->d1->w_msg_hdr)->msg_len' = '&(s->d1->sent_messages->items->next->data->msg_header)->msg_len') & (s->init_num = ('&(s->d1->w_msg_hdr)->msg_len' + 3)) & (! (s->d1->sent_messages->items = 0)) & ('&(s->d1->sent_messages->items->next->data->msg_header)->msg_len' = '&(s->d1->sent_messages->items->next->data->msg_header)->frag_len') & (! (s->d1->sent_messages->items->next->data = 0)) & (! (is_ccs = 0)) & (! (s->d1->sent_messages->items->next->data->fragment = 0)) & (! (s->init_num = 0)) & ('&(s->d1->w_msg_hdr)->seq' = '&(s->d1->sent_messages->items->next->data->msg_header)->seq') & (s->d1->sent_messages->items->next->next = 0) & ('&(s->d1->w_msg_hdr)->seq' = 0)),
	DisjunctSignature: label: <Ok, 0, 0>, 
		allocated: frozenset({frozenset({'s->d1->sent_messages->items->next->next'}),
           frozenset({'s->d1->sent_messages->items->next->next->data'}),
           frozenset({'s->d1->sent_messages->items->next->next->data->fragment'})}), 
		deallocated: frozenset(), 
		return_formula: (return = 1), 
		formula: ((s->d1->sent_messages->items->next->next->next = 0) & ('&(s->d1->w_msg_hdr)->seq' = '&(s->d1->sent_messages->items->next->next->data->msg_header)->seq') & (! (s->d1->sent_messages->items->next->next->data->fragment = 0)) & (s->d1->sent_messages->items->next->next->next = s->d1->sent_messages->items->next->next->data->reassembly) & (! (s->d1->sent_messages->items = 0)) & (s->init_num = ('&(s->d1->w_msg_hdr)->msg_len' + 3)) & (s->d1->sent_messages->items->next->next->data->reassembly = '&(s->d1->sent_messages->items->next->next->data->msg_header)->frag_off') & ('&(s->d1->w_msg_hdr)->msg_len' = '&(s->d1->sent_messages->items->next->next->data->msg_header)->msg_len') & (is_ccs = '&(s->d1->sent_messages->items->next->next->data->msg_header)->is_ccs') & (! (s->d1->sent_messages->items->next->next->data = 0)) & (! (is_ccs = 0)) & ('&(s->d1->sent_messages->items->next->next->data->msg_header)->msg_len' = '&(s->d1->sent_messages->items->next->next->data->msg_header)->frag_len') & (! (s->init_num = 0)) & (! (s->d1->sent_messages->items->next = 0)) & (! (s->d1->sent_messages->items->next->next = 0)) & ('&(s->d1->w_msg_hdr)->seq' = 0)),
	DisjunctSignature: label: <Ok, 0, 0>, 
		allocated: frozenset({frozenset({'s->d1->sent_messages->items->next->next->next'}),
           frozenset({'s->d1->sent_messages->items->next->next->next->data'}),
           frozenset({'s->d1->sent_messages->items->next->next->next->data->fragment'})}), 
		deallocated: frozenset(), 
		return_formula: (return = 1), 
		formula: ((! (s->d1->sent_messages->items->next->next->next->data->fragment = 0)) & ('&(s->d1->w_msg_hdr)->msg_len' = '&(s->d1->sent_messages->items->next->next->next->data->msg_header)->msg_len') & ('&(s->d1->sent_messages->items->next->next->next->data->msg_header)->msg_len' = '&(s->d1->sent_messages->items->next->next->next->data->msg_header)->frag_len') & (! (s->d1->sent_messages->items->next->next->next = 0)) & ('&(s->d1->w_msg_hdr)->seq' = '&(s->d1->sent_messages->items->next->next->next->data->msg_header)->seq') & (! (s->d1->sent_messages->items->next->next = 0)) & (s->d1->sent_messages->items->next->next->next->next = s->d1->sent_messages->items->next->next->next->data->reassembly) & (s->init_num = ('&(s->d1->w_msg_hdr)->msg_len' + 3)) & (! (s->d1->sent_messages->items = 0)) & (s->d1->sent_messages->items->next->next->next->data->reassembly = '&(s->d1->sent_messages->items->next->next->next->data->msg_header)->frag_off') & (! (is_ccs = 0)) & (! (s->init_num = 0)) & (! (s->d1->sent_messages->items->next = 0)) & (s->d1->sent_messages->items->next->next->next->next = 0) & (is_ccs = '&(s->d1->sent_messages->items->next->next->next->data->msg_header)->is_ccs') & (! (s->d1->sent_messages->items->next->next->next->data = 0)) & ('&(s->d1->w_msg_hdr)->seq' = 0)),
	DisjunctSignature: label: <Ok, 0, 0>, 
		allocated: frozenset({frozenset({'s->d1->sent_messages->items->data'}),
           frozenset({'s->d1->sent_messages->items'}),
           frozenset({'s->d1->sent_messages->items->data->fragment'})}), 
		deallocated: frozenset(), 
		return_formula: (return = 1), 
		formula: ((! (s->d1->sent_messages->items->data->fragment = 0)) & (is_ccs = '&(s->d1->sent_messages->items->data->msg_header)->is_ccs') & (s->init_num = ('&(s->d1->w_msg_hdr)->msg_len' + 3)) & (! (s->d1->sent_messages->items = 0)) & ('&(s->d1->w_msg_hdr)->msg_len' = '&(s->d1->sent_messages->items->data->msg_header)->msg_len') & (s->d1->sent_messages->items->data->reassembly = '&(s->d1->sent_messages->items->data->msg_header)->frag_off') & ('&(s->d1->sent_messages->items->data->msg_header)->msg_len' = '&(s->d1->sent_messages->items->data->msg_header)->frag_len') & (! (is_ccs = 0)) & ('&(s->d1->w_msg_hdr)->seq' = '&(s->d1->sent_messages->items->data->msg_header)->seq') & (! (s->init_num = 0)) & (! (s->d1->sent_messages->items->next = 0)) & (s->d1->sent_messages->items->data->reassembly = 0) & (! (s->d1->sent_messages->items->data = 0)) & ('&(s->d1->w_msg_hdr)->seq' = 0)),
	DisjunctSignature: label: <Ok, 0, 0>, 
		allocated: frozenset({frozenset({'s->d1->sent_messages->items->next->data'}),
           frozenset({'s->d1->sent_messages->items->next->data->fragment'}),
           frozenset({'s->d1->sent_messages->items->next'})}), 
		deallocated: frozenset(), 
		return_formula: (return = 1), 
		formula: ((s->d1->sent_messages->items->next->data->reassembly = '&(s->d1->sent_messages->items->next->data->msg_header)->frag_off') & (s->d1->sent_messages->items->next->data->reassembly = 0) & (is_ccs = '&(s->d1->sent_messages->items->next->data->msg_header)->is_ccs') & ('&(s->d1->w_msg_hdr)->msg_len' = '&(s->d1->sent_messages->items->next->data->msg_header)->msg_len') & (s->init_num = ('&(s->d1->w_msg_hdr)->msg_len' + 3)) & (! (s->d1->sent_messages->items = 0)) & ('&(s->d1->sent_messages->items->next->data->msg_header)->msg_len' = '&(s->d1->sent_messages->items->next->data->msg_header)->frag_len') & (! (s->d1->sent_messages->items->next->data = 0)) & (! (is_ccs = 0)) & (! (s->d1->sent_messages->items->next->data->fragment = 0)) & (! (s->init_num = 0)) & ('&(s->d1->w_msg_hdr)->seq' = '&(s->d1->sent_messages->items->next->data->msg_header)->seq') & (! (s->d1->sent_messages->items->next = 0)) & (! (s->d1->sent_messages->items->next->next = 0)) & ('&(s->d1->w_msg_hdr)->seq' = 0)),
	DisjunctSignature: label: <Ok, 0, 0>, 
		allocated: frozenset({frozenset({'s->d1->sent_messages->items->next->next'}),
           frozenset({'s->d1->sent_messages->items->next->next->data'}),
           frozenset({'s->d1->sent_messages->items->next->next->data->fragment'})}), 
		deallocated: frozenset(), 
		return_formula: (return = 1), 
		formula: ((! (s->d1->sent_messages->items->next->next->next = 0)) & ('&(s->d1->w_msg_hdr)->seq' = '&(s->d1->sent_messages->items->next->next->data->msg_header)->seq') & (! (s->d1->sent_messages->items->next->next->data->fragment = 0)) & (s->d1->sent_messages->items->next->next->data->reassembly = 0) & (s->init_num = ('&(s->d1->w_msg_hdr)->msg_len' + 3)) & (! (s->d1->sent_messages->items = 0)) & (s->d1->sent_messages->items->next->next->data->reassembly = '&(s->d1->sent_messages->items->next->next->data->msg_header)->frag_off') & ('&(s->d1->w_msg_hdr)->msg_len' = '&(s->d1->sent_messages->items->next->next->data->msg_header)->msg_len') & (is_ccs = '&(s->d1->sent_messages->items->next->next->data->msg_header)->is_ccs') & (! (s->d1->sent_messages->items->next->next->data = 0)) & (! (is_ccs = 0)) & ('&(s->d1->sent_messages->items->next->next->data->msg_header)->msg_len' = '&(s->d1->sent_messages->items->next->next->data->msg_header)->frag_len') & (! (s->init_num = 0)) & (! (s->d1->sent_messages->items->next = 0)) & (! (s->d1->sent_messages->items->next->next = 0)) & ('&(s->d1->w_msg_hdr)->seq' = 0)),
	DisjunctSignature: label: <Ok, 0, 0>, 
		allocated: frozenset({frozenset({'s->d1->sent_messages->items->next->next->next'}),
           frozenset({'s->d1->sent_messages->items->next->next->next->data'}),
           frozenset({'s->d1->sent_messages->items->next->next->next->data->fragment'})}), 
		deallocated: frozenset(), 
		return_formula: (return = 1), 
		formula: ((! (s->d1->sent_messages->items->next->next->next->data->fragment = 0)) & ('&(s->d1->w_msg_hdr)->msg_len' = '&(s->d1->sent_messages->items->next->next->next->data->msg_header)->msg_len') & ('&(s->d1->sent_messages->items->next->next->next->data->msg_header)->msg_len' = '&(s->d1->sent_messages->items->next->next->next->data->msg_header)->frag_len') & (! (s->d1->sent_messages->items->next->next->next = 0)) & ('&(s->d1->w_msg_hdr)->seq' = '&(s->d1->sent_messages->items->next->next->next->data->msg_header)->seq') & (s->init_num = ('&(s->d1->w_msg_hdr)->msg_len' + 3)) & (! (s->d1->sent_messages->items = 0)) & (s->d1->sent_messages->items->next->next->next->data->reassembly = '&(s->d1->sent_messages->items->next->next->next->data->msg_header)->frag_off') & (s->d1->sent_messages->items->next->next->next->data->reassembly = 0) & (is_ccs = '&(s->d1->sent_messages->items->next->next->next->data->msg_header)->is_ccs') & (! (is_ccs = 0)) & (! (s->init_num = 0)) & (! (s->d1->sent_messages->items->next = 0)) & (! (s->d1->sent_messages->items->next->next = 0)) & (! (s->d1->sent_messages->items->next->next->next->next = 0)) & (! (s->d1->sent_messages->items->next->next->next->data = 0)) & ('&(s->d1->w_msg_hdr)->seq' = 0)),
	DisjunctSignature: label: <Ok, 0, 0>, 
		allocated: frozenset({frozenset({'s->d1->sent_messages->items->data'}),
           frozenset({'s->d1->sent_messages->items'}),
           frozenset({'s->d1->sent_messages->items->data->fragment'})}), 
		deallocated: frozenset(), 
		return_formula: (return = 1), 
		formula: ((! (s->d1->sent_messages->items->data->fragment = 0)) & (is_ccs = '&(s->d1->sent_messages->items->data->msg_header)->is_ccs') & (s->init_num = ('&(s->d1->w_msg_hdr)->msg_len' + 3)) & (! (s->d1->sent_messages->items = 0)) & ('&(s->d1->w_msg_hdr)->msg_len' = '&(s->d1->sent_messages->items->data->msg_header)->msg_len') & (s->d1->sent_messages->items->data->reassembly = '&(s->d1->sent_messages->items->data->msg_header)->frag_off') & ('&(s->d1->sent_messages->items->data->msg_header)->msg_len' = '&(s->d1->sent_messages->items->data->msg_header)->frag_len') & (! (is_ccs = 0)) & ('&(s->d1->w_msg_hdr)->seq' = '&(s->d1->sent_messages->items->data->msg_header)->seq') & (! (s->init_num = 0)) & (s->d1->sent_messages->items->next = 0) & (s->d1->sent_messages->items->next = s->d1->sent_messages->items->data->reassembly) & (! (s->d1->sent_messages->items->data = 0)) & ('&(s->d1->w_msg_hdr)->seq' = 0)),
	DisjunctSignature: label: <Ok, 0, 0>, 
		allocated: frozenset({frozenset({'s->d1->sent_messages->items->next->data'}),
           frozenset({'s->d1->sent_messages->items->next->data->fragment'}),
           frozenset({'s->d1->sent_messages->items->next'})}), 
		deallocated: frozenset(), 
		return_formula: (return = 1), 
		formula: ((s->d1->sent_messages->items->next->next = s->d1->sent_messages->items->next->data->reassembly) & (! (s->d1->sent_messages->items->next = 0)) & (s->init_num = ('&(s->d1->w_msg_hdr)->msg_len' + 1)) & (s->d1->sent_messages->items->next->data->reassembly = '&(s->d1->sent_messages->items->next->data->msg_header)->frag_off') & (s->version = 65279) & (is_ccs = '&(s->d1->sent_messages->items->next->data->msg_header)->is_ccs') & ('&(s->d1->w_msg_hdr)->msg_len' = '&(s->d1->sent_messages->items->next->data->msg_header)->msg_len') & (! (s->d1->sent_messages->items = 0)) & ('&(s->d1->sent_messages->items->next->data->msg_header)->msg_len' = '&(s->d1->sent_messages->items->next->data->msg_header)->frag_len') & (! (s->d1->sent_messages->items->next->data = 0)) & (! (is_ccs = 0)) & (! (s->d1->sent_messages->items->next->data->fragment = 0)) & (! (s->init_num = 0)) & ('&(s->d1->w_msg_hdr)->seq' = '&(s->d1->sent_messages->items->next->data->msg_header)->seq') & (s->d1->sent_messages->items->next->next = 0) & ('&(s->d1->w_msg_hdr)->seq' = 0)),
	DisjunctSignature: label: <Ok, 0, 0>, 
		allocated: frozenset({frozenset({'s->d1->sent_messages->items->next->next'}),
           frozenset({'s->d1->sent_messages->items->next->next->data'}),
           frozenset({'s->d1->sent_messages->items->next->next->data->fragment'})}), 
		deallocated: frozenset(), 
		return_formula: (return = 1), 
		formula: ((s->d1->sent_messages->items->next->next->next = 0) & (s->init_num = ('&(s->d1->w_msg_hdr)->msg_len' + 1)) & ('&(s->d1->w_msg_hdr)->seq' = '&(s->d1->sent_messages->items->next->next->data->msg_header)->seq') & (s->version = 65279) & (! (s->d1->sent_messages->items->next->next->data->fragment = 0)) & (s->d1->sent_messages->items->next->next->next = s->d1->sent_messages->items->next->next->data->reassembly) & (! (s->d1->sent_messages->items = 0)) & (is_ccs = '&(s->d1->sent_messages->items->next->next->data->msg_header)->is_ccs') & (s->d1->sent_messages->items->next->next->data->reassembly = '&(s->d1->sent_messages->items->next->next->data->msg_header)->frag_off') & ('&(s->d1->w_msg_hdr)->msg_len' = '&(s->d1->sent_messages->items->next->next->data->msg_header)->msg_len') & (! (s->d1->sent_messages->items->next->next->data = 0)) & (! (is_ccs = 0)) & ('&(s->d1->sent_messages->items->next->next->data->msg_header)->msg_len' = '&(s->d1->sent_messages->items->next->next->data->msg_header)->frag_len') & (! (s->init_num = 0)) & (! (s->d1->sent_messages->items->next = 0)) & (! (s->d1->sent_messages->items->next->next = 0)) & ('&(s->d1->w_msg_hdr)->seq' = 0)),
	DisjunctSignature: label: <Ok, 0, 0>, 
		allocated: frozenset({frozenset({'s->d1->sent_messages->items->next->next->next'}),
           frozenset({'s->d1->sent_messages->items->next->next->next->data'}),
           frozenset({'s->d1->sent_messages->items->next->next->next->data->fragment'})}), 
		deallocated: frozenset(), 
		return_formula: (return = 1), 
		formula: ((! (s->d1->sent_messages->items->next->next->next->data->fragment = 0)) & ('&(s->d1->w_msg_hdr)->msg_len' = '&(s->d1->sent_messages->items->next->next->next->data->msg_header)->msg_len') & ('&(s->d1->sent_messages->items->next->next->next->data->msg_header)->msg_len' = '&(s->d1->sent_messages->items->next->next->next->data->msg_header)->frag_len') & (! (s->d1->sent_messages->items->next->next->next = 0)) & (s->init_num = ('&(s->d1->w_msg_hdr)->msg_len' + 1)) & ('&(s->d1->w_msg_hdr)->seq' = '&(s->d1->sent_messages->items->next->next->next->data->msg_header)->seq') & (s->version = 65279) & (! (s->d1->sent_messages->items->next->next = 0)) & (s->d1->sent_messages->items->next->next->next->next = s->d1->sent_messages->items->next->next->next->data->reassembly) & (! (s->d1->sent_messages->items = 0)) & (s->d1->sent_messages->items->next->next->next->data->reassembly = '&(s->d1->sent_messages->items->next->next->next->data->msg_header)->frag_off') & (! (is_ccs = 0)) & (! (s->init_num = 0)) & (! (s->d1->sent_messages->items->next = 0)) & (s->d1->sent_messages->items->next->next->next->next = 0) & (is_ccs = '&(s->d1->sent_messages->items->next->next->next->data->msg_header)->is_ccs') & (! (s->d1->sent_messages->items->next->next->next->data = 0)) & ('&(s->d1->w_msg_hdr)->seq' = 0)),
	DisjunctSignature: label: <Ok, 0, 0>, 
		allocated: frozenset({frozenset({'s->d1->sent_messages->items->data'}),
           frozenset({'s->d1->sent_messages->items'}),
           frozenset({'s->d1->sent_messages->items->data->fragment'})}), 
		deallocated: frozenset(), 
		return_formula: (return = 1), 
		formula: ((! (s->d1->sent_messages->items->data->fragment = 0)) & (s->init_num = ('&(s->d1->w_msg_hdr)->msg_len' + 1)) & (s->version = 65279) & (is_ccs = '&(s->d1->sent_messages->items->data->msg_header)->is_ccs') & (! (s->d1->sent_messages->items = 0)) & ('&(s->d1->w_msg_hdr)->msg_len' = '&(s->d1->sent_messages->items->data->msg_header)->msg_len') & (s->d1->sent_messages->items->data->reassembly = '&(s->d1->sent_messages->items->data->msg_header)->frag_off') & ('&(s->d1->sent_messages->items->data->msg_header)->msg_len' = '&(s->d1->sent_messages->items->data->msg_header)->frag_len') & (! (is_ccs = 0)) & ('&(s->d1->w_msg_hdr)->seq' = '&(s->d1->sent_messages->items->data->msg_header)->seq') & (! (s->init_num = 0)) & (! (s->d1->sent_messages->items->next = 0)) & (s->d1->sent_messages->items->data->reassembly = 0) & (! (s->d1->sent_messages->items->data = 0)) & ('&(s->d1->w_msg_hdr)->seq' = 0)),
	DisjunctSignature: label: <Ok, 0, 0>, 
		allocated: frozenset({frozenset({'s->d1->sent_messages->items->next->data'}),
           frozenset({'s->d1->sent_messages->items->next->data->fragment'}),
           frozenset({'s->d1->sent_messages->items->next'})}), 
		deallocated: frozenset(), 
		return_formula: (return = 1), 
		formula: ((s->init_num = ('&(s->d1->w_msg_hdr)->msg_len' + 1)) & (s->d1->sent_messages->items->next->data->reassembly = '&(s->d1->sent_messages->items->next->data->msg_header)->frag_off') & (s->version = 65279) & (s->d1->sent_messages->items->next->data->reassembly = 0) & (is_ccs = '&(s->d1->sent_messages->items->next->data->msg_header)->is_ccs') & ('&(s->d1->w_msg_hdr)->msg_len' = '&(s->d1->sent_messages->items->next->data->msg_header)->msg_len') & (! (s->d1->sent_messages->items = 0)) & ('&(s->d1->sent_messages->items->next->data->msg_header)->msg_len' = '&(s->d1->sent_messages->items->next->data->msg_header)->frag_len') & (! (s->d1->sent_messages->items->next->data = 0)) & (! (is_ccs = 0)) & (! (s->d1->sent_messages->items->next->data->fragment = 0)) & (! (s->init_num = 0)) & ('&(s->d1->w_msg_hdr)->seq' = '&(s->d1->sent_messages->items->next->data->msg_header)->seq') & (! (s->d1->sent_messages->items->next = 0)) & (! (s->d1->sent_messages->items->next->next = 0)) & ('&(s->d1->w_msg_hdr)->seq' = 0)),
	DisjunctSignature: label: <Ok, 0, 0>, 
		allocated: frozenset({frozenset({'s->d1->sent_messages->items->next->next'}),
           frozenset({'s->d1->sent_messages->items->next->next->data'}),
           frozenset({'s->d1->sent_messages->items->next->next->data->fragment'})}), 
		deallocated: frozenset(), 
		return_formula: (return = 1), 
		formula: ((! (s->d1->sent_messages->items->next->next->next = 0)) & (s->init_num = ('&(s->d1->w_msg_hdr)->msg_len' + 1)) & ('&(s->d1->w_msg_hdr)->seq' = '&(s->d1->sent_messages->items->next->next->data->msg_header)->seq') & (s->version = 65279) & (! (s->d1->sent_messages->items->next->next->data->fragment = 0)) & (s->d1->sent_messages->items->next->next->data->reassembly = 0) & (! (s->d1->sent_messages->items = 0)) & (is_ccs = '&(s->d1->sent_messages->items->next->next->data->msg_header)->is_ccs') & (s->d1->sent_messages->items->next->next->data->reassembly = '&(s->d1->sent_messages->items->next->next->data->msg_header)->frag_off') & ('&(s->d1->w_msg_hdr)->msg_len' = '&(s->d1->sent_messages->items->next->next->data->msg_header)->msg_len') & (! (s->d1->sent_messages->items->next->next->data = 0)) & (! (is_ccs = 0)) & ('&(s->d1->sent_messages->items->next->next->data->msg_header)->msg_len' = '&(s->d1->sent_messages->items->next->next->data->msg_header)->frag_len') & (! (s->init_num = 0)) & (! (s->d1->sent_messages->items->next = 0)) & (! (s->d1->sent_messages->items->next->next = 0)) & ('&(s->d1->w_msg_hdr)->seq' = 0)),
	DisjunctSignature: label: <Ok, 0, 0>, 
		allocated: frozenset({frozenset({'s->d1->sent_messages->items->next->next->next'}),
           frozenset({'s->d1->sent_messages->items->next->next->next->data'}),
           frozenset({'s->d1->sent_messages->items->next->next->next->data->fragment'})}), 
		deallocated: frozenset(), 
		return_formula: (return = 1), 
		formula: ((! (s->d1->sent_messages->items->next->next->next->data->fragment = 0)) & ('&(s->d1->w_msg_hdr)->msg_len' = '&(s->d1->sent_messages->items->next->next->next->data->msg_header)->msg_len') & ('&(s->d1->sent_messages->items->next->next->next->data->msg_header)->msg_len' = '&(s->d1->sent_messages->items->next->next->next->data->msg_header)->frag_len') & (! (s->d1->sent_messages->items->next->next->next = 0)) & (s->init_num = ('&(s->d1->w_msg_hdr)->msg_len' + 1)) & ('&(s->d1->w_msg_hdr)->seq' = '&(s->d1->sent_messages->items->next->next->next->data->msg_header)->seq') & (s->version = 65279) & (! (s->d1->sent_messages->items = 0)) & (s->d1->sent_messages->items->next->next->next->data->reassembly = '&(s->d1->sent_messages->items->next->next->next->data->msg_header)->frag_off') & (s->d1->sent_messages->items->next->next->next->data->reassembly = 0) & (is_ccs = '&(s->d1->sent_messages->items->next->next->next->data->msg_header)->is_ccs') & (! (is_ccs = 0)) & (! (s->init_num = 0)) & (! (s->d1->sent_messages->items->next = 0)) & (! (s->d1->sent_messages->items->next->next = 0)) & (! (s->d1->sent_messages->items->next->next->next->next = 0)) & (! (s->d1->sent_messages->items->next->next->next->data = 0)) & ('&(s->d1->w_msg_hdr)->seq' = 0)),
	DisjunctSignature: label: <Ok, 0, 0>, 
		allocated: frozenset({frozenset({'s->d1->sent_messages->items->data'}),
           frozenset({'s->d1->sent_messages->items'}),
           frozenset({'s->d1->sent_messages->items->data->fragment'})}), 
		deallocated: frozenset(), 
		return_formula: (return = 1), 
		formula: ((! (s->d1->sent_messages->items->data->fragment = 0)) & (s->init_num = ('&(s->d1->w_msg_hdr)->msg_len' + 1)) & (s->version = 65279) & (is_ccs = '&(s->d1->sent_messages->items->data->msg_header)->is_ccs') & (! (s->d1->sent_messages->items = 0)) & ('&(s->d1->w_msg_hdr)->msg_len' = '&(s->d1->sent_messages->items->data->msg_header)->msg_len') & (s->d1->sent_messages->items->data->reassembly = '&(s->d1->sent_messages->items->data->msg_header)->frag_off') & ('&(s->d1->sent_messages->items->data->msg_header)->msg_len' = '&(s->d1->sent_messages->items->data->msg_header)->frag_len') & (! (is_ccs = 0)) & ('&(s->d1->w_msg_hdr)->seq' = '&(s->d1->sent_messages->items->data->msg_header)->seq') & (! (s->init_num = 0)) & (s->d1->sent_messages->items->next = 0) & (s->d1->sent_messages->items->next = s->d1->sent_messages->items->data->reassembly) & (! (s->d1->sent_messages->items->data = 0)) & ('&(s->d1->w_msg_hdr)->seq' = 0)),
]
[Wed Jan 21 16:35:23 2026][INFO]: [Codeql] Running patch ingredient (return stmts) query
[Wed Jan 21 16:35:23 2026][COMMAND]: codeql database analyze /effFix-experiment/effFix-benchmark/openssl-1/null-ptr-5-openssl-1/pre/codeql-db /effFix-experiment/effFix-benchmark/openssl-1/null-ptr-5-openssl-1/repair/codeql-queries/return_stmts.ql --format=csv --rerun --output=/effFix-experiment/effFix-benchmark/openssl-1/null-ptr-5-openssl-1/repair/codeql-res-return-stmts.csv
[Wed Jan 21 16:35:40 2026][INFO]: Return statements: ['return 0;', 'return 1;']
[Wed Jan 21 16:35:40 2026][INFO]: [Timer] Duration for codeql-get-return-stmts: 17.029s
[Wed Jan 21 16:35:40 2026][INFO]: [Codeql] Running patch ingredient (labels) query
[Wed Jan 21 16:35:40 2026][COMMAND]: codeql database analyze /effFix-experiment/effFix-benchmark/openssl-1/null-ptr-5-openssl-1/pre/codeql-db /effFix-experiment/effFix-benchmark/openssl-1/null-ptr-5-openssl-1/repair/codeql-queries/labels.ql --format=csv --rerun --output=/effFix-experiment/effFix-benchmark/openssl-1/null-ptr-5-openssl-1/repair/codeql-res-labels.csv
[Wed Jan 21 16:35:54 2026][INFO]: Labels: []
[Wed Jan 21 16:35:54 2026][INFO]: [Timer] Duration for codeql-get-labels: 13.824s
[Wed Jan 21 16:35:54 2026][INFO]: [Timer] Duration for analysis: 110.200s
[Wed Jan 21 16:35:54 2026][INFO]: Repairing Program at location: 1183
[Wed Jan 21 16:35:54 2026][INFO]: Loc 1183: Getting patch ingredients at fix location
[Wed Jan 21 16:35:54 2026][INFO]: Loc 1183: [Codeql] Running statement boundary query
[Wed Jan 21 16:35:54 2026][COMMAND]: codeql database analyze /effFix-experiment/effFix-benchmark/openssl-1/null-ptr-5-openssl-1/pre/codeql-db /effFix-experiment/effFix-benchmark/openssl-1/null-ptr-5-openssl-1/repair/codeql-queries/stmt_boundary.ql --format=csv --rerun --output=/effFix-experiment/effFix-benchmark/openssl-1/null-ptr-5-openssl-1/repair/codeql-res-stmt-boundary.csv
[Wed Jan 21 16:36:09 2026][INFO]: Statement at fix location ends at line 1183
[Wed Jan 21 16:36:09 2026][INFO]: [Timer] Duration for codeql-get-stmt-boundary: 14.578s
[Wed Jan 21 16:36:09 2026][INFO]: Loc 1183: [Codeql] Running patch ingredient (variable) query
[Wed Jan 21 16:36:09 2026][COMMAND]: codeql database analyze /effFix-experiment/effFix-benchmark/openssl-1/null-ptr-5-openssl-1/pre/codeql-db /effFix-experiment/effFix-benchmark/openssl-1/null-ptr-5-openssl-1/repair/codeql-queries/extract_var.ql --format=csv --rerun --output=/effFix-experiment/effFix-benchmark/openssl-1/null-ptr-5-openssl-1/repair/codeql-res-ingredient.csv
[Wed Jan 21 16:38:11 2026][INFO]: Loc 1183: Pointer variables: ['s->init_buf', 's->init_buf->data', 'frag->fragment', 's', 'frag']
[Wed Jan 21 16:38:11 2026][INFO]: Loc 1183: Non-pointer variables: ['s->init_num']
[Wed Jan 21 16:38:11 2026][INFO]: [Timer] Duration for codeql-get-ingredients-variables: 122.386s
[Wed Jan 21 16:38:11 2026][INFO]: Loc 1183: [Codeql] Running patch ingredient (constants) query
[Wed Jan 21 16:38:11 2026][COMMAND]: codeql database analyze /effFix-experiment/effFix-benchmark/openssl-1/null-ptr-5-openssl-1/pre/codeql-db /effFix-experiment/effFix-benchmark/openssl-1/null-ptr-5-openssl-1/repair/codeql-queries/consts.ql --format=csv --rerun --output=/effFix-experiment/effFix-benchmark/openssl-1/null-ptr-5-openssl-1/repair/codeql-res-consts.csv
[Wed Jan 21 16:38:45 2026][INFO]: Loc 1183: Constants: ['0', '-1']
[Wed Jan 21 16:38:45 2026][INFO]: [Timer] Duration for codeql-get-consts: 33.870s
[Wed Jan 21 16:38:45 2026][INFO]: Loc 1183: Initializing Patch Generator and Cluster Manager
[Wed Jan 21 16:38:45 2026][INFO]: Loc 1183: Entering the main repair loop
[Wed Jan 21 16:38:45 2026][INFO]: Loc 1183: Total search space size: 91334226744720287959846151753893852893868927187247001726557447812990880733987031569084647924128919499809878800284479013961006730713988367252741081219896747749318644976229832918154
[Wed Jan 21 16:38:45 2026][COMMAND]: sed -i -e '1183s:$: free ( s->init_buf ) ; :' /effFix-experiment/effFix-benchmark/openssl-1/null-ptr-5-openssl-1/src/ssl/d1_both.c
[Wed Jan 21 16:38:45 2026][COMMAND]: diff -u /effFix-experiment/effFix-benchmark/openssl-1/null-ptr-5-openssl-1/repair/d1_both.c.backup /effFix-experiment/effFix-benchmark/openssl-1/null-ptr-5-openssl-1/src/ssl/d1_both.c > /effFix-experiment/effFix-benchmark/openssl-1/null-ptr-5-openssl-1/repair/1.patch
[Wed Jan 21 16:38:45 2026][COMMAND]: /opt/infer/infer/bin/infer --pulse-only --jobs 16 --pulse-max-disjuncts 100 --pulse-model-malloc-pattern CRYPTO_malloc --pulse-model-free-pattern CRYPTO_free --pulse-model-realloc-pattern CRYPTO_realloc --reactive --pulse-fix-mode --pulse-fix-file=ssl/d1_both.c --pulse-fix-function=dtls1_buffer_message -o /effFix-experiment/effFix-benchmark/openssl-1/null-ptr-5-openssl-1/repair/infer-out-single -- make build_ssl
[Wed Jan 21 16:38:47 2026][INFO]: Adding new patch: INSERT BACK free ( s->init_buf ) ;
[Wed Jan 21 16:38:52 2026][INFO]: Created new cluster cluster-L1183-0
[Wed Jan 21 16:38:52 2026][INFO]: Cluster signature: PatchSignature: [
	DisjunctSignature: label: <AbortProgram, 1181, 1183>, 
		allocated: frozenset(), 
		deallocated: frozenset(), 
		return_formula: True, 
		formula: True,
	DisjunctSignature: label: <ErrorMemoryLeak, 1216, 1229>, 
		allocated: frozenset(), 
		deallocated: frozenset({frozenset({'s->init_buf'})}), 
		return_formula: (return = 1), 
		formula: (((s->init_num = ('&(s->d1->w_msg_hdr)->msg_len' + 1)) & (s->version = 65279) & (! (s->init_buf = 0)) & (! (s->d1->sent_messages->items = 0)) & (! (is_ccs = 0)) & (! (s->init_num = 0)) & ('&(s->d1->w_msg_hdr)->seq' = 0)) | ((! (s->d1->sent_messages->items->next->next->next = 0)) & (! (s->init_buf = 0)) & (! (s->d1->sent_messages->items = 0)) & (s->init_num = ('&(s->d1->w_msg_hdr)->msg_len' + 3)) & (! (is_ccs = 0)) & (! (s->init_num = 0)) & (! (s->d1->sent_messages->items->next = 0)) & (! (s->d1->sent_messages->items->next->next = 0)) & ('&(s->d1->w_msg_hdr)->seq' = 0)) | ((! (s->d1->sent_messages->items->next->next->next = 0)) & (s->init_num = ('&(s->d1->w_msg_hdr)->msg_len' + 1)) & (s->version = 65279) & (! (s->init_buf = 0)) & (! (s->d1->sent_messages->items = 0)) & (! (is_ccs = 0)) & (! (s->init_num = 0)) & (! (s->d1->sent_messages->items->next = 0)) & (! (s->d1->sent_messages->items->next->next = 0)) & ('&(s->d1->w_msg_hdr)->seq' = 0)) | ((! (s->init_buf = 0)) & (s->init_num = ('&(s->d1->w_msg_hdr)->msg_len' + 3)) & (! (s->d1->sent_messages->items = 0)) & (! (is_ccs = 0)) & (! (s->init_num = 0)) & (! (s->d1->sent_messages->items->next = 0)) & (! (s->d1->sent_messages->items->next->next = 0)) & ('&(s->d1->w_msg_hdr)->seq' = 0)) | ((! (s->init_buf = 0)) & (! (s->d1->sent_messages->items = 0)) & (s->init_num = ('&(s->d1->w_msg_hdr)->msg_len' + 12)) & (is_ccs = 0) & (! (s->init_num = 0)) & ('&(s->d1->w_msg_hdr)->seq' = 0)) | ((s->init_num = ('&(s->d1->w_msg_hdr)->msg_len' + 1)) & (s->version = 65279) & (! (s->init_buf = 0)) & (! (s->d1->sent_messages->items = 0)) & (! (is_ccs = 0)) & (! (s->init_num = 0)) & (! (s->d1->sent_messages->items->next = 0)) & (! (s->d1->sent_messages->items->next->next = 0)) & ('&(s->d1->w_msg_hdr)->seq' = 0)) | ((! (s->d1->sent_messages->items->next->next->next = 0)) & (! (s->init_buf = 0)) & (! (s->d1->sent_messages->items = 0)) & (is_ccs = 0) & (s->init_num = ('&(s->d1->w_msg_hdr)->msg_len' + 12)) & (! (s->init_num = 0)) & (! (s->d1->sent_messages->items->next = 0)) & (! (s->d1->sent_messages->items->next->next = 0)) & ('&(s->d1->w_msg_hdr)->seq' = 0)) | ((! (s->init_buf = 0)) & (! (s->d1->sent_messages->items = 0)) & (s->init_num = ('&(s->d1->w_msg_hdr)->msg_len' + 12)) & (is_ccs = 0) & (! (s->init_num = 0)) & (! (s->d1->sent_messages->items->next = 0)) & (! (s->d1->sent_messages->items->next->next = 0)) & ('&(s->d1->w_msg_hdr)->seq' = 0)) | ((! (s->init_buf = 0)) & (! (s->d1->sent_messages->items = 0)) & (s->init_num = ('&(s->d1->w_msg_hdr)->msg_len' + 3)) & (! (is_ccs = 0)) & (! (s->init_num = 0)) & (! (s->d1->sent_messages->items->next = 0)) & ('&(s->d1->w_msg_hdr)->seq' = 0)) | ((s->init_num = ('&(s->d1->w_msg_hdr)->msg_len' + 1)) & (s->version = 65279) & (! (s->init_buf = 0)) & (! (s->d1->sent_messages->items = 0)) & (! (is_ccs = 0)) & (! (s->init_num = 0)) & (! (s->d1->sent_messages->items->next = 0)) & ('&(s->d1->w_msg_hdr)->seq' = 0)) | ((! (s->init_buf = 0)) & (! (s->d1->sent_messages->items = 0)) & (s->init_num = ('&(s->d1->w_msg_hdr)->msg_len' + 3)) & (! (is_ccs = 0)) & (! (s->init_num = 0)) & ('&(s->d1->w_msg_hdr)->seq' = 0)) | ((! (s->init_buf = 0)) & (! (s->d1->sent_messages->items = 0)) & (is_ccs = 0) & (s->init_num = ('&(s->d1->w_msg_hdr)->msg_len' + 12)) & (! (s->init_num = 0)) & (! (s->d1->sent_messages->items->next = 0)) & ('&(s->d1->w_msg_hdr)->seq' = 0))),
	DisjunctSignature: label: <ErrorMemoryLeak, 1181, 1229>, 
		allocated: frozenset(), 
		deallocated: frozenset({frozenset({'s->init_buf'})}), 
		return_formula: (return = 1), 
		formula: (((! (s->d1->sent_messages->items->next->next->next = 0)) & (s->init_num = ('&(s->d1->w_msg_hdr)->msg_len' + 1)) & (s->version = 65279) & (! (s->init_buf = 0)) & (! (s->d1->sent_messages->items = 0)) & (! (is_ccs = 0)) & (! (s->init_num = 0)) & (! (s->d1->sent_messages->items->next = 0)) & (! (s->d1->sent_messages->items->next->next = 0)) & ('&(s->d1->w_msg_hdr)->seq' = 0)) | ((! (s->init_buf = 0)) & (s->init_num = ('&(s->d1->w_msg_hdr)->msg_len' + 3)) & (! (s->d1->sent_messages->items = 0)) & (! (is_ccs = 0)) & (! (s->init_num = 0)) & (! (s->d1->sent_messages->items->next = 0)) & ('&(s->d1->w_msg_hdr)->seq' = 0)) | ((! (s->init_buf = 0)) & (! (s->d1->sent_messages->items = 0)) & (s->init_num = ('&(s->d1->w_msg_hdr)->msg_len' + 12)) & (is_ccs = 0) & (! (s->init_num = 0)) & (! (s->d1->sent_messages->items->next = 0)) & (! (s->d1->sent_messages->items->next->next = 0)) & ('&(s->d1->w_msg_hdr)->seq' = 0)) | ((! (s->init_buf = 0)) & (! (s->d1->sent_messages->items = 0)) & (s->init_num = ('&(s->d1->w_msg_hdr)->msg_len' + 3)) & (! (is_ccs = 0)) & (! (s->init_num = 0)) & (! (s->d1->sent_messages->items->next = 0)) & ('&(s->d1->w_msg_hdr)->seq' = 0)) | ((! (s->init_buf = 0)) & (! (s->d1->sent_messages->items = 0)) & (is_ccs = 0) & (s->init_num = ('&(s->d1->w_msg_hdr)->msg_len' + 12)) & (! (s->init_num = 0)) & (! (s->d1->sent_messages->items->next = 0)) & (! (s->d1->sent_messages->items->next->next = 0)) & ('&(s->d1->w_msg_hdr)->seq' = 0)) | ((! (s->init_buf = 0)) & (s->init_num = ('&(s->d1->w_msg_hdr)->msg_len' + 3)) & (! (s->d1->sent_messages->items = 0)) & (! (is_ccs = 0)) & (! (s->init_num = 0)) & (! (s->d1->sent_messages->items->next = 0)) & (! (s->d1->sent_messages->items->next->next = 0)) & ('&(s->d1->w_msg_hdr)->seq' = 0)) | ((! (s->init_buf = 0)) & (! (s->d1->sent_messages->items = 0)) & (s->init_num = ('&(s->d1->w_msg_hdr)->msg_len' + 3)) & (! (is_ccs = 0)) & (! (s->init_num = 0)) & (! (s->d1->sent_messages->items->next = 0)) & (! (s->d1->sent_messages->items->next->next = 0)) & ('&(s->d1->w_msg_hdr)->seq' = 0)) | ((! (s->d1->sent_messages->items->next->next->next = 0)) & (! (s->init_buf = 0)) & (! (s->d1->sent_messages->items = 0)) & (s->init_num = ('&(s->d1->w_msg_hdr)->msg_len' + 12)) & (is_ccs = 0) & (! (s->init_num = 0)) & (! (s->d1->sent_messages->items->next = 0)) & (! (s->d1->sent_messages->items->next->next = 0)) & ('&(s->d1->w_msg_hdr)->seq' = 0)) | ((! (s->d1->sent_messages->items->next->next->next = 0)) & (! (s->init_buf = 0)) & (! (s->d1->sent_messages->items = 0)) & (is_ccs = 0) & (s->init_num = ('&(s->d1->w_msg_hdr)->msg_len' + 12)) & (! (s->init_num = 0)) & (! (s->d1->sent_messages->items->next = 0)) & (! (s->d1->sent_messages->items->next->next = 0)) & ('&(s->d1->w_msg_hdr)->seq' = 0)) | ((! (s->init_buf = 0)) & (! (s->d1->sent_messages->items = 0)) & (s->init_num = ('&(s->d1->w_msg_hdr)->msg_len' + 12)) & (is_ccs = 0) & (! (s->init_num = 0)) & (! (s->d1->sent_messages->items->next = 0)) & ('&(s->d1->w_msg_hdr)->seq' = 0)) | ((s->init_num = ('&(s->d1->w_msg_hdr)->msg_len' + 1)) & (s->version = 65279) & (! (s->init_buf = 0)) & (! (s->d1->sent_messages->items = 0)) & (! (is_ccs = 0)) & (! (s->init_num = 0)) & ('&(s->d1->w_msg_hdr)->seq' = 0)) | ((! (s->d1->sent_messages->items->next->next->next = 0)) & (! (s->init_buf = 0)) & (s->init_num = ('&(s->d1->w_msg_hdr)->msg_len' + 3)) & (! (s->d1->sent_messages->items = 0)) & (! (is_ccs = 0)) & (! (s->init_num = 0)) & (! (s->d1->sent_messages->items->next = 0)) & (! (s->d1->sent_messages->items->next->next = 0)) & ('&(s->d1->w_msg_hdr)->seq' = 0)) | ((! (s->d1->sent_messages->items->next->next->next = 0)) & (! (s->init_buf = 0)) & (! (s->d1->sent_messages->items = 0)) & (s->init_num = ('&(s->d1->w_msg_hdr)->msg_len' + 3)) & (! (is_ccs = 0)) & (! (s->init_num = 0)) & (! (s->d1->sent_messages->items->next = 0)) & (! (s->d1->sent_messages->items->next->next = 0)) & ('&(s->d1->w_msg_hdr)->seq' = 0)) | ((s->init_num = ('&(s->d1->w_msg_hdr)->msg_len' + 1)) & (s->version = 65279) & (! (s->init_buf = 0)) & (! (s->d1->sent_messages->items = 0)) & (! (is_ccs = 0)) & (! (s->init_num = 0)) & (! (s->d1->sent_messages->items->next = 0)) & ('&(s->d1->w_msg_hdr)->seq' = 0)) | ((! (s->init_buf = 0)) & (! (s->d1->sent_messages->items = 0)) & (s->init_num = ('&(s->d1->w_msg_hdr)->msg_len' + 12)) & (is_ccs = 0) & (! (s->init_num = 0)) & ('&(s->d1->w_msg_hdr)->seq' = 0)) | ((s->init_num = ('&(s->d1->w_msg_hdr)->msg_len' + 1)) & (s->version = 65279) & (! (s->init_buf = 0)) & (! (s->d1->sent_messages->items = 0)) & (! (is_ccs = 0)) & (! (s->init_num = 0)) & (! (s->d1->sent_messages->items->next = 0)) & (! (s->d1->sent_messages->items->next->next = 0)) & ('&(s->d1->w_msg_hdr)->seq' = 0)) | ((! (s->init_buf = 0)) & (! (s->d1->sent_messages->items = 0)) & (s->init_num = ('&(s->d1->w_msg_hdr)->msg_len' + 3)) & (! (is_ccs = 0)) & (! (s->init_num = 0)) & ('&(s->d1->w_msg_hdr)->seq' = 0)) | ((! (s->init_buf = 0)) & (! (s->d1->sent_messages->items = 0)) & (is_ccs = 0) & (s->init_num = ('&(s->d1->w_msg_hdr)->msg_len' + 12)) & (! (s->init_num = 0)) & (! (s->d1->sent_messages->items->next = 0)) & ('&(s->d1->w_msg_hdr)->seq' = 0)) | ((! (s->init_buf = 0)) & (s->init_num = ('&(s->d1->w_msg_hdr)->msg_len' + 3)) & (! (s->d1->sent_messages->items = 0)) & (! (is_ccs = 0)) & (! (s->init_num = 0)) & ('&(s->d1->w_msg_hdr)->seq' = 0))),
	DisjunctSignature: label: <ISLLatentMemoryError, 0, 0>, 
		allocated: frozenset(), 
		deallocated: frozenset({frozenset({'s->init_buf'}),
           frozenset({'s->enc_write_ctx'}),
           frozenset({'s->enc_write_ctx->cipher_data'})}), 
		return_formula: True, 
		formula: (((s->init_num = ('&(s->d1->w_msg_hdr)->msg_len' + 1)) & (! (s->enc_write_ctx->engine = 0)) & (add_lock_callback = 0) & (s->version = 65279) & (! (s->enc_write_ctx = 0)) & (! (s->enc_write_ctx->cipher_data = 0)) & (! (s->init_buf = 0)) & (! (s->enc_write_ctx->cipher = 0)) & (! (id_callback = 0)) & (! (err_fns = 0)) & (! (is_ccs = 0)) & (! (s->write_hash->digest = 0)) & (! (s->init_num = 0)) & (! (s->write_hash->digest->ctx_size = 0)) & (! (s->write_hash = 0)) & ('&(s->d1->w_msg_hdr)->seq' = 0)) | ((s->init_num = ('&(s->d1->w_msg_hdr)->msg_len' + 1)) & (add_lock_callback = 0) & (! (s->enc_write_ctx->engine = 0)) & (s->version = 65279) & (! (s->enc_write_ctx->cipher_data = 0)) & (! (s->init_buf = 0)) & (! (s->write_hash->digest->ctx_size = 0)) & (! (s->enc_write_ctx->cipher = 0)) & (! (id_callback = 0)) & (! (err_fns = 0)) & (! (is_ccs = 0)) & (! (s->write_hash->digest = 0)) & (! (s->init_num = 0)) & (! (s->enc_write_ctx = 0)) & (! (s->write_hash = 0)) & ('&(s->d1->w_msg_hdr)->seq' = 0))),
	DisjunctSignature: label: <ISLLatentMemoryError, 0, 0>, 
		allocated: frozenset(), 
		deallocated: frozenset({frozenset({'s->init_buf'})}), 
		return_formula: True, 
		formula: ((! (s->init_buf = 0)) & (s->init_num = ('&(s->d1->w_msg_hdr)->msg_len' + 12)) & (is_ccs = 0) & (! (s->init_num = 0)) & ('&(s->d1->w_msg_hdr)->seq' = 0)),
	DisjunctSignature: label: <ISLLatentMemoryError, 0, 0>, 
		allocated: frozenset(), 
		deallocated: frozenset({frozenset({'s->init_buf'})}), 
		return_formula: True, 
		formula: ((! (s->init_num = 0)) & (s->init_num = ('&(s->d1->w_msg_hdr)->msg_len' + 12)) & (! (s->init_buf = 0)) & (is_ccs = 0)),
	DisjunctSignature: label: <ISLLatentMemoryError, 0, 0>, 
		allocated: frozenset(), 
		deallocated: frozenset({frozenset({'s->init_buf'})}), 
		return_formula: True, 
		formula: ((! (s->init_buf = 0)) & (s->init_num = ('&(s->d1->w_msg_hdr)->msg_len' + 3)) & (! (is_ccs = 0)) & (! (s->init_num = 0)) & ('&(s->d1->w_msg_hdr)->seq' = 0)),
	DisjunctSignature: label: <ISLLatentMemoryError, 0, 0>, 
		allocated: frozenset(), 
		deallocated: frozenset({frozenset({'s->init_buf'})}), 
		return_formula: True, 
		formula: ((! (s->init_num = 0)) & (! (s->init_buf = 0)) & (! (is_ccs = 0)) & (s->init_num = ('&(s->d1->w_msg_hdr)->msg_len' + 3))),
	DisjunctSignature: label: <ISLLatentMemoryError, 0, 0>, 
		allocated: frozenset(), 
		deallocated: frozenset({frozenset({'s->init_buf'})}), 
		return_formula: True, 
		formula: ((s->init_num = ('&(s->d1->w_msg_hdr)->msg_len' + 1)) & (s->version = 65279) & (! (s->init_buf = 0)) & (! (is_ccs = 0)) & (! (s->init_num = 0)) & ('&(s->d1->w_msg_hdr)->seq' = 0)),
	DisjunctSignature: label: <ISLLatentMemoryError, 0, 0>, 
		allocated: frozenset(), 
		deallocated: frozenset({frozenset({'s->init_buf'})}), 
		return_formula: True, 
		formula: ((s->init_num = ('&(s->d1->w_msg_hdr)->msg_len' + 1)) & (s->version = 65279) & (! (s->init_buf = 0)) & (! (is_ccs = 0)) & (! (s->init_num = 0))),
	DisjunctSignature: label: <LatentAbortProgram, 1219, 383>, 
		allocated: frozenset(), 
		deallocated: frozenset({frozenset({'s->init_buf'}),
           frozenset({'s->enc_write_ctx'}),
           frozenset({'s->enc_write_ctx->cipher_data'})}), 
		return_formula: True, 
		formula: ((! (s->write_hash->pctx->pkey->engine->finish = 0)) & (! (s->write_hash->pctx->peerkey = 0)) & (! (s->enc_write_ctx->engine = 0)) & (! (s->write_hash->pctx->peerkey->attributes = 0)) & (! (s->write_hash->pctx->peerkey->attributes->data = 0)) & (! (s->enc_write_ctx->cipher_data = 0)) & (! (s->write_hash->pctx->peerkey->ameth = 0)) & (! (s->enc_write_ctx->cipher = 0)) & (! (s->write_hash->pctx->peerkey->ameth->pkey_free = 0)) & (! (id_callback = 0)) & (! (s->write_hash->pctx->peerkey->engine = 0)) & (! (err_fns = 0)) & (! (s->write_hash->pctx->peerkey->engine->finish = 0)) & (! (s->write_hash->digest = 0)) & (! (s->write_hash->pctx->engine = 0)) & (! (s->write_hash->pctx->engine->finish = 0)) & (! (s->write_hash->md_data = 0)) & (! (s->write_hash->digest->cleanup = 0)) & (s->init_num = ('&(s->d1->w_msg_hdr)->msg_len' + 1)) & (add_lock_callback = 0) & (s->write_hash->pctx->pkey->engine->funct_ref = 1) & (s->version = 65279) & (! (s->write_hash->pctx->pkey->attributes->num = 0)) & (! (s->write_hash->pctx->peerkey->attributes->num = 0)) & (! (is_ccs = 0)) & (! (s->init_num = 0)) & (! (s->enc_write_ctx = 0)) & (! (s->write_hash = 0)) & (! (s->init_buf = 0)) & (! (s->write_hash->engine = 0)) & ('&(s->d1->w_msg_hdr)->seq' = 0) & (s->write_hash->pctx->pkey->engine->funct_ref = s->write_hash->pctx->peerkey->engine->funct_ref) & (! (s->write_hash->engine->finish = 0)) & (s->write_hash->pctx->peerkey->engine->funct_ref = s->write_hash->engine->funct_ref) & (! (s->write_hash->pctx = 0)) & (! (s->write_hash->pctx->pmeth = 0)) & (! (s->write_hash->pctx->pmeth->cleanup = 0)) & (s->write_hash->pctx->pkey->references <= 1) & (s->write_hash->pctx->peerkey->references <= 1) & (! (s->write_hash->pctx->pkey = 0)) & (! (s->write_hash->pctx->pkey->attributes = 0)) & (! (s->write_hash->pctx->pkey->attributes->data = 0)) & (! (s->write_hash->pctx->pkey->ameth = 0)) & (! (s->write_hash->pctx->pkey->ameth->pkey_free = 0)) & (! (s->write_hash->pctx->pkey->engine = 0))),
	DisjunctSignature: label: <LatentAbortProgram, 1219, 383>, 
		allocated: frozenset(), 
		deallocated: frozenset({frozenset({'s->init_buf'}),
           frozenset({'s->enc_write_ctx'}),
           frozenset({'s->write_hash'}),
           frozenset({'s->enc_write_ctx->cipher_data'})}), 
		return_formula: True, 
		formula: ((! (s->write_hash->pctx->pkey->engine->finish = 0)) & (! (s->write_hash->pctx->peerkey = 0)) & (! (s->enc_write_ctx->engine = 0)) & (! (s->write_hash->pctx->peerkey->attributes = 0)) & (! (s->write_hash->pctx->peerkey->attributes->data = 0)) & (! (s->enc_write_ctx->cipher_data = 0)) & (! (s->write_hash->pctx->peerkey->ameth = 0)) & (! (s->enc_write_ctx->cipher = 0)) & (! (s->write_hash->pctx->peerkey->ameth->pkey_free = 0)) & (! (id_callback = 0)) & (! (s->write_hash->pctx->peerkey->engine = 0)) & (! (err_fns = 0)) & (! (s->write_hash->pctx->peerkey->engine->finish = 0)) & (! (s->write_hash->digest = 0)) & (! (s->write_hash->pctx->engine = 0)) & (! (s->write_hash->pctx->engine->finish = 0)) & (! (s->write_hash->md_data = 0)) & (! (s->write_hash->digest->cleanup = 0)) & (s->init_num = ('&(s->d1->w_msg_hdr)->msg_len' + 1)) & (add_lock_callback = 0) & (s->write_hash->pctx->pkey->engine->funct_ref = 1) & (s->version = 65279) & (! (s->write_hash->pctx->pkey->attributes->num = 0)) & (! (s->write_hash->pctx->peerkey->attributes->num = 0)) & (! (is_ccs = 0)) & (! (s->init_num = 0)) & (! (s->enc_write_ctx = 0)) & (! (s->write_hash = 0)) & (! (s->init_buf = 0)) & (! (s->write_hash->engine = 0)) & ('&(s->d1->w_msg_hdr)->seq' = 0) & (s->write_hash->pctx->pkey->engine->funct_ref = s->write_hash->pctx->peerkey->engine->funct_ref) & (! (s->write_hash->engine->finish = 0)) & (s->write_hash->pctx->peerkey->engine->funct_ref = s->write_hash->engine->funct_ref) & (! (s->write_hash->pctx = 0)) & (! (s->write_hash->pctx->pmeth = 0)) & (! (s->write_hash->pctx->pmeth->cleanup = 0)) & (s->write_hash->pctx->pkey->references <= 1) & (s->write_hash->pctx->peerkey->references <= 1) & (! (s->write_hash->pctx->pkey = 0)) & (! (s->write_hash->pctx->pkey->attributes = 0)) & (! (s->write_hash->pctx->pkey->attributes->data = 0)) & (! (s->write_hash->pctx->pkey->ameth = 0)) & (! (s->write_hash->pctx->pkey->ameth->pkey_free = 0)) & (! (s->write_hash->pctx->pkey->engine = 0))),
	DisjunctSignature: label: <LatentAbortProgram, 1171, 1183>, 
		allocated: frozenset(), 
		deallocated: frozenset(), 
		return_formula: True, 
		formula: (s->init_num = 0),
	DisjunctSignature: label: <LatentAbortProgram, 1181, 1183>, 
		allocated: frozenset(), 
		deallocated: frozenset(), 
		return_formula: True, 
		formula: (! (s->init_num = 0)),
	DisjunctSignature: label: <LatentInvalidAccess, 1171, 1171>, 
		allocated: frozenset(), 
		deallocated: frozenset(), 
		return_formula: True, 
		formula: (! (s->init_num = 0)),
	DisjunctSignature: label: <Ok, 0, 0>, 
		allocated: frozenset({frozenset({'s->d1->sent_messages->items->next->data'}),
           frozenset({'s->d1->sent_messages->items->next->data->fragment'}),
           frozenset({'s->d1->sent_messages->items->next'})}), 
		deallocated: frozenset({frozenset({'s->init_buf'})}), 
		return_formula: (return = 1), 
		formula: ((s->d1->sent_messages->items->next->data->reassembly = is_ccs) & (s->d1->sent_messages->items->next->data->reassembly = 0) & (is_ccs = '&(s->d1->sent_messages->items->next->data->msg_header)->is_ccs') & (! (s->init_buf = 0)) & ('&(s->d1->w_msg_hdr)->msg_len' = '&(s->d1->sent_messages->items->next->data->msg_header)->msg_len') & (! (s->d1->sent_messages->items = 0)) & ('&(s->d1->sent_messages->items->next->data->msg_header)->msg_len' = '&(s->d1->sent_messages->items->next->data->msg_header)->frag_len') & (! (s->d1->sent_messages->items->next->data = 0)) & (s->init_num = ('&(s->d1->w_msg_hdr)->msg_len' + 12)) & ('&(s->d1->w_msg_hdr)->seq' = '&(s->d1->sent_messages->items->next->data->msg_header)->seq') & (! (s->d1->sent_messages->items->next->data->fragment = 0)) & (! (s->init_num = 0)) & (! (s->d1->sent_messages->items->next = 0)) & ('&(s->d1->w_msg_hdr)->seq' = 0)),
	DisjunctSignature: label: <Ok, 0, 0>, 
		allocated: frozenset({frozenset({'s->d1->sent_messages->items->next->next'}),
           frozenset({'s->d1->sent_messages->items->next->next->data'}),
           frozenset({'s->d1->sent_messages->items->next->next->data->fragment'})}), 
		deallocated: frozenset({frozenset({'s->init_buf'})}), 
		return_formula: (return = 1), 
		formula: (('&(s->d1->w_msg_hdr)->seq' = '&(s->d1->sent_messages->items->next->next->data->msg_header)->seq') & (! (s->d1->sent_messages->items->next->next->data->fragment = 0)) & (! (s->init_buf = 0)) & (s->d1->sent_messages->items->next->next->data->reassembly = 0) & (s->d1->sent_messages->items->next->next->data->reassembly = is_ccs) & (! (s->d1->sent_messages->items = 0)) & (is_ccs = '&(s->d1->sent_messages->items->next->next->data->msg_header)->is_ccs') & ('&(s->d1->w_msg_hdr)->msg_len' = '&(s->d1->sent_messages->items->next->next->data->msg_header)->msg_len') & (! (s->d1->sent_messages->items->next->next->data = 0)) & (s->init_num = ('&(s->d1->w_msg_hdr)->msg_len' + 12)) & ('&(s->d1->sent_messages->items->next->next->data->msg_header)->msg_len' = '&(s->d1->sent_messages->items->next->next->data->msg_header)->frag_len') & (! (s->init_num = 0)) & (! (s->d1->sent_messages->items->next = 0)) & (! (s->d1->sent_messages->items->next->next = 0)) & ('&(s->d1->w_msg_hdr)->seq' = 0)),
	DisjunctSignature: label: <Ok, 0, 0>, 
		allocated: frozenset({frozenset({'s->d1->sent_messages->items->next->next->next'}),
           frozenset({'s->d1->sent_messages->items->next->next->next->data'}),
           frozenset({'s->d1->sent_messages->items->next->next->next->data->fragment'})}), 
		deallocated: frozenset({frozenset({'s->init_buf'})}), 
		return_formula: (return = 1), 
		formula: ((! (s->d1->sent_messages->items->next->next->next->data->fragment = 0)) & ('&(s->d1->w_msg_hdr)->msg_len' = '&(s->d1->sent_messages->items->next->next->next->data->msg_header)->msg_len') & ('&(s->d1->sent_messages->items->next->next->next->data->msg_header)->msg_len' = '&(s->d1->sent_messages->items->next->next->next->data->msg_header)->frag_len') & (! (s->d1->sent_messages->items->next->next->next = 0)) & ('&(s->d1->w_msg_hdr)->seq' = '&(s->d1->sent_messages->items->next->next->next->data->msg_header)->seq') & (! (s->init_buf = 0)) & (! (s->d1->sent_messages->items = 0)) & (s->d1->sent_messages->items->next->next->next->data->reassembly = 0) & (s->init_num = ('&(s->d1->w_msg_hdr)->msg_len' + 12)) & (! (s->init_num = 0)) & (s->d1->sent_messages->items->next->next->next->data->reassembly = is_ccs) & (! (s->d1->sent_messages->items->next = 0)) & (! (s->d1->sent_messages->items->next->next = 0)) & (is_ccs = '&(s->d1->sent_messages->items->next->next->next->data->msg_header)->is_ccs') & (! (s->d1->sent_messages->items->next->next->next->data = 0)) & ('&(s->d1->w_msg_hdr)->seq' = 0)),
	DisjunctSignature: label: <Ok, 0, 0>, 
		allocated: frozenset({frozenset({'s->d1->sent_messages->items->data'}),
           frozenset({'s->d1->sent_messages->items'}),
           frozenset({'s->d1->sent_messages->items->data->fragment'})}), 
		deallocated: frozenset({frozenset({'s->init_buf'})}), 
		return_formula: (return = 1), 
		formula: ((! (s->d1->sent_messages->items->data->fragment = 0)) & (s->d1->sent_messages->items->data->reassembly = is_ccs) & (! (s->init_buf = 0)) & (is_ccs = '&(s->d1->sent_messages->items->data->msg_header)->is_ccs') & (! (s->d1->sent_messages->items = 0)) & ('&(s->d1->w_msg_hdr)->msg_len' = '&(s->d1->sent_messages->items->data->msg_header)->msg_len') & ('&(s->d1->sent_messages->items->data->msg_header)->msg_len' = '&(s->d1->sent_messages->items->data->msg_header)->frag_len') & (s->init_num = ('&(s->d1->w_msg_hdr)->msg_len' + 12)) & ('&(s->d1->w_msg_hdr)->seq' = '&(s->d1->sent_messages->items->data->msg_header)->seq') & (! (s->init_num = 0)) & (! (s->d1->sent_messages->items->next = 0)) & (s->d1->sent_messages->items->data->reassembly = 0) & (! (s->d1->sent_messages->items->data = 0)) & ('&(s->d1->w_msg_hdr)->seq' = 0)),
	DisjunctSignature: label: <Ok, 0, 0>, 
		allocated: frozenset({frozenset({'s->d1->sent_messages->items->next->data'}),
           frozenset({'s->d1->sent_messages->items->next->data->fragment'}),
           frozenset({'s->d1->sent_messages->items->next'})}), 
		deallocated: frozenset({frozenset({'s->init_buf'})}), 
		return_formula: (return = 1), 
		formula: ((s->d1->sent_messages->items->next->data->reassembly = is_ccs) & (s->d1->sent_messages->items->next->data->reassembly = 0) & (is_ccs = '&(s->d1->sent_messages->items->next->data->msg_header)->is_ccs') & (! (s->init_buf = 0)) & ('&(s->d1->w_msg_hdr)->msg_len' = '&(s->d1->sent_messages->items->next->data->msg_header)->msg_len') & (! (s->d1->sent_messages->items = 0)) & ('&(s->d1->sent_messages->items->next->data->msg_header)->msg_len' = '&(s->d1->sent_messages->items->next->data->msg_header)->frag_len') & (! (s->d1->sent_messages->items->next->data = 0)) & (s->init_num = ('&(s->d1->w_msg_hdr)->msg_len' + 12)) & ('&(s->d1->w_msg_hdr)->seq' = '&(s->d1->sent_messages->items->next->data->msg_header)->seq') & (! (s->d1->sent_messages->items->next->data->fragment = 0)) & (! (s->init_num = 0)) & (! (s->d1->sent_messages->items->next = 0)) & (! (s->d1->sent_messages->items->next->next = 0)) & ('&(s->d1->w_msg_hdr)->seq' = 0)),
	DisjunctSignature: label: <Ok, 0, 0>, 
		allocated: frozenset({frozenset({'s->d1->sent_messages->items->next->next'}),
           frozenset({'s->d1->sent_messages->items->next->next->data'}),
           frozenset({'s->d1->sent_messages->items->next->next->data->fragment'})}), 
		deallocated: frozenset({frozenset({'s->init_buf'})}), 
		return_formula: (return = 1), 
		formula: ((! (s->d1->sent_messages->items->next->next->next = 0)) & ('&(s->d1->w_msg_hdr)->seq' = '&(s->d1->sent_messages->items->next->next->data->msg_header)->seq') & (! (s->d1->sent_messages->items->next->next->data->fragment = 0)) & (! (s->init_buf = 0)) & (s->d1->sent_messages->items->next->next->data->reassembly = 0) & (s->d1->sent_messages->items->next->next->data->reassembly = is_ccs) & (! (s->d1->sent_messages->items = 0)) & (is_ccs = '&(s->d1->sent_messages->items->next->next->data->msg_header)->is_ccs') & ('&(s->d1->w_msg_hdr)->msg_len' = '&(s->d1->sent_messages->items->next->next->data->msg_header)->msg_len') & (! (s->d1->sent_messages->items->next->next->data = 0)) & (s->init_num = ('&(s->d1->w_msg_hdr)->msg_len' + 12)) & ('&(s->d1->sent_messages->items->next->next->data->msg_header)->msg_len' = '&(s->d1->sent_messages->items->next->next->data->msg_header)->frag_len') & (! (s->init_num = 0)) & (! (s->d1->sent_messages->items->next = 0)) & (! (s->d1->sent_messages->items->next->next = 0)) & ('&(s->d1->w_msg_hdr)->seq' = 0)),
	DisjunctSignature: label: <Ok, 0, 0>, 
		allocated: frozenset({frozenset({'s->d1->sent_messages->items->next->next->next'}),
           frozenset({'s->d1->sent_messages->items->next->next->next->data'}),
           frozenset({'s->d1->sent_messages->items->next->next->next->data->fragment'})}), 
		deallocated: frozenset({frozenset({'s->init_buf'})}), 
		return_formula: (return = 1), 
		formula: ((! (s->d1->sent_messages->items->next->next->next->data->fragment = 0)) & ('&(s->d1->w_msg_hdr)->msg_len' = '&(s->d1->sent_messages->items->next->next->next->data->msg_header)->msg_len') & ('&(s->d1->sent_messages->items->next->next->next->data->msg_header)->msg_len' = '&(s->d1->sent_messages->items->next->next->next->data->msg_header)->frag_len') & (! (s->d1->sent_messages->items->next->next->next = 0)) & ('&(s->d1->w_msg_hdr)->seq' = '&(s->d1->sent_messages->items->next->next->next->data->msg_header)->seq') & (! (s->init_buf = 0)) & (! (s->d1->sent_messages->items = 0)) & (is_ccs = '&(s->d1->sent_messages->items->next->next->next->data->msg_header)->is_ccs') & (s->d1->sent_messages->items->next->next->next->data->reassembly = 0) & (s->init_num = ('&(s->d1->w_msg_hdr)->msg_len' + 12)) & (! (s->init_num = 0)) & (s->d1->sent_messages->items->next->next->next->data->reassembly = is_ccs) & (! (s->d1->sent_messages->items->next = 0)) & (! (s->d1->sent_messages->items->next->next = 0)) & (! (s->d1->sent_messages->items->next->next->next->next = 0)) & (! (s->d1->sent_messages->items->next->next->next->data = 0)) & ('&(s->d1->w_msg_hdr)->seq' = 0)),
	DisjunctSignature: label: <Ok, 0, 0>, 
		allocated: frozenset({frozenset({'s->d1->sent_messages->items->data'}),
           frozenset({'s->d1->sent_messages->items'}),
           frozenset({'s->d1->sent_messages->items->data->fragment'})}), 
		deallocated: frozenset({frozenset({'s->init_buf'})}), 
		return_formula: (return = 1), 
		formula: ((! (s->d1->sent_messages->items->data->fragment = 0)) & (s->d1->sent_messages->items->data->reassembly = is_ccs) & (! (s->init_buf = 0)) & (is_ccs = '&(s->d1->sent_messages->items->data->msg_header)->is_ccs') & (! (s->d1->sent_messages->items = 0)) & ('&(s->d1->w_msg_hdr)->msg_len' = '&(s->d1->sent_messages->items->data->msg_header)->msg_len') & ('&(s->d1->sent_messages->items->data->msg_header)->msg_len' = '&(s->d1->sent_messages->items->data->msg_header)->frag_len') & (s->init_num = ('&(s->d1->w_msg_hdr)->msg_len' + 12)) & ('&(s->d1->w_msg_hdr)->seq' = '&(s->d1->sent_messages->items->data->msg_header)->seq') & (! (s->init_num = 0)) & (s->d1->sent_messages->items->data->reassembly = 0) & (! (s->d1->sent_messages->items->data = 0)) & ('&(s->d1->w_msg_hdr)->seq' = 0)),
	DisjunctSignature: label: <Ok, 0, 0>, 
		allocated: frozenset({frozenset({'s->d1->sent_messages->items->next->data'}),
           frozenset({'s->d1->sent_messages->items->next->data->fragment'}),
           frozenset({'s->d1->sent_messages->items->next'})}), 
		deallocated: frozenset({frozenset({'s->init_buf'})}), 
		return_formula: (return = 1), 
		formula: ((s->d1->sent_messages->items->next->next = s->d1->sent_messages->items->next->data->reassembly) & (! (s->d1->sent_messages->items->next = 0)) & (s->d1->sent_messages->items->next->data->reassembly = '&(s->d1->sent_messages->items->next->data->msg_header)->frag_off') & (is_ccs = '&(s->d1->sent_messages->items->next->data->msg_header)->is_ccs') & (! (s->init_buf = 0)) & ('&(s->d1->w_msg_hdr)->msg_len' = '&(s->d1->sent_messages->items->next->data->msg_header)->msg_len') & (s->init_num = ('&(s->d1->w_msg_hdr)->msg_len' + 3)) & (! (s->d1->sent_messages->items = 0)) & ('&(s->d1->sent_messages->items->next->data->msg_header)->msg_len' = '&(s->d1->sent_messages->items->next->data->msg_header)->frag_len') & (! (s->d1->sent_messages->items->next->data = 0)) & (! (is_ccs = 0)) & (! (s->d1->sent_messages->items->next->data->fragment = 0)) & (! (s->init_num = 0)) & ('&(s->d1->w_msg_hdr)->seq' = '&(s->d1->sent_messages->items->next->data->msg_header)->seq') & (s->d1->sent_messages->items->next->next = 0) & ('&(s->d1->w_msg_hdr)->seq' = 0)),
	DisjunctSignature: label: <Ok, 0, 0>, 
		allocated: frozenset({frozenset({'s->d1->sent_messages->items->next->next'}),
           frozenset({'s->d1->sent_messages->items->next->next->data'}),
           frozenset({'s->d1->sent_messages->items->next->next->data->fragment'})}), 
		deallocated: frozenset({frozenset({'s->init_buf'})}), 
		return_formula: (return = 1), 
		formula: ((s->d1->sent_messages->items->next->next->next = 0) & ('&(s->d1->w_msg_hdr)->seq' = '&(s->d1->sent_messages->items->next->next->data->msg_header)->seq') & (! (s->d1->sent_messages->items->next->next->data->fragment = 0)) & (! (s->init_buf = 0)) & (s->d1->sent_messages->items->next->next->next = s->d1->sent_messages->items->next->next->data->reassembly) & (! (s->d1->sent_messages->items = 0)) & (s->init_num = ('&(s->d1->w_msg_hdr)->msg_len' + 3)) & (s->d1->sent_messages->items->next->next->data->reassembly = '&(s->d1->sent_messages->items->next->next->data->msg_header)->frag_off') & ('&(s->d1->w_msg_hdr)->msg_len' = '&(s->d1->sent_messages->items->next->next->data->msg_header)->msg_len') & (is_ccs = '&(s->d1->sent_messages->items->next->next->data->msg_header)->is_ccs') & (! (s->d1->sent_messages->items->next->next->data = 0)) & (! (is_ccs = 0)) & ('&(s->d1->sent_messages->items->next->next->data->msg_header)->msg_len' = '&(s->d1->sent_messages->items->next->next->data->msg_header)->frag_len') & (! (s->init_num = 0)) & (! (s->d1->sent_messages->items->next = 0)) & (! (s->d1->sent_messages->items->next->next = 0)) & ('&(s->d1->w_msg_hdr)->seq' = 0)),
	DisjunctSignature: label: <Ok, 0, 0>, 
		allocated: frozenset({frozenset({'s->d1->sent_messages->items->next->next->next'}),
           frozenset({'s->d1->sent_messages->items->next->next->next->data'}),
           frozenset({'s->d1->sent_messages->items->next->next->next->data->fragment'})}), 
		deallocated: frozenset({frozenset({'s->init_buf'})}), 
		return_formula: (return = 1), 
		formula: ((! (s->d1->sent_messages->items->next->next->next->data->fragment = 0)) & ('&(s->d1->w_msg_hdr)->msg_len' = '&(s->d1->sent_messages->items->next->next->next->data->msg_header)->msg_len') & ('&(s->d1->sent_messages->items->next->next->next->data->msg_header)->msg_len' = '&(s->d1->sent_messages->items->next->next->next->data->msg_header)->frag_len') & (! (s->d1->sent_messages->items->next->next->next = 0)) & ('&(s->d1->w_msg_hdr)->seq' = '&(s->d1->sent_messages->items->next->next->next->data->msg_header)->seq') & (! (s->d1->sent_messages->items->next->next = 0)) & (! (s->init_buf = 0)) & (s->d1->sent_messages->items->next->next->next->next = s->d1->sent_messages->items->next->next->next->data->reassembly) & (s->init_num = ('&(s->d1->w_msg_hdr)->msg_len' + 3)) & (! (s->d1->sent_messages->items = 0)) & (s->d1->sent_messages->items->next->next->next->data->reassembly = '&(s->d1->sent_messages->items->next->next->next->data->msg_header)->frag_off') & (! (is_ccs = 0)) & (! (s->init_num = 0)) & (! (s->d1->sent_messages->items->next = 0)) & (s->d1->sent_messages->items->next->next->next->next = 0) & (is_ccs = '&(s->d1->sent_messages->items->next->next->next->data->msg_header)->is_ccs') & (! (s->d1->sent_messages->items->next->next->next->data = 0)) & ('&(s->d1->w_msg_hdr)->seq' = 0)),
	DisjunctSignature: label: <Ok, 0, 0>, 
		allocated: frozenset({frozenset({'s->d1->sent_messages->items->data'}),
           frozenset({'s->d1->sent_messages->items'}),
           frozenset({'s->d1->sent_messages->items->data->fragment'})}), 
		deallocated: frozenset({frozenset({'s->init_buf'})}), 
		return_formula: (return = 1), 
		formula: ((! (s->d1->sent_messages->items->data->fragment = 0)) & (! (s->init_buf = 0)) & (is_ccs = '&(s->d1->sent_messages->items->data->msg_header)->is_ccs') & (s->init_num = ('&(s->d1->w_msg_hdr)->msg_len' + 3)) & (! (s->d1->sent_messages->items = 0)) & ('&(s->d1->w_msg_hdr)->msg_len' = '&(s->d1->sent_messages->items->data->msg_header)->msg_len') & (s->d1->sent_messages->items->data->reassembly = '&(s->d1->sent_messages->items->data->msg_header)->frag_off') & ('&(s->d1->sent_messages->items->data->msg_header)->msg_len' = '&(s->d1->sent_messages->items->data->msg_header)->frag_len') & (! (is_ccs = 0)) & ('&(s->d1->w_msg_hdr)->seq' = '&(s->d1->sent_messages->items->data->msg_header)->seq') & (! (s->init_num = 0)) & (! (s->d1->sent_messages->items->next = 0)) & (s->d1->sent_messages->items->data->reassembly = 0) & (! (s->d1->sent_messages->items->data = 0)) & ('&(s->d1->w_msg_hdr)->seq' = 0)),
	DisjunctSignature: label: <Ok, 0, 0>, 
		allocated: frozenset({frozenset({'s->d1->sent_messages->items->next->data'}),
           frozenset({'s->d1->sent_messages->items->next->data->fragment'}),
           frozenset({'s->d1->sent_messages->items->next'})}), 
		deallocated: frozenset({frozenset({'s->init_buf'})}), 
		return_formula: (return = 1), 
		formula: ((s->d1->sent_messages->items->next->data->reassembly = '&(s->d1->sent_messages->items->next->data->msg_header)->frag_off') & (s->d1->sent_messages->items->next->data->reassembly = 0) & (is_ccs = '&(s->d1->sent_messages->items->next->data->msg_header)->is_ccs') & (! (s->init_buf = 0)) & ('&(s->d1->w_msg_hdr)->msg_len' = '&(s->d1->sent_messages->items->next->data->msg_header)->msg_len') & (s->init_num = ('&(s->d1->w_msg_hdr)->msg_len' + 3)) & (! (s->d1->sent_messages->items = 0)) & ('&(s->d1->sent_messages->items->next->data->msg_header)->msg_len' = '&(s->d1->sent_messages->items->next->data->msg_header)->frag_len') & (! (s->d1->sent_messages->items->next->data = 0)) & (! (is_ccs = 0)) & (! (s->d1->sent_messages->items->next->data->fragment = 0)) & (! (s->init_num = 0)) & ('&(s->d1->w_msg_hdr)->seq' = '&(s->d1->sent_messages->items->next->data->msg_header)->seq') & (! (s->d1->sent_messages->items->next = 0)) & (! (s->d1->sent_messages->items->next->next = 0)) & ('&(s->d1->w_msg_hdr)->seq' = 0)),
	DisjunctSignature: label: <Ok, 0, 0>, 
		allocated: frozenset({frozenset({'s->d1->sent_messages->items->next->next'}),
           frozenset({'s->d1->sent_messages->items->next->next->data'}),
           frozenset({'s->d1->sent_messages->items->next->next->data->fragment'})}), 
		deallocated: frozenset({frozenset({'s->init_buf'})}), 
		return_formula: (return = 1), 
		formula: ((! (s->d1->sent_messages->items->next->next->next = 0)) & ('&(s->d1->w_msg_hdr)->seq' = '&(s->d1->sent_messages->items->next->next->data->msg_header)->seq') & (! (s->d1->sent_messages->items->next->next->data->fragment = 0)) & (! (s->init_buf = 0)) & (s->d1->sent_messages->items->next->next->data->reassembly = 0) & (! (s->d1->sent_messages->items = 0)) & (s->init_num = ('&(s->d1->w_msg_hdr)->msg_len' + 3)) & (s->d1->sent_messages->items->next->next->data->reassembly = '&(s->d1->sent_messages->items->next->next->data->msg_header)->frag_off') & ('&(s->d1->w_msg_hdr)->msg_len' = '&(s->d1->sent_messages->items->next->next->data->msg_header)->msg_len') & (is_ccs = '&(s->d1->sent_messages->items->next->next->data->msg_header)->is_ccs') & (! (s->d1->sent_messages->items->next->next->data = 0)) & (! (is_ccs = 0)) & ('&(s->d1->sent_messages->items->next->next->data->msg_header)->msg_len' = '&(s->d1->sent_messages->items->next->next->data->msg_header)->frag_len') & (! (s->init_num = 0)) & (! (s->d1->sent_messages->items->next = 0)) & (! (s->d1->sent_messages->items->next->next = 0)) & ('&(s->d1->w_msg_hdr)->seq' = 0)),
	DisjunctSignature: label: <Ok, 0, 0>, 
		allocated: frozenset({frozenset({'s->d1->sent_messages->items->next->next->next'}),
           frozenset({'s->d1->sent_messages->items->next->next->next->data'}),
           frozenset({'s->d1->sent_messages->items->next->next->next->data->fragment'})}), 
		deallocated: frozenset({frozenset({'s->init_buf'})}), 
		return_formula: (return = 1), 
		formula: ((! (s->d1->sent_messages->items->next->next->next->data->fragment = 0)) & ('&(s->d1->w_msg_hdr)->msg_len' = '&(s->d1->sent_messages->items->next->next->next->data->msg_header)->msg_len') & ('&(s->d1->sent_messages->items->next->next->next->data->msg_header)->msg_len' = '&(s->d1->sent_messages->items->next->next->next->data->msg_header)->frag_len') & (! (s->d1->sent_messages->items->next->next->next = 0)) & ('&(s->d1->w_msg_hdr)->seq' = '&(s->d1->sent_messages->items->next->next->next->data->msg_header)->seq') & (! (s->init_buf = 0)) & (s->init_num = ('&(s->d1->w_msg_hdr)->msg_len' + 3)) & (! (s->d1->sent_messages->items = 0)) & (s->d1->sent_messages->items->next->next->next->data->reassembly = '&(s->d1->sent_messages->items->next->next->next->data->msg_header)->frag_off') & (s->d1->sent_messages->items->next->next->next->data->reassembly = 0) & (is_ccs = '&(s->d1->sent_messages->items->next->next->next->data->msg_header)->is_ccs') & (! (is_ccs = 0)) & (! (s->init_num = 0)) & (! (s->d1->sent_messages->items->next = 0)) & (! (s->d1->sent_messages->items->next->next = 0)) & (! (s->d1->sent_messages->items->next->next->next->next = 0)) & (! (s->d1->sent_messages->items->next->next->next->data = 0)) & ('&(s->d1->w_msg_hdr)->seq' = 0)),
	DisjunctSignature: label: <Ok, 0, 0>, 
		allocated: frozenset({frozenset({'s->d1->sent_messages->items->data'}),
           frozenset({'s->d1->sent_messages->items'}),
           frozenset({'s->d1->sent_messages->items->data->fragment'})}), 
		deallocated: frozenset({frozenset({'s->init_buf'})}), 
		return_formula: (return = 1), 
		formula: ((! (s->d1->sent_messages->items->data->fragment = 0)) & (! (s->init_buf = 0)) & (is_ccs = '&(s->d1->sent_messages->items->data->msg_header)->is_ccs') & (s->init_num = ('&(s->d1->w_msg_hdr)->msg_len' + 3)) & (! (s->d1->sent_messages->items = 0)) & ('&(s->d1->w_msg_hdr)->msg_len' = '&(s->d1->sent_messages->items->data->msg_header)->msg_len') & (s->d1->sent_messages->items->data->reassembly = '&(s->d1->sent_messages->items->data->msg_header)->frag_off') & ('&(s->d1->sent_messages->items->data->msg_header)->msg_len' = '&(s->d1->sent_messages->items->data->msg_header)->frag_len') & (! (is_ccs = 0)) & ('&(s->d1->w_msg_hdr)->seq' = '&(s->d1->sent_messages->items->data->msg_header)->seq') & (! (s->init_num = 0)) & (s->d1->sent_messages->items->next = 0) & (s->d1->sent_messages->items->next = s->d1->sent_messages->items->data->reassembly) & (! (s->d1->sent_messages->items->data = 0)) & ('&(s->d1->w_msg_hdr)->seq' = 0)),
	DisjunctSignature: label: <Ok, 0, 0>, 
		allocated: frozenset({frozenset({'s->d1->sent_messages->items->next->data'}),
           frozenset({'s->d1->sent_messages->items->next->data->fragment'}),
           frozenset({'s->d1->sent_messages->items->next'})}), 
		deallocated: frozenset({frozenset({'s->init_buf'})}), 
		return_formula: (return = 1), 
		formula: ((s->d1->sent_messages->items->next->next = s->d1->sent_messages->items->next->data->reassembly) & (! (s->d1->sent_messages->items->next = 0)) & (s->init_num = ('&(s->d1->w_msg_hdr)->msg_len' + 1)) & (s->d1->sent_messages->items->next->data->reassembly = '&(s->d1->sent_messages->items->next->data->msg_header)->frag_off') & (s->version = 65279) & (is_ccs = '&(s->d1->sent_messages->items->next->data->msg_header)->is_ccs') & (! (s->init_buf = 0)) & ('&(s->d1->w_msg_hdr)->msg_len' = '&(s->d1->sent_messages->items->next->data->msg_header)->msg_len') & (! (s->d1->sent_messages->items = 0)) & ('&(s->d1->sent_messages->items->next->data->msg_header)->msg_len' = '&(s->d1->sent_messages->items->next->data->msg_header)->frag_len') & (! (s->d1->sent_messages->items->next->data = 0)) & (! (is_ccs = 0)) & (! (s->d1->sent_messages->items->next->data->fragment = 0)) & (! (s->init_num = 0)) & ('&(s->d1->w_msg_hdr)->seq' = '&(s->d1->sent_messages->items->next->data->msg_header)->seq') & (s->d1->sent_messages->items->next->next = 0) & ('&(s->d1->w_msg_hdr)->seq' = 0)),
	DisjunctSignature: label: <Ok, 0, 0>, 
		allocated: frozenset({frozenset({'s->d1->sent_messages->items->next->next'}),
           frozenset({'s->d1->sent_messages->items->next->next->data'}),
           frozenset({'s->d1->sent_messages->items->next->next->data->fragment'})}), 
		deallocated: frozenset({frozenset({'s->init_buf'})}), 
		return_formula: (return = 1), 
		formula: ((s->d1->sent_messages->items->next->next->next = 0) & (s->init_num = ('&(s->d1->w_msg_hdr)->msg_len' + 1)) & ('&(s->d1->w_msg_hdr)->seq' = '&(s->d1->sent_messages->items->next->next->data->msg_header)->seq') & (s->version = 65279) & (! (s->d1->sent_messages->items->next->next->data->fragment = 0)) & (! (s->init_buf = 0)) & (s->d1->sent_messages->items->next->next->next = s->d1->sent_messages->items->next->next->data->reassembly) & (! (s->d1->sent_messages->items = 0)) & (is_ccs = '&(s->d1->sent_messages->items->next->next->data->msg_header)->is_ccs') & (s->d1->sent_messages->items->next->next->data->reassembly = '&(s->d1->sent_messages->items->next->next->data->msg_header)->frag_off') & ('&(s->d1->w_msg_hdr)->msg_len' = '&(s->d1->sent_messages->items->next->next->data->msg_header)->msg_len') & (! (s->d1->sent_messages->items->next->next->data = 0)) & (! (is_ccs = 0)) & ('&(s->d1->sent_messages->items->next->next->data->msg_header)->msg_len' = '&(s->d1->sent_messages->items->next->next->data->msg_header)->frag_len') & (! (s->init_num = 0)) & (! (s->d1->sent_messages->items->next = 0)) & (! (s->d1->sent_messages->items->next->next = 0)) & ('&(s->d1->w_msg_hdr)->seq' = 0)),
	DisjunctSignature: label: <Ok, 0, 0>, 
		allocated: frozenset({frozenset({'s->d1->sent_messages->items->next->next->next'}),
           frozenset({'s->d1->sent_messages->items->next->next->next->data'}),
           frozenset({'s->d1->sent_messages->items->next->next->next->data->fragment'})}), 
		deallocated: frozenset({frozenset({'s->init_buf'})}), 
		return_formula: (return = 1), 
		formula: ((! (s->d1->sent_messages->items->next->next->next->data->fragment = 0)) & (! (s->d1->sent_messages->items->next->next->next = 0)) & (is_ccs = '&(s->d1->sent_messages->items->next->next->next->data->msg_header)->is_ccs') & ('&(s->d1->w_msg_hdr)->msg_len' = '&(s->d1->sent_messages->items->next->next->next->data->msg_header)->msg_len') & ('&(s->d1->sent_messages->items->next->next->next->data->msg_header)->msg_len' = '&(s->d1->sent_messages->items->next->next->next->data->msg_header)->frag_len') & (s->init_num = ('&(s->d1->w_msg_hdr)->msg_len' + 1)) & ('&(s->d1->w_msg_hdr)->seq' = '&(s->d1->sent_messages->items->next->next->next->data->msg_header)->seq') & (s->version = 65279) & (! (is_ccs = 0)) & (! (s->init_num = 0)) & (! (s->d1->sent_messages->items->next->next = 0)) & (s->d1->sent_messages->items->next->next->next->next = 0) & (! (s->init_buf = 0)) & ('&(s->d1->w_msg_hdr)->seq' = 0) & (s->d1->sent_messages->items->next->next->next->next = s->d1->sent_messages->items->next->next->next->data->reassembly) & (! (s->d1->sent_messages->items = 0)) & (s->d1->sent_messages->items->next->next->next->data->reassembly = '&(s->d1->sent_messages->items->next->next->next->data->msg_header)->frag_off') & (! (s->d1->sent_messages->items->next = 0)) & (! (s->d1->sent_messages->items->next->next->next->data = 0))),
	DisjunctSignature: label: <Ok, 0, 0>, 
		allocated: frozenset({frozenset({'s->d1->sent_messages->items->data'}),
           frozenset({'s->d1->sent_messages->items'}),
           frozenset({'s->d1->sent_messages->items->data->fragment'})}), 
		deallocated: frozenset({frozenset({'s->init_buf'})}), 
		return_formula: (return = 1), 
		formula: ((! (s->d1->sent_messages->items->data->fragment = 0)) & (s->init_num = ('&(s->d1->w_msg_hdr)->msg_len' + 1)) & (s->version = 65279) & (! (s->init_buf = 0)) & (is_ccs = '&(s->d1->sent_messages->items->data->msg_header)->is_ccs') & (! (s->d1->sent_messages->items = 0)) & ('&(s->d1->w_msg_hdr)->msg_len' = '&(s->d1->sent_messages->items->data->msg_header)->msg_len') & (s->d1->sent_messages->items->data->reassembly = '&(s->d1->sent_messages->items->data->msg_header)->frag_off') & ('&(s->d1->sent_messages->items->data->msg_header)->msg_len' = '&(s->d1->sent_messages->items->data->msg_header)->frag_len') & (! (is_ccs = 0)) & ('&(s->d1->w_msg_hdr)->seq' = '&(s->d1->sent_messages->items->data->msg_header)->seq') & (! (s->init_num = 0)) & (! (s->d1->sent_messages->items->next = 0)) & (s->d1->sent_messages->items->data->reassembly = 0) & (! (s->d1->sent_messages->items->data = 0)) & ('&(s->d1->w_msg_hdr)->seq' = 0)),
	DisjunctSignature: label: <Ok, 0, 0>, 
		allocated: frozenset({frozenset({'s->d1->sent_messages->items->next->data'}),
           frozenset({'s->d1->sent_messages->items->next->data->fragment'}),
           frozenset({'s->d1->sent_messages->items->next'})}), 
		deallocated: frozenset({frozenset({'s->init_buf'})}), 
		return_formula: (return = 1), 
		formula: ((s->init_num = ('&(s->d1->w_msg_hdr)->msg_len' + 1)) & (s->d1->sent_messages->items->next->data->reassembly = '&(s->d1->sent_messages->items->next->data->msg_header)->frag_off') & (s->version = 65279) & (s->d1->sent_messages->items->next->data->reassembly = 0) & (is_ccs = '&(s->d1->sent_messages->items->next->data->msg_header)->is_ccs') & (! (s->init_buf = 0)) & ('&(s->d1->w_msg_hdr)->msg_len' = '&(s->d1->sent_messages->items->next->data->msg_header)->msg_len') & (! (s->d1->sent_messages->items = 0)) & ('&(s->d1->sent_messages->items->next->data->msg_header)->msg_len' = '&(s->d1->sent_messages->items->next->data->msg_header)->frag_len') & (! (s->d1->sent_messages->items->next->data = 0)) & (! (is_ccs = 0)) & (! (s->d1->sent_messages->items->next->data->fragment = 0)) & (! (s->init_num = 0)) & ('&(s->d1->w_msg_hdr)->seq' = '&(s->d1->sent_messages->items->next->data->msg_header)->seq') & (! (s->d1->sent_messages->items->next = 0)) & (! (s->d1->sent_messages->items->next->next = 0)) & ('&(s->d1->w_msg_hdr)->seq' = 0)),
	DisjunctSignature: label: <Ok, 0, 0>, 
		allocated: frozenset({frozenset({'s->d1->sent_messages->items->next->next'}),
           frozenset({'s->d1->sent_messages->items->next->next->data'}),
           frozenset({'s->d1->sent_messages->items->next->next->data->fragment'})}), 
		deallocated: frozenset({frozenset({'s->init_buf'})}), 
		return_formula: (return = 1), 
		formula: ((! (s->d1->sent_messages->items->next = 0)) & (! (s->d1->sent_messages->items->next->next->next = 0)) & (s->init_num = ('&(s->d1->w_msg_hdr)->msg_len' + 1)) & ('&(s->d1->w_msg_hdr)->seq' = '&(s->d1->sent_messages->items->next->next->data->msg_header)->seq') & (s->version = 65279) & (s->d1->sent_messages->items->next->next->data->reassembly = 0) & (! (s->init_buf = 0)) & (! (s->d1->sent_messages->items = 0)) & (is_ccs = '&(s->d1->sent_messages->items->next->next->data->msg_header)->is_ccs') & (s->d1->sent_messages->items->next->next->data->reassembly = '&(s->d1->sent_messages->items->next->next->data->msg_header)->frag_off') & ('&(s->d1->w_msg_hdr)->msg_len' = '&(s->d1->sent_messages->items->next->next->data->msg_header)->msg_len') & (! (s->d1->sent_messages->items->next->next->data = 0)) & (! (is_ccs = 0)) & ('&(s->d1->sent_messages->items->next->next->data->msg_header)->msg_len' = '&(s->d1->sent_messages->items->next->next->data->msg_header)->frag_len') & (! (s->init_num = 0)) & (! (s->d1->sent_messages->items->next->next->data->fragment = 0)) & (! (s->d1->sent_messages->items->next->next = 0)) & ('&(s->d1->w_msg_hdr)->seq' = 0)),
	DisjunctSignature: label: <Ok, 0, 0>, 
		allocated: frozenset({frozenset({'s->d1->sent_messages->items->next->next->next'}),
           frozenset({'s->d1->sent_messages->items->next->next->next->data'}),
           frozenset({'s->d1->sent_messages->items->next->next->next->data->fragment'})}), 
		deallocated: frozenset({frozenset({'s->init_buf'})}), 
		return_formula: (return = 1), 
		formula: ((! (s->d1->sent_messages->items->next->next->next->data->fragment = 0)) & (! (s->d1->sent_messages->items->next->next->next = 0)) & (is_ccs = '&(s->d1->sent_messages->items->next->next->next->data->msg_header)->is_ccs') & ('&(s->d1->w_msg_hdr)->msg_len' = '&(s->d1->sent_messages->items->next->next->next->data->msg_header)->msg_len') & ('&(s->d1->sent_messages->items->next->next->next->data->msg_header)->msg_len' = '&(s->d1->sent_messages->items->next->next->next->data->msg_header)->frag_len') & (s->init_num = ('&(s->d1->w_msg_hdr)->msg_len' + 1)) & ('&(s->d1->w_msg_hdr)->seq' = '&(s->d1->sent_messages->items->next->next->next->data->msg_header)->seq') & (s->version = 65279) & (! (is_ccs = 0)) & (! (s->init_num = 0)) & (! (s->d1->sent_messages->items->next->next = 0)) & (! (s->d1->sent_messages->items->next->next->next->next = 0)) & (! (s->init_buf = 0)) & ('&(s->d1->w_msg_hdr)->seq' = 0) & (! (s->d1->sent_messages->items = 0)) & (s->d1->sent_messages->items->next->next->next->data->reassembly = '&(s->d1->sent_messages->items->next->next->next->data->msg_header)->frag_off') & (s->d1->sent_messages->items->next->next->next->data->reassembly = 0) & (! (s->d1->sent_messages->items->next = 0)) & (! (s->d1->sent_messages->items->next->next->next->data = 0))),
	DisjunctSignature: label: <Ok, 0, 0>, 
		allocated: frozenset({frozenset({'s->d1->sent_messages->items->data'}),
           frozenset({'s->d1->sent_messages->items'}),
           frozenset({'s->d1->sent_messages->items->data->fragment'})}), 
		deallocated: frozenset({frozenset({'s->init_buf'})}), 
		return_formula: (return = 1), 
		formula: ((! (s->d1->sent_messages->items->data->fragment = 0)) & (s->init_num = ('&(s->d1->w_msg_hdr)->msg_len' + 1)) & (s->version = 65279) & (! (s->init_buf = 0)) & (is_ccs = '&(s->d1->sent_messages->items->data->msg_header)->is_ccs') & (! (s->d1->sent_messages->items = 0)) & ('&(s->d1->w_msg_hdr)->msg_len' = '&(s->d1->sent_messages->items->data->msg_header)->msg_len') & (s->d1->sent_messages->items->data->reassembly = '&(s->d1->sent_messages->items->data->msg_header)->frag_off') & ('&(s->d1->sent_messages->items->data->msg_header)->msg_len' = '&(s->d1->sent_messages->items->data->msg_header)->frag_len') & (! (is_ccs = 0)) & ('&(s->d1->w_msg_hdr)->seq' = '&(s->d1->sent_messages->items->data->msg_header)->seq') & (! (s->init_num = 0)) & (s->d1->sent_messages->items->next = 0) & (s->d1->sent_messages->items->next = s->d1->sent_messages->items->data->reassembly) & (! (s->d1->sent_messages->items->data = 0)) & ('&(s->d1->w_msg_hdr)->seq' = 0)),
]
[Wed Jan 21 16:38:52 2026][INFO]: pe_increment: RewardType.NO
[Wed Jan 21 16:38:52 2026][INFO]: ppie_increment: RewardType.NO
[Wed Jan 21 16:38:52 2026][INFO]: Adding to Cluster cluster-L1183-0
[Wed Jan 21 16:38:52 2026][INFO]: Grammar: :INSERT POS CMD,HEAP,free ( POINTER ) ;
[Wed Jan 21 16:38:52 2026][INFO]: plausible count: 0
[Wed Jan 21 16:38:52 2026][INFO]: cumulative repetition: 1
[Wed Jan 21 16:38:52 2026][INFO]: Cluster pe increment: RewardType.NO
[Wed Jan 21 16:38:52 2026][INFO]: Cluster ppie increment: RewardType.NO
[Wed Jan 21 16:38:52 2026][INFO]: Prod probability update: s->init_buf : pe: 0.200=>0.200 ; ppie: 0.200=>0.200
[Wed Jan 21 16:38:52 2026][INFO]: Prod probability update: s->init_buf->data : pe: 0.200=>0.200 ; ppie: 0.200=>0.200
[Wed Jan 21 16:38:52 2026][INFO]: Prod probability update: frag->fragment : pe: 0.200=>0.200 ; ppie: 0.200=>0.200
[Wed Jan 21 16:38:52 2026][INFO]: Prod probability update: s : pe: 0.200=>0.200 ; ppie: 0.200=>0.200
[Wed Jan 21 16:38:52 2026][INFO]: Prod probability update: frag : pe: 0.200=>0.200 ; ppie: 0.200=>0.200
[Wed Jan 21 16:38:52 2026][INFO]: Prod probability update: s->init_buf : pe: 0.200=>0.200 ; ppie: 0.200=>0.200
[Wed Jan 21 16:38:52 2026][INFO]: Prod probability update: s->init_buf->data : pe: 0.200=>0.200 ; ppie: 0.200=>0.200
[Wed Jan 21 16:38:52 2026][INFO]: Prod probability update: frag->fragment : pe: 0.200=>0.200 ; ppie: 0.200=>0.200
[Wed Jan 21 16:38:52 2026][INFO]: Prod probability update: s : pe: 0.200=>0.200 ; ppie: 0.200=>0.200
[Wed Jan 21 16:38:52 2026][INFO]: Prod probability update: frag : pe: 0.200=>0.200 ; ppie: 0.200=>0.200
[Wed Jan 21 16:38:52 2026][INFO]: Prod probability update: free ( POINTER ) ; : pe: 0.333=>0.333 ; ppie: 0.333=>0.333
[Wed Jan 21 16:38:52 2026][INFO]: Prod probability update: POINTER = POINTER_EXPR ; : pe: 0.333=>0.333 ; ppie: 0.333=>0.333
[Wed Jan 21 16:38:52 2026][INFO]: Prod probability update: POINTER = malloc ( sizeof ( * POINTER ) ) ; : pe: 0.333=>0.333 ; ppie: 0.333=>0.333
[Wed Jan 21 16:38:52 2026][INFO]: Prod probability update: HEAP : pe: 0.167=>0.167 ; ppie: 0.167=>0.167
[Wed Jan 21 16:38:52 2026][INFO]: Prod probability update: ID = ARITH_EXPR ; : pe: 0.167=>0.167 ; ppie: 0.167=>0.167
[Wed Jan 21 16:38:52 2026][INFO]: Prod probability update: return POINTER_EXPR ; : pe: 0.167=>0.167 ; ppie: 0.167=>0.167
[Wed Jan 21 16:38:52 2026][INFO]: Prod probability update: EXIT_STMT : pe: 0.167=>0.167 ; ppie: 0.167=>0.167
[Wed Jan 21 16:38:52 2026][INFO]: Prod probability update: if ( BOOL_EXPR ) { CMD } : pe: 0.167=>0.167 ; ppie: 0.167=>0.167
[Wed Jan 21 16:38:52 2026][INFO]: Prod probability update: CMD CMD : pe: 0.167=>0.167 ; ppie: 0.167=>0.167
[Wed Jan 21 16:38:52 2026][INFO]: Prod probability update: BACK : pe: 0.500=>0.500 ; ppie: 0.500=>0.500
[Wed Jan 21 16:38:52 2026][INFO]: Prod probability update: FRONT : pe: 0.500=>0.500 ; ppie: 0.500=>0.500
[Wed Jan 21 16:38:52 2026][INFO]: Prod probability update: INSERT POS CMD : pe: 1.000=>1.000 ; ppie: 1.000=>1.000
[Wed Jan 21 16:38:52 2026][COMMAND]: sed -i -e '1183s:$: return 1; :' /effFix-experiment/effFix-benchmark/openssl-1/null-ptr-5-openssl-1/src/ssl/d1_both.c
[Wed Jan 21 16:38:52 2026][COMMAND]: diff -u /effFix-experiment/effFix-benchmark/openssl-1/null-ptr-5-openssl-1/repair/d1_both.c.backup /effFix-experiment/effFix-benchmark/openssl-1/null-ptr-5-openssl-1/src/ssl/d1_both.c > /effFix-experiment/effFix-benchmark/openssl-1/null-ptr-5-openssl-1/repair/2.patch
[Wed Jan 21 16:38:52 2026][COMMAND]: /opt/infer/infer/bin/infer --pulse-only --jobs 16 --pulse-max-disjuncts 100 --pulse-model-malloc-pattern CRYPTO_malloc --pulse-model-free-pattern CRYPTO_free --pulse-model-realloc-pattern CRYPTO_realloc --reactive --pulse-fix-mode --pulse-fix-file=ssl/d1_both.c --pulse-fix-function=dtls1_buffer_message -o /effFix-experiment/effFix-benchmark/openssl-1/null-ptr-5-openssl-1/repair/infer-out-single -- make build_ssl
[Wed Jan 21 16:38:53 2026][INFO]: Adding new patch: INSERT BACK return 1;
[Wed Jan 21 16:38:53 2026][INFO]: Created new cluster cluster-L1183-1
[Wed Jan 21 16:38:53 2026][INFO]: Cluster signature: PatchSignature: [
	DisjunctSignature: label: <AbortProgram, 1181, 1183>, 
		allocated: frozenset(), 
		deallocated: frozenset(), 
		return_formula: True, 
		formula: True,
	DisjunctSignature: label: <ErrorMemoryLeak, 1181, 1183>, 
		allocated: frozenset(), 
		deallocated: frozenset(), 
		return_formula: (return = 1), 
		formula: (! (s->init_num = 0)),
	DisjunctSignature: label: <LatentAbortProgram, 1171, 1183>, 
		allocated: frozenset(), 
		deallocated: frozenset(), 
		return_formula: True, 
		formula: (s->init_num = 0),
	DisjunctSignature: label: <LatentAbortProgram, 1181, 1183>, 
		allocated: frozenset(), 
		deallocated: frozenset(), 
		return_formula: True, 
		formula: (! (s->init_num = 0)),
]
[Wed Jan 21 16:38:53 2026][INFO]: pe_increment: RewardType.NO
[Wed Jan 21 16:38:53 2026][INFO]: ppie_increment: RewardType.NO
[Wed Jan 21 16:38:53 2026][INFO]: Adding to Cluster cluster-L1183-1
[Wed Jan 21 16:38:53 2026][INFO]: Grammar: :INSERT POS CMD,EXIT_STMT
[Wed Jan 21 16:38:53 2026][INFO]: plausible count: 0
[Wed Jan 21 16:38:53 2026][INFO]: cumulative repetition: 1
[Wed Jan 21 16:38:53 2026][INFO]: Cluster pe increment: RewardType.NO
[Wed Jan 21 16:38:53 2026][INFO]: Cluster ppie increment: RewardType.NO
[Wed Jan 21 16:38:53 2026][INFO]: Prod probability update: return 1; : pe: 0.500=>0.500 ; ppie: 0.500=>0.500
[Wed Jan 21 16:38:53 2026][INFO]: Prod probability update: return 0; : pe: 0.500=>0.500 ; ppie: 0.500=>0.500
[Wed Jan 21 16:38:53 2026][INFO]: Prod probability update: EXIT_STMT : pe: 0.167=>0.167 ; ppie: 0.167=>0.167
[Wed Jan 21 16:38:53 2026][INFO]: Prod probability update: HEAP : pe: 0.167=>0.167 ; ppie: 0.167=>0.167
[Wed Jan 21 16:38:53 2026][INFO]: Prod probability update: ID = ARITH_EXPR ; : pe: 0.167=>0.167 ; ppie: 0.167=>0.167
[Wed Jan 21 16:38:53 2026][INFO]: Prod probability update: return POINTER_EXPR ; : pe: 0.167=>0.167 ; ppie: 0.167=>0.167
[Wed Jan 21 16:38:53 2026][INFO]: Prod probability update: if ( BOOL_EXPR ) { CMD } : pe: 0.167=>0.167 ; ppie: 0.167=>0.167
[Wed Jan 21 16:38:53 2026][INFO]: Prod probability update: CMD CMD : pe: 0.167=>0.167 ; ppie: 0.167=>0.167
[Wed Jan 21 16:38:53 2026][INFO]: Prod probability update: BACK : pe: 0.500=>0.500 ; ppie: 0.500=>0.500
[Wed Jan 21 16:38:53 2026][INFO]: Prod probability update: FRONT : pe: 0.500=>0.500 ; ppie: 0.500=>0.500
[Wed Jan 21 16:38:53 2026][INFO]: Prod probability update: INSERT POS CMD : pe: 1.000=>1.000 ; ppie: 1.000=>1.000
[Wed Jan 21 16:38:53 2026][WARNING]: did not generate a new patch
[Wed Jan 21 16:38:53 2026][COMMAND]: sed -i -e '1183s:^:s->init_num = s->init_num ;  :' /effFix-experiment/effFix-benchmark/openssl-1/null-ptr-5-openssl-1/src/ssl/d1_both.c
[Wed Jan 21 16:38:53 2026][COMMAND]: diff -u /effFix-experiment/effFix-benchmark/openssl-1/null-ptr-5-openssl-1/repair/d1_both.c.backup /effFix-experiment/effFix-benchmark/openssl-1/null-ptr-5-openssl-1/src/ssl/d1_both.c > /effFix-experiment/effFix-benchmark/openssl-1/null-ptr-5-openssl-1/repair/3.patch
[Wed Jan 21 16:38:53 2026][COMMAND]: /opt/infer/infer/bin/infer --pulse-only --jobs 16 --pulse-max-disjuncts 100 --pulse-model-malloc-pattern CRYPTO_malloc --pulse-model-free-pattern CRYPTO_free --pulse-model-realloc-pattern CRYPTO_realloc --reactive --pulse-fix-mode --pulse-fix-file=ssl/d1_both.c --pulse-fix-function=dtls1_buffer_message -o /effFix-experiment/effFix-benchmark/openssl-1/null-ptr-5-openssl-1/repair/infer-out-single -- make build_ssl
[Wed Jan 21 16:38:54 2026][INFO]: Adding new patch: INSERT FRONT s->init_num = s->init_num ;
[Wed Jan 21 16:38:59 2026][INFO]: Created new cluster cluster-L1183-2
[Wed Jan 21 16:38:59 2026][INFO]: Cluster signature: PatchSignature: [
	DisjunctSignature: label: <AbortProgram, 1181, 1183>, 
		allocated: frozenset(), 
		deallocated: frozenset(), 
		return_formula: True, 
		formula: True,
	DisjunctSignature: label: <ErrorMemoryLeak, 1216, 1229>, 
		allocated: frozenset(), 
		deallocated: frozenset(), 
		return_formula: (return = 1), 
		formula: (((s->init_num = ('&(s->d1->w_msg_hdr)->msg_len' + 3)) & (! (s->d1->sent_messages->items = 0)) & (! (is_ccs = 0)) & (! (s->init_num = 0)) & (! (s->d1->sent_messages->items->next = 0)) & (! (s->d1->sent_messages->items->next->next = 0)) & ('&(s->d1->w_msg_hdr)->seq' = 0)) | ((s->init_num = ('&(s->d1->w_msg_hdr)->msg_len' + 1)) & (s->version = 65279) & (! (s->d1->sent_messages->items = 0)) & (! (is_ccs = 0)) & (! (s->init_num = 0)) & (! (s->d1->sent_messages->items->next = 0)) & ('&(s->d1->w_msg_hdr)->seq' = 0)) | ((! (s->d1->sent_messages->items = 0)) & (s->init_num = ('&(s->d1->w_msg_hdr)->msg_len' + 12)) & (is_ccs = 0) & (! (s->init_num = 0)) & ('&(s->d1->w_msg_hdr)->seq' = 0)) | ((! (s->d1->sent_messages->items = 0)) & (is_ccs = 0) & (s->init_num = ('&(s->d1->w_msg_hdr)->msg_len' + 12)) & (! (s->init_num = 0)) & (! (s->d1->sent_messages->items->next = 0)) & ('&(s->d1->w_msg_hdr)->seq' = 0)) | ((! (s->d1->sent_messages->items->next->next->next = 0)) & (! (s->d1->sent_messages->items = 0)) & (s->init_num = ('&(s->d1->w_msg_hdr)->msg_len' + 3)) & (! (is_ccs = 0)) & (! (s->init_num = 0)) & (! (s->d1->sent_messages->items->next = 0)) & (! (s->d1->sent_messages->items->next->next = 0)) & ('&(s->d1->w_msg_hdr)->seq' = 0)) | ((! (s->d1->sent_messages->items = 0)) & (s->init_num = ('&(s->d1->w_msg_hdr)->msg_len' + 3)) & (! (is_ccs = 0)) & (! (s->init_num = 0)) & (! (s->d1->sent_messages->items->next = 0)) & ('&(s->d1->w_msg_hdr)->seq' = 0)) | ((! (s->d1->sent_messages->items->next->next->next = 0)) & (s->init_num = ('&(s->d1->w_msg_hdr)->msg_len' + 1)) & (s->version = 65279) & (! (s->d1->sent_messages->items = 0)) & (! (is_ccs = 0)) & (! (s->init_num = 0)) & (! (s->d1->sent_messages->items->next = 0)) & (! (s->d1->sent_messages->items->next->next = 0)) & ('&(s->d1->w_msg_hdr)->seq' = 0)) | ((s->init_num = ('&(s->d1->w_msg_hdr)->msg_len' + 1)) & (s->version = 65279) & (! (s->d1->sent_messages->items = 0)) & (! (is_ccs = 0)) & (! (s->init_num = 0)) & (! (s->d1->sent_messages->items->next = 0)) & (! (s->d1->sent_messages->items->next->next = 0)) & ('&(s->d1->w_msg_hdr)->seq' = 0)) | ((! (s->d1->sent_messages->items = 0)) & (s->init_num = ('&(s->d1->w_msg_hdr)->msg_len' + 3)) & (! (is_ccs = 0)) & (! (s->init_num = 0)) & ('&(s->d1->w_msg_hdr)->seq' = 0)) | ((! (s->d1->sent_messages->items = 0)) & (s->init_num = ('&(s->d1->w_msg_hdr)->msg_len' + 12)) & (is_ccs = 0) & (! (s->init_num = 0)) & (! (s->d1->sent_messages->items->next = 0)) & (! (s->d1->sent_messages->items->next->next = 0)) & ('&(s->d1->w_msg_hdr)->seq' = 0)) | ((s->init_num = ('&(s->d1->w_msg_hdr)->msg_len' + 1)) & (s->version = 65279) & (! (s->d1->sent_messages->items = 0)) & (! (is_ccs = 0)) & (! (s->init_num = 0)) & ('&(s->d1->w_msg_hdr)->seq' = 0)) | ((! (s->d1->sent_messages->items->next->next->next = 0)) & (! (s->d1->sent_messages->items = 0)) & (is_ccs = 0) & (s->init_num = ('&(s->d1->w_msg_hdr)->msg_len' + 12)) & (! (s->init_num = 0)) & (! (s->d1->sent_messages->items->next = 0)) & (! (s->d1->sent_messages->items->next->next = 0)) & ('&(s->d1->w_msg_hdr)->seq' = 0))),
	DisjunctSignature: label: <ErrorMemoryLeak, 1181, 1229>, 
		allocated: frozenset(), 
		deallocated: frozenset(), 
		return_formula: (return = 1), 
		formula: (((! (s->d1->sent_messages->items = 0)) & (s->init_num = ('&(s->d1->w_msg_hdr)->msg_len' + 12)) & (is_ccs = 0) & (! (s->init_num = 0)) & ('&(s->d1->w_msg_hdr)->seq' = 0)) | ((! (s->d1->sent_messages->items->next->next->next = 0)) & (s->init_num = ('&(s->d1->w_msg_hdr)->msg_len' + 1)) & (s->version = 65279) & (! (s->d1->sent_messages->items = 0)) & (! (is_ccs = 0)) & (! (s->init_num = 0)) & (! (s->d1->sent_messages->items->next = 0)) & (! (s->d1->sent_messages->items->next->next = 0)) & ('&(s->d1->w_msg_hdr)->seq' = 0)) | ((! (s->d1->sent_messages->items->next->next->next = 0)) & (! (s->d1->sent_messages->items = 0)) & (s->init_num = ('&(s->d1->w_msg_hdr)->msg_len' + 12)) & (is_ccs = 0) & (! (s->init_num = 0)) & (! (s->d1->sent_messages->items->next = 0)) & (! (s->d1->sent_messages->items->next->next = 0)) & ('&(s->d1->w_msg_hdr)->seq' = 0)) | ((! (s->d1->sent_messages->items->next->next->next = 0)) & (! (s->d1->sent_messages->items = 0)) & (is_ccs = 0) & (s->init_num = ('&(s->d1->w_msg_hdr)->msg_len' + 12)) & (! (s->init_num = 0)) & (! (s->d1->sent_messages->items->next = 0)) & (! (s->d1->sent_messages->items->next->next = 0)) & ('&(s->d1->w_msg_hdr)->seq' = 0)) | ((s->init_num = ('&(s->d1->w_msg_hdr)->msg_len' + 3)) & (! (s->d1->sent_messages->items = 0)) & (! (is_ccs = 0)) & (! (s->init_num = 0)) & (! (s->d1->sent_messages->items->next = 0)) & (! (s->d1->sent_messages->items->next->next = 0)) & ('&(s->d1->w_msg_hdr)->seq' = 0)) | ((s->init_num = ('&(s->d1->w_msg_hdr)->msg_len' + 1)) & (s->version = 65279) & (! (s->d1->sent_messages->items = 0)) & (! (is_ccs = 0)) & (! (s->init_num = 0)) & (! (s->d1->sent_messages->items->next = 0)) & ('&(s->d1->w_msg_hdr)->seq' = 0)) | ((! (s->d1->sent_messages->items = 0)) & (s->init_num = ('&(s->d1->w_msg_hdr)->msg_len' + 12)) & (is_ccs = 0) & (! (s->init_num = 0)) & (! (s->d1->sent_messages->items->next = 0)) & ('&(s->d1->w_msg_hdr)->seq' = 0)) | ((! (s->d1->sent_messages->items = 0)) & (s->init_num = ('&(s->d1->w_msg_hdr)->msg_len' + 3)) & (! (is_ccs = 0)) & (! (s->init_num = 0)) & (! (s->d1->sent_messages->items->next = 0)) & (! (s->d1->sent_messages->items->next->next = 0)) & ('&(s->d1->w_msg_hdr)->seq' = 0)) | ((! (s->d1->sent_messages->items = 0)) & (is_ccs = 0) & (s->init_num = ('&(s->d1->w_msg_hdr)->msg_len' + 12)) & (! (s->init_num = 0)) & (! (s->d1->sent_messages->items->next = 0)) & ('&(s->d1->w_msg_hdr)->seq' = 0)) | ((! (s->d1->sent_messages->items = 0)) & (s->init_num = ('&(s->d1->w_msg_hdr)->msg_len' + 3)) & (! (is_ccs = 0)) & (! (s->init_num = 0)) & ('&(s->d1->w_msg_hdr)->seq' = 0)) | ((s->init_num = ('&(s->d1->w_msg_hdr)->msg_len' + 3)) & (! (s->d1->sent_messages->items = 0)) & (! (is_ccs = 0)) & (! (s->init_num = 0)) & ('&(s->d1->w_msg_hdr)->seq' = 0)) | ((s->init_num = ('&(s->d1->w_msg_hdr)->msg_len' + 1)) & (s->version = 65279) & (! (s->d1->sent_messages->items = 0)) & (! (is_ccs = 0)) & (! (s->init_num = 0)) & (! (s->d1->sent_messages->items->next = 0)) & (! (s->d1->sent_messages->items->next->next = 0)) & ('&(s->d1->w_msg_hdr)->seq' = 0)) | ((! (s->d1->sent_messages->items = 0)) & (s->init_num = ('&(s->d1->w_msg_hdr)->msg_len' + 12)) & (is_ccs = 0) & (! (s->init_num = 0)) & (! (s->d1->sent_messages->items->next = 0)) & (! (s->d1->sent_messages->items->next->next = 0)) & ('&(s->d1->w_msg_hdr)->seq' = 0)) | ((! (s->d1->sent_messages->items = 0)) & (is_ccs = 0) & (s->init_num = ('&(s->d1->w_msg_hdr)->msg_len' + 12)) & (! (s->init_num = 0)) & (! (s->d1->sent_messages->items->next = 0)) & (! (s->d1->sent_messages->items->next->next = 0)) & ('&(s->d1->w_msg_hdr)->seq' = 0)) | ((! (s->d1->sent_messages->items->next->next->next = 0)) & (s->init_num = ('&(s->d1->w_msg_hdr)->msg_len' + 3)) & (! (s->d1->sent_messages->items = 0)) & (! (is_ccs = 0)) & (! (s->init_num = 0)) & (! (s->d1->sent_messages->items->next = 0)) & (! (s->d1->sent_messages->items->next->next = 0)) & ('&(s->d1->w_msg_hdr)->seq' = 0)) | ((! (s->d1->sent_messages->items->next->next->next = 0)) & (! (s->d1->sent_messages->items = 0)) & (s->init_num = ('&(s->d1->w_msg_hdr)->msg_len' + 3)) & (! (is_ccs = 0)) & (! (s->init_num = 0)) & (! (s->d1->sent_messages->items->next = 0)) & (! (s->d1->sent_messages->items->next->next = 0)) & ('&(s->d1->w_msg_hdr)->seq' = 0)) | ((s->init_num = ('&(s->d1->w_msg_hdr)->msg_len' + 3)) & (! (s->d1->sent_messages->items = 0)) & (! (is_ccs = 0)) & (! (s->init_num = 0)) & (! (s->d1->sent_messages->items->next = 0)) & ('&(s->d1->w_msg_hdr)->seq' = 0)) | ((! (s->d1->sent_messages->items = 0)) & (s->init_num = ('&(s->d1->w_msg_hdr)->msg_len' + 3)) & (! (is_ccs = 0)) & (! (s->init_num = 0)) & (! (s->d1->sent_messages->items->next = 0)) & ('&(s->d1->w_msg_hdr)->seq' = 0)) | ((s->init_num = ('&(s->d1->w_msg_hdr)->msg_len' + 1)) & (s->version = 65279) & (! (s->d1->sent_messages->items = 0)) & (! (is_ccs = 0)) & (! (s->init_num = 0)) & ('&(s->d1->w_msg_hdr)->seq' = 0))),
	DisjunctSignature: label: <ISLLatentMemoryError, 0, 0>, 
		allocated: frozenset(), 
		deallocated: frozenset({frozenset({'s->enc_write_ctx'}),
           frozenset({'s->enc_write_ctx->cipher_data'})}), 
		return_formula: True, 
		formula: (((s->init_num = ('&(s->d1->w_msg_hdr)->msg_len' + 1)) & (! (s->enc_write_ctx->engine = 0)) & (add_lock_callback = 0) & (s->version = 65279) & (! (s->enc_write_ctx = 0)) & (! (s->enc_write_ctx->cipher_data = 0)) & (! (s->enc_write_ctx->cipher = 0)) & (! (id_callback = 0)) & (! (err_fns = 0)) & (! (is_ccs = 0)) & (! (s->write_hash->digest = 0)) & (! (s->init_num = 0)) & (! (s->write_hash->digest->ctx_size = 0)) & (! (s->write_hash = 0)) & ('&(s->d1->w_msg_hdr)->seq' = 0)) | ((s->init_num = ('&(s->d1->w_msg_hdr)->msg_len' + 1)) & (add_lock_callback = 0) & (! (s->enc_write_ctx->engine = 0)) & (s->version = 65279) & (! (s->enc_write_ctx->cipher_data = 0)) & (! (s->write_hash->digest->ctx_size = 0)) & (! (s->enc_write_ctx->cipher = 0)) & (! (id_callback = 0)) & (! (err_fns = 0)) & (! (is_ccs = 0)) & (! (s->write_hash->digest = 0)) & (! (s->init_num = 0)) & (! (s->enc_write_ctx = 0)) & (! (s->write_hash = 0)) & ('&(s->d1->w_msg_hdr)->seq' = 0))),
	DisjunctSignature: label: <ISLLatentMemoryError, 0, 0>, 
		allocated: frozenset(), 
		deallocated: frozenset(), 
		return_formula: True, 
		formula: ((! (s->init_num = 0)) & (s->init_num = ('&(s->d1->w_msg_hdr)->msg_len' + 12)) & (is_ccs = 0) & ('&(s->d1->w_msg_hdr)->seq' = 0)),
	DisjunctSignature: label: <ISLLatentMemoryError, 0, 0>, 
		allocated: frozenset(), 
		deallocated: frozenset(), 
		return_formula: True, 
		formula: ((! (s->init_num = 0)) & (s->init_num = ('&(s->d1->w_msg_hdr)->msg_len' + 12)) & (is_ccs = 0)),
	DisjunctSignature: label: <ISLLatentMemoryError, 0, 0>, 
		allocated: frozenset(), 
		deallocated: frozenset(), 
		return_formula: True, 
		formula: ((! (s->init_num = 0)) & (s->init_num = ('&(s->d1->w_msg_hdr)->msg_len' + 3)) & (! (is_ccs = 0)) & ('&(s->d1->w_msg_hdr)->seq' = 0)),
	DisjunctSignature: label: <ISLLatentMemoryError, 0, 0>, 
		allocated: frozenset(), 
		deallocated: frozenset(), 
		return_formula: True, 
		formula: ((! (s->init_num = 0)) & (! (is_ccs = 0)) & (s->init_num = ('&(s->d1->w_msg_hdr)->msg_len' + 3))),
	DisjunctSignature: label: <ISLLatentMemoryError, 0, 0>, 
		allocated: frozenset(), 
		deallocated: frozenset(), 
		return_formula: True, 
		formula: ((s->init_num = ('&(s->d1->w_msg_hdr)->msg_len' + 1)) & (s->version = 65279) & (! (is_ccs = 0)) & (! (s->init_num = 0)) & ('&(s->d1->w_msg_hdr)->seq' = 0)),
	DisjunctSignature: label: <ISLLatentMemoryError, 0, 0>, 
		allocated: frozenset(), 
		deallocated: frozenset(), 
		return_formula: True, 
		formula: ((! (s->init_num = 0)) & (s->version = 65279) & (s->init_num = ('&(s->d1->w_msg_hdr)->msg_len' + 1)) & (! (is_ccs = 0))),
	DisjunctSignature: label: <LatentAbortProgram, 1219, 383>, 
		allocated: frozenset(), 
		deallocated: frozenset({frozenset({'s->enc_write_ctx'}),
           frozenset({'s->enc_write_ctx->cipher_data'})}), 
		return_formula: True, 
		formula: ((! (s->write_hash->pctx->pkey->engine->finish = 0)) & (! (s->write_hash->pctx->peerkey = 0)) & (! (s->enc_write_ctx->engine = 0)) & (! (s->write_hash->pctx->peerkey->attributes = 0)) & (! (s->write_hash->pctx->peerkey->attributes->data = 0)) & (! (s->enc_write_ctx->cipher_data = 0)) & (! (s->write_hash->pctx->peerkey->ameth = 0)) & (! (s->enc_write_ctx->cipher = 0)) & (! (s->write_hash->pctx->peerkey->ameth->pkey_free = 0)) & (! (id_callback = 0)) & (! (s->write_hash->pctx->peerkey->engine = 0)) & (! (err_fns = 0)) & (! (s->write_hash->pctx->peerkey->engine->finish = 0)) & (! (s->write_hash->digest = 0)) & (! (s->write_hash->pctx->engine = 0)) & (! (s->write_hash->pctx->engine->finish = 0)) & (! (s->write_hash->md_data = 0)) & (! (s->write_hash->digest->cleanup = 0)) & (s->init_num = ('&(s->d1->w_msg_hdr)->msg_len' + 1)) & (add_lock_callback = 0) & (s->write_hash->pctx->pkey->engine->funct_ref = 1) & (s->version = 65279) & (! (s->write_hash->pctx->pkey->attributes->num = 0)) & (! (s->write_hash->pctx->peerkey->attributes->num = 0)) & (! (is_ccs = 0)) & (! (s->init_num = 0)) & (! (s->enc_write_ctx = 0)) & (! (s->write_hash = 0)) & (! (s->write_hash->engine = 0)) & ('&(s->d1->w_msg_hdr)->seq' = 0) & (s->write_hash->pctx->pkey->engine->funct_ref = s->write_hash->pctx->peerkey->engine->funct_ref) & (! (s->write_hash->engine->finish = 0)) & (s->write_hash->pctx->peerkey->engine->funct_ref = s->write_hash->engine->funct_ref) & (! (s->write_hash->pctx = 0)) & (! (s->write_hash->pctx->pmeth = 0)) & (! (s->write_hash->pctx->pmeth->cleanup = 0)) & (s->write_hash->pctx->pkey->references <= 1) & (s->write_hash->pctx->peerkey->references <= 1) & (! (s->write_hash->pctx->pkey = 0)) & (! (s->write_hash->pctx->pkey->attributes = 0)) & (! (s->write_hash->pctx->pkey->attributes->data = 0)) & (! (s->write_hash->pctx->pkey->ameth = 0)) & (! (s->write_hash->pctx->pkey->ameth->pkey_free = 0)) & (! (s->write_hash->pctx->pkey->engine = 0))),
	DisjunctSignature: label: <LatentAbortProgram, 1219, 383>, 
		allocated: frozenset(), 
		deallocated: frozenset({frozenset({'s->enc_write_ctx'}),
           frozenset({'s->write_hash'}),
           frozenset({'s->enc_write_ctx->cipher_data'})}), 
		return_formula: True, 
		formula: ((! (s->write_hash->pctx->pkey->engine->finish = 0)) & (! (s->write_hash->pctx->peerkey = 0)) & (! (s->enc_write_ctx->engine = 0)) & (! (s->write_hash->pctx->peerkey->attributes = 0)) & (! (s->write_hash->pctx->peerkey->attributes->data = 0)) & (! (s->enc_write_ctx->cipher_data = 0)) & (! (s->write_hash->pctx->peerkey->ameth = 0)) & (! (s->enc_write_ctx->cipher = 0)) & (! (s->write_hash->pctx->peerkey->ameth->pkey_free = 0)) & (! (id_callback = 0)) & (! (s->write_hash->pctx->peerkey->engine = 0)) & (! (err_fns = 0)) & (! (s->write_hash->pctx->peerkey->engine->finish = 0)) & (! (s->write_hash->digest = 0)) & (! (s->write_hash->pctx->engine = 0)) & (! (s->write_hash->pctx->engine->finish = 0)) & (! (s->write_hash->md_data = 0)) & (! (s->write_hash->digest->cleanup = 0)) & (s->init_num = ('&(s->d1->w_msg_hdr)->msg_len' + 1)) & (add_lock_callback = 0) & (s->write_hash->pctx->pkey->engine->funct_ref = 1) & (s->version = 65279) & (! (s->write_hash->pctx->pkey->attributes->num = 0)) & (! (s->write_hash->pctx->peerkey->attributes->num = 0)) & (! (is_ccs = 0)) & (! (s->init_num = 0)) & (! (s->enc_write_ctx = 0)) & (! (s->write_hash = 0)) & (! (s->write_hash->engine = 0)) & ('&(s->d1->w_msg_hdr)->seq' = 0) & (s->write_hash->pctx->pkey->engine->funct_ref = s->write_hash->pctx->peerkey->engine->funct_ref) & (! (s->write_hash->engine->finish = 0)) & (s->write_hash->pctx->peerkey->engine->funct_ref = s->write_hash->engine->funct_ref) & (! (s->write_hash->pctx = 0)) & (! (s->write_hash->pctx->pmeth = 0)) & (! (s->write_hash->pctx->pmeth->cleanup = 0)) & (s->write_hash->pctx->pkey->references <= 1) & (s->write_hash->pctx->peerkey->references <= 1) & (! (s->write_hash->pctx->pkey = 0)) & (! (s->write_hash->pctx->pkey->attributes = 0)) & (! (s->write_hash->pctx->pkey->attributes->data = 0)) & (! (s->write_hash->pctx->pkey->ameth = 0)) & (! (s->write_hash->pctx->pkey->ameth->pkey_free = 0)) & (! (s->write_hash->pctx->pkey->engine = 0))),
	DisjunctSignature: label: <LatentAbortProgram, 1171, 1183>, 
		allocated: frozenset(), 
		deallocated: frozenset(), 
		return_formula: True, 
		formula: (s->init_num = 0),
	DisjunctSignature: label: <LatentAbortProgram, 1181, 1183>, 
		allocated: frozenset(), 
		deallocated: frozenset(), 
		return_formula: True, 
		formula: (! (s->init_num = 0)),
	DisjunctSignature: label: <Ok, 0, 0>, 
		allocated: frozenset({frozenset({'s->d1->sent_messages->items->next->data'}),
           frozenset({'s->d1->sent_messages->items->next->data->fragment'}),
           frozenset({'s->d1->sent_messages->items->next'})}), 
		deallocated: frozenset(), 
		return_formula: (return = 1), 
		formula: ((s->d1->sent_messages->items->next->data->reassembly = is_ccs) & (s->d1->sent_messages->items->next->data->reassembly = 0) & (is_ccs = '&(s->d1->sent_messages->items->next->data->msg_header)->is_ccs') & ('&(s->d1->w_msg_hdr)->msg_len' = '&(s->d1->sent_messages->items->next->data->msg_header)->msg_len') & (! (s->d1->sent_messages->items = 0)) & ('&(s->d1->sent_messages->items->next->data->msg_header)->msg_len' = '&(s->d1->sent_messages->items->next->data->msg_header)->frag_len') & (! (s->d1->sent_messages->items->next->data = 0)) & (s->init_num = ('&(s->d1->w_msg_hdr)->msg_len' + 12)) & ('&(s->d1->w_msg_hdr)->seq' = '&(s->d1->sent_messages->items->next->data->msg_header)->seq') & (! (s->d1->sent_messages->items->next->data->fragment = 0)) & (! (s->init_num = 0)) & (! (s->d1->sent_messages->items->next = 0)) & ('&(s->d1->w_msg_hdr)->seq' = 0)),
	DisjunctSignature: label: <Ok, 0, 0>, 
		allocated: frozenset({frozenset({'s->d1->sent_messages->items->next->next'}),
           frozenset({'s->d1->sent_messages->items->next->next->data'}),
           frozenset({'s->d1->sent_messages->items->next->next->data->fragment'})}), 
		deallocated: frozenset(), 
		return_formula: (return = 1), 
		formula: (('&(s->d1->w_msg_hdr)->seq' = '&(s->d1->sent_messages->items->next->next->data->msg_header)->seq') & (! (s->d1->sent_messages->items->next->next->data->fragment = 0)) & (s->d1->sent_messages->items->next->next->data->reassembly = 0) & (s->d1->sent_messages->items->next->next->data->reassembly = is_ccs) & (! (s->d1->sent_messages->items = 0)) & (is_ccs = '&(s->d1->sent_messages->items->next->next->data->msg_header)->is_ccs') & ('&(s->d1->w_msg_hdr)->msg_len' = '&(s->d1->sent_messages->items->next->next->data->msg_header)->msg_len') & (s->init_num = ('&(s->d1->w_msg_hdr)->msg_len' + 12)) & (! (s->d1->sent_messages->items->next->next->data = 0)) & ('&(s->d1->sent_messages->items->next->next->data->msg_header)->msg_len' = '&(s->d1->sent_messages->items->next->next->data->msg_header)->frag_len') & (! (s->init_num = 0)) & (! (s->d1->sent_messages->items->next = 0)) & (! (s->d1->sent_messages->items->next->next = 0)) & ('&(s->d1->w_msg_hdr)->seq' = 0)),
	DisjunctSignature: label: <Ok, 0, 0>, 
		allocated: frozenset({frozenset({'s->d1->sent_messages->items->next->next->next'}),
           frozenset({'s->d1->sent_messages->items->next->next->next->data'}),
           frozenset({'s->d1->sent_messages->items->next->next->next->data->fragment'})}), 
		deallocated: frozenset(), 
		return_formula: (return = 1), 
		formula: ((! (s->d1->sent_messages->items->next->next->next->data->fragment = 0)) & ('&(s->d1->w_msg_hdr)->msg_len' = '&(s->d1->sent_messages->items->next->next->next->data->msg_header)->msg_len') & ('&(s->d1->sent_messages->items->next->next->next->data->msg_header)->msg_len' = '&(s->d1->sent_messages->items->next->next->next->data->msg_header)->frag_len') & (! (s->d1->sent_messages->items->next->next->next = 0)) & ('&(s->d1->w_msg_hdr)->seq' = '&(s->d1->sent_messages->items->next->next->next->data->msg_header)->seq') & (! (s->d1->sent_messages->items = 0)) & (s->d1->sent_messages->items->next->next->next->data->reassembly = 0) & (s->init_num = ('&(s->d1->w_msg_hdr)->msg_len' + 12)) & (! (s->init_num = 0)) & (s->d1->sent_messages->items->next->next->next->data->reassembly = is_ccs) & (! (s->d1->sent_messages->items->next = 0)) & (! (s->d1->sent_messages->items->next->next = 0)) & (is_ccs = '&(s->d1->sent_messages->items->next->next->next->data->msg_header)->is_ccs') & (! (s->d1->sent_messages->items->next->next->next->data = 0)) & ('&(s->d1->w_msg_hdr)->seq' = 0)),
	DisjunctSignature: label: <Ok, 0, 0>, 
		allocated: frozenset({frozenset({'s->d1->sent_messages->items->data'}),
           frozenset({'s->d1->sent_messages->items'}),
           frozenset({'s->d1->sent_messages->items->data->fragment'})}), 
		deallocated: frozenset(), 
		return_formula: (return = 1), 
		formula: ((! (s->d1->sent_messages->items->data->fragment = 0)) & (s->d1->sent_messages->items->data->reassembly = is_ccs) & (is_ccs = '&(s->d1->sent_messages->items->data->msg_header)->is_ccs') & (! (s->d1->sent_messages->items = 0)) & ('&(s->d1->w_msg_hdr)->msg_len' = '&(s->d1->sent_messages->items->data->msg_header)->msg_len') & ('&(s->d1->sent_messages->items->data->msg_header)->msg_len' = '&(s->d1->sent_messages->items->data->msg_header)->frag_len') & (s->init_num = ('&(s->d1->w_msg_hdr)->msg_len' + 12)) & ('&(s->d1->w_msg_hdr)->seq' = '&(s->d1->sent_messages->items->data->msg_header)->seq') & (! (s->init_num = 0)) & (! (s->d1->sent_messages->items->next = 0)) & (s->d1->sent_messages->items->data->reassembly = 0) & (! (s->d1->sent_messages->items->data = 0)) & ('&(s->d1->w_msg_hdr)->seq' = 0)),
	DisjunctSignature: label: <Ok, 0, 0>, 
		allocated: frozenset({frozenset({'s->d1->sent_messages->items->next->data'}),
           frozenset({'s->d1->sent_messages->items->next->data->fragment'}),
           frozenset({'s->d1->sent_messages->items->next'})}), 
		deallocated: frozenset(), 
		return_formula: (return = 1), 
		formula: ((s->d1->sent_messages->items->next->data->reassembly = is_ccs) & (s->d1->sent_messages->items->next->data->reassembly = 0) & (is_ccs = '&(s->d1->sent_messages->items->next->data->msg_header)->is_ccs') & ('&(s->d1->w_msg_hdr)->msg_len' = '&(s->d1->sent_messages->items->next->data->msg_header)->msg_len') & (! (s->d1->sent_messages->items = 0)) & ('&(s->d1->sent_messages->items->next->data->msg_header)->msg_len' = '&(s->d1->sent_messages->items->next->data->msg_header)->frag_len') & (! (s->d1->sent_messages->items->next->data = 0)) & (s->init_num = ('&(s->d1->w_msg_hdr)->msg_len' + 12)) & ('&(s->d1->w_msg_hdr)->seq' = '&(s->d1->sent_messages->items->next->data->msg_header)->seq') & (! (s->d1->sent_messages->items->next->data->fragment = 0)) & (! (s->init_num = 0)) & (! (s->d1->sent_messages->items->next = 0)) & (! (s->d1->sent_messages->items->next->next = 0)) & ('&(s->d1->w_msg_hdr)->seq' = 0)),
	DisjunctSignature: label: <Ok, 0, 0>, 
		allocated: frozenset({frozenset({'s->d1->sent_messages->items->next->next'}),
           frozenset({'s->d1->sent_messages->items->next->next->data'}),
           frozenset({'s->d1->sent_messages->items->next->next->data->fragment'})}), 
		deallocated: frozenset(), 
		return_formula: (return = 1), 
		formula: ((! (s->d1->sent_messages->items->next->next->next = 0)) & ('&(s->d1->w_msg_hdr)->seq' = '&(s->d1->sent_messages->items->next->next->data->msg_header)->seq') & (! (s->d1->sent_messages->items->next->next->data->fragment = 0)) & (s->d1->sent_messages->items->next->next->data->reassembly = 0) & (s->d1->sent_messages->items->next->next->data->reassembly = is_ccs) & (! (s->d1->sent_messages->items = 0)) & (is_ccs = '&(s->d1->sent_messages->items->next->next->data->msg_header)->is_ccs') & ('&(s->d1->w_msg_hdr)->msg_len' = '&(s->d1->sent_messages->items->next->next->data->msg_header)->msg_len') & (! (s->d1->sent_messages->items->next->next->data = 0)) & (s->init_num = ('&(s->d1->w_msg_hdr)->msg_len' + 12)) & ('&(s->d1->sent_messages->items->next->next->data->msg_header)->msg_len' = '&(s->d1->sent_messages->items->next->next->data->msg_header)->frag_len') & (! (s->init_num = 0)) & (! (s->d1->sent_messages->items->next = 0)) & (! (s->d1->sent_messages->items->next->next = 0)) & ('&(s->d1->w_msg_hdr)->seq' = 0)),
	DisjunctSignature: label: <Ok, 0, 0>, 
		allocated: frozenset({frozenset({'s->d1->sent_messages->items->next->next->next'}),
           frozenset({'s->d1->sent_messages->items->next->next->next->data'}),
           frozenset({'s->d1->sent_messages->items->next->next->next->data->fragment'})}), 
		deallocated: frozenset(), 
		return_formula: (return = 1), 
		formula: ((! (s->d1->sent_messages->items->next->next->next->data->fragment = 0)) & ('&(s->d1->w_msg_hdr)->msg_len' = '&(s->d1->sent_messages->items->next->next->next->data->msg_header)->msg_len') & ('&(s->d1->sent_messages->items->next->next->next->data->msg_header)->msg_len' = '&(s->d1->sent_messages->items->next->next->next->data->msg_header)->frag_len') & (! (s->d1->sent_messages->items->next->next->next = 0)) & ('&(s->d1->w_msg_hdr)->seq' = '&(s->d1->sent_messages->items->next->next->next->data->msg_header)->seq') & (! (s->d1->sent_messages->items = 0)) & (is_ccs = '&(s->d1->sent_messages->items->next->next->next->data->msg_header)->is_ccs') & (s->d1->sent_messages->items->next->next->next->data->reassembly = 0) & (s->init_num = ('&(s->d1->w_msg_hdr)->msg_len' + 12)) & (! (s->init_num = 0)) & (s->d1->sent_messages->items->next->next->next->data->reassembly = is_ccs) & (! (s->d1->sent_messages->items->next = 0)) & (! (s->d1->sent_messages->items->next->next = 0)) & (! (s->d1->sent_messages->items->next->next->next->next = 0)) & (! (s->d1->sent_messages->items->next->next->next->data = 0)) & ('&(s->d1->w_msg_hdr)->seq' = 0)),
	DisjunctSignature: label: <Ok, 0, 0>, 
		allocated: frozenset({frozenset({'s->d1->sent_messages->items->data'}),
           frozenset({'s->d1->sent_messages->items'}),
           frozenset({'s->d1->sent_messages->items->data->fragment'})}), 
		deallocated: frozenset(), 
		return_formula: (return = 1), 
		formula: ((! (s->d1->sent_messages->items->data->fragment = 0)) & (s->d1->sent_messages->items->data->reassembly = is_ccs) & (is_ccs = '&(s->d1->sent_messages->items->data->msg_header)->is_ccs') & (! (s->d1->sent_messages->items = 0)) & ('&(s->d1->w_msg_hdr)->msg_len' = '&(s->d1->sent_messages->items->data->msg_header)->msg_len') & ('&(s->d1->sent_messages->items->data->msg_header)->msg_len' = '&(s->d1->sent_messages->items->data->msg_header)->frag_len') & (s->init_num = ('&(s->d1->w_msg_hdr)->msg_len' + 12)) & ('&(s->d1->w_msg_hdr)->seq' = '&(s->d1->sent_messages->items->data->msg_header)->seq') & (! (s->init_num = 0)) & (s->d1->sent_messages->items->data->reassembly = 0) & (! (s->d1->sent_messages->items->data = 0)) & ('&(s->d1->w_msg_hdr)->seq' = 0)),
	DisjunctSignature: label: <Ok, 0, 0>, 
		allocated: frozenset({frozenset({'s->d1->sent_messages->items->next->data'}),
           frozenset({'s->d1->sent_messages->items->next->data->fragment'}),
           frozenset({'s->d1->sent_messages->items->next'})}), 
		deallocated: frozenset(), 
		return_formula: (return = 1), 
		formula: ((s->d1->sent_messages->items->next->next = s->d1->sent_messages->items->next->data->reassembly) & (! (s->d1->sent_messages->items->next = 0)) & (s->d1->sent_messages->items->next->data->reassembly = '&(s->d1->sent_messages->items->next->data->msg_header)->frag_off') & (is_ccs = '&(s->d1->sent_messages->items->next->data->msg_header)->is_ccs') & ('&(s->d1->w_msg_hdr)->msg_len' = '&(s->d1->sent_messages->items->next->data->msg_header)->msg_len') & (s->init_num = ('&(s->d1->w_msg_hdr)->msg_len' + 3)) & (! (s->d1->sent_messages->items = 0)) & ('&(s->d1->sent_messages->items->next->data->msg_header)->msg_len' = '&(s->d1->sent_messages->items->next->data->msg_header)->frag_len') & (! (s->d1->sent_messages->items->next->data = 0)) & (! (is_ccs = 0)) & (! (s->d1->sent_messages->items->next->data->fragment = 0)) & (! (s->init_num = 0)) & ('&(s->d1->w_msg_hdr)->seq' = '&(s->d1->sent_messages->items->next->data->msg_header)->seq') & (s->d1->sent_messages->items->next->next = 0) & ('&(s->d1->w_msg_hdr)->seq' = 0)),
	DisjunctSignature: label: <Ok, 0, 0>, 
		allocated: frozenset({frozenset({'s->d1->sent_messages->items->next->next'}),
           frozenset({'s->d1->sent_messages->items->next->next->data'}),
           frozenset({'s->d1->sent_messages->items->next->next->data->fragment'})}), 
		deallocated: frozenset(), 
		return_formula: (return = 1), 
		formula: ((s->d1->sent_messages->items->next->next->next = 0) & ('&(s->d1->w_msg_hdr)->seq' = '&(s->d1->sent_messages->items->next->next->data->msg_header)->seq') & (! (s->d1->sent_messages->items->next->next->data->fragment = 0)) & (s->d1->sent_messages->items->next->next->next = s->d1->sent_messages->items->next->next->data->reassembly) & (! (s->d1->sent_messages->items = 0)) & (s->init_num = ('&(s->d1->w_msg_hdr)->msg_len' + 3)) & (s->d1->sent_messages->items->next->next->data->reassembly = '&(s->d1->sent_messages->items->next->next->data->msg_header)->frag_off') & ('&(s->d1->w_msg_hdr)->msg_len' = '&(s->d1->sent_messages->items->next->next->data->msg_header)->msg_len') & (is_ccs = '&(s->d1->sent_messages->items->next->next->data->msg_header)->is_ccs') & (! (s->d1->sent_messages->items->next->next->data = 0)) & (! (is_ccs = 0)) & ('&(s->d1->sent_messages->items->next->next->data->msg_header)->msg_len' = '&(s->d1->sent_messages->items->next->next->data->msg_header)->frag_len') & (! (s->init_num = 0)) & (! (s->d1->sent_messages->items->next = 0)) & (! (s->d1->sent_messages->items->next->next = 0)) & ('&(s->d1->w_msg_hdr)->seq' = 0)),
	DisjunctSignature: label: <Ok, 0, 0>, 
		allocated: frozenset({frozenset({'s->d1->sent_messages->items->next->next->next'}),
           frozenset({'s->d1->sent_messages->items->next->next->next->data'}),
           frozenset({'s->d1->sent_messages->items->next->next->next->data->fragment'})}), 
		deallocated: frozenset(), 
		return_formula: (return = 1), 
		formula: ((! (s->d1->sent_messages->items->next->next->next->data->fragment = 0)) & ('&(s->d1->w_msg_hdr)->msg_len' = '&(s->d1->sent_messages->items->next->next->next->data->msg_header)->msg_len') & ('&(s->d1->sent_messages->items->next->next->next->data->msg_header)->msg_len' = '&(s->d1->sent_messages->items->next->next->next->data->msg_header)->frag_len') & (! (s->d1->sent_messages->items->next->next->next = 0)) & ('&(s->d1->w_msg_hdr)->seq' = '&(s->d1->sent_messages->items->next->next->next->data->msg_header)->seq') & (! (s->d1->sent_messages->items->next->next = 0)) & (s->d1->sent_messages->items->next->next->next->next = s->d1->sent_messages->items->next->next->next->data->reassembly) & (s->init_num = ('&(s->d1->w_msg_hdr)->msg_len' + 3)) & (! (s->d1->sent_messages->items = 0)) & (s->d1->sent_messages->items->next->next->next->data->reassembly = '&(s->d1->sent_messages->items->next->next->next->data->msg_header)->frag_off') & (! (is_ccs = 0)) & (! (s->init_num = 0)) & (! (s->d1->sent_messages->items->next = 0)) & (s->d1->sent_messages->items->next->next->next->next = 0) & (is_ccs = '&(s->d1->sent_messages->items->next->next->next->data->msg_header)->is_ccs') & (! (s->d1->sent_messages->items->next->next->next->data = 0)) & ('&(s->d1->w_msg_hdr)->seq' = 0)),
	DisjunctSignature: label: <Ok, 0, 0>, 
		allocated: frozenset({frozenset({'s->d1->sent_messages->items->data'}),
           frozenset({'s->d1->sent_messages->items'}),
           frozenset({'s->d1->sent_messages->items->data->fragment'})}), 
		deallocated: frozenset(), 
		return_formula: (return = 1), 
		formula: ((! (s->d1->sent_messages->items->data->fragment = 0)) & (is_ccs = '&(s->d1->sent_messages->items->data->msg_header)->is_ccs') & (s->init_num = ('&(s->d1->w_msg_hdr)->msg_len' + 3)) & (! (s->d1->sent_messages->items = 0)) & ('&(s->d1->w_msg_hdr)->msg_len' = '&(s->d1->sent_messages->items->data->msg_header)->msg_len') & (s->d1->sent_messages->items->data->reassembly = '&(s->d1->sent_messages->items->data->msg_header)->frag_off') & ('&(s->d1->sent_messages->items->data->msg_header)->msg_len' = '&(s->d1->sent_messages->items->data->msg_header)->frag_len') & (! (is_ccs = 0)) & ('&(s->d1->w_msg_hdr)->seq' = '&(s->d1->sent_messages->items->data->msg_header)->seq') & (! (s->init_num = 0)) & (! (s->d1->sent_messages->items->next = 0)) & (s->d1->sent_messages->items->data->reassembly = 0) & (! (s->d1->sent_messages->items->data = 0)) & ('&(s->d1->w_msg_hdr)->seq' = 0)),
	DisjunctSignature: label: <Ok, 0, 0>, 
		allocated: frozenset({frozenset({'s->d1->sent_messages->items->next->data'}),
           frozenset({'s->d1->sent_messages->items->next->data->fragment'}),
           frozenset({'s->d1->sent_messages->items->next'})}), 
		deallocated: frozenset(), 
		return_formula: (return = 1), 
		formula: ((s->d1->sent_messages->items->next->data->reassembly = '&(s->d1->sent_messages->items->next->data->msg_header)->frag_off') & (s->d1->sent_messages->items->next->data->reassembly = 0) & (is_ccs = '&(s->d1->sent_messages->items->next->data->msg_header)->is_ccs') & ('&(s->d1->w_msg_hdr)->msg_len' = '&(s->d1->sent_messages->items->next->data->msg_header)->msg_len') & (s->init_num = ('&(s->d1->w_msg_hdr)->msg_len' + 3)) & (! (s->d1->sent_messages->items = 0)) & ('&(s->d1->sent_messages->items->next->data->msg_header)->msg_len' = '&(s->d1->sent_messages->items->next->data->msg_header)->frag_len') & (! (s->d1->sent_messages->items->next->data = 0)) & (! (is_ccs = 0)) & (! (s->d1->sent_messages->items->next->data->fragment = 0)) & (! (s->init_num = 0)) & ('&(s->d1->w_msg_hdr)->seq' = '&(s->d1->sent_messages->items->next->data->msg_header)->seq') & (! (s->d1->sent_messages->items->next = 0)) & (! (s->d1->sent_messages->items->next->next = 0)) & ('&(s->d1->w_msg_hdr)->seq' = 0)),
	DisjunctSignature: label: <Ok, 0, 0>, 
		allocated: frozenset({frozenset({'s->d1->sent_messages->items->next->next'}),
           frozenset({'s->d1->sent_messages->items->next->next->data'}),
           frozenset({'s->d1->sent_messages->items->next->next->data->fragment'})}), 
		deallocated: frozenset(), 
		return_formula: (return = 1), 
		formula: ((! (s->d1->sent_messages->items->next->next->next = 0)) & ('&(s->d1->w_msg_hdr)->seq' = '&(s->d1->sent_messages->items->next->next->data->msg_header)->seq') & (! (s->d1->sent_messages->items->next->next->data->fragment = 0)) & (s->d1->sent_messages->items->next->next->data->reassembly = 0) & (s->init_num = ('&(s->d1->w_msg_hdr)->msg_len' + 3)) & (! (s->d1->sent_messages->items = 0)) & (s->d1->sent_messages->items->next->next->data->reassembly = '&(s->d1->sent_messages->items->next->next->data->msg_header)->frag_off') & ('&(s->d1->w_msg_hdr)->msg_len' = '&(s->d1->sent_messages->items->next->next->data->msg_header)->msg_len') & (is_ccs = '&(s->d1->sent_messages->items->next->next->data->msg_header)->is_ccs') & (! (s->d1->sent_messages->items->next->next->data = 0)) & (! (is_ccs = 0)) & ('&(s->d1->sent_messages->items->next->next->data->msg_header)->msg_len' = '&(s->d1->sent_messages->items->next->next->data->msg_header)->frag_len') & (! (s->init_num = 0)) & (! (s->d1->sent_messages->items->next = 0)) & (! (s->d1->sent_messages->items->next->next = 0)) & ('&(s->d1->w_msg_hdr)->seq' = 0)),
	DisjunctSignature: label: <Ok, 0, 0>, 
		allocated: frozenset({frozenset({'s->d1->sent_messages->items->next->next->next'}),
           frozenset({'s->d1->sent_messages->items->next->next->next->data'}),
           frozenset({'s->d1->sent_messages->items->next->next->next->data->fragment'})}), 
		deallocated: frozenset(), 
		return_formula: (return = 1), 
		formula: ((! (s->d1->sent_messages->items->next->next->next->data->fragment = 0)) & ('&(s->d1->w_msg_hdr)->msg_len' = '&(s->d1->sent_messages->items->next->next->next->data->msg_header)->msg_len') & ('&(s->d1->sent_messages->items->next->next->next->data->msg_header)->msg_len' = '&(s->d1->sent_messages->items->next->next->next->data->msg_header)->frag_len') & (! (s->d1->sent_messages->items->next->next->next = 0)) & ('&(s->d1->w_msg_hdr)->seq' = '&(s->d1->sent_messages->items->next->next->next->data->msg_header)->seq') & (s->init_num = ('&(s->d1->w_msg_hdr)->msg_len' + 3)) & (! (s->d1->sent_messages->items = 0)) & (s->d1->sent_messages->items->next->next->next->data->reassembly = '&(s->d1->sent_messages->items->next->next->next->data->msg_header)->frag_off') & (s->d1->sent_messages->items->next->next->next->data->reassembly = 0) & (is_ccs = '&(s->d1->sent_messages->items->next->next->next->data->msg_header)->is_ccs') & (! (is_ccs = 0)) & (! (s->init_num = 0)) & (! (s->d1->sent_messages->items->next = 0)) & (! (s->d1->sent_messages->items->next->next = 0)) & (! (s->d1->sent_messages->items->next->next->next->next = 0)) & (! (s->d1->sent_messages->items->next->next->next->data = 0)) & ('&(s->d1->w_msg_hdr)->seq' = 0)),
	DisjunctSignature: label: <Ok, 0, 0>, 
		allocated: frozenset({frozenset({'s->d1->sent_messages->items->data'}),
           frozenset({'s->d1->sent_messages->items'}),
           frozenset({'s->d1->sent_messages->items->data->fragment'})}), 
		deallocated: frozenset(), 
		return_formula: (return = 1), 
		formula: ((! (s->d1->sent_messages->items->data->fragment = 0)) & (is_ccs = '&(s->d1->sent_messages->items->data->msg_header)->is_ccs') & (s->init_num = ('&(s->d1->w_msg_hdr)->msg_len' + 3)) & (! (s->d1->sent_messages->items = 0)) & ('&(s->d1->w_msg_hdr)->msg_len' = '&(s->d1->sent_messages->items->data->msg_header)->msg_len') & (s->d1->sent_messages->items->data->reassembly = '&(s->d1->sent_messages->items->data->msg_header)->frag_off') & ('&(s->d1->sent_messages->items->data->msg_header)->msg_len' = '&(s->d1->sent_messages->items->data->msg_header)->frag_len') & (! (is_ccs = 0)) & ('&(s->d1->w_msg_hdr)->seq' = '&(s->d1->sent_messages->items->data->msg_header)->seq') & (! (s->init_num = 0)) & (s->d1->sent_messages->items->next = 0) & (s->d1->sent_messages->items->next = s->d1->sent_messages->items->data->reassembly) & (! (s->d1->sent_messages->items->data = 0)) & ('&(s->d1->w_msg_hdr)->seq' = 0)),
	DisjunctSignature: label: <Ok, 0, 0>, 
		allocated: frozenset({frozenset({'s->d1->sent_messages->items->next->data'}),
           frozenset({'s->d1->sent_messages->items->next->data->fragment'}),
           frozenset({'s->d1->sent_messages->items->next'})}), 
		deallocated: frozenset(), 
		return_formula: (return = 1), 
		formula: ((s->d1->sent_messages->items->next->next = s->d1->sent_messages->items->next->data->reassembly) & (! (s->d1->sent_messages->items->next = 0)) & (s->init_num = ('&(s->d1->w_msg_hdr)->msg_len' + 1)) & (s->d1->sent_messages->items->next->data->reassembly = '&(s->d1->sent_messages->items->next->data->msg_header)->frag_off') & (s->version = 65279) & (is_ccs = '&(s->d1->sent_messages->items->next->data->msg_header)->is_ccs') & ('&(s->d1->w_msg_hdr)->msg_len' = '&(s->d1->sent_messages->items->next->data->msg_header)->msg_len') & (! (s->d1->sent_messages->items = 0)) & ('&(s->d1->sent_messages->items->next->data->msg_header)->msg_len' = '&(s->d1->sent_messages->items->next->data->msg_header)->frag_len') & (! (s->d1->sent_messages->items->next->data = 0)) & (! (is_ccs = 0)) & (! (s->d1->sent_messages->items->next->data->fragment = 0)) & (! (s->init_num = 0)) & ('&(s->d1->w_msg_hdr)->seq' = '&(s->d1->sent_messages->items->next->data->msg_header)->seq') & (s->d1->sent_messages->items->next->next = 0) & ('&(s->d1->w_msg_hdr)->seq' = 0)),
	DisjunctSignature: label: <Ok, 0, 0>, 
		allocated: frozenset({frozenset({'s->d1->sent_messages->items->next->next'}),
           frozenset({'s->d1->sent_messages->items->next->next->data'}),
           frozenset({'s->d1->sent_messages->items->next->next->data->fragment'})}), 
		deallocated: frozenset(), 
		return_formula: (return = 1), 
		formula: ((s->d1->sent_messages->items->next->next->next = 0) & (s->init_num = ('&(s->d1->w_msg_hdr)->msg_len' + 1)) & ('&(s->d1->w_msg_hdr)->seq' = '&(s->d1->sent_messages->items->next->next->data->msg_header)->seq') & (s->version = 65279) & (! (s->d1->sent_messages->items->next->next->data->fragment = 0)) & (s->d1->sent_messages->items->next->next->next = s->d1->sent_messages->items->next->next->data->reassembly) & (! (s->d1->sent_messages->items = 0)) & (is_ccs = '&(s->d1->sent_messages->items->next->next->data->msg_header)->is_ccs') & (s->d1->sent_messages->items->next->next->data->reassembly = '&(s->d1->sent_messages->items->next->next->data->msg_header)->frag_off') & ('&(s->d1->w_msg_hdr)->msg_len' = '&(s->d1->sent_messages->items->next->next->data->msg_header)->msg_len') & (! (s->d1->sent_messages->items->next->next->data = 0)) & (! (is_ccs = 0)) & ('&(s->d1->sent_messages->items->next->next->data->msg_header)->msg_len' = '&(s->d1->sent_messages->items->next->next->data->msg_header)->frag_len') & (! (s->init_num = 0)) & (! (s->d1->sent_messages->items->next = 0)) & (! (s->d1->sent_messages->items->next->next = 0)) & ('&(s->d1->w_msg_hdr)->seq' = 0)),
	DisjunctSignature: label: <Ok, 0, 0>, 
		allocated: frozenset({frozenset({'s->d1->sent_messages->items->next->next->next'}),
           frozenset({'s->d1->sent_messages->items->next->next->next->data'}),
           frozenset({'s->d1->sent_messages->items->next->next->next->data->fragment'})}), 
		deallocated: frozenset(), 
		return_formula: (return = 1), 
		formula: ((! (s->d1->sent_messages->items->next->next->next->data->fragment = 0)) & ('&(s->d1->w_msg_hdr)->msg_len' = '&(s->d1->sent_messages->items->next->next->next->data->msg_header)->msg_len') & ('&(s->d1->sent_messages->items->next->next->next->data->msg_header)->msg_len' = '&(s->d1->sent_messages->items->next->next->next->data->msg_header)->frag_len') & (! (s->d1->sent_messages->items->next->next->next = 0)) & (s->init_num = ('&(s->d1->w_msg_hdr)->msg_len' + 1)) & ('&(s->d1->w_msg_hdr)->seq' = '&(s->d1->sent_messages->items->next->next->next->data->msg_header)->seq') & (s->version = 65279) & (! (s->d1->sent_messages->items->next->next = 0)) & (s->d1->sent_messages->items->next->next->next->next = s->d1->sent_messages->items->next->next->next->data->reassembly) & (! (s->d1->sent_messages->items = 0)) & (s->d1->sent_messages->items->next->next->next->data->reassembly = '&(s->d1->sent_messages->items->next->next->next->data->msg_header)->frag_off') & (! (is_ccs = 0)) & (! (s->init_num = 0)) & (! (s->d1->sent_messages->items->next = 0)) & (s->d1->sent_messages->items->next->next->next->next = 0) & (is_ccs = '&(s->d1->sent_messages->items->next->next->next->data->msg_header)->is_ccs') & (! (s->d1->sent_messages->items->next->next->next->data = 0)) & ('&(s->d1->w_msg_hdr)->seq' = 0)),
	DisjunctSignature: label: <Ok, 0, 0>, 
		allocated: frozenset({frozenset({'s->d1->sent_messages->items->data'}),
           frozenset({'s->d1->sent_messages->items'}),
           frozenset({'s->d1->sent_messages->items->data->fragment'})}), 
		deallocated: frozenset(), 
		return_formula: (return = 1), 
		formula: ((! (s->d1->sent_messages->items->data->fragment = 0)) & (s->init_num = ('&(s->d1->w_msg_hdr)->msg_len' + 1)) & (s->version = 65279) & (is_ccs = '&(s->d1->sent_messages->items->data->msg_header)->is_ccs') & (! (s->d1->sent_messages->items = 0)) & ('&(s->d1->w_msg_hdr)->msg_len' = '&(s->d1->sent_messages->items->data->msg_header)->msg_len') & (s->d1->sent_messages->items->data->reassembly = '&(s->d1->sent_messages->items->data->msg_header)->frag_off') & ('&(s->d1->sent_messages->items->data->msg_header)->msg_len' = '&(s->d1->sent_messages->items->data->msg_header)->frag_len') & (! (is_ccs = 0)) & ('&(s->d1->w_msg_hdr)->seq' = '&(s->d1->sent_messages->items->data->msg_header)->seq') & (! (s->init_num = 0)) & (! (s->d1->sent_messages->items->next = 0)) & (s->d1->sent_messages->items->data->reassembly = 0) & (! (s->d1->sent_messages->items->data = 0)) & ('&(s->d1->w_msg_hdr)->seq' = 0)),
	DisjunctSignature: label: <Ok, 0, 0>, 
		allocated: frozenset({frozenset({'s->d1->sent_messages->items->next->data'}),
           frozenset({'s->d1->sent_messages->items->next->data->fragment'}),
           frozenset({'s->d1->sent_messages->items->next'})}), 
		deallocated: frozenset(), 
		return_formula: (return = 1), 
		formula: ((s->init_num = ('&(s->d1->w_msg_hdr)->msg_len' + 1)) & (s->d1->sent_messages->items->next->data->reassembly = '&(s->d1->sent_messages->items->next->data->msg_header)->frag_off') & (s->version = 65279) & (s->d1->sent_messages->items->next->data->reassembly = 0) & (is_ccs = '&(s->d1->sent_messages->items->next->data->msg_header)->is_ccs') & ('&(s->d1->w_msg_hdr)->msg_len' = '&(s->d1->sent_messages->items->next->data->msg_header)->msg_len') & (! (s->d1->sent_messages->items = 0)) & ('&(s->d1->sent_messages->items->next->data->msg_header)->msg_len' = '&(s->d1->sent_messages->items->next->data->msg_header)->frag_len') & (! (s->d1->sent_messages->items->next->data = 0)) & (! (is_ccs = 0)) & (! (s->d1->sent_messages->items->next->data->fragment = 0)) & (! (s->init_num = 0)) & ('&(s->d1->w_msg_hdr)->seq' = '&(s->d1->sent_messages->items->next->data->msg_header)->seq') & (! (s->d1->sent_messages->items->next = 0)) & (! (s->d1->sent_messages->items->next->next = 0)) & ('&(s->d1->w_msg_hdr)->seq' = 0)),
	DisjunctSignature: label: <Ok, 0, 0>, 
		allocated: frozenset({frozenset({'s->d1->sent_messages->items->next->next'}),
           frozenset({'s->d1->sent_messages->items->next->next->data'}),
           frozenset({'s->d1->sent_messages->items->next->next->data->fragment'})}), 
		deallocated: frozenset(), 
		return_formula: (return = 1), 
		formula: ((! (s->d1->sent_messages->items->next->next->next = 0)) & (s->init_num = ('&(s->d1->w_msg_hdr)->msg_len' + 1)) & ('&(s->d1->w_msg_hdr)->seq' = '&(s->d1->sent_messages->items->next->next->data->msg_header)->seq') & (s->version = 65279) & (! (s->d1->sent_messages->items->next->next->data->fragment = 0)) & (s->d1->sent_messages->items->next->next->data->reassembly = 0) & (! (s->d1->sent_messages->items = 0)) & (is_ccs = '&(s->d1->sent_messages->items->next->next->data->msg_header)->is_ccs') & (s->d1->sent_messages->items->next->next->data->reassembly = '&(s->d1->sent_messages->items->next->next->data->msg_header)->frag_off') & ('&(s->d1->w_msg_hdr)->msg_len' = '&(s->d1->sent_messages->items->next->next->data->msg_header)->msg_len') & (! (s->d1->sent_messages->items->next->next->data = 0)) & (! (is_ccs = 0)) & ('&(s->d1->sent_messages->items->next->next->data->msg_header)->msg_len' = '&(s->d1->sent_messages->items->next->next->data->msg_header)->frag_len') & (! (s->init_num = 0)) & (! (s->d1->sent_messages->items->next = 0)) & (! (s->d1->sent_messages->items->next->next = 0)) & ('&(s->d1->w_msg_hdr)->seq' = 0)),
	DisjunctSignature: label: <Ok, 0, 0>, 
		allocated: frozenset({frozenset({'s->d1->sent_messages->items->next->next->next'}),
           frozenset({'s->d1->sent_messages->items->next->next->next->data'}),
           frozenset({'s->d1->sent_messages->items->next->next->next->data->fragment'})}), 
		deallocated: frozenset(), 
		return_formula: (return = 1), 
		formula: ((! (s->d1->sent_messages->items->next->next->next->data->fragment = 0)) & ('&(s->d1->w_msg_hdr)->msg_len' = '&(s->d1->sent_messages->items->next->next->next->data->msg_header)->msg_len') & ('&(s->d1->sent_messages->items->next->next->next->data->msg_header)->msg_len' = '&(s->d1->sent_messages->items->next->next->next->data->msg_header)->frag_len') & (! (s->d1->sent_messages->items->next->next->next = 0)) & (s->init_num = ('&(s->d1->w_msg_hdr)->msg_len' + 1)) & ('&(s->d1->w_msg_hdr)->seq' = '&(s->d1->sent_messages->items->next->next->next->data->msg_header)->seq') & (s->version = 65279) & (! (s->d1->sent_messages->items = 0)) & (s->d1->sent_messages->items->next->next->next->data->reassembly = '&(s->d1->sent_messages->items->next->next->next->data->msg_header)->frag_off') & (s->d1->sent_messages->items->next->next->next->data->reassembly = 0) & (is_ccs = '&(s->d1->sent_messages->items->next->next->next->data->msg_header)->is_ccs') & (! (is_ccs = 0)) & (! (s->init_num = 0)) & (! (s->d1->sent_messages->items->next = 0)) & (! (s->d1->sent_messages->items->next->next = 0)) & (! (s->d1->sent_messages->items->next->next->next->next = 0)) & (! (s->d1->sent_messages->items->next->next->next->data = 0)) & ('&(s->d1->w_msg_hdr)->seq' = 0)),
	DisjunctSignature: label: <Ok, 0, 0>, 
		allocated: frozenset({frozenset({'s->d1->sent_messages->items->data'}),
           frozenset({'s->d1->sent_messages->items'}),
           frozenset({'s->d1->sent_messages->items->data->fragment'})}), 
		deallocated: frozenset(), 
		return_formula: (return = 1), 
		formula: ((! (s->d1->sent_messages->items->data->fragment = 0)) & (s->init_num = ('&(s->d1->w_msg_hdr)->msg_len' + 1)) & (s->version = 65279) & (is_ccs = '&(s->d1->sent_messages->items->data->msg_header)->is_ccs') & (! (s->d1->sent_messages->items = 0)) & ('&(s->d1->w_msg_hdr)->msg_len' = '&(s->d1->sent_messages->items->data->msg_header)->msg_len') & (s->d1->sent_messages->items->data->reassembly = '&(s->d1->sent_messages->items->data->msg_header)->frag_off') & ('&(s->d1->sent_messages->items->data->msg_header)->msg_len' = '&(s->d1->sent_messages->items->data->msg_header)->frag_len') & (! (is_ccs = 0)) & ('&(s->d1->w_msg_hdr)->seq' = '&(s->d1->sent_messages->items->data->msg_header)->seq') & (! (s->init_num = 0)) & (s->d1->sent_messages->items->next = 0) & (s->d1->sent_messages->items->next = s->d1->sent_messages->items->data->reassembly) & (! (s->d1->sent_messages->items->data = 0)) & ('&(s->d1->w_msg_hdr)->seq' = 0)),
]
[Wed Jan 21 16:39:00 2026][INFO]: pe_increment: RewardType.NO
[Wed Jan 21 16:39:00 2026][INFO]: ppie_increment: RewardType.NO
[Wed Jan 21 16:39:00 2026][INFO]: Adding to Cluster cluster-L1183-2
[Wed Jan 21 16:39:00 2026][INFO]: Grammar: :INSERT POS CMD,ID = ARITH_EXPR ;,ID
[Wed Jan 21 16:39:00 2026][INFO]: plausible count: 0
[Wed Jan 21 16:39:00 2026][INFO]: cumulative repetition: 1
[Wed Jan 21 16:39:00 2026][INFO]: Cluster pe increment: RewardType.NO
[Wed Jan 21 16:39:00 2026][INFO]: Cluster ppie increment: RewardType.NO
[Wed Jan 21 16:39:00 2026][INFO]: Prod probability update: s->init_num : pe: 1.000=>1.000 ; ppie: 1.000=>1.000
[Wed Jan 21 16:39:00 2026][INFO]: Prod probability update: ID : pe: 0.500=>0.500 ; ppie: 0.500=>0.500
[Wed Jan 21 16:39:00 2026][INFO]: Prod probability update: ID ARITH_OP ID : pe: 0.500=>0.500 ; ppie: 0.500=>0.500
[Wed Jan 21 16:39:00 2026][INFO]: Prod probability update: ID = ARITH_EXPR ; : pe: 0.167=>0.167 ; ppie: 0.167=>0.167
[Wed Jan 21 16:39:00 2026][INFO]: Prod probability update: HEAP : pe: 0.167=>0.167 ; ppie: 0.167=>0.167
[Wed Jan 21 16:39:00 2026][INFO]: Prod probability update: return POINTER_EXPR ; : pe: 0.167=>0.167 ; ppie: 0.167=>0.167
[Wed Jan 21 16:39:00 2026][INFO]: Prod probability update: EXIT_STMT : pe: 0.167=>0.167 ; ppie: 0.167=>0.167
[Wed Jan 21 16:39:00 2026][INFO]: Prod probability update: if ( BOOL_EXPR ) { CMD } : pe: 0.167=>0.167 ; ppie: 0.167=>0.167
[Wed Jan 21 16:39:00 2026][INFO]: Prod probability update: CMD CMD : pe: 0.167=>0.167 ; ppie: 0.167=>0.167
[Wed Jan 21 16:39:00 2026][INFO]: Prod probability update: FRONT : pe: 0.500=>0.500 ; ppie: 0.500=>0.500
[Wed Jan 21 16:39:00 2026][INFO]: Prod probability update: BACK : pe: 0.500=>0.500 ; ppie: 0.500=>0.500
[Wed Jan 21 16:39:00 2026][INFO]: Prod probability update: INSERT POS CMD : pe: 1.000=>1.000 ; ppie: 1.000=>1.000
[Wed Jan 21 16:39:00 2026][COMMAND]: sed -i -e '1183s:^:return 1;  :' /effFix-experiment/effFix-benchmark/openssl-1/null-ptr-5-openssl-1/src/ssl/d1_both.c
[Wed Jan 21 16:39:00 2026][COMMAND]: diff -u /effFix-experiment/effFix-benchmark/openssl-1/null-ptr-5-openssl-1/repair/d1_both.c.backup /effFix-experiment/effFix-benchmark/openssl-1/null-ptr-5-openssl-1/src/ssl/d1_both.c > /effFix-experiment/effFix-benchmark/openssl-1/null-ptr-5-openssl-1/repair/4.patch
[Wed Jan 21 16:39:00 2026][COMMAND]: /opt/infer/infer/bin/infer --pulse-only --jobs 16 --pulse-max-disjuncts 100 --pulse-model-malloc-pattern CRYPTO_malloc --pulse-model-free-pattern CRYPTO_free --pulse-model-realloc-pattern CRYPTO_realloc --reactive --pulse-fix-mode --pulse-fix-file=ssl/d1_both.c --pulse-fix-function=dtls1_buffer_message -o /effFix-experiment/effFix-benchmark/openssl-1/null-ptr-5-openssl-1/repair/infer-out-single -- make build_ssl
[Wed Jan 21 16:39:00 2026][INFO]: Adding new patch: INSERT FRONT return 1;
[Wed Jan 21 16:39:00 2026][INFO]: Created new cluster cluster-L1183-3
[Wed Jan 21 16:39:00 2026][INFO]: Cluster signature: PatchSignature: [
	DisjunctSignature: label: <ErrorMemoryLeak, 1181, 1181>, 
		allocated: frozenset(), 
		deallocated: frozenset(), 
		return_formula: (return = 1), 
		formula: True,
	DisjunctSignature: label: <Ok, 0, 0>, 
		allocated: frozenset(), 
		deallocated: frozenset(), 
		return_formula: (return = 1), 
		formula: (! (s->init_num = 0)),
	DisjunctSignature: label: <Ok, 0, 0>, 
		allocated: frozenset(), 
		deallocated: frozenset(), 
		return_formula: (return = 1), 
		formula: True,
]
[Wed Jan 21 16:39:00 2026][INFO]: pe_increment: RewardType.SMALL
[Wed Jan 21 16:39:00 2026][INFO]: ppie_increment: RewardType.NO
[Wed Jan 21 16:39:00 2026][INFO]: Adding to Cluster cluster-L1183-3
[Wed Jan 21 16:39:00 2026][INFO]: Grammar: :INSERT POS CMD,EXIT_STMT
[Wed Jan 21 16:39:00 2026][INFO]: plausible count: 0
[Wed Jan 21 16:39:00 2026][INFO]: cumulative repetition: 2
[Wed Jan 21 16:39:00 2026][INFO]: Cluster pe increment: RewardType.SMALL
[Wed Jan 21 16:39:00 2026][INFO]: Cluster ppie increment: RewardType.NO
[Wed Jan 21 16:39:00 2026][INFO]: Prod probability update: return 1; : pe: 0.500=>0.550 ; ppie: 0.500=>0.500
[Wed Jan 21 16:39:00 2026][INFO]: Prod probability update: return 0; : pe: 0.500=>0.450 ; ppie: 0.500=>0.500
[Wed Jan 21 16:39:00 2026][INFO]: Prod probability update: EXIT_STMT : pe: 0.167=>0.250 ; ppie: 0.167=>0.167
[Wed Jan 21 16:39:00 2026][INFO]: Prod probability update: HEAP : pe: 0.167=>0.150 ; ppie: 0.167=>0.167
[Wed Jan 21 16:39:00 2026][INFO]: Prod probability update: ID = ARITH_EXPR ; : pe: 0.167=>0.150 ; ppie: 0.167=>0.167
[Wed Jan 21 16:39:00 2026][INFO]: Prod probability update: return POINTER_EXPR ; : pe: 0.167=>0.150 ; ppie: 0.167=>0.167
[Wed Jan 21 16:39:00 2026][INFO]: Prod probability update: if ( BOOL_EXPR ) { CMD } : pe: 0.167=>0.150 ; ppie: 0.167=>0.167
[Wed Jan 21 16:39:00 2026][INFO]: Prod probability update: CMD CMD : pe: 0.167=>0.150 ; ppie: 0.167=>0.167
[Wed Jan 21 16:39:00 2026][INFO]: Prod probability update: FRONT : pe: 0.500=>0.500 ; ppie: 0.500=>0.500
[Wed Jan 21 16:39:00 2026][INFO]: Prod probability update: BACK : pe: 0.500=>0.500 ; ppie: 0.500=>0.500
[Wed Jan 21 16:39:00 2026][INFO]: Prod probability update: INSERT POS CMD : pe: 1.000=>1.000 ; ppie: 1.000=>1.000
[Wed Jan 21 16:39:00 2026][COMMAND]: sed -i -e '1183s:$: frag = malloc ( sizeof ( * s->init_buf->data ) ) ; frag = s->init_buf->data ; :' /effFix-experiment/effFix-benchmark/openssl-1/null-ptr-5-openssl-1/src/ssl/d1_both.c
[Wed Jan 21 16:39:00 2026][COMMAND]: diff -u /effFix-experiment/effFix-benchmark/openssl-1/null-ptr-5-openssl-1/repair/d1_both.c.backup /effFix-experiment/effFix-benchmark/openssl-1/null-ptr-5-openssl-1/src/ssl/d1_both.c > /effFix-experiment/effFix-benchmark/openssl-1/null-ptr-5-openssl-1/repair/5.patch
[Wed Jan 21 16:39:00 2026][COMMAND]: /opt/infer/infer/bin/infer --pulse-only --jobs 16 --pulse-max-disjuncts 100 --pulse-model-malloc-pattern CRYPTO_malloc --pulse-model-free-pattern CRYPTO_free --pulse-model-realloc-pattern CRYPTO_realloc --reactive --pulse-fix-mode --pulse-fix-file=ssl/d1_both.c --pulse-fix-function=dtls1_buffer_message -o /effFix-experiment/effFix-benchmark/openssl-1/null-ptr-5-openssl-1/repair/infer-out-single -- make build_ssl
[Wed Jan 21 16:39:01 2026][INFO]: Adding new patch: INSERT BACK frag = malloc ( sizeof ( * s->init_buf->data ) ) ; frag = s->init_buf->data ;
[Wed Jan 21 16:39:05 2026][INFO]: Created new cluster cluster-L1183-4
[Wed Jan 21 16:39:05 2026][INFO]: Cluster signature: PatchSignature: [
	DisjunctSignature: label: <AbortProgram, 1181, 1183>, 
		allocated: frozenset(), 
		deallocated: frozenset(), 
		return_formula: True, 
		formula: True,
	DisjunctSignature: label: <ErrorMemoryLeak, 1183, 1183>, 
		allocated: frozenset({frozenset({'s->d1->sent_messages->items->next'})}), 
		deallocated: frozenset(), 
		return_formula: (return = 1), 
		formula: (((s->init_num = ('&(s->init_buf->data->msg_header)->msg_len' + 12)) & ('&(s->init_buf->data->msg_header)->seq' = 0) & (is_ccs = '&(s->init_buf->data->msg_header)->is_ccs') & ('&(s->init_buf->data->msg_header)->is_ccs' = '&(s->d1->sent_messages->items->next->data->msg_header)->is_ccs') & ('&(s->d1->w_msg_hdr)->msg_len' = '&(s->d1->sent_messages->items->next->data->msg_header)->msg_len') & (! (s->d1->sent_messages->items = 0)) & ('&(s->d1->sent_messages->items->next->data->msg_header)->msg_len' = '&(s->d1->sent_messages->items->next->data->msg_header)->frag_len') & (is_ccs = 0) & ('&(s->init_buf->data->msg_header)->msg_len' = '&(s->init_buf->data->msg_header)->frag_len') & ('&(s->d1->w_msg_hdr)->seq' = '&(s->d1->sent_messages->items->next->data->msg_header)->seq') & (! (s->init_num = 0)) & ('&(s->init_buf->data->msg_header)->frag_len' = '&(s->d1->w_msg_hdr)->msg_len') & (! (s->d1->sent_messages->items->next = 0)) & ('&(s->init_buf->data->msg_header)->seq' = '&(s->d1->w_msg_hdr)->seq')) | (('&(s->init_buf->data->msg_header)->frag_off' = '&(s->d1->sent_messages->items->next->data->msg_header)->frag_off') & (s->init_num = ('&(s->init_buf->data->msg_header)->msg_len' + 1)) & ('&(s->init_buf->data->msg_header)->seq' = 0) & (s->version = 65279) & (! (s->d1->sent_messages->items->next->next = 0)) & (is_ccs = '&(s->init_buf->data->msg_header)->is_ccs') & ('&(s->init_buf->data->msg_header)->is_ccs' = '&(s->d1->sent_messages->items->next->data->msg_header)->is_ccs') & ('&(s->d1->w_msg_hdr)->msg_len' = '&(s->d1->sent_messages->items->next->data->msg_header)->msg_len') & (! (s->d1->sent_messages->items = 0)) & ('&(s->d1->sent_messages->items->next->data->msg_header)->msg_len' = '&(s->d1->sent_messages->items->next->data->msg_header)->frag_len') & (! (is_ccs = 0)) & ('&(s->init_buf->data->msg_header)->msg_len' = '&(s->init_buf->data->msg_header)->frag_len') & (! (s->init_num = 0)) & ('&(s->init_buf->data->msg_header)->frag_len' = '&(s->d1->w_msg_hdr)->msg_len') & (! (s->d1->sent_messages->items->next = 0)) & ('&(s->init_buf->data->msg_header)->seq' = '&(s->d1->w_msg_hdr)->seq') & ('&(s->d1->w_msg_hdr)->seq' = '&(s->d1->sent_messages->items->next->data->msg_header)->seq') & ('&(s->init_buf->data->msg_header)->frag_off' = 0)) | (('&(s->init_buf->data->msg_header)->frag_off' = '&(s->d1->sent_messages->items->next->data->msg_header)->frag_off') & (s->init_num = ('&(s->init_buf->data->msg_header)->msg_len' + 3)) & ('&(s->init_buf->data->msg_header)->seq' = 0) & (is_ccs = '&(s->init_buf->data->msg_header)->is_ccs') & (! (s->d1->sent_messages->items->next->next = 0)) & ('&(s->init_buf->data->msg_header)->is_ccs' = '&(s->d1->sent_messages->items->next->data->msg_header)->is_ccs') & ('&(s->d1->w_msg_hdr)->msg_len' = '&(s->d1->sent_messages->items->next->data->msg_header)->msg_len') & (! (s->d1->sent_messages->items = 0)) & ('&(s->d1->sent_messages->items->next->data->msg_header)->msg_len' = '&(s->d1->sent_messages->items->next->data->msg_header)->frag_len') & (! (is_ccs = 0)) & ('&(s->init_buf->data->msg_header)->msg_len' = '&(s->init_buf->data->msg_header)->frag_len') & (! (s->init_num = 0)) & ('&(s->init_buf->data->msg_header)->frag_len' = '&(s->d1->w_msg_hdr)->msg_len') & (! (s->d1->sent_messages->items->next = 0)) & ('&(s->init_buf->data->msg_header)->seq' = '&(s->d1->w_msg_hdr)->seq') & ('&(s->d1->w_msg_hdr)->seq' = '&(s->d1->sent_messages->items->next->data->msg_header)->seq') & ('&(s->init_buf->data->msg_header)->frag_off' = 0)) | ((s->init_num = ('&(s->init_buf->data->msg_header)->msg_len' + 12)) & ('&(s->init_buf->data->msg_header)->seq' = 0) & (is_ccs = '&(s->init_buf->data->msg_header)->is_ccs') & (! (s->d1->sent_messages->items->next->next = 0)) & ('&(s->init_buf->data->msg_header)->is_ccs' = '&(s->d1->sent_messages->items->next->data->msg_header)->is_ccs') & ('&(s->d1->w_msg_hdr)->msg_len' = '&(s->d1->sent_messages->items->next->data->msg_header)->msg_len') & (! (s->d1->sent_messages->items = 0)) & ('&(s->d1->sent_messages->items->next->data->msg_header)->msg_len' = '&(s->d1->sent_messages->items->next->data->msg_header)->frag_len') & (is_ccs = 0) & ('&(s->init_buf->data->msg_header)->msg_len' = '&(s->init_buf->data->msg_header)->frag_len') & ('&(s->d1->w_msg_hdr)->seq' = '&(s->d1->sent_messages->items->next->data->msg_header)->seq') & (! (s->init_num = 0)) & ('&(s->init_buf->data->msg_header)->frag_len' = '&(s->d1->w_msg_hdr)->msg_len') & (! (s->d1->sent_messages->items->next = 0)) & ('&(s->init_buf->data->msg_header)->seq' = '&(s->d1->w_msg_hdr)->seq')) | ((s->d1->sent_messages->items->next->next = '&(s->init_buf->data->msg_header)->frag_off') & ('&(s->init_buf->data->msg_header)->frag_off' = '&(s->d1->sent_messages->items->next->data->msg_header)->frag_off') & (s->init_num = ('&(s->init_buf->data->msg_header)->msg_len' + 3)) & (! (s->d1->sent_messages->items->next = 0)) & ('&(s->init_buf->data->msg_header)->seq' = 0) & (is_ccs = '&(s->init_buf->data->msg_header)->is_ccs') & ('&(s->init_buf->data->msg_header)->is_ccs' = '&(s->d1->sent_messages->items->next->data->msg_header)->is_ccs') & ('&(s->d1->w_msg_hdr)->msg_len' = '&(s->d1->sent_messages->items->next->data->msg_header)->msg_len') & (! (s->d1->sent_messages->items = 0)) & ('&(s->d1->sent_messages->items->next->data->msg_header)->msg_len' = '&(s->d1->sent_messages->items->next->data->msg_header)->frag_len') & (! (is_ccs = 0)) & ('&(s->d1->w_msg_hdr)->seq' = '&(s->d1->sent_messages->items->next->data->msg_header)->seq') & (! (s->init_num = 0)) & ('&(s->init_buf->data->msg_header)->frag_len' = '&(s->d1->w_msg_hdr)->msg_len') & (s->d1->sent_messages->items->next->next = 0) & ('&(s->init_buf->data->msg_header)->seq' = '&(s->d1->w_msg_hdr)->seq') & ('&(s->init_buf->data->msg_header)->msg_len' = '&(s->init_buf->data->msg_header)->frag_len')) | ((s->d1->sent_messages->items->next->next = '&(s->init_buf->data->msg_header)->frag_off') & ('&(s->init_buf->data->msg_header)->frag_off' = '&(s->d1->sent_messages->items->next->data->msg_header)->frag_off') & (! (s->d1->sent_messages->items->next = 0)) & ('&(s->init_buf->data->msg_header)->seq' = 0) & ('&(s->init_buf->data->msg_header)->seq' = '&(s->d1->w_msg_hdr)->seq') & (s->version = 65279) & (is_ccs = '&(s->init_buf->data->msg_header)->is_ccs') & ('&(s->init_buf->data->msg_header)->is_ccs' = '&(s->d1->sent_messages->items->next->data->msg_header)->is_ccs') & ('&(s->d1->w_msg_hdr)->msg_len' = '&(s->d1->sent_messages->items->next->data->msg_header)->msg_len') & (! (s->d1->sent_messages->items = 0)) & ('&(s->d1->sent_messages->items->next->data->msg_header)->msg_len' = '&(s->d1->sent_messages->items->next->data->msg_header)->frag_len') & (! (is_ccs = 0)) & ('&(s->init_buf->data->msg_header)->msg_len' = '&(s->init_buf->data->msg_header)->frag_len') & (! (s->init_num = 0)) & ('&(s->init_buf->data->msg_header)->frag_len' = '&(s->d1->w_msg_hdr)->msg_len') & (s->d1->sent_messages->items->next->next = 0) & (s->init_num = ('&(s->init_buf->data->msg_header)->msg_len' + 1)) & ('&(s->d1->w_msg_hdr)->seq' = '&(s->d1->sent_messages->items->next->data->msg_header)->seq'))),
	DisjunctSignature: label: <ErrorMemoryLeak, 1181, 1183>, 
		allocated: frozenset({frozenset({'s->d1->sent_messages->items->next'})}), 
		deallocated: frozenset(), 
		return_formula: (return = 1), 
		formula: (((s->init_num = ('&(s->init_buf->data->msg_header)->msg_len' + 12)) & ('&(s->init_buf->data->msg_header)->seq' = 0) & (is_ccs = '&(s->init_buf->data->msg_header)->is_ccs') & ('&(s->init_buf->data->msg_header)->is_ccs' = '&(s->d1->sent_messages->items->next->data->msg_header)->is_ccs') & ('&(s->d1->w_msg_hdr)->msg_len' = '&(s->d1->sent_messages->items->next->data->msg_header)->msg_len') & (! (s->d1->sent_messages->items = 0)) & ('&(s->d1->sent_messages->items->next->data->msg_header)->msg_len' = '&(s->d1->sent_messages->items->next->data->msg_header)->frag_len') & (is_ccs = 0) & ('&(s->init_buf->data->msg_header)->msg_len' = '&(s->init_buf->data->msg_header)->frag_len') & ('&(s->d1->w_msg_hdr)->seq' = '&(s->d1->sent_messages->items->next->data->msg_header)->seq') & (! (s->init_num = 0)) & ('&(s->init_buf->data->msg_header)->frag_len' = '&(s->d1->w_msg_hdr)->msg_len') & (! (s->d1->sent_messages->items->next = 0)) & ('&(s->init_buf->data->msg_header)->seq' = '&(s->d1->w_msg_hdr)->seq')) | (('&(s->init_buf->data->msg_header)->frag_off' = '&(s->d1->sent_messages->items->next->data->msg_header)->frag_off') & ('&(s->init_buf->data->msg_header)->seq' = 0) & ('&(s->init_buf->data->msg_header)->seq' = '&(s->d1->w_msg_hdr)->seq') & (s->version = 65279) & (! (s->d1->sent_messages->items->next->next = 0)) & (is_ccs = '&(s->init_buf->data->msg_header)->is_ccs') & ('&(s->init_buf->data->msg_header)->is_ccs' = '&(s->d1->sent_messages->items->next->data->msg_header)->is_ccs') & ('&(s->d1->w_msg_hdr)->msg_len' = '&(s->d1->sent_messages->items->next->data->msg_header)->msg_len') & (! (s->d1->sent_messages->items = 0)) & ('&(s->d1->sent_messages->items->next->data->msg_header)->msg_len' = '&(s->d1->sent_messages->items->next->data->msg_header)->frag_len') & (! (is_ccs = 0)) & ('&(s->init_buf->data->msg_header)->msg_len' = '&(s->init_buf->data->msg_header)->frag_len') & (! (s->init_num = 0)) & ('&(s->init_buf->data->msg_header)->frag_len' = '&(s->d1->w_msg_hdr)->msg_len') & (! (s->d1->sent_messages->items->next = 0)) & (s->init_num = ('&(s->init_buf->data->msg_header)->msg_len' + 1)) & ('&(s->d1->w_msg_hdr)->seq' = '&(s->d1->sent_messages->items->next->data->msg_header)->seq') & ('&(s->init_buf->data->msg_header)->frag_off' = 0)) | (('&(s->init_buf->data->msg_header)->frag_off' = '&(s->d1->sent_messages->items->next->data->msg_header)->frag_off') & (s->init_num = ('&(s->init_buf->data->msg_header)->msg_len' + 3)) & ('&(s->init_buf->data->msg_header)->seq' = 0) & ('&(s->init_buf->data->msg_header)->seq' = '&(s->d1->w_msg_hdr)->seq') & (is_ccs = '&(s->init_buf->data->msg_header)->is_ccs') & ('&(s->init_buf->data->msg_header)->is_ccs' = '&(s->d1->sent_messages->items->next->data->msg_header)->is_ccs') & ('&(s->d1->w_msg_hdr)->msg_len' = '&(s->d1->sent_messages->items->next->data->msg_header)->msg_len') & (! (s->d1->sent_messages->items = 0)) & ('&(s->d1->sent_messages->items->next->data->msg_header)->msg_len' = '&(s->d1->sent_messages->items->next->data->msg_header)->frag_len') & (! (is_ccs = 0)) & ('&(s->init_buf->data->msg_header)->msg_len' = '&(s->init_buf->data->msg_header)->frag_len') & (! (s->init_num = 0)) & ('&(s->init_buf->data->msg_header)->frag_len' = '&(s->d1->w_msg_hdr)->msg_len') & (! (s->d1->sent_messages->items->next = 0)) & (! (s->d1->sent_messages->items->next->next = 0)) & ('&(s->d1->w_msg_hdr)->seq' = '&(s->d1->sent_messages->items->next->data->msg_header)->seq') & ('&(s->init_buf->data->msg_header)->frag_off' = 0)) | (('&(s->init_buf->data->msg_header)->frag_off' = '&(s->d1->sent_messages->items->next->data->msg_header)->frag_off') & (s->init_num = ('&(s->init_buf->data->msg_header)->msg_len' + 1)) & ('&(s->init_buf->data->msg_header)->seq' = 0) & (s->version = 65279) & (! (s->d1->sent_messages->items->next->next = 0)) & (is_ccs = '&(s->init_buf->data->msg_header)->is_ccs') & ('&(s->init_buf->data->msg_header)->is_ccs' = '&(s->d1->sent_messages->items->next->data->msg_header)->is_ccs') & ('&(s->d1->w_msg_hdr)->msg_len' = '&(s->d1->sent_messages->items->next->data->msg_header)->msg_len') & (! (s->d1->sent_messages->items = 0)) & ('&(s->d1->sent_messages->items->next->data->msg_header)->msg_len' = '&(s->d1->sent_messages->items->next->data->msg_header)->frag_len') & (! (is_ccs = 0)) & ('&(s->init_buf->data->msg_header)->msg_len' = '&(s->init_buf->data->msg_header)->frag_len') & (! (s->init_num = 0)) & ('&(s->init_buf->data->msg_header)->frag_len' = '&(s->d1->w_msg_hdr)->msg_len') & (! (s->d1->sent_messages->items->next = 0)) & ('&(s->init_buf->data->msg_header)->seq' = '&(s->d1->w_msg_hdr)->seq') & ('&(s->d1->w_msg_hdr)->seq' = '&(s->d1->sent_messages->items->next->data->msg_header)->seq') & ('&(s->init_buf->data->msg_header)->frag_off' = 0)) | (('&(s->init_buf->data->msg_header)->frag_off' = '&(s->d1->sent_messages->items->next->data->msg_header)->frag_off') & (s->init_num = ('&(s->init_buf->data->msg_header)->msg_len' + 3)) & ('&(s->init_buf->data->msg_header)->seq' = 0) & (is_ccs = '&(s->init_buf->data->msg_header)->is_ccs') & (! (s->d1->sent_messages->items->next->next = 0)) & ('&(s->init_buf->data->msg_header)->is_ccs' = '&(s->d1->sent_messages->items->next->data->msg_header)->is_ccs') & ('&(s->d1->w_msg_hdr)->msg_len' = '&(s->d1->sent_messages->items->next->data->msg_header)->msg_len') & (! (s->d1->sent_messages->items = 0)) & ('&(s->d1->sent_messages->items->next->data->msg_header)->msg_len' = '&(s->d1->sent_messages->items->next->data->msg_header)->frag_len') & (! (is_ccs = 0)) & ('&(s->init_buf->data->msg_header)->msg_len' = '&(s->init_buf->data->msg_header)->frag_len') & (! (s->init_num = 0)) & ('&(s->init_buf->data->msg_header)->frag_len' = '&(s->d1->w_msg_hdr)->msg_len') & (! (s->d1->sent_messages->items->next = 0)) & ('&(s->init_buf->data->msg_header)->seq' = '&(s->d1->w_msg_hdr)->seq') & ('&(s->d1->w_msg_hdr)->seq' = '&(s->d1->sent_messages->items->next->data->msg_header)->seq') & ('&(s->init_buf->data->msg_header)->frag_off' = 0)) | ((s->d1->sent_messages->items->next->next = '&(s->init_buf->data->msg_header)->frag_off') & ('&(s->init_buf->data->msg_header)->frag_off' = '&(s->d1->sent_messages->items->next->data->msg_header)->frag_off') & (s->init_num = ('&(s->init_buf->data->msg_header)->msg_len' + 3)) & (s->d1->sent_messages->items->next->next = 0) & ('&(s->init_buf->data->msg_header)->seq' = 0) & (is_ccs = '&(s->init_buf->data->msg_header)->is_ccs') & ('&(s->init_buf->data->msg_header)->is_ccs' = '&(s->d1->sent_messages->items->next->data->msg_header)->is_ccs') & ('&(s->d1->w_msg_hdr)->msg_len' = '&(s->d1->sent_messages->items->next->data->msg_header)->msg_len') & (! (s->d1->sent_messages->items = 0)) & ('&(s->d1->sent_messages->items->next->data->msg_header)->msg_len' = '&(s->d1->sent_messages->items->next->data->msg_header)->frag_len') & (! (is_ccs = 0)) & ('&(s->d1->w_msg_hdr)->seq' = '&(s->d1->sent_messages->items->next->data->msg_header)->seq') & (! (s->init_num = 0)) & ('&(s->init_buf->data->msg_header)->frag_len' = '&(s->d1->w_msg_hdr)->msg_len') & (! (s->d1->sent_messages->items->next = 0)) & ('&(s->init_buf->data->msg_header)->seq' = '&(s->d1->w_msg_hdr)->seq') & ('&(s->init_buf->data->msg_header)->msg_len' = '&(s->init_buf->data->msg_header)->frag_len')) | ((s->init_num = ('&(s->init_buf->data->msg_header)->msg_len' + 12)) & ('&(s->init_buf->data->msg_header)->seq' = 0) & ('&(s->init_buf->data->msg_header)->seq' = '&(s->d1->w_msg_hdr)->seq') & (is_ccs = '&(s->init_buf->data->msg_header)->is_ccs') & ('&(s->init_buf->data->msg_header)->is_ccs' = '&(s->d1->sent_messages->items->next->data->msg_header)->is_ccs') & ('&(s->d1->w_msg_hdr)->msg_len' = '&(s->d1->sent_messages->items->next->data->msg_header)->msg_len') & (! (s->d1->sent_messages->items = 0)) & ('&(s->d1->sent_messages->items->next->data->msg_header)->msg_len' = '&(s->d1->sent_messages->items->next->data->msg_header)->frag_len') & (is_ccs = 0) & ('&(s->init_buf->data->msg_header)->msg_len' = '&(s->init_buf->data->msg_header)->frag_len') & ('&(s->d1->w_msg_hdr)->seq' = '&(s->d1->sent_messages->items->next->data->msg_header)->seq') & (! (s->init_num = 0)) & ('&(s->init_buf->data->msg_header)->frag_len' = '&(s->d1->w_msg_hdr)->msg_len') & (! (s->d1->sent_messages->items->next = 0)) & (! (s->d1->sent_messages->items->next->next = 0))) | ((s->init_num = ('&(s->init_buf->data->msg_header)->msg_len' + 12)) & ('&(s->init_buf->data->msg_header)->seq' = 0) & (is_ccs = '&(s->init_buf->data->msg_header)->is_ccs') & (! (s->d1->sent_messages->items->next->next = 0)) & ('&(s->init_buf->data->msg_header)->is_ccs' = '&(s->d1->sent_messages->items->next->data->msg_header)->is_ccs') & ('&(s->d1->w_msg_hdr)->msg_len' = '&(s->d1->sent_messages->items->next->data->msg_header)->msg_len') & (! (s->d1->sent_messages->items = 0)) & ('&(s->d1->sent_messages->items->next->data->msg_header)->msg_len' = '&(s->d1->sent_messages->items->next->data->msg_header)->frag_len') & (is_ccs = 0) & ('&(s->init_buf->data->msg_header)->msg_len' = '&(s->init_buf->data->msg_header)->frag_len') & ('&(s->d1->w_msg_hdr)->seq' = '&(s->d1->sent_messages->items->next->data->msg_header)->seq') & (! (s->init_num = 0)) & ('&(s->init_buf->data->msg_header)->frag_len' = '&(s->d1->w_msg_hdr)->msg_len') & (! (s->d1->sent_messages->items->next = 0)) & ('&(s->init_buf->data->msg_header)->seq' = '&(s->d1->w_msg_hdr)->seq')) | ((s->d1->sent_messages->items->next->next = '&(s->init_buf->data->msg_header)->frag_off') & ('&(s->init_buf->data->msg_header)->frag_off' = '&(s->d1->sent_messages->items->next->data->msg_header)->frag_off') & (s->init_num = ('&(s->init_buf->data->msg_header)->msg_len' + 3)) & (! (s->d1->sent_messages->items->next = 0)) & ('&(s->init_buf->data->msg_header)->seq' = 0) & (is_ccs = '&(s->init_buf->data->msg_header)->is_ccs') & ('&(s->init_buf->data->msg_header)->is_ccs' = '&(s->d1->sent_messages->items->next->data->msg_header)->is_ccs') & ('&(s->d1->w_msg_hdr)->msg_len' = '&(s->d1->sent_messages->items->next->data->msg_header)->msg_len') & (! (s->d1->sent_messages->items = 0)) & ('&(s->d1->sent_messages->items->next->data->msg_header)->msg_len' = '&(s->d1->sent_messages->items->next->data->msg_header)->frag_len') & (! (is_ccs = 0)) & ('&(s->d1->w_msg_hdr)->seq' = '&(s->d1->sent_messages->items->next->data->msg_header)->seq') & (! (s->init_num = 0)) & ('&(s->init_buf->data->msg_header)->frag_len' = '&(s->d1->w_msg_hdr)->msg_len') & (s->d1->sent_messages->items->next->next = 0) & ('&(s->init_buf->data->msg_header)->seq' = '&(s->d1->w_msg_hdr)->seq') & ('&(s->init_buf->data->msg_header)->msg_len' = '&(s->init_buf->data->msg_header)->frag_len')) | ((s->d1->sent_messages->items->next->next = '&(s->init_buf->data->msg_header)->frag_off') & ('&(s->init_buf->data->msg_header)->frag_off' = '&(s->d1->sent_messages->items->next->data->msg_header)->frag_off') & (s->init_num = ('&(s->init_buf->data->msg_header)->msg_len' + 1)) & (s->d1->sent_messages->items->next->next = 0) & ('&(s->init_buf->data->msg_header)->seq' = 0) & (s->version = 65279) & (is_ccs = '&(s->init_buf->data->msg_header)->is_ccs') & ('&(s->init_buf->data->msg_header)->is_ccs' = '&(s->d1->sent_messages->items->next->data->msg_header)->is_ccs') & ('&(s->d1->w_msg_hdr)->msg_len' = '&(s->d1->sent_messages->items->next->data->msg_header)->msg_len') & (! (s->d1->sent_messages->items = 0)) & ('&(s->d1->sent_messages->items->next->data->msg_header)->msg_len' = '&(s->d1->sent_messages->items->next->data->msg_header)->frag_len') & (! (is_ccs = 0)) & ('&(s->init_buf->data->msg_header)->msg_len' = '&(s->init_buf->data->msg_header)->frag_len') & (! (s->init_num = 0)) & ('&(s->init_buf->data->msg_header)->frag_len' = '&(s->d1->w_msg_hdr)->msg_len') & (! (s->d1->sent_messages->items->next = 0)) & ('&(s->init_buf->data->msg_header)->seq' = '&(s->d1->w_msg_hdr)->seq') & ('&(s->d1->w_msg_hdr)->seq' = '&(s->d1->sent_messages->items->next->data->msg_header)->seq')) | ((s->d1->sent_messages->items->next->next = '&(s->init_buf->data->msg_header)->frag_off') & ('&(s->init_buf->data->msg_header)->frag_off' = '&(s->d1->sent_messages->items->next->data->msg_header)->frag_off') & (! (s->d1->sent_messages->items->next = 0)) & ('&(s->init_buf->data->msg_header)->seq' = 0) & ('&(s->init_buf->data->msg_header)->seq' = '&(s->d1->w_msg_hdr)->seq') & (s->version = 65279) & (is_ccs = '&(s->init_buf->data->msg_header)->is_ccs') & ('&(s->init_buf->data->msg_header)->is_ccs' = '&(s->d1->sent_messages->items->next->data->msg_header)->is_ccs') & ('&(s->d1->w_msg_hdr)->msg_len' = '&(s->d1->sent_messages->items->next->data->msg_header)->msg_len') & (! (s->d1->sent_messages->items = 0)) & ('&(s->d1->sent_messages->items->next->data->msg_header)->msg_len' = '&(s->d1->sent_messages->items->next->data->msg_header)->frag_len') & (! (is_ccs = 0)) & ('&(s->init_buf->data->msg_header)->msg_len' = '&(s->init_buf->data->msg_header)->frag_len') & (! (s->init_num = 0)) & ('&(s->init_buf->data->msg_header)->frag_len' = '&(s->d1->w_msg_hdr)->msg_len') & (s->d1->sent_messages->items->next->next = 0) & (s->init_num = ('&(s->init_buf->data->msg_header)->msg_len' + 1)) & ('&(s->d1->w_msg_hdr)->seq' = '&(s->d1->sent_messages->items->next->data->msg_header)->seq'))),
	DisjunctSignature: label: <ErrorMemoryLeak, 1183, 1183>, 
		allocated: frozenset({frozenset({'s->d1->sent_messages->items->next->next'})}), 
		deallocated: frozenset(), 
		return_formula: (return = 1), 
		formula: (((s->init_num = ('&(s->init_buf->data->msg_header)->msg_len' + 12)) & (! (s->d1->sent_messages->items->next->next->next = 0)) & (! (s->d1->sent_messages->items->next = 0)) & ('&(s->init_buf->data->msg_header)->seq' = 0) & (is_ccs = '&(s->init_buf->data->msg_header)->is_ccs') & (! (s->d1->sent_messages->items->next->next = 0)) & (! (s->d1->sent_messages->items = 0)) & ('&(s->d1->w_msg_hdr)->msg_len' = '&(s->d1->sent_messages->items->next->next->data->msg_header)->msg_len') & (is_ccs = 0) & ('&(s->init_buf->data->msg_header)->msg_len' = '&(s->init_buf->data->msg_header)->frag_len') & ('&(s->d1->sent_messages->items->next->next->data->msg_header)->msg_len' = '&(s->d1->sent_messages->items->next->next->data->msg_header)->frag_len') & (! (s->init_num = 0)) & ('&(s->init_buf->data->msg_header)->frag_len' = '&(s->d1->w_msg_hdr)->msg_len') & ('&(s->d1->w_msg_hdr)->seq' = '&(s->d1->sent_messages->items->next->next->data->msg_header)->seq') & ('&(s->init_buf->data->msg_header)->seq' = '&(s->d1->w_msg_hdr)->seq') & ('&(s->init_buf->data->msg_header)->is_ccs' = '&(s->d1->sent_messages->items->next->next->data->msg_header)->is_ccs')) | ((s->d1->sent_messages->items->next->next->next = 0) & (s->init_num = ('&(s->init_buf->data->msg_header)->msg_len' + 3)) & ('&(s->d1->w_msg_hdr)->seq' = '&(s->d1->sent_messages->items->next->next->data->msg_header)->seq') & ('&(s->init_buf->data->msg_header)->seq' = 0) & ('&(s->init_buf->data->msg_header)->seq' = '&(s->d1->w_msg_hdr)->seq') & (is_ccs = '&(s->init_buf->data->msg_header)->is_ccs') & (! (s->d1->sent_messages->items = 0)) & ('&(s->d1->w_msg_hdr)->msg_len' = '&(s->d1->sent_messages->items->next->next->data->msg_header)->msg_len') & (s->d1->sent_messages->items->next->next->next = '&(s->init_buf->data->msg_header)->frag_off') & ('&(s->d1->sent_messages->items->next->next->data->msg_header)->msg_len' = '&(s->d1->sent_messages->items->next->next->data->msg_header)->frag_len') & (! (is_ccs = 0)) & ('&(s->init_buf->data->msg_header)->frag_off' = '&(s->d1->sent_messages->items->next->next->data->msg_header)->frag_off') & (! (s->init_num = 0)) & ('&(s->init_buf->data->msg_header)->frag_len' = '&(s->d1->w_msg_hdr)->msg_len') & (! (s->d1->sent_messages->items->next = 0)) & (! (s->d1->sent_messages->items->next->next = 0)) & ('&(s->init_buf->data->msg_header)->is_ccs' = '&(s->d1->sent_messages->items->next->next->data->msg_header)->is_ccs') & ('&(s->init_buf->data->msg_header)->msg_len' = '&(s->init_buf->data->msg_header)->frag_len')) | ((! (s->d1->sent_messages->items->next = 0)) & (! (s->d1->sent_messages->items->next->next->next = 0)) & (s->init_num = ('&(s->init_buf->data->msg_header)->msg_len' + 3)) & ('&(s->init_buf->data->msg_header)->seq' = 0) & (is_ccs = '&(s->init_buf->data->msg_header)->is_ccs') & (! (s->d1->sent_messages->items->next->next = 0)) & (! (s->d1->sent_messages->items = 0)) & ('&(s->d1->w_msg_hdr)->msg_len' = '&(s->d1->sent_messages->items->next->next->data->msg_header)->msg_len') & ('&(s->d1->sent_messages->items->next->next->data->msg_header)->msg_len' = '&(s->d1->sent_messages->items->next->next->data->msg_header)->frag_len') & (! (is_ccs = 0)) & ('&(s->init_buf->data->msg_header)->msg_len' = '&(s->init_buf->data->msg_header)->frag_len') & (! (s->init_num = 0)) & ('&(s->init_buf->data->msg_header)->frag_len' = '&(s->d1->w_msg_hdr)->msg_len') & ('&(s->d1->w_msg_hdr)->seq' = '&(s->d1->sent_messages->items->next->next->data->msg_header)->seq') & ('&(s->init_buf->data->msg_header)->seq' = '&(s->d1->w_msg_hdr)->seq') & ('&(s->init_buf->data->msg_header)->is_ccs' = '&(s->d1->sent_messages->items->next->next->data->msg_header)->is_ccs') & ('&(s->init_buf->data->msg_header)->frag_off' = 0) & ('&(s->init_buf->data->msg_header)->frag_off' = '&(s->d1->sent_messages->items->next->next->data->msg_header)->frag_off')) | ((s->d1->sent_messages->items->next->next->next = 0) & ('&(s->init_buf->data->msg_header)->seq' = 0) & (s->d1->sent_messages->items->next->next->next = '&(s->init_buf->data->msg_header)->frag_off') & ('&(s->init_buf->data->msg_header)->frag_off' = '&(s->d1->sent_messages->items->next->next->data->msg_header)->frag_off') & ('&(s->init_buf->data->msg_header)->msg_len' = '&(s->init_buf->data->msg_header)->frag_len') & ('&(s->init_buf->data->msg_header)->frag_len' = '&(s->d1->w_msg_hdr)->msg_len') & ('&(s->init_buf->data->msg_header)->seq' = '&(s->d1->w_msg_hdr)->seq') & (s->version = 65279) & (! (is_ccs = 0)) & (! (s->init_num = 0)) & (! (s->d1->sent_messages->items->next->next = 0)) & ('&(s->init_buf->data->msg_header)->is_ccs' = '&(s->d1->sent_messages->items->next->next->data->msg_header)->is_ccs') & (is_ccs = '&(s->init_buf->data->msg_header)->is_ccs') & ('&(s->d1->w_msg_hdr)->msg_len' = '&(s->d1->sent_messages->items->next->next->data->msg_header)->msg_len') & ('&(s->d1->sent_messages->items->next->next->data->msg_header)->msg_len' = '&(s->d1->sent_messages->items->next->next->data->msg_header)->frag_len') & ('&(s->d1->w_msg_hdr)->seq' = '&(s->d1->sent_messages->items->next->next->data->msg_header)->seq') & (s->init_num = ('&(s->init_buf->data->msg_header)->msg_len' + 1)) & (! (s->d1->sent_messages->items = 0)) & (! (s->d1->sent_messages->items->next = 0))) | ((s->init_num = ('&(s->init_buf->data->msg_header)->msg_len' + 12)) & (! (s->d1->sent_messages->items->next = 0)) & ('&(s->init_buf->data->msg_header)->seq' = 0) & (is_ccs = '&(s->init_buf->data->msg_header)->is_ccs') & (! (s->d1->sent_messages->items->next->next = 0)) & (! (s->d1->sent_messages->items = 0)) & ('&(s->d1->w_msg_hdr)->msg_len' = '&(s->d1->sent_messages->items->next->next->data->msg_header)->msg_len') & (is_ccs = 0) & ('&(s->init_buf->data->msg_header)->msg_len' = '&(s->init_buf->data->msg_header)->frag_len') & ('&(s->d1->sent_messages->items->next->next->data->msg_header)->msg_len' = '&(s->d1->sent_messages->items->next->next->data->msg_header)->frag_len') & (! (s->init_num = 0)) & ('&(s->init_buf->data->msg_header)->frag_len' = '&(s->d1->w_msg_hdr)->msg_len') & ('&(s->d1->w_msg_hdr)->seq' = '&(s->d1->sent_messages->items->next->next->data->msg_header)->seq') & ('&(s->init_buf->data->msg_header)->seq' = '&(s->d1->w_msg_hdr)->seq') & ('&(s->init_buf->data->msg_header)->is_ccs' = '&(s->d1->sent_messages->items->next->next->data->msg_header)->is_ccs')) | ((! (s->d1->sent_messages->items->next->next->next = 0)) & ('&(s->init_buf->data->msg_header)->seq' = 0) & ('&(s->init_buf->data->msg_header)->frag_off' = '&(s->d1->sent_messages->items->next->next->data->msg_header)->frag_off') & ('&(s->init_buf->data->msg_header)->msg_len' = '&(s->init_buf->data->msg_header)->frag_len') & ('&(s->init_buf->data->msg_header)->frag_len' = '&(s->d1->w_msg_hdr)->msg_len') & ('&(s->init_buf->data->msg_header)->seq' = '&(s->d1->w_msg_hdr)->seq') & (s->version = 65279) & (! (is_ccs = 0)) & (! (s->init_num = 0)) & (! (s->d1->sent_messages->items->next->next = 0)) & ('&(s->init_buf->data->msg_header)->is_ccs' = '&(s->d1->sent_messages->items->next->next->data->msg_header)->is_ccs') & (is_ccs = '&(s->init_buf->data->msg_header)->is_ccs') & ('&(s->d1->w_msg_hdr)->msg_len' = '&(s->d1->sent_messages->items->next->next->data->msg_header)->msg_len') & ('&(s->d1->sent_messages->items->next->next->data->msg_header)->msg_len' = '&(s->d1->sent_messages->items->next->next->data->msg_header)->frag_len') & ('&(s->d1->w_msg_hdr)->seq' = '&(s->d1->sent_messages->items->next->next->data->msg_header)->seq') & (s->init_num = ('&(s->init_buf->data->msg_header)->msg_len' + 1)) & ('&(s->init_buf->data->msg_header)->frag_off' = 0) & (! (s->d1->sent_messages->items = 0)) & (! (s->d1->sent_messages->items->next = 0)))),
	DisjunctSignature: label: <ErrorMemoryLeak, 1181, 1183>, 
		allocated: frozenset({frozenset({'s->d1->sent_messages->items->next->next'})}), 
		deallocated: frozenset(), 
		return_formula: (return = 1), 
		formula: (((s->init_num = ('&(s->init_buf->data->msg_header)->msg_len' + 12)) & (! (s->d1->sent_messages->items->next->next->next = 0)) & ('&(s->d1->w_msg_hdr)->seq' = '&(s->d1->sent_messages->items->next->next->data->msg_header)->seq') & ('&(s->init_buf->data->msg_header)->seq' = 0) & ('&(s->init_buf->data->msg_header)->seq' = '&(s->d1->w_msg_hdr)->seq') & (is_ccs = '&(s->init_buf->data->msg_header)->is_ccs') & (! (s->d1->sent_messages->items = 0)) & ('&(s->d1->w_msg_hdr)->msg_len' = '&(s->d1->sent_messages->items->next->next->data->msg_header)->msg_len') & (is_ccs = 0) & ('&(s->init_buf->data->msg_header)->msg_len' = '&(s->init_buf->data->msg_header)->frag_len') & ('&(s->d1->sent_messages->items->next->next->data->msg_header)->msg_len' = '&(s->d1->sent_messages->items->next->next->data->msg_header)->frag_len') & (! (s->init_num = 0)) & ('&(s->init_buf->data->msg_header)->frag_len' = '&(s->d1->w_msg_hdr)->msg_len') & (! (s->d1->sent_messages->items->next = 0)) & (! (s->d1->sent_messages->items->next->next = 0)) & ('&(s->init_buf->data->msg_header)->is_ccs' = '&(s->d1->sent_messages->items->next->next->data->msg_header)->is_ccs')) | ((s->init_num = ('&(s->init_buf->data->msg_header)->msg_len' + 12)) & (! (s->d1->sent_messages->items->next->next->next = 0)) & (! (s->d1->sent_messages->items->next = 0)) & ('&(s->init_buf->data->msg_header)->seq' = 0) & (is_ccs = '&(s->init_buf->data->msg_header)->is_ccs') & (! (s->d1->sent_messages->items->next->next = 0)) & (! (s->d1->sent_messages->items = 0)) & ('&(s->d1->w_msg_hdr)->msg_len' = '&(s->d1->sent_messages->items->next->next->data->msg_header)->msg_len') & (is_ccs = 0) & ('&(s->init_buf->data->msg_header)->msg_len' = '&(s->init_buf->data->msg_header)->frag_len') & ('&(s->d1->sent_messages->items->next->next->data->msg_header)->msg_len' = '&(s->d1->sent_messages->items->next->next->data->msg_header)->frag_len') & (! (s->init_num = 0)) & ('&(s->init_buf->data->msg_header)->frag_len' = '&(s->d1->w_msg_hdr)->msg_len') & ('&(s->d1->w_msg_hdr)->seq' = '&(s->d1->sent_messages->items->next->next->data->msg_header)->seq') & ('&(s->init_buf->data->msg_header)->seq' = '&(s->d1->w_msg_hdr)->seq') & ('&(s->init_buf->data->msg_header)->is_ccs' = '&(s->d1->sent_messages->items->next->next->data->msg_header)->is_ccs')) | ((s->d1->sent_messages->items->next->next->next = 0) & (s->init_num = ('&(s->init_buf->data->msg_header)->msg_len' + 3)) & (! (s->d1->sent_messages->items->next = 0)) & ('&(s->init_buf->data->msg_header)->seq' = 0) & (is_ccs = '&(s->init_buf->data->msg_header)->is_ccs') & (! (s->d1->sent_messages->items->next->next = 0)) & (! (s->d1->sent_messages->items = 0)) & ('&(s->d1->w_msg_hdr)->msg_len' = '&(s->d1->sent_messages->items->next->next->data->msg_header)->msg_len') & (s->d1->sent_messages->items->next->next->next = '&(s->init_buf->data->msg_header)->frag_off') & ('&(s->d1->sent_messages->items->next->next->data->msg_header)->msg_len' = '&(s->d1->sent_messages->items->next->next->data->msg_header)->frag_len') & (! (is_ccs = 0)) & ('&(s->init_buf->data->msg_header)->frag_off' = '&(s->d1->sent_messages->items->next->next->data->msg_header)->frag_off') & (! (s->init_num = 0)) & ('&(s->init_buf->data->msg_header)->frag_len' = '&(s->d1->w_msg_hdr)->msg_len') & ('&(s->d1->w_msg_hdr)->seq' = '&(s->d1->sent_messages->items->next->next->data->msg_header)->seq') & ('&(s->init_buf->data->msg_header)->seq' = '&(s->d1->w_msg_hdr)->seq') & ('&(s->init_buf->data->msg_header)->is_ccs' = '&(s->d1->sent_messages->items->next->next->data->msg_header)->is_ccs') & ('&(s->init_buf->data->msg_header)->msg_len' = '&(s->init_buf->data->msg_header)->frag_len')) | ((s->d1->sent_messages->items->next->next->next = 0) & (s->init_num = ('&(s->init_buf->data->msg_header)->msg_len' + 3)) & ('&(s->d1->w_msg_hdr)->seq' = '&(s->d1->sent_messages->items->next->next->data->msg_header)->seq') & ('&(s->init_buf->data->msg_header)->seq' = 0) & ('&(s->init_buf->data->msg_header)->seq' = '&(s->d1->w_msg_hdr)->seq') & (is_ccs = '&(s->init_buf->data->msg_header)->is_ccs') & (! (s->d1->sent_messages->items = 0)) & ('&(s->d1->w_msg_hdr)->msg_len' = '&(s->d1->sent_messages->items->next->next->data->msg_header)->msg_len') & (s->d1->sent_messages->items->next->next->next = '&(s->init_buf->data->msg_header)->frag_off') & ('&(s->d1->sent_messages->items->next->next->data->msg_header)->msg_len' = '&(s->d1->sent_messages->items->next->next->data->msg_header)->frag_len') & (! (is_ccs = 0)) & ('&(s->init_buf->data->msg_header)->frag_off' = '&(s->d1->sent_messages->items->next->next->data->msg_header)->frag_off') & (! (s->init_num = 0)) & ('&(s->init_buf->data->msg_header)->frag_len' = '&(s->d1->w_msg_hdr)->msg_len') & (! (s->d1->sent_messages->items->next = 0)) & (! (s->d1->sent_messages->items->next->next = 0)) & ('&(s->init_buf->data->msg_header)->is_ccs' = '&(s->d1->sent_messages->items->next->next->data->msg_header)->is_ccs') & ('&(s->init_buf->data->msg_header)->msg_len' = '&(s->init_buf->data->msg_header)->frag_len')) | ((! (s->d1->sent_messages->items->next = 0)) & (! (s->d1->sent_messages->items->next->next->next = 0)) & (s->init_num = ('&(s->init_buf->data->msg_header)->msg_len' + 3)) & ('&(s->init_buf->data->msg_header)->seq' = 0) & (is_ccs = '&(s->init_buf->data->msg_header)->is_ccs') & (! (s->d1->sent_messages->items->next->next = 0)) & (! (s->d1->sent_messages->items = 0)) & ('&(s->d1->w_msg_hdr)->msg_len' = '&(s->d1->sent_messages->items->next->next->data->msg_header)->msg_len') & ('&(s->d1->sent_messages->items->next->next->data->msg_header)->msg_len' = '&(s->d1->sent_messages->items->next->next->data->msg_header)->frag_len') & (! (is_ccs = 0)) & ('&(s->init_buf->data->msg_header)->msg_len' = '&(s->init_buf->data->msg_header)->frag_len') & (! (s->init_num = 0)) & ('&(s->init_buf->data->msg_header)->frag_len' = '&(s->d1->w_msg_hdr)->msg_len') & ('&(s->d1->w_msg_hdr)->seq' = '&(s->d1->sent_messages->items->next->next->data->msg_header)->seq') & ('&(s->init_buf->data->msg_header)->seq' = '&(s->d1->w_msg_hdr)->seq') & ('&(s->init_buf->data->msg_header)->is_ccs' = '&(s->d1->sent_messages->items->next->next->data->msg_header)->is_ccs') & ('&(s->init_buf->data->msg_header)->frag_off' = 0) & ('&(s->init_buf->data->msg_header)->frag_off' = '&(s->d1->sent_messages->items->next->next->data->msg_header)->frag_off')) | ((! (s->d1->sent_messages->items->next->next->next = 0)) & (s->init_num = ('&(s->init_buf->data->msg_header)->msg_len' + 3)) & ('&(s->d1->w_msg_hdr)->seq' = '&(s->d1->sent_messages->items->next->next->data->msg_header)->seq') & ('&(s->init_buf->data->msg_header)->seq' = 0) & ('&(s->init_buf->data->msg_header)->seq' = '&(s->d1->w_msg_hdr)->seq') & (is_ccs = '&(s->init_buf->data->msg_header)->is_ccs') & (! (s->d1->sent_messages->items = 0)) & ('&(s->d1->w_msg_hdr)->msg_len' = '&(s->d1->sent_messages->items->next->next->data->msg_header)->msg_len') & ('&(s->d1->sent_messages->items->next->next->data->msg_header)->msg_len' = '&(s->d1->sent_messages->items->next->next->data->msg_header)->frag_len') & (! (is_ccs = 0)) & ('&(s->init_buf->data->msg_header)->msg_len' = '&(s->init_buf->data->msg_header)->frag_len') & (! (s->init_num = 0)) & ('&(s->init_buf->data->msg_header)->frag_len' = '&(s->d1->w_msg_hdr)->msg_len') & (! (s->d1->sent_messages->items->next = 0)) & (! (s->d1->sent_messages->items->next->next = 0)) & ('&(s->init_buf->data->msg_header)->is_ccs' = '&(s->d1->sent_messages->items->next->next->data->msg_header)->is_ccs') & ('&(s->init_buf->data->msg_header)->frag_off' = 0) & ('&(s->init_buf->data->msg_header)->frag_off' = '&(s->d1->sent_messages->items->next->next->data->msg_header)->frag_off')) | ((s->d1->sent_messages->items->next->next->next = 0) & ('&(s->init_buf->data->msg_header)->seq' = 0) & (s->d1->sent_messages->items->next->next->next = '&(s->init_buf->data->msg_header)->frag_off') & ('&(s->init_buf->data->msg_header)->frag_off' = '&(s->d1->sent_messages->items->next->next->data->msg_header)->frag_off') & ('&(s->init_buf->data->msg_header)->msg_len' = '&(s->init_buf->data->msg_header)->frag_len') & ('&(s->init_buf->data->msg_header)->frag_len' = '&(s->d1->w_msg_hdr)->msg_len') & ('&(s->init_buf->data->msg_header)->seq' = '&(s->d1->w_msg_hdr)->seq') & (s->version = 65279) & (! (is_ccs = 0)) & (! (s->init_num = 0)) & (! (s->d1->sent_messages->items->next->next = 0)) & ('&(s->init_buf->data->msg_header)->is_ccs' = '&(s->d1->sent_messages->items->next->next->data->msg_header)->is_ccs') & (is_ccs = '&(s->init_buf->data->msg_header)->is_ccs') & ('&(s->d1->w_msg_hdr)->msg_len' = '&(s->d1->sent_messages->items->next->next->data->msg_header)->msg_len') & ('&(s->d1->sent_messages->items->next->next->data->msg_header)->msg_len' = '&(s->d1->sent_messages->items->next->next->data->msg_header)->frag_len') & ('&(s->d1->w_msg_hdr)->seq' = '&(s->d1->sent_messages->items->next->next->data->msg_header)->seq') & (s->init_num = ('&(s->init_buf->data->msg_header)->msg_len' + 1)) & (! (s->d1->sent_messages->items = 0)) & (! (s->d1->sent_messages->items->next = 0))) | ((s->init_num = ('&(s->init_buf->data->msg_header)->msg_len' + 12)) & ('&(s->d1->w_msg_hdr)->seq' = '&(s->d1->sent_messages->items->next->next->data->msg_header)->seq') & ('&(s->init_buf->data->msg_header)->seq' = 0) & ('&(s->init_buf->data->msg_header)->seq' = '&(s->d1->w_msg_hdr)->seq') & (is_ccs = '&(s->init_buf->data->msg_header)->is_ccs') & (! (s->d1->sent_messages->items = 0)) & ('&(s->d1->w_msg_hdr)->msg_len' = '&(s->d1->sent_messages->items->next->next->data->msg_header)->msg_len') & (is_ccs = 0) & ('&(s->init_buf->data->msg_header)->msg_len' = '&(s->init_buf->data->msg_header)->frag_len') & ('&(s->d1->sent_messages->items->next->next->data->msg_header)->msg_len' = '&(s->d1->sent_messages->items->next->next->data->msg_header)->frag_len') & (! (s->init_num = 0)) & ('&(s->init_buf->data->msg_header)->frag_len' = '&(s->d1->w_msg_hdr)->msg_len') & (! (s->d1->sent_messages->items->next = 0)) & (! (s->d1->sent_messages->items->next->next = 0)) & ('&(s->init_buf->data->msg_header)->is_ccs' = '&(s->d1->sent_messages->items->next->next->data->msg_header)->is_ccs')) | ((s->d1->sent_messages->items->next->next->next = 0) & ('&(s->init_buf->data->msg_header)->seq' = 0) & (s->d1->sent_messages->items->next->next->next = '&(s->init_buf->data->msg_header)->frag_off') & ('&(s->init_buf->data->msg_header)->msg_len' = '&(s->init_buf->data->msg_header)->frag_len') & ('&(s->init_buf->data->msg_header)->frag_off' = '&(s->d1->sent_messages->items->next->next->data->msg_header)->frag_off') & ('&(s->init_buf->data->msg_header)->frag_len' = '&(s->d1->w_msg_hdr)->msg_len') & ('&(s->init_buf->data->msg_header)->seq' = '&(s->d1->w_msg_hdr)->seq') & (s->version = 65279) & (! (is_ccs = 0)) & (! (s->init_num = 0)) & (! (s->d1->sent_messages->items->next->next = 0)) & ('&(s->init_buf->data->msg_header)->is_ccs' = '&(s->d1->sent_messages->items->next->next->data->msg_header)->is_ccs') & (is_ccs = '&(s->init_buf->data->msg_header)->is_ccs') & ('&(s->d1->w_msg_hdr)->msg_len' = '&(s->d1->sent_messages->items->next->next->data->msg_header)->msg_len') & ('&(s->d1->sent_messages->items->next->next->data->msg_header)->msg_len' = '&(s->d1->sent_messages->items->next->next->data->msg_header)->frag_len') & ('&(s->d1->w_msg_hdr)->seq' = '&(s->d1->sent_messages->items->next->next->data->msg_header)->seq') & (s->init_num = ('&(s->init_buf->data->msg_header)->msg_len' + 1)) & (! (s->d1->sent_messages->items = 0)) & (! (s->d1->sent_messages->items->next = 0))) | ((s->init_num = ('&(s->init_buf->data->msg_header)->msg_len' + 12)) & (! (s->d1->sent_messages->items->next = 0)) & ('&(s->init_buf->data->msg_header)->seq' = 0) & (is_ccs = '&(s->init_buf->data->msg_header)->is_ccs') & (! (s->d1->sent_messages->items->next->next = 0)) & (! (s->d1->sent_messages->items = 0)) & ('&(s->d1->w_msg_hdr)->msg_len' = '&(s->d1->sent_messages->items->next->next->data->msg_header)->msg_len') & (is_ccs = 0) & ('&(s->init_buf->data->msg_header)->msg_len' = '&(s->init_buf->data->msg_header)->frag_len') & ('&(s->d1->sent_messages->items->next->next->data->msg_header)->msg_len' = '&(s->d1->sent_messages->items->next->next->data->msg_header)->frag_len') & (! (s->init_num = 0)) & ('&(s->init_buf->data->msg_header)->frag_len' = '&(s->d1->w_msg_hdr)->msg_len') & ('&(s->d1->w_msg_hdr)->seq' = '&(s->d1->sent_messages->items->next->next->data->msg_header)->seq') & ('&(s->init_buf->data->msg_header)->seq' = '&(s->d1->w_msg_hdr)->seq') & ('&(s->init_buf->data->msg_header)->is_ccs' = '&(s->d1->sent_messages->items->next->next->data->msg_header)->is_ccs')) | ((! (s->d1->sent_messages->items->next->next->next = 0)) & ('&(s->init_buf->data->msg_header)->seq' = 0) & ('&(s->init_buf->data->msg_header)->msg_len' = '&(s->init_buf->data->msg_header)->frag_len') & ('&(s->init_buf->data->msg_header)->frag_off' = '&(s->d1->sent_messages->items->next->next->data->msg_header)->frag_off') & ('&(s->init_buf->data->msg_header)->frag_len' = '&(s->d1->w_msg_hdr)->msg_len') & ('&(s->init_buf->data->msg_header)->seq' = '&(s->d1->w_msg_hdr)->seq') & (s->version = 65279) & (! (is_ccs = 0)) & (! (s->init_num = 0)) & (! (s->d1->sent_messages->items->next->next = 0)) & ('&(s->init_buf->data->msg_header)->is_ccs' = '&(s->d1->sent_messages->items->next->next->data->msg_header)->is_ccs') & (is_ccs = '&(s->init_buf->data->msg_header)->is_ccs') & ('&(s->d1->w_msg_hdr)->msg_len' = '&(s->d1->sent_messages->items->next->next->data->msg_header)->msg_len') & ('&(s->d1->sent_messages->items->next->next->data->msg_header)->msg_len' = '&(s->d1->sent_messages->items->next->next->data->msg_header)->frag_len') & ('&(s->d1->w_msg_hdr)->seq' = '&(s->d1->sent_messages->items->next->next->data->msg_header)->seq') & (s->init_num = ('&(s->init_buf->data->msg_header)->msg_len' + 1)) & ('&(s->init_buf->data->msg_header)->frag_off' = 0) & (! (s->d1->sent_messages->items = 0)) & (! (s->d1->sent_messages->items->next = 0))) | ((! (s->d1->sent_messages->items->next->next->next = 0)) & ('&(s->init_buf->data->msg_header)->seq' = 0) & ('&(s->init_buf->data->msg_header)->frag_off' = '&(s->d1->sent_messages->items->next->next->data->msg_header)->frag_off') & ('&(s->init_buf->data->msg_header)->msg_len' = '&(s->init_buf->data->msg_header)->frag_len') & ('&(s->init_buf->data->msg_header)->frag_len' = '&(s->d1->w_msg_hdr)->msg_len') & ('&(s->init_buf->data->msg_header)->seq' = '&(s->d1->w_msg_hdr)->seq') & (s->version = 65279) & (! (is_ccs = 0)) & (! (s->init_num = 0)) & (! (s->d1->sent_messages->items->next->next = 0)) & ('&(s->init_buf->data->msg_header)->is_ccs' = '&(s->d1->sent_messages->items->next->next->data->msg_header)->is_ccs') & (is_ccs = '&(s->init_buf->data->msg_header)->is_ccs') & ('&(s->d1->w_msg_hdr)->msg_len' = '&(s->d1->sent_messages->items->next->next->data->msg_header)->msg_len') & ('&(s->d1->sent_messages->items->next->next->data->msg_header)->msg_len' = '&(s->d1->sent_messages->items->next->next->data->msg_header)->frag_len') & ('&(s->d1->w_msg_hdr)->seq' = '&(s->d1->sent_messages->items->next->next->data->msg_header)->seq') & (s->init_num = ('&(s->init_buf->data->msg_header)->msg_len' + 1)) & ('&(s->init_buf->data->msg_header)->frag_off' = 0) & (! (s->d1->sent_messages->items = 0)) & (! (s->d1->sent_messages->items->next = 0)))),
	DisjunctSignature: label: <ErrorMemoryLeak, 1183, 1183>, 
		allocated: frozenset({frozenset({'s->d1->sent_messages->items->next->next->next'})}), 
		deallocated: frozenset(), 
		return_formula: (return = 1), 
		formula: (((! (s->d1->sent_messages->items->next->next->next = 0)) & ('&(s->init_buf->data->msg_header)->seq' = 0) & ('&(s->init_buf->data->msg_header)->msg_len' = '&(s->init_buf->data->msg_header)->frag_len') & ('&(s->init_buf->data->msg_header)->frag_len' = '&(s->d1->w_msg_hdr)->msg_len') & ('&(s->init_buf->data->msg_header)->seq' = '&(s->d1->w_msg_hdr)->seq') & ('&(s->d1->w_msg_hdr)->msg_len' = '&(s->d1->sent_messages->items->next->next->next->data->msg_header)->msg_len') & ('&(s->d1->sent_messages->items->next->next->next->data->msg_header)->msg_len' = '&(s->d1->sent_messages->items->next->next->next->data->msg_header)->frag_len') & (s->init_num = ('&(s->init_buf->data->msg_header)->msg_len' + 3)) & ('&(s->d1->w_msg_hdr)->seq' = '&(s->d1->sent_messages->items->next->next->next->data->msg_header)->seq') & (! (is_ccs = 0)) & (! (s->init_num = 0)) & (! (s->d1->sent_messages->items->next->next = 0)) & (! (s->d1->sent_messages->items->next->next->next->next = 0)) & (is_ccs = '&(s->init_buf->data->msg_header)->is_ccs') & ('&(s->init_buf->data->msg_header)->frag_off' = 0) & ('&(s->init_buf->data->msg_header)->frag_off' = '&(s->d1->sent_messages->items->next->next->next->data->msg_header)->frag_off') & (! (s->d1->sent_messages->items = 0)) & ('&(s->init_buf->data->msg_header)->is_ccs' = '&(s->d1->sent_messages->items->next->next->next->data->msg_header)->is_ccs') & (! (s->d1->sent_messages->items->next = 0))) | (('&(s->d1->sent_messages->items->next->next->next->data->msg_header)->msg_len' = '&(s->d1->sent_messages->items->next->next->next->data->msg_header)->frag_len') & (! (s->d1->sent_messages->items->next->next->next = 0)) & (s->init_num = ('&(s->init_buf->data->msg_header)->msg_len' + 12)) & ('&(s->d1->w_msg_hdr)->seq' = '&(s->d1->sent_messages->items->next->next->next->data->msg_header)->seq') & ('&(s->init_buf->data->msg_header)->seq' = 0) & (is_ccs = '&(s->init_buf->data->msg_header)->is_ccs') & (! (s->d1->sent_messages->items->next->next = 0)) & (! (s->d1->sent_messages->items = 0)) & (is_ccs = 0) & ('&(s->init_buf->data->msg_header)->msg_len' = '&(s->init_buf->data->msg_header)->frag_len') & ('&(s->init_buf->data->msg_header)->is_ccs' = '&(s->d1->sent_messages->items->next->next->next->data->msg_header)->is_ccs') & (! (s->init_num = 0)) & ('&(s->init_buf->data->msg_header)->frag_len' = '&(s->d1->w_msg_hdr)->msg_len') & (! (s->d1->sent_messages->items->next = 0)) & ('&(s->init_buf->data->msg_header)->seq' = '&(s->d1->w_msg_hdr)->seq') & (! (s->d1->sent_messages->items->next->next->next->next = 0)) & ('&(s->d1->w_msg_hdr)->msg_len' = '&(s->d1->sent_messages->items->next->next->next->data->msg_header)->msg_len')) | (('&(s->d1->sent_messages->items->next->next->next->data->msg_header)->msg_len' = '&(s->d1->sent_messages->items->next->next->next->data->msg_header)->frag_len') & (! (s->d1->sent_messages->items->next->next->next = 0)) & (s->init_num = ('&(s->init_buf->data->msg_header)->msg_len' + 12)) & ('&(s->d1->w_msg_hdr)->seq' = '&(s->d1->sent_messages->items->next->next->next->data->msg_header)->seq') & ('&(s->init_buf->data->msg_header)->seq' = 0) & (is_ccs = '&(s->init_buf->data->msg_header)->is_ccs') & (! (s->d1->sent_messages->items->next->next = 0)) & (! (s->d1->sent_messages->items = 0)) & (is_ccs = 0) & ('&(s->init_buf->data->msg_header)->is_ccs' = '&(s->d1->sent_messages->items->next->next->next->data->msg_header)->is_ccs') & ('&(s->init_buf->data->msg_header)->msg_len' = '&(s->init_buf->data->msg_header)->frag_len') & (! (s->init_num = 0)) & ('&(s->init_buf->data->msg_header)->frag_len' = '&(s->d1->w_msg_hdr)->msg_len') & (! (s->d1->sent_messages->items->next = 0)) & ('&(s->init_buf->data->msg_header)->seq' = '&(s->d1->w_msg_hdr)->seq') & ('&(s->d1->w_msg_hdr)->msg_len' = '&(s->d1->sent_messages->items->next->next->next->data->msg_header)->msg_len')) | ((! (s->d1->sent_messages->items->next->next->next = 0)) & ('&(s->init_buf->data->msg_header)->seq' = 0) & ('&(s->init_buf->data->msg_header)->msg_len' = '&(s->init_buf->data->msg_header)->frag_len') & ('&(s->init_buf->data->msg_header)->frag_len' = '&(s->d1->w_msg_hdr)->msg_len') & ('&(s->init_buf->data->msg_header)->seq' = '&(s->d1->w_msg_hdr)->seq') & ('&(s->d1->w_msg_hdr)->msg_len' = '&(s->d1->sent_messages->items->next->next->next->data->msg_header)->msg_len') & ('&(s->d1->sent_messages->items->next->next->next->data->msg_header)->msg_len' = '&(s->d1->sent_messages->items->next->next->next->data->msg_header)->frag_len') & ('&(s->d1->w_msg_hdr)->seq' = '&(s->d1->sent_messages->items->next->next->next->data->msg_header)->seq') & (s->version = 65279) & (! (is_ccs = 0)) & (! (s->init_num = 0)) & (! (s->d1->sent_messages->items->next->next = 0)) & (s->d1->sent_messages->items->next->next->next->next = 0) & (is_ccs = '&(s->init_buf->data->msg_header)->is_ccs') & (s->init_num = ('&(s->init_buf->data->msg_header)->msg_len' + 1)) & (s->d1->sent_messages->items->next->next->next->next = '&(s->init_buf->data->msg_header)->frag_off') & ('&(s->init_buf->data->msg_header)->frag_off' = '&(s->d1->sent_messages->items->next->next->next->data->msg_header)->frag_off') & (! (s->d1->sent_messages->items = 0)) & ('&(s->init_buf->data->msg_header)->is_ccs' = '&(s->d1->sent_messages->items->next->next->next->data->msg_header)->is_ccs') & (! (s->d1->sent_messages->items->next = 0))) | ((! (s->d1->sent_messages->items->next->next->next = 0)) & ('&(s->init_buf->data->msg_header)->seq' = 0) & ('&(s->init_buf->data->msg_header)->msg_len' = '&(s->init_buf->data->msg_header)->frag_len') & ('&(s->init_buf->data->msg_header)->frag_len' = '&(s->d1->w_msg_hdr)->msg_len') & ('&(s->init_buf->data->msg_header)->seq' = '&(s->d1->w_msg_hdr)->seq') & ('&(s->d1->w_msg_hdr)->msg_len' = '&(s->d1->sent_messages->items->next->next->next->data->msg_header)->msg_len') & ('&(s->d1->sent_messages->items->next->next->next->data->msg_header)->msg_len' = '&(s->d1->sent_messages->items->next->next->next->data->msg_header)->frag_len') & (s->init_num = ('&(s->init_buf->data->msg_header)->msg_len' + 3)) & ('&(s->d1->w_msg_hdr)->seq' = '&(s->d1->sent_messages->items->next->next->next->data->msg_header)->seq') & (! (is_ccs = 0)) & (! (s->init_num = 0)) & (! (s->d1->sent_messages->items->next->next = 0)) & (s->d1->sent_messages->items->next->next->next->next = 0) & (is_ccs = '&(s->init_buf->data->msg_header)->is_ccs') & (s->d1->sent_messages->items->next->next->next->next = '&(s->init_buf->data->msg_header)->frag_off') & ('&(s->init_buf->data->msg_header)->frag_off' = '&(s->d1->sent_messages->items->next->next->next->data->msg_header)->frag_off') & (! (s->d1->sent_messages->items = 0)) & ('&(s->init_buf->data->msg_header)->is_ccs' = '&(s->d1->sent_messages->items->next->next->next->data->msg_header)->is_ccs') & (! (s->d1->sent_messages->items->next = 0))) | ((! (s->d1->sent_messages->items->next->next->next = 0)) & ('&(s->init_buf->data->msg_header)->seq' = 0) & ('&(s->init_buf->data->msg_header)->msg_len' = '&(s->init_buf->data->msg_header)->frag_len') & ('&(s->init_buf->data->msg_header)->frag_len' = '&(s->d1->w_msg_hdr)->msg_len') & ('&(s->init_buf->data->msg_header)->seq' = '&(s->d1->w_msg_hdr)->seq') & ('&(s->d1->w_msg_hdr)->msg_len' = '&(s->d1->sent_messages->items->next->next->next->data->msg_header)->msg_len') & ('&(s->d1->sent_messages->items->next->next->next->data->msg_header)->msg_len' = '&(s->d1->sent_messages->items->next->next->next->data->msg_header)->frag_len') & ('&(s->d1->w_msg_hdr)->seq' = '&(s->d1->sent_messages->items->next->next->next->data->msg_header)->seq') & (s->version = 65279) & (! (is_ccs = 0)) & (! (s->init_num = 0)) & (! (s->d1->sent_messages->items->next->next = 0)) & (! (s->d1->sent_messages->items->next->next->next->next = 0)) & (is_ccs = '&(s->init_buf->data->msg_header)->is_ccs') & (s->init_num = ('&(s->init_buf->data->msg_header)->msg_len' + 1)) & ('&(s->init_buf->data->msg_header)->frag_off' = 0) & ('&(s->init_buf->data->msg_header)->frag_off' = '&(s->d1->sent_messages->items->next->next->next->data->msg_header)->frag_off') & (! (s->d1->sent_messages->items = 0)) & ('&(s->init_buf->data->msg_header)->is_ccs' = '&(s->d1->sent_messages->items->next->next->next->data->msg_header)->is_ccs') & (! (s->d1->sent_messages->items->next = 0)))),
	DisjunctSignature: label: <ErrorMemoryLeak, 1181, 1183>, 
		allocated: frozenset({frozenset({'s->d1->sent_messages->items->next->next->next'})}), 
		deallocated: frozenset(), 
		return_formula: (return = 1), 
		formula: ((('&(s->d1->sent_messages->items->next->next->next->data->msg_header)->msg_len' = '&(s->d1->sent_messages->items->next->next->next->data->msg_header)->frag_len') & (! (s->d1->sent_messages->items->next->next->next = 0)) & (s->init_num = ('&(s->init_buf->data->msg_header)->msg_len' + 12)) & ('&(s->d1->w_msg_hdr)->seq' = '&(s->d1->sent_messages->items->next->next->next->data->msg_header)->seq') & ('&(s->init_buf->data->msg_header)->seq' = 0) & ('&(s->init_buf->data->msg_header)->seq' = '&(s->d1->w_msg_hdr)->seq') & (is_ccs = '&(s->init_buf->data->msg_header)->is_ccs') & (! (s->d1->sent_messages->items = 0)) & (is_ccs = 0) & ('&(s->init_buf->data->msg_header)->is_ccs' = '&(s->d1->sent_messages->items->next->next->next->data->msg_header)->is_ccs') & ('&(s->init_buf->data->msg_header)->msg_len' = '&(s->init_buf->data->msg_header)->frag_len') & (! (s->init_num = 0)) & ('&(s->init_buf->data->msg_header)->frag_len' = '&(s->d1->w_msg_hdr)->msg_len') & (! (s->d1->sent_messages->items->next = 0)) & (! (s->d1->sent_messages->items->next->next = 0)) & ('&(s->d1->w_msg_hdr)->msg_len' = '&(s->d1->sent_messages->items->next->next->next->data->msg_header)->msg_len')) | ((! (s->d1->sent_messages->items->next->next->next = 0)) & ('&(s->init_buf->data->msg_header)->seq' = 0) & ('&(s->init_buf->data->msg_header)->msg_len' = '&(s->init_buf->data->msg_header)->frag_len') & ('&(s->init_buf->data->msg_header)->frag_len' = '&(s->d1->w_msg_hdr)->msg_len') & ('&(s->init_buf->data->msg_header)->seq' = '&(s->d1->w_msg_hdr)->seq') & ('&(s->d1->w_msg_hdr)->msg_len' = '&(s->d1->sent_messages->items->next->next->next->data->msg_header)->msg_len') & ('&(s->d1->sent_messages->items->next->next->next->data->msg_header)->msg_len' = '&(s->d1->sent_messages->items->next->next->next->data->msg_header)->frag_len') & (s->init_num = ('&(s->init_buf->data->msg_header)->msg_len' + 3)) & ('&(s->d1->w_msg_hdr)->seq' = '&(s->d1->sent_messages->items->next->next->next->data->msg_header)->seq') & (! (is_ccs = 0)) & (! (s->init_num = 0)) & (! (s->d1->sent_messages->items->next->next = 0)) & (! (s->d1->sent_messages->items->next->next->next->next = 0)) & (is_ccs = '&(s->init_buf->data->msg_header)->is_ccs') & ('&(s->init_buf->data->msg_header)->frag_off' = 0) & ('&(s->init_buf->data->msg_header)->frag_off' = '&(s->d1->sent_messages->items->next->next->next->data->msg_header)->frag_off') & (! (s->d1->sent_messages->items = 0)) & ('&(s->init_buf->data->msg_header)->is_ccs' = '&(s->d1->sent_messages->items->next->next->next->data->msg_header)->is_ccs') & (! (s->d1->sent_messages->items->next = 0))) | (('&(s->d1->sent_messages->items->next->next->next->data->msg_header)->msg_len' = '&(s->d1->sent_messages->items->next->next->next->data->msg_header)->frag_len') & (! (s->d1->sent_messages->items->next->next->next = 0)) & (s->init_num = ('&(s->init_buf->data->msg_header)->msg_len' + 12)) & ('&(s->d1->w_msg_hdr)->seq' = '&(s->d1->sent_messages->items->next->next->next->data->msg_header)->seq') & ('&(s->init_buf->data->msg_header)->seq' = 0) & (is_ccs = '&(s->init_buf->data->msg_header)->is_ccs') & (! (s->d1->sent_messages->items->next->next = 0)) & (! (s->d1->sent_messages->items = 0)) & (is_ccs = 0) & ('&(s->init_buf->data->msg_header)->msg_len' = '&(s->init_buf->data->msg_header)->frag_len') & ('&(s->init_buf->data->msg_header)->is_ccs' = '&(s->d1->sent_messages->items->next->next->next->data->msg_header)->is_ccs') & (! (s->init_num = 0)) & ('&(s->init_buf->data->msg_header)->frag_len' = '&(s->d1->w_msg_hdr)->msg_len') & (! (s->d1->sent_messages->items->next = 0)) & ('&(s->init_buf->data->msg_header)->seq' = '&(s->d1->w_msg_hdr)->seq') & (! (s->d1->sent_messages->items->next->next->next->next = 0)) & ('&(s->d1->w_msg_hdr)->msg_len' = '&(s->d1->sent_messages->items->next->next->next->data->msg_header)->msg_len')) | (('&(s->d1->sent_messages->items->next->next->next->data->msg_header)->msg_len' = '&(s->d1->sent_messages->items->next->next->next->data->msg_header)->frag_len') & (! (s->d1->sent_messages->items->next->next->next = 0)) & (s->init_num = ('&(s->init_buf->data->msg_header)->msg_len' + 12)) & ('&(s->d1->w_msg_hdr)->seq' = '&(s->d1->sent_messages->items->next->next->next->data->msg_header)->seq') & ('&(s->init_buf->data->msg_header)->seq' = 0) & ('&(s->init_buf->data->msg_header)->seq' = '&(s->d1->w_msg_hdr)->seq') & (is_ccs = '&(s->init_buf->data->msg_header)->is_ccs') & (! (s->d1->sent_messages->items = 0)) & (is_ccs = 0) & ('&(s->init_buf->data->msg_header)->msg_len' = '&(s->init_buf->data->msg_header)->frag_len') & ('&(s->init_buf->data->msg_header)->is_ccs' = '&(s->d1->sent_messages->items->next->next->next->data->msg_header)->is_ccs') & (! (s->init_num = 0)) & ('&(s->init_buf->data->msg_header)->frag_len' = '&(s->d1->w_msg_hdr)->msg_len') & (! (s->d1->sent_messages->items->next = 0)) & (! (s->d1->sent_messages->items->next->next = 0)) & (! (s->d1->sent_messages->items->next->next->next->next = 0)) & ('&(s->d1->w_msg_hdr)->msg_len' = '&(s->d1->sent_messages->items->next->next->next->data->msg_header)->msg_len')) | (('&(s->d1->sent_messages->items->next->next->next->data->msg_header)->msg_len' = '&(s->d1->sent_messages->items->next->next->next->data->msg_header)->frag_len') & (! (s->d1->sent_messages->items->next->next->next = 0)) & (s->init_num = ('&(s->init_buf->data->msg_header)->msg_len' + 12)) & ('&(s->d1->w_msg_hdr)->seq' = '&(s->d1->sent_messages->items->next->next->next->data->msg_header)->seq') & ('&(s->init_buf->data->msg_header)->seq' = 0) & (is_ccs = '&(s->init_buf->data->msg_header)->is_ccs') & (! (s->d1->sent_messages->items->next->next = 0)) & (! (s->d1->sent_messages->items = 0)) & (is_ccs = 0) & ('&(s->init_buf->data->msg_header)->is_ccs' = '&(s->d1->sent_messages->items->next->next->next->data->msg_header)->is_ccs') & ('&(s->init_buf->data->msg_header)->msg_len' = '&(s->init_buf->data->msg_header)->frag_len') & (! (s->init_num = 0)) & ('&(s->init_buf->data->msg_header)->frag_len' = '&(s->d1->w_msg_hdr)->msg_len') & (! (s->d1->sent_messages->items->next = 0)) & ('&(s->init_buf->data->msg_header)->seq' = '&(s->d1->w_msg_hdr)->seq') & ('&(s->d1->w_msg_hdr)->msg_len' = '&(s->d1->sent_messages->items->next->next->next->data->msg_header)->msg_len')) | ((! (s->d1->sent_messages->items->next->next->next = 0)) & ('&(s->init_buf->data->msg_header)->seq' = 0) & ('&(s->init_buf->data->msg_header)->msg_len' = '&(s->init_buf->data->msg_header)->frag_len') & ('&(s->init_buf->data->msg_header)->frag_len' = '&(s->d1->w_msg_hdr)->msg_len') & ('&(s->init_buf->data->msg_header)->seq' = '&(s->d1->w_msg_hdr)->seq') & ('&(s->d1->w_msg_hdr)->msg_len' = '&(s->d1->sent_messages->items->next->next->next->data->msg_header)->msg_len') & ('&(s->d1->sent_messages->items->next->next->next->data->msg_header)->msg_len' = '&(s->d1->sent_messages->items->next->next->next->data->msg_header)->frag_len') & ('&(s->d1->w_msg_hdr)->seq' = '&(s->d1->sent_messages->items->next->next->next->data->msg_header)->seq') & (s->version = 65279) & (! (is_ccs = 0)) & (! (s->init_num = 0)) & (! (s->d1->sent_messages->items->next->next = 0)) & (s->d1->sent_messages->items->next->next->next->next = 0) & (is_ccs = '&(s->init_buf->data->msg_header)->is_ccs') & (s->init_num = ('&(s->init_buf->data->msg_header)->msg_len' + 1)) & (s->d1->sent_messages->items->next->next->next->next = '&(s->init_buf->data->msg_header)->frag_off') & ('&(s->init_buf->data->msg_header)->frag_off' = '&(s->d1->sent_messages->items->next->next->next->data->msg_header)->frag_off') & (! (s->d1->sent_messages->items = 0)) & ('&(s->init_buf->data->msg_header)->is_ccs' = '&(s->d1->sent_messages->items->next->next->next->data->msg_header)->is_ccs') & (! (s->d1->sent_messages->items->next = 0))) | ((! (s->d1->sent_messages->items->next->next->next = 0)) & ('&(s->init_buf->data->msg_header)->seq' = 0) & ('&(s->init_buf->data->msg_header)->msg_len' = '&(s->init_buf->data->msg_header)->frag_len') & ('&(s->init_buf->data->msg_header)->frag_len' = '&(s->d1->w_msg_hdr)->msg_len') & ('&(s->init_buf->data->msg_header)->seq' = '&(s->d1->w_msg_hdr)->seq') & ('&(s->d1->w_msg_hdr)->msg_len' = '&(s->d1->sent_messages->items->next->next->next->data->msg_header)->msg_len') & ('&(s->d1->sent_messages->items->next->next->next->data->msg_header)->msg_len' = '&(s->d1->sent_messages->items->next->next->next->data->msg_header)->frag_len') & (s->init_num = ('&(s->init_buf->data->msg_header)->msg_len' + 3)) & ('&(s->d1->w_msg_hdr)->seq' = '&(s->d1->sent_messages->items->next->next->next->data->msg_header)->seq') & (! (is_ccs = 0)) & (! (s->init_num = 0)) & (! (s->d1->sent_messages->items->next->next = 0)) & (s->d1->sent_messages->items->next->next->next->next = 0) & (is_ccs = '&(s->init_buf->data->msg_header)->is_ccs') & (s->d1->sent_messages->items->next->next->next->next = '&(s->init_buf->data->msg_header)->frag_off') & ('&(s->init_buf->data->msg_header)->frag_off' = '&(s->d1->sent_messages->items->next->next->next->data->msg_header)->frag_off') & (! (s->d1->sent_messages->items = 0)) & ('&(s->init_buf->data->msg_header)->is_ccs' = '&(s->d1->sent_messages->items->next->next->next->data->msg_header)->is_ccs') & (! (s->d1->sent_messages->items->next = 0))) | ((! (s->d1->sent_messages->items->next->next->next = 0)) & ('&(s->init_buf->data->msg_header)->seq' = 0) & ('&(s->init_buf->data->msg_header)->msg_len' = '&(s->init_buf->data->msg_header)->frag_len') & ('&(s->init_buf->data->msg_header)->frag_len' = '&(s->d1->w_msg_hdr)->msg_len') & ('&(s->init_buf->data->msg_header)->seq' = '&(s->d1->w_msg_hdr)->seq') & ('&(s->d1->w_msg_hdr)->msg_len' = '&(s->d1->sent_messages->items->next->next->next->data->msg_header)->msg_len') & ('&(s->d1->sent_messages->items->next->next->next->data->msg_header)->msg_len' = '&(s->d1->sent_messages->items->next->next->next->data->msg_header)->frag_len') & ('&(s->d1->w_msg_hdr)->seq' = '&(s->d1->sent_messages->items->next->next->next->data->msg_header)->seq') & (s->version = 65279) & (! (is_ccs = 0)) & (! (s->init_num = 0)) & (! (s->d1->sent_messages->items->next->next = 0)) & (! (s->d1->sent_messages->items->next->next->next->next = 0)) & (is_ccs = '&(s->init_buf->data->msg_header)->is_ccs') & (s->init_num = ('&(s->init_buf->data->msg_header)->msg_len' + 1)) & ('&(s->init_buf->data->msg_header)->frag_off' = 0) & ('&(s->init_buf->data->msg_header)->frag_off' = '&(s->d1->sent_messages->items->next->next->next->data->msg_header)->frag_off') & (! (s->d1->sent_messages->items = 0)) & ('&(s->init_buf->data->msg_header)->is_ccs' = '&(s->d1->sent_messages->items->next->next->next->data->msg_header)->is_ccs') & (! (s->d1->sent_messages->items->next = 0)))),
	DisjunctSignature: label: <ErrorMemoryLeak, 1183, 1183>, 
		allocated: frozenset({frozenset({'s->d1->sent_messages->items'})}), 
		deallocated: frozenset(), 
		return_formula: (return = 1), 
		formula: (((s->init_num = ('&(s->init_buf->data->msg_header)->msg_len' + 3)) & ('&(s->init_buf->data->msg_header)->seq' = 0) & ('&(s->init_buf->data->msg_header)->seq' = '&(s->d1->w_msg_hdr)->seq') & (is_ccs = '&(s->init_buf->data->msg_header)->is_ccs') & ('&(s->init_buf->data->msg_header)->frag_off' = '&(s->d1->sent_messages->items->data->msg_header)->frag_off') & (! (s->d1->sent_messages->items = 0)) & ('&(s->d1->w_msg_hdr)->msg_len' = '&(s->d1->sent_messages->items->data->msg_header)->msg_len') & ('&(s->d1->sent_messages->items->data->msg_header)->msg_len' = '&(s->d1->sent_messages->items->data->msg_header)->frag_len') & (! (is_ccs = 0)) & ('&(s->init_buf->data->msg_header)->is_ccs' = '&(s->d1->sent_messages->items->data->msg_header)->is_ccs') & (! (s->init_num = 0)) & ('&(s->init_buf->data->msg_header)->frag_len' = '&(s->d1->w_msg_hdr)->msg_len') & (! (s->d1->sent_messages->items->next = 0)) & ('&(s->d1->w_msg_hdr)->seq' = '&(s->d1->sent_messages->items->data->msg_header)->seq') & ('&(s->init_buf->data->msg_header)->msg_len' = '&(s->init_buf->data->msg_header)->frag_len') & ('&(s->init_buf->data->msg_header)->frag_off' = 0)) | ((s->init_num = ('&(s->init_buf->data->msg_header)->msg_len' + 3)) & ('&(s->init_buf->data->msg_header)->seq' = 0) & (is_ccs = '&(s->init_buf->data->msg_header)->is_ccs') & (s->d1->sent_messages->items->next = '&(s->init_buf->data->msg_header)->frag_off') & ('&(s->init_buf->data->msg_header)->frag_off' = '&(s->d1->sent_messages->items->data->msg_header)->frag_off') & (! (s->d1->sent_messages->items = 0)) & ('&(s->d1->w_msg_hdr)->msg_len' = '&(s->d1->sent_messages->items->data->msg_header)->msg_len') & ('&(s->d1->sent_messages->items->data->msg_header)->msg_len' = '&(s->d1->sent_messages->items->data->msg_header)->frag_len') & (! (is_ccs = 0)) & ('&(s->init_buf->data->msg_header)->is_ccs' = '&(s->d1->sent_messages->items->data->msg_header)->is_ccs') & ('&(s->init_buf->data->msg_header)->frag_len' = '&(s->d1->w_msg_hdr)->msg_len') & (s->d1->sent_messages->items->next = 0) & (! (s->init_num = 0)) & ('&(s->init_buf->data->msg_header)->seq' = '&(s->d1->w_msg_hdr)->seq') & ('&(s->d1->w_msg_hdr)->seq' = '&(s->d1->sent_messages->items->data->msg_header)->seq') & ('&(s->init_buf->data->msg_header)->msg_len' = '&(s->init_buf->data->msg_header)->frag_len')) | ((s->init_num = ('&(s->init_buf->data->msg_header)->msg_len' + 12)) & ('&(s->init_buf->data->msg_header)->seq' = 0) & (is_ccs = '&(s->init_buf->data->msg_header)->is_ccs') & (! (s->d1->sent_messages->items = 0)) & ('&(s->d1->w_msg_hdr)->msg_len' = '&(s->d1->sent_messages->items->data->msg_header)->msg_len') & ('&(s->d1->sent_messages->items->data->msg_header)->msg_len' = '&(s->d1->sent_messages->items->data->msg_header)->frag_len') & (is_ccs = 0) & ('&(s->init_buf->data->msg_header)->msg_len' = '&(s->init_buf->data->msg_header)->frag_len') & ('&(s->init_buf->data->msg_header)->is_ccs' = '&(s->d1->sent_messages->items->data->msg_header)->is_ccs') & (! (s->init_num = 0)) & ('&(s->init_buf->data->msg_header)->frag_len' = '&(s->d1->w_msg_hdr)->msg_len') & (! (s->d1->sent_messages->items->next = 0)) & ('&(s->init_buf->data->msg_header)->seq' = '&(s->d1->w_msg_hdr)->seq') & ('&(s->d1->w_msg_hdr)->seq' = '&(s->d1->sent_messages->items->data->msg_header)->seq')) | ((s->init_num = ('&(s->init_buf->data->msg_header)->msg_len' + 12)) & ('&(s->init_buf->data->msg_header)->seq' = 0) & (is_ccs = '&(s->init_buf->data->msg_header)->is_ccs') & (! (s->d1->sent_messages->items = 0)) & ('&(s->d1->w_msg_hdr)->msg_len' = '&(s->d1->sent_messages->items->data->msg_header)->msg_len') & ('&(s->d1->sent_messages->items->data->msg_header)->msg_len' = '&(s->d1->sent_messages->items->data->msg_header)->frag_len') & (is_ccs = 0) & ('&(s->init_buf->data->msg_header)->msg_len' = '&(s->init_buf->data->msg_header)->frag_len') & ('&(s->init_buf->data->msg_header)->is_ccs' = '&(s->d1->sent_messages->items->data->msg_header)->is_ccs') & (! (s->init_num = 0)) & ('&(s->init_buf->data->msg_header)->frag_len' = '&(s->d1->w_msg_hdr)->msg_len') & ('&(s->d1->w_msg_hdr)->seq' = '&(s->d1->sent_messages->items->data->msg_header)->seq') & ('&(s->init_buf->data->msg_header)->seq' = '&(s->d1->w_msg_hdr)->seq')) | ((s->init_num = ('&(s->init_buf->data->msg_header)->msg_len' + 1)) & ('&(s->init_buf->data->msg_header)->seq' = 0) & (s->version = 65279) & (is_ccs = '&(s->init_buf->data->msg_header)->is_ccs') & (s->d1->sent_messages->items->next = '&(s->init_buf->data->msg_header)->frag_off') & ('&(s->init_buf->data->msg_header)->frag_off' = '&(s->d1->sent_messages->items->data->msg_header)->frag_off') & (! (s->d1->sent_messages->items = 0)) & ('&(s->d1->w_msg_hdr)->msg_len' = '&(s->d1->sent_messages->items->data->msg_header)->msg_len') & ('&(s->d1->sent_messages->items->data->msg_header)->msg_len' = '&(s->d1->sent_messages->items->data->msg_header)->frag_len') & (! (is_ccs = 0)) & ('&(s->init_buf->data->msg_header)->is_ccs' = '&(s->d1->sent_messages->items->data->msg_header)->is_ccs') & ('&(s->init_buf->data->msg_header)->frag_len' = '&(s->d1->w_msg_hdr)->msg_len') & (s->d1->sent_messages->items->next = 0) & (! (s->init_num = 0)) & ('&(s->init_buf->data->msg_header)->seq' = '&(s->d1->w_msg_hdr)->seq') & ('&(s->init_buf->data->msg_header)->msg_len' = '&(s->init_buf->data->msg_header)->frag_len') & ('&(s->d1->w_msg_hdr)->seq' = '&(s->d1->sent_messages->items->data->msg_header)->seq')) | (('&(s->init_buf->data->msg_header)->seq' = 0) & ('&(s->init_buf->data->msg_header)->seq' = '&(s->d1->w_msg_hdr)->seq') & (s->version = 65279) & (is_ccs = '&(s->init_buf->data->msg_header)->is_ccs') & ('&(s->init_buf->data->msg_header)->frag_off' = '&(s->d1->sent_messages->items->data->msg_header)->frag_off') & (! (s->d1->sent_messages->items = 0)) & ('&(s->d1->w_msg_hdr)->msg_len' = '&(s->d1->sent_messages->items->data->msg_header)->msg_len') & ('&(s->d1->sent_messages->items->data->msg_header)->msg_len' = '&(s->d1->sent_messages->items->data->msg_header)->frag_len') & (! (is_ccs = 0)) & ('&(s->init_buf->data->msg_header)->msg_len' = '&(s->init_buf->data->msg_header)->frag_len') & (! (s->init_num = 0)) & ('&(s->init_buf->data->msg_header)->frag_len' = '&(s->d1->w_msg_hdr)->msg_len') & (! (s->d1->sent_messages->items->next = 0)) & (s->init_num = ('&(s->init_buf->data->msg_header)->msg_len' + 1)) & ('&(s->init_buf->data->msg_header)->is_ccs' = '&(s->d1->sent_messages->items->data->msg_header)->is_ccs') & ('&(s->init_buf->data->msg_header)->frag_off' = 0) & ('&(s->d1->w_msg_hdr)->seq' = '&(s->d1->sent_messages->items->data->msg_header)->seq'))),
	DisjunctSignature: label: <ErrorMemoryLeak, 1181, 1183>, 
		allocated: frozenset({frozenset({'s->d1->sent_messages->items'})}), 
		deallocated: frozenset(), 
		return_formula: (return = 1), 
		formula: (((s->init_num = ('&(s->init_buf->data->msg_header)->msg_len' + 3)) & ('&(s->init_buf->data->msg_header)->seq' = 0) & (is_ccs = '&(s->init_buf->data->msg_header)->is_ccs') & (s->d1->sent_messages->items->next = '&(s->init_buf->data->msg_header)->frag_off') & ('&(s->init_buf->data->msg_header)->frag_off' = '&(s->d1->sent_messages->items->data->msg_header)->frag_off') & (! (s->d1->sent_messages->items = 0)) & ('&(s->d1->w_msg_hdr)->msg_len' = '&(s->d1->sent_messages->items->data->msg_header)->msg_len') & ('&(s->d1->sent_messages->items->data->msg_header)->msg_len' = '&(s->d1->sent_messages->items->data->msg_header)->frag_len') & (! (is_ccs = 0)) & ('&(s->init_buf->data->msg_header)->is_ccs' = '&(s->d1->sent_messages->items->data->msg_header)->is_ccs') & ('&(s->init_buf->data->msg_header)->frag_len' = '&(s->d1->w_msg_hdr)->msg_len') & (s->d1->sent_messages->items->next = 0) & (! (s->init_num = 0)) & ('&(s->init_buf->data->msg_header)->seq' = '&(s->d1->w_msg_hdr)->seq') & ('&(s->init_buf->data->msg_header)->msg_len' = '&(s->init_buf->data->msg_header)->frag_len') & ('&(s->d1->w_msg_hdr)->seq' = '&(s->d1->sent_messages->items->data->msg_header)->seq')) | ((s->init_num = ('&(s->init_buf->data->msg_header)->msg_len' + 3)) & ('&(s->init_buf->data->msg_header)->seq' = 0) & (is_ccs = '&(s->init_buf->data->msg_header)->is_ccs') & (s->d1->sent_messages->items->next = '&(s->init_buf->data->msg_header)->frag_off') & ('&(s->init_buf->data->msg_header)->frag_off' = '&(s->d1->sent_messages->items->data->msg_header)->frag_off') & (! (s->d1->sent_messages->items = 0)) & ('&(s->d1->w_msg_hdr)->msg_len' = '&(s->d1->sent_messages->items->data->msg_header)->msg_len') & ('&(s->d1->sent_messages->items->data->msg_header)->msg_len' = '&(s->d1->sent_messages->items->data->msg_header)->frag_len') & (! (is_ccs = 0)) & ('&(s->init_buf->data->msg_header)->is_ccs' = '&(s->d1->sent_messages->items->data->msg_header)->is_ccs') & ('&(s->init_buf->data->msg_header)->frag_len' = '&(s->d1->w_msg_hdr)->msg_len') & (s->d1->sent_messages->items->next = 0) & (! (s->init_num = 0)) & ('&(s->init_buf->data->msg_header)->seq' = '&(s->d1->w_msg_hdr)->seq') & ('&(s->d1->w_msg_hdr)->seq' = '&(s->d1->sent_messages->items->data->msg_header)->seq') & ('&(s->init_buf->data->msg_header)->msg_len' = '&(s->init_buf->data->msg_header)->frag_len')) | ((s->init_num = ('&(s->init_buf->data->msg_header)->msg_len' + 12)) & ('&(s->init_buf->data->msg_header)->seq' = 0) & (is_ccs = '&(s->init_buf->data->msg_header)->is_ccs') & (! (s->d1->sent_messages->items = 0)) & ('&(s->d1->w_msg_hdr)->msg_len' = '&(s->d1->sent_messages->items->data->msg_header)->msg_len') & ('&(s->d1->sent_messages->items->data->msg_header)->msg_len' = '&(s->d1->sent_messages->items->data->msg_header)->frag_len') & (is_ccs = 0) & ('&(s->init_buf->data->msg_header)->msg_len' = '&(s->init_buf->data->msg_header)->frag_len') & ('&(s->init_buf->data->msg_header)->is_ccs' = '&(s->d1->sent_messages->items->data->msg_header)->is_ccs') & (! (s->init_num = 0)) & ('&(s->init_buf->data->msg_header)->frag_len' = '&(s->d1->w_msg_hdr)->msg_len') & (! (s->d1->sent_messages->items->next = 0)) & ('&(s->init_buf->data->msg_header)->seq' = '&(s->d1->w_msg_hdr)->seq') & ('&(s->d1->w_msg_hdr)->seq' = '&(s->d1->sent_messages->items->data->msg_header)->seq')) | ((s->init_num = ('&(s->init_buf->data->msg_header)->msg_len' + 12)) & ('&(s->init_buf->data->msg_header)->seq' = 0) & (is_ccs = '&(s->init_buf->data->msg_header)->is_ccs') & (! (s->d1->sent_messages->items = 0)) & ('&(s->d1->w_msg_hdr)->msg_len' = '&(s->d1->sent_messages->items->data->msg_header)->msg_len') & ('&(s->d1->sent_messages->items->data->msg_header)->msg_len' = '&(s->d1->sent_messages->items->data->msg_header)->frag_len') & (is_ccs = 0) & ('&(s->init_buf->data->msg_header)->msg_len' = '&(s->init_buf->data->msg_header)->frag_len') & ('&(s->init_buf->data->msg_header)->is_ccs' = '&(s->d1->sent_messages->items->data->msg_header)->is_ccs') & (! (s->init_num = 0)) & ('&(s->init_buf->data->msg_header)->frag_len' = '&(s->d1->w_msg_hdr)->msg_len') & ('&(s->d1->w_msg_hdr)->seq' = '&(s->d1->sent_messages->items->data->msg_header)->seq') & ('&(s->init_buf->data->msg_header)->seq' = '&(s->d1->w_msg_hdr)->seq')) | ((s->init_num = ('&(s->init_buf->data->msg_header)->msg_len' + 3)) & ('&(s->init_buf->data->msg_header)->seq' = 0) & (is_ccs = '&(s->init_buf->data->msg_header)->is_ccs') & ('&(s->init_buf->data->msg_header)->frag_off' = '&(s->d1->sent_messages->items->data->msg_header)->frag_off') & (! (s->d1->sent_messages->items = 0)) & ('&(s->d1->w_msg_hdr)->msg_len' = '&(s->d1->sent_messages->items->data->msg_header)->msg_len') & ('&(s->d1->sent_messages->items->data->msg_header)->msg_len' = '&(s->d1->sent_messages->items->data->msg_header)->frag_len') & (! (is_ccs = 0)) & ('&(s->init_buf->data->msg_header)->is_ccs' = '&(s->d1->sent_messages->items->data->msg_header)->is_ccs') & (! (s->init_num = 0)) & ('&(s->init_buf->data->msg_header)->frag_len' = '&(s->d1->w_msg_hdr)->msg_len') & (! (s->d1->sent_messages->items->next = 0)) & ('&(s->init_buf->data->msg_header)->seq' = '&(s->d1->w_msg_hdr)->seq') & ('&(s->d1->w_msg_hdr)->seq' = '&(s->d1->sent_messages->items->data->msg_header)->seq') & ('&(s->init_buf->data->msg_header)->frag_off' = 0) & ('&(s->init_buf->data->msg_header)->msg_len' = '&(s->init_buf->data->msg_header)->frag_len')) | ((s->init_num = ('&(s->init_buf->data->msg_header)->msg_len' + 1)) & ('&(s->init_buf->data->msg_header)->seq' = 0) & (s->version = 65279) & (is_ccs = '&(s->init_buf->data->msg_header)->is_ccs') & (s->d1->sent_messages->items->next = '&(s->init_buf->data->msg_header)->frag_off') & ('&(s->init_buf->data->msg_header)->frag_off' = '&(s->d1->sent_messages->items->data->msg_header)->frag_off') & (! (s->d1->sent_messages->items = 0)) & ('&(s->d1->w_msg_hdr)->msg_len' = '&(s->d1->sent_messages->items->data->msg_header)->msg_len') & ('&(s->d1->sent_messages->items->data->msg_header)->msg_len' = '&(s->d1->sent_messages->items->data->msg_header)->frag_len') & (! (is_ccs = 0)) & ('&(s->init_buf->data->msg_header)->is_ccs' = '&(s->d1->sent_messages->items->data->msg_header)->is_ccs') & ('&(s->init_buf->data->msg_header)->frag_len' = '&(s->d1->w_msg_hdr)->msg_len') & (s->d1->sent_messages->items->next = 0) & (! (s->init_num = 0)) & ('&(s->init_buf->data->msg_header)->seq' = '&(s->d1->w_msg_hdr)->seq') & ('&(s->init_buf->data->msg_header)->msg_len' = '&(s->init_buf->data->msg_header)->frag_len') & ('&(s->d1->w_msg_hdr)->seq' = '&(s->d1->sent_messages->items->data->msg_header)->seq')) | (('&(s->init_buf->data->msg_header)->seq' = 0) & ('&(s->init_buf->data->msg_header)->seq' = '&(s->d1->w_msg_hdr)->seq') & (s->version = 65279) & (is_ccs = '&(s->init_buf->data->msg_header)->is_ccs') & ('&(s->init_buf->data->msg_header)->frag_off' = '&(s->d1->sent_messages->items->data->msg_header)->frag_off') & (! (s->d1->sent_messages->items = 0)) & ('&(s->d1->w_msg_hdr)->msg_len' = '&(s->d1->sent_messages->items->data->msg_header)->msg_len') & ('&(s->d1->sent_messages->items->data->msg_header)->msg_len' = '&(s->d1->sent_messages->items->data->msg_header)->frag_len') & (! (is_ccs = 0)) & ('&(s->init_buf->data->msg_header)->msg_len' = '&(s->init_buf->data->msg_header)->frag_len') & (! (s->init_num = 0)) & ('&(s->init_buf->data->msg_header)->frag_len' = '&(s->d1->w_msg_hdr)->msg_len') & (! (s->d1->sent_messages->items->next = 0)) & (s->init_num = ('&(s->init_buf->data->msg_header)->msg_len' + 1)) & ('&(s->init_buf->data->msg_header)->is_ccs' = '&(s->d1->sent_messages->items->data->msg_header)->is_ccs') & ('&(s->init_buf->data->msg_header)->frag_off' = 0) & ('&(s->d1->w_msg_hdr)->seq' = '&(s->d1->sent_messages->items->data->msg_header)->seq')) | ((s->init_num = ('&(s->init_buf->data->msg_header)->msg_len' + 1)) & ('&(s->init_buf->data->msg_header)->seq' = 0) & (s->version = 65279) & (is_ccs = '&(s->init_buf->data->msg_header)->is_ccs') & ('&(s->init_buf->data->msg_header)->frag_off' = '&(s->d1->sent_messages->items->data->msg_header)->frag_off') & (! (s->d1->sent_messages->items = 0)) & ('&(s->d1->w_msg_hdr)->msg_len' = '&(s->d1->sent_messages->items->data->msg_header)->msg_len') & ('&(s->d1->sent_messages->items->data->msg_header)->msg_len' = '&(s->d1->sent_messages->items->data->msg_header)->frag_len') & (! (is_ccs = 0)) & ('&(s->init_buf->data->msg_header)->msg_len' = '&(s->init_buf->data->msg_header)->frag_len') & (! (s->init_num = 0)) & ('&(s->init_buf->data->msg_header)->frag_len' = '&(s->d1->w_msg_hdr)->msg_len') & (! (s->d1->sent_messages->items->next = 0)) & ('&(s->init_buf->data->msg_header)->seq' = '&(s->d1->w_msg_hdr)->seq') & ('&(s->init_buf->data->msg_header)->is_ccs' = '&(s->d1->sent_messages->items->data->msg_header)->is_ccs') & ('&(s->init_buf->data->msg_header)->frag_off' = 0) & ('&(s->d1->w_msg_hdr)->seq' = '&(s->d1->sent_messages->items->data->msg_header)->seq')) | (('&(s->init_buf->data->msg_header)->seq' = 0) & ('&(s->init_buf->data->msg_header)->seq' = '&(s->d1->w_msg_hdr)->seq') & (s->version = 65279) & (is_ccs = '&(s->init_buf->data->msg_header)->is_ccs') & (s->d1->sent_messages->items->next = '&(s->init_buf->data->msg_header)->frag_off') & ('&(s->init_buf->data->msg_header)->frag_off' = '&(s->d1->sent_messages->items->data->msg_header)->frag_off') & (! (s->d1->sent_messages->items = 0)) & ('&(s->d1->w_msg_hdr)->msg_len' = '&(s->d1->sent_messages->items->data->msg_header)->msg_len') & ('&(s->d1->sent_messages->items->data->msg_header)->msg_len' = '&(s->d1->sent_messages->items->data->msg_header)->frag_len') & (! (is_ccs = 0)) & ('&(s->init_buf->data->msg_header)->is_ccs' = '&(s->d1->sent_messages->items->data->msg_header)->is_ccs') & ('&(s->init_buf->data->msg_header)->frag_len' = '&(s->d1->w_msg_hdr)->msg_len') & (s->d1->sent_messages->items->next = 0) & (! (s->init_num = 0)) & (s->init_num = ('&(s->init_buf->data->msg_header)->msg_len' + 1)) & ('&(s->init_buf->data->msg_header)->msg_len' = '&(s->init_buf->data->msg_header)->frag_len') & ('&(s->d1->w_msg_hdr)->seq' = '&(s->d1->sent_messages->items->data->msg_header)->seq')) | ((! (s->d1->sent_messages->items->next = 0)) & (s->init_num = ('&(s->init_buf->data->msg_header)->msg_len' + 1)) & ('&(s->init_buf->data->msg_header)->seq' = 0) & (s->version = 65279) & (is_ccs = '&(s->init_buf->data->msg_header)->is_ccs') & ('&(s->init_buf->data->msg_header)->frag_off' = '&(s->d1->sent_messages->items->data->msg_header)->frag_off') & (! (s->d1->sent_messages->items = 0)) & ('&(s->d1->w_msg_hdr)->msg_len' = '&(s->d1->sent_messages->items->data->msg_header)->msg_len') & ('&(s->d1->sent_messages->items->data->msg_header)->msg_len' = '&(s->d1->sent_messages->items->data->msg_header)->frag_len') & (! (is_ccs = 0)) & ('&(s->init_buf->data->msg_header)->is_ccs' = '&(s->d1->sent_messages->items->data->msg_header)->is_ccs') & (! (s->init_num = 0)) & ('&(s->init_buf->data->msg_header)->frag_len' = '&(s->d1->w_msg_hdr)->msg_len') & ('&(s->init_buf->data->msg_header)->msg_len' = '&(s->init_buf->data->msg_header)->frag_len') & ('&(s->init_buf->data->msg_header)->seq' = '&(s->d1->w_msg_hdr)->seq') & ('&(s->d1->w_msg_hdr)->seq' = '&(s->d1->sent_messages->items->data->msg_header)->seq') & ('&(s->init_buf->data->msg_header)->frag_off' = 0)) | (('&(s->init_buf->data->msg_header)->seq' = 0) & ('&(s->init_buf->data->msg_header)->seq' = '&(s->d1->w_msg_hdr)->seq') & (s->version = 65279) & (is_ccs = '&(s->init_buf->data->msg_header)->is_ccs') & ('&(s->init_buf->data->msg_header)->frag_off' = 0) & ('&(s->init_buf->data->msg_header)->frag_off' = '&(s->d1->sent_messages->items->data->msg_header)->frag_off') & (! (s->d1->sent_messages->items = 0)) & ('&(s->d1->w_msg_hdr)->msg_len' = '&(s->d1->sent_messages->items->data->msg_header)->msg_len') & ('&(s->d1->sent_messages->items->data->msg_header)->msg_len' = '&(s->d1->sent_messages->items->data->msg_header)->frag_len') & (! (is_ccs = 0)) & ('&(s->init_buf->data->msg_header)->is_ccs' = '&(s->d1->sent_messages->items->data->msg_header)->is_ccs') & (! (s->init_num = 0)) & ('&(s->init_buf->data->msg_header)->frag_len' = '&(s->d1->w_msg_hdr)->msg_len') & (! (s->d1->sent_messages->items->next = 0)) & (s->init_num = ('&(s->init_buf->data->msg_header)->msg_len' + 1)) & ('&(s->init_buf->data->msg_header)->msg_len' = '&(s->init_buf->data->msg_header)->frag_len') & ('&(s->d1->w_msg_hdr)->seq' = '&(s->d1->sent_messages->items->data->msg_header)->seq')) | ((s->init_num = ('&(s->init_buf->data->msg_header)->msg_len' + 3)) & ('&(s->init_buf->data->msg_header)->seq' = 0) & (is_ccs = '&(s->init_buf->data->msg_header)->is_ccs') & ('&(s->init_buf->data->msg_header)->frag_off' = '&(s->d1->sent_messages->items->data->msg_header)->frag_off') & (! (s->d1->sent_messages->items = 0)) & ('&(s->d1->w_msg_hdr)->msg_len' = '&(s->d1->sent_messages->items->data->msg_header)->msg_len') & ('&(s->d1->sent_messages->items->data->msg_header)->msg_len' = '&(s->d1->sent_messages->items->data->msg_header)->frag_len') & (! (is_ccs = 0)) & ('&(s->init_buf->data->msg_header)->is_ccs' = '&(s->d1->sent_messages->items->data->msg_header)->is_ccs') & (! (s->init_num = 0)) & ('&(s->init_buf->data->msg_header)->frag_len' = '&(s->d1->w_msg_hdr)->msg_len') & (! (s->d1->sent_messages->items->next = 0)) & ('&(s->init_buf->data->msg_header)->seq' = '&(s->d1->w_msg_hdr)->seq') & ('&(s->init_buf->data->msg_header)->msg_len' = '&(s->init_buf->data->msg_header)->frag_len') & ('&(s->init_buf->data->msg_header)->frag_off' = 0) & ('&(s->d1->w_msg_hdr)->seq' = '&(s->d1->sent_messages->items->data->msg_header)->seq'))),
	DisjunctSignature: label: <ErrorMemoryLeak, 1216, 1229>, 
		allocated: frozenset(), 
		deallocated: frozenset(), 
		return_formula: (return = 1), 
		formula: (((s->init_num = ('&(s->init_buf->data->msg_header)->msg_len' + 12)) & ('&(s->init_buf->data->msg_header)->seq' = 0) & ('&(s->init_buf->data->msg_header)->seq' = '&(s->d1->w_msg_hdr)->seq') & (is_ccs = '&(s->init_buf->data->msg_header)->is_ccs') & (! (s->d1->sent_messages->items = 0)) & (is_ccs = 0) & ('&(s->init_buf->data->msg_header)->msg_len' = '&(s->init_buf->data->msg_header)->frag_len') & (! (s->init_num = 0)) & ('&(s->init_buf->data->msg_header)->frag_len' = '&(s->d1->w_msg_hdr)->msg_len') & (! (s->d1->sent_messages->items->next = 0)) & (! (s->d1->sent_messages->items->next->next = 0))) | ((s->init_num = ('&(s->init_buf->data->msg_header)->msg_len' + 1)) & (! (s->d1->sent_messages->items->next->next->next = 0)) & ('&(s->init_buf->data->msg_header)->seq' = 0) & (s->version = 65279) & (! (s->d1->sent_messages->items->next->next = 0)) & (is_ccs = '&(s->init_buf->data->msg_header)->is_ccs') & (! (s->d1->sent_messages->items = 0)) & (! (is_ccs = 0)) & ('&(s->init_buf->data->msg_header)->msg_len' = '&(s->init_buf->data->msg_header)->frag_len') & (! (s->init_num = 0)) & ('&(s->init_buf->data->msg_header)->frag_len' = '&(s->d1->w_msg_hdr)->msg_len') & (! (s->d1->sent_messages->items->next = 0)) & ('&(s->init_buf->data->msg_header)->seq' = '&(s->d1->w_msg_hdr)->seq') & ('&(s->init_buf->data->msg_header)->frag_off' = 0)) | (('&(s->init_buf->data->msg_header)->seq' = 0) & ('&(s->init_buf->data->msg_header)->seq' = '&(s->d1->w_msg_hdr)->seq') & (s->version = 65279) & (is_ccs = '&(s->init_buf->data->msg_header)->is_ccs') & (! (s->d1->sent_messages->items->next->next = 0)) & (! (s->d1->sent_messages->items = 0)) & (! (is_ccs = 0)) & ('&(s->init_buf->data->msg_header)->msg_len' = '&(s->init_buf->data->msg_header)->frag_len') & (! (s->init_num = 0)) & ('&(s->init_buf->data->msg_header)->frag_len' = '&(s->d1->w_msg_hdr)->msg_len') & (! (s->d1->sent_messages->items->next = 0)) & (s->init_num = ('&(s->init_buf->data->msg_header)->msg_len' + 1)) & ('&(s->init_buf->data->msg_header)->frag_off' = 0)) | ((s->init_num = ('&(s->init_buf->data->msg_header)->msg_len' + 1)) & ('&(s->init_buf->data->msg_header)->seq' = 0) & (s->version = 65279) & (is_ccs = '&(s->init_buf->data->msg_header)->is_ccs') & (! (s->d1->sent_messages->items = 0)) & (! (is_ccs = 0)) & ('&(s->init_buf->data->msg_header)->msg_len' = '&(s->init_buf->data->msg_header)->frag_len') & (! (s->init_num = 0)) & ('&(s->init_buf->data->msg_header)->frag_len' = '&(s->d1->w_msg_hdr)->msg_len') & (! (s->d1->sent_messages->items->next = 0)) & ('&(s->init_buf->data->msg_header)->seq' = '&(s->d1->w_msg_hdr)->seq') & ('&(s->init_buf->data->msg_header)->frag_off' = 0)) | ((s->init_num = ('&(s->init_buf->data->msg_header)->msg_len' + 12)) & (! (s->d1->sent_messages->items->next->next->next = 0)) & ('&(s->init_buf->data->msg_header)->seq' = 0) & (is_ccs = '&(s->init_buf->data->msg_header)->is_ccs') & (! (s->d1->sent_messages->items->next->next = 0)) & (! (s->d1->sent_messages->items = 0)) & (is_ccs = 0) & ('&(s->init_buf->data->msg_header)->msg_len' = '&(s->init_buf->data->msg_header)->frag_len') & (! (s->init_num = 0)) & ('&(s->init_buf->data->msg_header)->frag_len' = '&(s->d1->w_msg_hdr)->msg_len') & (! (s->d1->sent_messages->items->next = 0)) & ('&(s->init_buf->data->msg_header)->seq' = '&(s->d1->w_msg_hdr)->seq')) | ((s->init_num = ('&(s->init_buf->data->msg_header)->msg_len' + 3)) & ('&(s->init_buf->data->msg_header)->seq' = 0) & (is_ccs = '&(s->init_buf->data->msg_header)->is_ccs') & (! (s->d1->sent_messages->items = 0)) & (! (is_ccs = 0)) & ('&(s->init_buf->data->msg_header)->msg_len' = '&(s->init_buf->data->msg_header)->frag_len') & (! (s->init_num = 0)) & ('&(s->init_buf->data->msg_header)->frag_len' = '&(s->d1->w_msg_hdr)->msg_len') & ('&(s->init_buf->data->msg_header)->seq' = '&(s->d1->w_msg_hdr)->seq') & ('&(s->init_buf->data->msg_header)->frag_off' = 0)) | ((s->init_num = ('&(s->init_buf->data->msg_header)->msg_len' + 12)) & ('&(s->init_buf->data->msg_header)->seq' = 0) & (is_ccs = '&(s->init_buf->data->msg_header)->is_ccs') & (! (s->d1->sent_messages->items = 0)) & (is_ccs = 0) & ('&(s->init_buf->data->msg_header)->msg_len' = '&(s->init_buf->data->msg_header)->frag_len') & (! (s->init_num = 0)) & ('&(s->init_buf->data->msg_header)->frag_len' = '&(s->d1->w_msg_hdr)->msg_len') & ('&(s->init_buf->data->msg_header)->seq' = '&(s->d1->w_msg_hdr)->seq')) | ((s->init_num = ('&(s->init_buf->data->msg_header)->msg_len' + 3)) & ('&(s->init_buf->data->msg_header)->seq' = 0) & ('&(s->init_buf->data->msg_header)->seq' = '&(s->d1->w_msg_hdr)->seq') & (is_ccs = '&(s->init_buf->data->msg_header)->is_ccs') & (! (s->d1->sent_messages->items = 0)) & (! (is_ccs = 0)) & ('&(s->init_buf->data->msg_header)->msg_len' = '&(s->init_buf->data->msg_header)->frag_len') & (! (s->init_num = 0)) & ('&(s->init_buf->data->msg_header)->frag_len' = '&(s->d1->w_msg_hdr)->msg_len') & (! (s->d1->sent_messages->items->next = 0)) & (! (s->d1->sent_messages->items->next->next = 0)) & ('&(s->init_buf->data->msg_header)->frag_off' = 0)) | ((s->init_num = ('&(s->init_buf->data->msg_header)->msg_len' + 12)) & ('&(s->init_buf->data->msg_header)->seq' = 0) & (is_ccs = '&(s->init_buf->data->msg_header)->is_ccs') & (! (s->d1->sent_messages->items = 0)) & (is_ccs = 0) & ('&(s->init_buf->data->msg_header)->msg_len' = '&(s->init_buf->data->msg_header)->frag_len') & (! (s->init_num = 0)) & ('&(s->init_buf->data->msg_header)->frag_len' = '&(s->d1->w_msg_hdr)->msg_len') & (! (s->d1->sent_messages->items->next = 0)) & ('&(s->init_buf->data->msg_header)->seq' = '&(s->d1->w_msg_hdr)->seq')) | ((! (s->d1->sent_messages->items->next->next->next = 0)) & (s->init_num = ('&(s->init_buf->data->msg_header)->msg_len' + 3)) & ('&(s->init_buf->data->msg_header)->seq' = 0) & (is_ccs = '&(s->init_buf->data->msg_header)->is_ccs') & (! (s->d1->sent_messages->items->next->next = 0)) & (! (s->d1->sent_messages->items = 0)) & (! (is_ccs = 0)) & ('&(s->init_buf->data->msg_header)->msg_len' = '&(s->init_buf->data->msg_header)->frag_len') & (! (s->init_num = 0)) & ('&(s->init_buf->data->msg_header)->frag_len' = '&(s->d1->w_msg_hdr)->msg_len') & (! (s->d1->sent_messages->items->next = 0)) & ('&(s->init_buf->data->msg_header)->seq' = '&(s->d1->w_msg_hdr)->seq') & ('&(s->init_buf->data->msg_header)->frag_off' = 0)) | ((s->init_num = ('&(s->init_buf->data->msg_header)->msg_len' + 3)) & ('&(s->init_buf->data->msg_header)->seq' = 0) & (is_ccs = '&(s->init_buf->data->msg_header)->is_ccs') & (! (s->d1->sent_messages->items = 0)) & (! (is_ccs = 0)) & ('&(s->init_buf->data->msg_header)->msg_len' = '&(s->init_buf->data->msg_header)->frag_len') & (! (s->init_num = 0)) & ('&(s->init_buf->data->msg_header)->frag_len' = '&(s->d1->w_msg_hdr)->msg_len') & (! (s->d1->sent_messages->items->next = 0)) & ('&(s->init_buf->data->msg_header)->seq' = '&(s->d1->w_msg_hdr)->seq') & ('&(s->init_buf->data->msg_header)->frag_off' = 0)) | (('&(s->init_buf->data->msg_header)->seq' = 0) & ('&(s->init_buf->data->msg_header)->seq' = '&(s->d1->w_msg_hdr)->seq') & (s->version = 65279) & (is_ccs = '&(s->init_buf->data->msg_header)->is_ccs') & (! (s->d1->sent_messages->items = 0)) & (! (is_ccs = 0)) & ('&(s->init_buf->data->msg_header)->msg_len' = '&(s->init_buf->data->msg_header)->frag_len') & (! (s->init_num = 0)) & ('&(s->init_buf->data->msg_header)->frag_len' = '&(s->d1->w_msg_hdr)->msg_len') & (s->init_num = ('&(s->init_buf->data->msg_header)->msg_len' + 1)) & ('&(s->init_buf->data->msg_header)->frag_off' = 0))),
	DisjunctSignature: label: <ErrorMemoryLeak, 1183, 1183>, 
		allocated: frozenset(), 
		deallocated: frozenset(), 
		return_formula: (return = 1), 
		formula: (((s->init_num = ('&(s->init_buf->data->msg_header)->msg_len' + 12)) & ('&(s->init_buf->data->msg_header)->seq' = 0) & ('&(s->init_buf->data->msg_header)->seq' = '&(s->d1->w_msg_hdr)->seq') & (is_ccs = '&(s->init_buf->data->msg_header)->is_ccs') & (! (s->d1->sent_messages->items = 0)) & (is_ccs = 0) & ('&(s->init_buf->data->msg_header)->msg_len' = '&(s->init_buf->data->msg_header)->frag_len') & (! (s->init_num = 0)) & ('&(s->init_buf->data->msg_header)->frag_len' = '&(s->d1->w_msg_hdr)->msg_len') & (! (s->d1->sent_messages->items->next = 0)) & (! (s->d1->sent_messages->items->next->next = 0))) | ((s->init_num = ('&(s->init_buf->data->msg_header)->msg_len' + 1)) & (! (s->d1->sent_messages->items->next->next->next = 0)) & ('&(s->init_buf->data->msg_header)->seq' = 0) & (s->version = 65279) & (! (s->d1->sent_messages->items->next->next = 0)) & (is_ccs = '&(s->init_buf->data->msg_header)->is_ccs') & (! (s->d1->sent_messages->items = 0)) & (! (is_ccs = 0)) & ('&(s->init_buf->data->msg_header)->msg_len' = '&(s->init_buf->data->msg_header)->frag_len') & (! (s->init_num = 0)) & ('&(s->init_buf->data->msg_header)->frag_len' = '&(s->d1->w_msg_hdr)->msg_len') & (! (s->d1->sent_messages->items->next = 0)) & ('&(s->init_buf->data->msg_header)->seq' = '&(s->d1->w_msg_hdr)->seq') & ('&(s->init_buf->data->msg_header)->frag_off' = 0)) | (('&(s->init_buf->data->msg_header)->seq' = 0) & ('&(s->init_buf->data->msg_header)->seq' = '&(s->d1->w_msg_hdr)->seq') & (s->version = 65279) & (is_ccs = '&(s->init_buf->data->msg_header)->is_ccs') & (! (s->d1->sent_messages->items->next->next = 0)) & (! (s->d1->sent_messages->items = 0)) & (! (is_ccs = 0)) & ('&(s->init_buf->data->msg_header)->msg_len' = '&(s->init_buf->data->msg_header)->frag_len') & (! (s->init_num = 0)) & ('&(s->init_buf->data->msg_header)->frag_len' = '&(s->d1->w_msg_hdr)->msg_len') & (! (s->d1->sent_messages->items->next = 0)) & (s->init_num = ('&(s->init_buf->data->msg_header)->msg_len' + 1)) & ('&(s->init_buf->data->msg_header)->frag_off' = 0)) | ((s->init_num = ('&(s->init_buf->data->msg_header)->msg_len' + 3)) & ('&(s->init_buf->data->msg_header)->seq' = 0) & (is_ccs = '&(s->init_buf->data->msg_header)->is_ccs') & (! (s->d1->sent_messages->items = 0)) & (! (is_ccs = 0)) & ('&(s->init_buf->data->msg_header)->msg_len' = '&(s->init_buf->data->msg_header)->frag_len') & (! (s->init_num = 0)) & ('&(s->init_buf->data->msg_header)->frag_len' = '&(s->d1->w_msg_hdr)->msg_len') & ('&(s->init_buf->data->msg_header)->seq' = '&(s->d1->w_msg_hdr)->seq') & ('&(s->init_buf->data->msg_header)->frag_off' = 0)) | ((s->init_num = ('&(s->init_buf->data->msg_header)->msg_len' + 1)) & ('&(s->init_buf->data->msg_header)->seq' = 0) & (s->version = 65279) & (is_ccs = '&(s->init_buf->data->msg_header)->is_ccs') & (! (s->d1->sent_messages->items = 0)) & (! (is_ccs = 0)) & ('&(s->init_buf->data->msg_header)->msg_len' = '&(s->init_buf->data->msg_header)->frag_len') & (! (s->init_num = 0)) & ('&(s->init_buf->data->msg_header)->frag_len' = '&(s->d1->w_msg_hdr)->msg_len') & (! (s->d1->sent_messages->items->next = 0)) & ('&(s->init_buf->data->msg_header)->seq' = '&(s->d1->w_msg_hdr)->seq') & ('&(s->init_buf->data->msg_header)->frag_off' = 0)) | ((s->init_num = ('&(s->init_buf->data->msg_header)->msg_len' + 12)) & (! (s->d1->sent_messages->items->next->next->next = 0)) & ('&(s->init_buf->data->msg_header)->seq' = 0) & (is_ccs = '&(s->init_buf->data->msg_header)->is_ccs') & (! (s->d1->sent_messages->items->next->next = 0)) & (! (s->d1->sent_messages->items = 0)) & (is_ccs = 0) & ('&(s->init_buf->data->msg_header)->msg_len' = '&(s->init_buf->data->msg_header)->frag_len') & (! (s->init_num = 0)) & ('&(s->init_buf->data->msg_header)->frag_len' = '&(s->d1->w_msg_hdr)->msg_len') & (! (s->d1->sent_messages->items->next = 0)) & ('&(s->init_buf->data->msg_header)->seq' = '&(s->d1->w_msg_hdr)->seq')) | ((s->init_num = ('&(s->init_buf->data->msg_header)->msg_len' + 12)) & ('&(s->init_buf->data->msg_header)->seq' = 0) & (is_ccs = '&(s->init_buf->data->msg_header)->is_ccs') & (! (s->d1->sent_messages->items = 0)) & (is_ccs = 0) & ('&(s->init_buf->data->msg_header)->msg_len' = '&(s->init_buf->data->msg_header)->frag_len') & (! (s->init_num = 0)) & ('&(s->init_buf->data->msg_header)->frag_len' = '&(s->d1->w_msg_hdr)->msg_len') & ('&(s->init_buf->data->msg_header)->seq' = '&(s->d1->w_msg_hdr)->seq')) | ((s->init_num = ('&(s->init_buf->data->msg_header)->msg_len' + 3)) & ('&(s->init_buf->data->msg_header)->seq' = 0) & ('&(s->init_buf->data->msg_header)->seq' = '&(s->d1->w_msg_hdr)->seq') & (is_ccs = '&(s->init_buf->data->msg_header)->is_ccs') & (! (s->d1->sent_messages->items = 0)) & (! (is_ccs = 0)) & ('&(s->init_buf->data->msg_header)->msg_len' = '&(s->init_buf->data->msg_header)->frag_len') & (! (s->init_num = 0)) & ('&(s->init_buf->data->msg_header)->frag_len' = '&(s->d1->w_msg_hdr)->msg_len') & (! (s->d1->sent_messages->items->next = 0)) & (! (s->d1->sent_messages->items->next->next = 0)) & ('&(s->init_buf->data->msg_header)->frag_off' = 0)) | ((s->init_num = ('&(s->init_buf->data->msg_header)->msg_len' + 12)) & ('&(s->init_buf->data->msg_header)->seq' = 0) & (is_ccs = '&(s->init_buf->data->msg_header)->is_ccs') & (! (s->d1->sent_messages->items = 0)) & (is_ccs = 0) & ('&(s->init_buf->data->msg_header)->msg_len' = '&(s->init_buf->data->msg_header)->frag_len') & (! (s->init_num = 0)) & ('&(s->init_buf->data->msg_header)->frag_len' = '&(s->d1->w_msg_hdr)->msg_len') & (! (s->d1->sent_messages->items->next = 0)) & ('&(s->init_buf->data->msg_header)->seq' = '&(s->d1->w_msg_hdr)->seq')) | ((! (s->d1->sent_messages->items->next->next->next = 0)) & (s->init_num = ('&(s->init_buf->data->msg_header)->msg_len' + 3)) & ('&(s->init_buf->data->msg_header)->seq' = 0) & (is_ccs = '&(s->init_buf->data->msg_header)->is_ccs') & (! (s->d1->sent_messages->items->next->next = 0)) & (! (s->d1->sent_messages->items = 0)) & (! (is_ccs = 0)) & ('&(s->init_buf->data->msg_header)->msg_len' = '&(s->init_buf->data->msg_header)->frag_len') & (! (s->init_num = 0)) & ('&(s->init_buf->data->msg_header)->frag_len' = '&(s->d1->w_msg_hdr)->msg_len') & (! (s->d1->sent_messages->items->next = 0)) & ('&(s->init_buf->data->msg_header)->seq' = '&(s->d1->w_msg_hdr)->seq') & ('&(s->init_buf->data->msg_header)->frag_off' = 0)) | ((s->init_num = ('&(s->init_buf->data->msg_header)->msg_len' + 3)) & ('&(s->init_buf->data->msg_header)->seq' = 0) & (is_ccs = '&(s->init_buf->data->msg_header)->is_ccs') & (! (s->d1->sent_messages->items = 0)) & (! (is_ccs = 0)) & ('&(s->init_buf->data->msg_header)->msg_len' = '&(s->init_buf->data->msg_header)->frag_len') & (! (s->init_num = 0)) & ('&(s->init_buf->data->msg_header)->frag_len' = '&(s->d1->w_msg_hdr)->msg_len') & (! (s->d1->sent_messages->items->next = 0)) & ('&(s->init_buf->data->msg_header)->seq' = '&(s->d1->w_msg_hdr)->seq') & ('&(s->init_buf->data->msg_header)->frag_off' = 0)) | (('&(s->init_buf->data->msg_header)->seq' = 0) & ('&(s->init_buf->data->msg_header)->seq' = '&(s->d1->w_msg_hdr)->seq') & (s->version = 65279) & (is_ccs = '&(s->init_buf->data->msg_header)->is_ccs') & (! (s->d1->sent_messages->items = 0)) & (! (is_ccs = 0)) & ('&(s->init_buf->data->msg_header)->msg_len' = '&(s->init_buf->data->msg_header)->frag_len') & (! (s->init_num = 0)) & ('&(s->init_buf->data->msg_header)->frag_len' = '&(s->d1->w_msg_hdr)->msg_len') & (s->init_num = ('&(s->init_buf->data->msg_header)->msg_len' + 1)) & ('&(s->init_buf->data->msg_header)->frag_off' = 0))),
	DisjunctSignature: label: <ErrorMemoryLeak, 1181, 1183>, 
		allocated: frozenset(), 
		deallocated: frozenset(), 
		return_formula: (return = 1), 
		formula: (((s->init_num = ('&(s->init_buf->data->msg_header)->msg_len' + 12)) & (! (s->d1->sent_messages->items->next->next->next = 0)) & ('&(s->init_buf->data->msg_header)->seq' = 0) & ('&(s->init_buf->data->msg_header)->seq' = '&(s->d1->w_msg_hdr)->seq') & (is_ccs = '&(s->init_buf->data->msg_header)->is_ccs') & (! (s->d1->sent_messages->items = 0)) & (is_ccs = 0) & ('&(s->init_buf->data->msg_header)->msg_len' = '&(s->init_buf->data->msg_header)->frag_len') & (! (s->init_num = 0)) & ('&(s->init_buf->data->msg_header)->frag_len' = '&(s->d1->w_msg_hdr)->msg_len') & (! (s->d1->sent_messages->items->next = 0)) & (! (s->d1->sent_messages->items->next->next = 0))) | ((s->init_num = ('&(s->init_buf->data->msg_header)->msg_len' + 12)) & (! (s->d1->sent_messages->items->next->next->next = 0)) & ('&(s->init_buf->data->msg_header)->seq' = 0) & (is_ccs = '&(s->init_buf->data->msg_header)->is_ccs') & (! (s->d1->sent_messages->items->next->next = 0)) & (! (s->d1->sent_messages->items = 0)) & (is_ccs = 0) & ('&(s->init_buf->data->msg_header)->msg_len' = '&(s->init_buf->data->msg_header)->frag_len') & (! (s->init_num = 0)) & ('&(s->init_buf->data->msg_header)->frag_len' = '&(s->d1->w_msg_hdr)->msg_len') & (! (s->d1->sent_messages->items->next = 0)) & ('&(s->init_buf->data->msg_header)->seq' = '&(s->d1->w_msg_hdr)->seq')) | ((s->init_num = ('&(s->init_buf->data->msg_header)->msg_len' + 12)) & ('&(s->init_buf->data->msg_header)->seq' = 0) & (is_ccs = '&(s->init_buf->data->msg_header)->is_ccs') & (! (s->d1->sent_messages->items = 0)) & (is_ccs = 0) & ('&(s->init_buf->data->msg_header)->msg_len' = '&(s->init_buf->data->msg_header)->frag_len') & (! (s->init_num = 0)) & ('&(s->init_buf->data->msg_header)->frag_len' = '&(s->d1->w_msg_hdr)->msg_len') & (! (s->d1->sent_messages->items->next = 0)) & ('&(s->init_buf->data->msg_header)->seq' = '&(s->d1->w_msg_hdr)->seq')) | ((! (s->d1->sent_messages->items->next->next->next = 0)) & (s->init_num = ('&(s->init_buf->data->msg_header)->msg_len' + 3)) & ('&(s->init_buf->data->msg_header)->seq' = 0) & ('&(s->init_buf->data->msg_header)->seq' = '&(s->d1->w_msg_hdr)->seq') & (is_ccs = '&(s->init_buf->data->msg_header)->is_ccs') & (! (s->d1->sent_messages->items = 0)) & (! (is_ccs = 0)) & ('&(s->init_buf->data->msg_header)->msg_len' = '&(s->init_buf->data->msg_header)->frag_len') & (! (s->init_num = 0)) & ('&(s->init_buf->data->msg_header)->frag_len' = '&(s->d1->w_msg_hdr)->msg_len') & (! (s->d1->sent_messages->items->next = 0)) & (! (s->d1->sent_messages->items->next->next = 0)) & ('&(s->init_buf->data->msg_header)->frag_off' = 0)) | ((! (s->d1->sent_messages->items->next->next->next = 0)) & (s->init_num = ('&(s->init_buf->data->msg_header)->msg_len' + 3)) & ('&(s->init_buf->data->msg_header)->seq' = 0) & (is_ccs = '&(s->init_buf->data->msg_header)->is_ccs') & (! (s->d1->sent_messages->items->next->next = 0)) & (! (s->d1->sent_messages->items = 0)) & (! (is_ccs = 0)) & ('&(s->init_buf->data->msg_header)->msg_len' = '&(s->init_buf->data->msg_header)->frag_len') & (! (s->init_num = 0)) & ('&(s->init_buf->data->msg_header)->frag_len' = '&(s->d1->w_msg_hdr)->msg_len') & (! (s->d1->sent_messages->items->next = 0)) & ('&(s->init_buf->data->msg_header)->seq' = '&(s->d1->w_msg_hdr)->seq') & ('&(s->init_buf->data->msg_header)->frag_off' = 0)) | ((s->init_num = ('&(s->init_buf->data->msg_header)->msg_len' + 3)) & ('&(s->init_buf->data->msg_header)->seq' = 0) & (is_ccs = '&(s->init_buf->data->msg_header)->is_ccs') & (! (s->d1->sent_messages->items = 0)) & (! (is_ccs = 0)) & ('&(s->init_buf->data->msg_header)->msg_len' = '&(s->init_buf->data->msg_header)->frag_len') & (! (s->init_num = 0)) & ('&(s->init_buf->data->msg_header)->frag_len' = '&(s->d1->w_msg_hdr)->msg_len') & (! (s->d1->sent_messages->items->next = 0)) & ('&(s->init_buf->data->msg_header)->seq' = '&(s->d1->w_msg_hdr)->seq') & ('&(s->init_buf->data->msg_header)->frag_off' = 0)) | ((s->init_num = ('&(s->init_buf->data->msg_header)->msg_len' + 1)) & ('&(s->init_buf->data->msg_header)->seq' = 0) & (s->version = 65279) & (is_ccs = '&(s->init_buf->data->msg_header)->is_ccs') & (! (s->d1->sent_messages->items->next->next = 0)) & (! (s->d1->sent_messages->items = 0)) & (! (is_ccs = 0)) & ('&(s->init_buf->data->msg_header)->msg_len' = '&(s->init_buf->data->msg_header)->frag_len') & (! (s->init_num = 0)) & ('&(s->init_buf->data->msg_header)->frag_len' = '&(s->d1->w_msg_hdr)->msg_len') & (! (s->d1->sent_messages->items->next = 0)) & ('&(s->init_buf->data->msg_header)->seq' = '&(s->d1->w_msg_hdr)->seq') & ('&(s->init_buf->data->msg_header)->frag_off' = 0)) | (('&(s->init_buf->data->msg_header)->seq' = 0) & ('&(s->init_buf->data->msg_header)->seq' = '&(s->d1->w_msg_hdr)->seq') & (s->version = 65279) & (is_ccs = '&(s->init_buf->data->msg_header)->is_ccs') & (! (s->d1->sent_messages->items->next->next = 0)) & (! (s->d1->sent_messages->items = 0)) & (! (is_ccs = 0)) & ('&(s->init_buf->data->msg_header)->msg_len' = '&(s->init_buf->data->msg_header)->frag_len') & (! (s->init_num = 0)) & ('&(s->init_buf->data->msg_header)->frag_len' = '&(s->d1->w_msg_hdr)->msg_len') & (! (s->d1->sent_messages->items->next = 0)) & (s->init_num = ('&(s->init_buf->data->msg_header)->msg_len' + 1)) & ('&(s->init_buf->data->msg_header)->frag_off' = 0)) | (('&(s->init_buf->data->msg_header)->seq' = 0) & ('&(s->init_buf->data->msg_header)->seq' = '&(s->d1->w_msg_hdr)->seq') & (s->version = 65279) & (is_ccs = '&(s->init_buf->data->msg_header)->is_ccs') & (! (s->d1->sent_messages->items = 0)) & (! (is_ccs = 0)) & ('&(s->init_buf->data->msg_header)->msg_len' = '&(s->init_buf->data->msg_header)->frag_len') & (! (s->init_num = 0)) & ('&(s->init_buf->data->msg_header)->frag_len' = '&(s->d1->w_msg_hdr)->msg_len') & (s->init_num = ('&(s->init_buf->data->msg_header)->msg_len' + 1)) & ('&(s->init_buf->data->msg_header)->frag_off' = 0)) | ((s->init_num = ('&(s->init_buf->data->msg_header)->msg_len' + 1)) & ('&(s->init_buf->data->msg_header)->seq' = 0) & (s->version = 65279) & (is_ccs = '&(s->init_buf->data->msg_header)->is_ccs') & (! (s->d1->sent_messages->items = 0)) & (! (is_ccs = 0)) & ('&(s->init_buf->data->msg_header)->msg_len' = '&(s->init_buf->data->msg_header)->frag_len') & (! (s->init_num = 0)) & ('&(s->init_buf->data->msg_header)->frag_len' = '&(s->d1->w_msg_hdr)->msg_len') & ('&(s->init_buf->data->msg_header)->seq' = '&(s->d1->w_msg_hdr)->seq') & ('&(s->init_buf->data->msg_header)->frag_off' = 0)) | ((s->init_num = ('&(s->init_buf->data->msg_header)->msg_len' + 12)) & ('&(s->init_buf->data->msg_header)->seq' = 0) & ('&(s->init_buf->data->msg_header)->seq' = '&(s->d1->w_msg_hdr)->seq') & (is_ccs = '&(s->init_buf->data->msg_header)->is_ccs') & (! (s->d1->sent_messages->items = 0)) & (is_ccs = 0) & ('&(s->init_buf->data->msg_header)->msg_len' = '&(s->init_buf->data->msg_header)->frag_len') & (! (s->init_num = 0)) & ('&(s->init_buf->data->msg_header)->frag_len' = '&(s->d1->w_msg_hdr)->msg_len') & (! (s->d1->sent_messages->items->next = 0)) & (! (s->d1->sent_messages->items->next->next = 0))) | ((s->init_num = ('&(s->init_buf->data->msg_header)->msg_len' + 12)) & ('&(s->init_buf->data->msg_header)->seq' = 0) & (is_ccs = '&(s->init_buf->data->msg_header)->is_ccs') & (! (s->d1->sent_messages->items->next->next = 0)) & (! (s->d1->sent_messages->items = 0)) & (is_ccs = 0) & ('&(s->init_buf->data->msg_header)->msg_len' = '&(s->init_buf->data->msg_header)->frag_len') & (! (s->init_num = 0)) & ('&(s->init_buf->data->msg_header)->frag_len' = '&(s->d1->w_msg_hdr)->msg_len') & (! (s->d1->sent_messages->items->next = 0)) & ('&(s->init_buf->data->msg_header)->seq' = '&(s->d1->w_msg_hdr)->seq')) | ((s->init_num = ('&(s->init_buf->data->msg_header)->msg_len' + 3)) & ('&(s->init_buf->data->msg_header)->seq' = 0) & ('&(s->init_buf->data->msg_header)->seq' = '&(s->d1->w_msg_hdr)->seq') & (is_ccs = '&(s->init_buf->data->msg_header)->is_ccs') & (! (s->d1->sent_messages->items = 0)) & (! (is_ccs = 0)) & ('&(s->init_buf->data->msg_header)->msg_len' = '&(s->init_buf->data->msg_header)->frag_len') & (! (s->init_num = 0)) & ('&(s->init_buf->data->msg_header)->frag_len' = '&(s->d1->w_msg_hdr)->msg_len') & (! (s->d1->sent_messages->items->next = 0)) & (! (s->d1->sent_messages->items->next->next = 0)) & ('&(s->init_buf->data->msg_header)->frag_off' = 0)) | ((s->init_num = ('&(s->init_buf->data->msg_header)->msg_len' + 3)) & ('&(s->init_buf->data->msg_header)->seq' = 0) & (is_ccs = '&(s->init_buf->data->msg_header)->is_ccs') & (! (s->d1->sent_messages->items->next->next = 0)) & (! (s->d1->sent_messages->items = 0)) & (! (is_ccs = 0)) & ('&(s->init_buf->data->msg_header)->msg_len' = '&(s->init_buf->data->msg_header)->frag_len') & (! (s->init_num = 0)) & ('&(s->init_buf->data->msg_header)->frag_len' = '&(s->d1->w_msg_hdr)->msg_len') & (! (s->d1->sent_messages->items->next = 0)) & ('&(s->init_buf->data->msg_header)->seq' = '&(s->d1->w_msg_hdr)->seq') & ('&(s->init_buf->data->msg_header)->frag_off' = 0)) | ((! (s->d1->sent_messages->items->next->next->next = 0)) & ('&(s->init_buf->data->msg_header)->seq' = 0) & ('&(s->init_buf->data->msg_header)->seq' = '&(s->d1->w_msg_hdr)->seq') & (s->version = 65279) & (! (s->d1->sent_messages->items->next->next = 0)) & (is_ccs = '&(s->init_buf->data->msg_header)->is_ccs') & (! (s->d1->sent_messages->items = 0)) & (! (is_ccs = 0)) & ('&(s->init_buf->data->msg_header)->msg_len' = '&(s->init_buf->data->msg_header)->frag_len') & (! (s->init_num = 0)) & ('&(s->init_buf->data->msg_header)->frag_len' = '&(s->d1->w_msg_hdr)->msg_len') & (! (s->d1->sent_messages->items->next = 0)) & (s->init_num = ('&(s->init_buf->data->msg_header)->msg_len' + 1)) & ('&(s->init_buf->data->msg_header)->frag_off' = 0)) | (('&(s->init_buf->data->msg_header)->seq' = 0) & ('&(s->init_buf->data->msg_header)->seq' = '&(s->d1->w_msg_hdr)->seq') & (s->version = 65279) & (is_ccs = '&(s->init_buf->data->msg_header)->is_ccs') & (! (s->d1->sent_messages->items = 0)) & (! (is_ccs = 0)) & ('&(s->init_buf->data->msg_header)->msg_len' = '&(s->init_buf->data->msg_header)->frag_len') & (! (s->init_num = 0)) & ('&(s->init_buf->data->msg_header)->frag_len' = '&(s->d1->w_msg_hdr)->msg_len') & (! (s->d1->sent_messages->items->next = 0)) & (s->init_num = ('&(s->init_buf->data->msg_header)->msg_len' + 1)) & ('&(s->init_buf->data->msg_header)->frag_off' = 0)) | ((s->init_num = ('&(s->init_buf->data->msg_header)->msg_len' + 1)) & (! (s->d1->sent_messages->items->next->next->next = 0)) & ('&(s->init_buf->data->msg_header)->seq' = 0) & (s->version = 65279) & (! (s->d1->sent_messages->items->next->next = 0)) & (is_ccs = '&(s->init_buf->data->msg_header)->is_ccs') & (! (s->d1->sent_messages->items = 0)) & (! (is_ccs = 0)) & ('&(s->init_buf->data->msg_header)->msg_len' = '&(s->init_buf->data->msg_header)->frag_len') & (! (s->init_num = 0)) & ('&(s->init_buf->data->msg_header)->frag_len' = '&(s->d1->w_msg_hdr)->msg_len') & (! (s->d1->sent_messages->items->next = 0)) & ('&(s->init_buf->data->msg_header)->seq' = '&(s->d1->w_msg_hdr)->seq') & ('&(s->init_buf->data->msg_header)->frag_off' = 0)) | ((s->init_num = ('&(s->init_buf->data->msg_header)->msg_len' + 1)) & ('&(s->init_buf->data->msg_header)->seq' = 0) & (s->version = 65279) & (is_ccs = '&(s->init_buf->data->msg_header)->is_ccs') & (! (s->d1->sent_messages->items = 0)) & (! (is_ccs = 0)) & ('&(s->init_buf->data->msg_header)->msg_len' = '&(s->init_buf->data->msg_header)->frag_len') & (! (s->init_num = 0)) & ('&(s->init_buf->data->msg_header)->frag_len' = '&(s->d1->w_msg_hdr)->msg_len') & (! (s->d1->sent_messages->items->next = 0)) & ('&(s->init_buf->data->msg_header)->seq' = '&(s->d1->w_msg_hdr)->seq') & ('&(s->init_buf->data->msg_header)->frag_off' = 0)) | ((s->init_num = ('&(s->init_buf->data->msg_header)->msg_len' + 3)) & ('&(s->init_buf->data->msg_header)->seq' = 0) & (is_ccs = '&(s->init_buf->data->msg_header)->is_ccs') & (! (s->d1->sent_messages->items = 0)) & (! (is_ccs = 0)) & ('&(s->init_buf->data->msg_header)->msg_len' = '&(s->init_buf->data->msg_header)->frag_len') & (! (s->init_num = 0)) & ('&(s->init_buf->data->msg_header)->frag_len' = '&(s->d1->w_msg_hdr)->msg_len') & ('&(s->init_buf->data->msg_header)->seq' = '&(s->d1->w_msg_hdr)->seq') & ('&(s->init_buf->data->msg_header)->frag_off' = 0)) | ((s->init_num = ('&(s->init_buf->data->msg_header)->msg_len' + 12)) & ('&(s->init_buf->data->msg_header)->seq' = 0) & (is_ccs = '&(s->init_buf->data->msg_header)->is_ccs') & (! (s->d1->sent_messages->items = 0)) & (is_ccs = 0) & ('&(s->init_buf->data->msg_header)->msg_len' = '&(s->init_buf->data->msg_header)->frag_len') & (! (s->init_num = 0)) & ('&(s->init_buf->data->msg_header)->frag_len' = '&(s->d1->w_msg_hdr)->msg_len') & ('&(s->init_buf->data->msg_header)->seq' = '&(s->d1->w_msg_hdr)->seq'))),
	DisjunctSignature: label: <ISLLatentMemoryError, 0, 0>, 
		allocated: frozenset(), 
		deallocated: frozenset(), 
		return_formula: True, 
		formula: ((s->init_num = ('&(s->init_buf->data->msg_header)->msg_len' + 12)) & ('&(s->init_buf->data->msg_header)->seq' = 0) & (is_ccs = '&(s->init_buf->data->msg_header)->is_ccs') & (is_ccs = 0) & ('&(s->init_buf->data->msg_header)->msg_len' = '&(s->init_buf->data->msg_header)->frag_len') & (! (s->init_num = 0)) & ('&(s->init_buf->data->msg_header)->frag_len' = '&(s->d1->w_msg_hdr)->msg_len') & ('&(s->init_buf->data->msg_header)->seq' = '&(s->d1->w_msg_hdr)->seq')),
	DisjunctSignature: label: <ISLLatentMemoryError, 0, 0>, 
		allocated: frozenset(), 
		deallocated: frozenset(), 
		return_formula: True, 
		formula: ((s->init_num = ('&(s->init_buf->data->msg_header)->msg_len' + 12)) & (is_ccs = '&(s->init_buf->data->msg_header)->is_ccs') & (is_ccs = 0) & ('&(s->init_buf->data->msg_header)->msg_len' = '&(s->init_buf->data->msg_header)->frag_len') & (! (s->init_num = 0)) & ('&(s->init_buf->data->msg_header)->frag_len' = '&(s->d1->w_msg_hdr)->msg_len')),
	DisjunctSignature: label: <ISLLatentMemoryError, 0, 0>, 
		allocated: frozenset(), 
		deallocated: frozenset(), 
		return_formula: True, 
		formula: (((s->init_num = ('&(s->init_buf->data->msg_header)->msg_len' + 3)) & ('&(s->init_buf->data->msg_header)->seq' = 0) & (is_ccs = '&(s->init_buf->data->msg_header)->is_ccs') & ('&(s->init_buf->data->msg_header)->msg_len' = '&(s->init_buf->data->msg_header)->frag_len') & (! (is_ccs = 0)) & (! (s->init_num = 0)) & ('&(s->init_buf->data->msg_header)->frag_len' = '&(s->d1->w_msg_hdr)->msg_len') & ('&(s->init_buf->data->msg_header)->seq' = '&(s->d1->w_msg_hdr)->seq') & ('&(s->init_buf->data->msg_header)->frag_off' = 0)) | ((s->init_num = ('&(s->init_buf->data->msg_header)->msg_len' + 3)) & ('&(s->init_buf->data->msg_header)->seq' = 0) & (is_ccs = '&(s->init_buf->data->msg_header)->is_ccs') & (! (is_ccs = 0)) & ('&(s->init_buf->data->msg_header)->msg_len' = '&(s->init_buf->data->msg_header)->frag_len') & (! (s->init_num = 0)) & ('&(s->init_buf->data->msg_header)->frag_len' = '&(s->d1->w_msg_hdr)->msg_len') & ('&(s->init_buf->data->msg_header)->seq' = '&(s->d1->w_msg_hdr)->seq') & ('&(s->init_buf->data->msg_header)->frag_off' = 0))),
	DisjunctSignature: label: <ISLLatentMemoryError, 0, 0>, 
		allocated: frozenset(), 
		deallocated: frozenset(), 
		return_formula: True, 
		formula: ((s->init_num = ('&(s->init_buf->data->msg_header)->msg_len' + 3)) & (is_ccs = '&(s->init_buf->data->msg_header)->is_ccs') & (! (is_ccs = 0)) & ('&(s->init_buf->data->msg_header)->msg_len' = '&(s->init_buf->data->msg_header)->frag_len') & (! (s->init_num = 0)) & ('&(s->init_buf->data->msg_header)->frag_len' = '&(s->d1->w_msg_hdr)->msg_len') & ('&(s->init_buf->data->msg_header)->frag_off' = 0)),
	DisjunctSignature: label: <ISLLatentMemoryError, 0, 0>, 
		allocated: frozenset(), 
		deallocated: frozenset(), 
		return_formula: True, 
		formula: (((s->init_num = ('&(s->init_buf->data->msg_header)->msg_len' + 1)) & ('&(s->init_buf->data->msg_header)->seq' = 0) & (s->version = 65279) & (is_ccs = '&(s->init_buf->data->msg_header)->is_ccs') & (! (is_ccs = 0)) & ('&(s->init_buf->data->msg_header)->msg_len' = '&(s->init_buf->data->msg_header)->frag_len') & (! (s->init_num = 0)) & ('&(s->init_buf->data->msg_header)->frag_len' = '&(s->d1->w_msg_hdr)->msg_len') & ('&(s->init_buf->data->msg_header)->seq' = '&(s->d1->w_msg_hdr)->seq') & ('&(s->init_buf->data->msg_header)->frag_off' = 0)) | (('&(s->init_buf->data->msg_header)->seq' = 0) & ('&(s->init_buf->data->msg_header)->seq' = '&(s->d1->w_msg_hdr)->seq') & (s->version = 65279) & (is_ccs = '&(s->init_buf->data->msg_header)->is_ccs') & (! (is_ccs = 0)) & ('&(s->init_buf->data->msg_header)->msg_len' = '&(s->init_buf->data->msg_header)->frag_len') & (! (s->init_num = 0)) & ('&(s->init_buf->data->msg_header)->frag_len' = '&(s->d1->w_msg_hdr)->msg_len') & (s->init_num = ('&(s->init_buf->data->msg_header)->msg_len' + 1)) & ('&(s->init_buf->data->msg_header)->frag_off' = 0))),
	DisjunctSignature: label: <ISLLatentMemoryError, 0, 0>, 
		allocated: frozenset(), 
		deallocated: frozenset(), 
		return_formula: True, 
		formula: ((s->version = 65279) & (is_ccs = '&(s->init_buf->data->msg_header)->is_ccs') & (! (is_ccs = 0)) & ('&(s->init_buf->data->msg_header)->msg_len' = '&(s->init_buf->data->msg_header)->frag_len') & (! (s->init_num = 0)) & ('&(s->init_buf->data->msg_header)->frag_len' = '&(s->d1->w_msg_hdr)->msg_len') & (s->init_num = ('&(s->init_buf->data->msg_header)->msg_len' + 1)) & ('&(s->init_buf->data->msg_header)->frag_off' = 0)),
	DisjunctSignature: label: <LatentAbortProgram, 1171, 1183>, 
		allocated: frozenset(), 
		deallocated: frozenset(), 
		return_formula: True, 
		formula: (s->init_num = 0),
	DisjunctSignature: label: <LatentAbortProgram, 1181, 1183>, 
		allocated: frozenset(), 
		deallocated: frozenset(), 
		return_formula: True, 
		formula: (! (s->init_num = 0)),
	DisjunctSignature: label: <LatentInvalidAccess, 1171, 1183>, 
		allocated: frozenset(), 
		deallocated: frozenset(), 
		return_formula: True, 
		formula: ((! (s->write_hash->pctx->pkey->engine->finish = 0)) & (! (s->write_hash->pctx->peerkey = 0)) & (s->write_hash->pctx->pkey->attributes->num = '&(&(s->init_buf->data->msg_header)->saved_retransmit_state)->write_hash->pctx->pkey->attributes->num') & (! (s->write_hash->pctx->peerkey->attributes = 0)) & (s->write_hash->pctx->pkey->references = '&(&(s->init_buf->data->msg_header)->saved_retransmit_state)->write_hash->pctx->pkey->references') & (! (s->write_hash->pctx->peerkey->attributes->data = 0)) & (s->write_hash->pctx->peerkey->attributes->num = '&(&(s->init_buf->data->msg_header)->saved_retransmit_state)->write_hash->pctx->peerkey->attributes->num') & (! (s->write_hash->pctx->peerkey->ameth = 0)) & (s->write_hash->pctx->peerkey->references = '&(&(s->init_buf->data->msg_header)->saved_retransmit_state)->write_hash->pctx->peerkey->references') & (! (s->write_hash->pctx->peerkey->ameth->pkey_free = 0)) & (! (s->write_hash->pctx->peerkey->engine = 0)) & ('&(s->init_buf->data->msg_header)->msg_len' = '&(s->init_buf->data->msg_header)->frag_len') & (! (s->write_hash->pctx->peerkey->engine->finish = 0)) & ('&(s->init_buf->data->msg_header)->frag_len' = '&(s->d1->w_msg_hdr)->msg_len') & (! (s->write_hash->pctx->engine = 0)) & ('&(s->init_buf->data->msg_header)->seq' = '&(s->d1->w_msg_hdr)->seq') & (! (s->write_hash->pctx->engine->finish = 0)) & (s->write_hash->engine->funct_ref = '&(&(s->init_buf->data->msg_header)->saved_retransmit_state)->write_hash->engine->funct_ref') & (! (s->write_hash->md_data = 0)) & (! (s->write_hash->digest->cleanup = 0)) & (! (s->write_hash->pctx->pkey->attributes->num = 0)) & (! (s->write_hash->pctx->peerkey->attributes->num = 0)) & (! (is_ccs = 0)) & (! (s->init_num = 0)) & (! (s->enc_write_ctx = 0)) & (! (s->write_hash = 0)) & (s->write_hash->pctx->pkey->references <= 1) & (s->write_hash->pctx->peerkey->references <= 1) & (! (s->enc_write_ctx->engine = 0)) & (! (s->enc_write_ctx->cipher_data = 0)) & (! (s->enc_write_ctx->cipher = 0)) & (! (id_callback = 0)) & (! (err_fns = 0)) & (! (s->write_hash->digest = 0)) & (s->version = 65279) & (! (s->init_buf->data->reassembly = 0)) & (! (s->init_buf->data->fragment = 0)) & (! (s->enc_write_ctx->engine->finish = 0)) & (s->init_num = ('&(s->init_buf->data->msg_header)->msg_len' + 1)) & ('&(s->init_buf->data->msg_header)->frag_off' = 0) & (s->write_hash->engine->funct_ref = 1) & ('&(s->init_buf->data->msg_header)->seq' = 0) & (s->write_hash->pctx->pkey->engine->finish = '&(&(s->init_buf->data->msg_header)->saved_retransmit_state)->write_hash->pctx->pkey->engine->finish') & (s->write_hash->pctx->peerkey = '&(&(s->init_buf->data->msg_header)->saved_retransmit_state)->write_hash->pctx->peerkey') & (s->enc_write_ctx->engine = '&(&(s->init_buf->data->msg_header)->saved_retransmit_state)->enc_write_ctx->engine') & (s->write_hash->pctx->peerkey->attributes = '&(&(s->init_buf->data->msg_header)->saved_retransmit_state)->write_hash->pctx->peerkey->attributes') & (s->write_hash->pctx->peerkey->attributes->data = '&(&(s->init_buf->data->msg_header)->saved_retransmit_state)->write_hash->pctx->peerkey->attributes->data') & (s->enc_write_ctx->cipher_data = '&(&(s->init_buf->data->msg_header)->saved_retransmit_state)->enc_write_ctx->cipher_data') & (s->write_hash->pctx->peerkey->ameth = '&(&(s->init_buf->data->msg_header)->saved_retransmit_state)->write_hash->pctx->peerkey->ameth') & (s->enc_write_ctx->cipher = '&(&(s->init_buf->data->msg_header)->saved_retransmit_state)->enc_write_ctx->cipher') & (s->write_hash->pctx->peerkey->ameth->pkey_free = '&(&(s->init_buf->data->msg_header)->saved_retransmit_state)->write_hash->pctx->peerkey->ameth->pkey_free') & (s->write_hash->pctx->peerkey->engine = '&(&(s->init_buf->data->msg_header)->saved_retransmit_state)->write_hash->pctx->peerkey->engine') & (s->write_hash->pctx->peerkey->engine->finish = '&(&(s->init_buf->data->msg_header)->saved_retransmit_state)->write_hash->pctx->peerkey->engine->finish') & (s->write_hash->digest = '&(&(s->init_buf->data->msg_header)->saved_retransmit_state)->write_hash->digest') & (s->write_hash->pctx->engine = '&(&(s->init_buf->data->msg_header)->saved_retransmit_state)->write_hash->pctx->engine') & (s->write_hash->pctx->engine->finish = '&(&(s->init_buf->data->msg_header)->saved_retransmit_state)->write_hash->pctx->engine->finish') & (s->write_hash->md_data = '&(&(s->init_buf->data->msg_header)->saved_retransmit_state)->write_hash->md_data') & (s->write_hash->digest->cleanup = '&(&(s->init_buf->data->msg_header)->saved_retransmit_state)->write_hash->digest->cleanup') & (is_ccs = '&(s->init_buf->data->msg_header)->is_ccs') & (s->enc_write_ctx = '&(&(s->init_buf->data->msg_header)->saved_retransmit_state)->enc_write_ctx') & (s->write_hash = '&(&(s->init_buf->data->msg_header)->saved_retransmit_state)->write_hash') & (s->enc_write_ctx->engine->finish = '&(&(s->init_buf->data->msg_header)->saved_retransmit_state)->enc_write_ctx->engine->finish') & (s->write_hash->engine = '&(&(s->init_buf->data->msg_header)->saved_retransmit_state)->write_hash->engine') & (s->write_hash->engine->finish = '&(&(s->init_buf->data->msg_header)->saved_retransmit_state)->write_hash->engine->finish') & (s->write_hash->pctx = '&(&(s->init_buf->data->msg_header)->saved_retransmit_state)->write_hash->pctx') & (! (s->write_hash->engine = 0)) & (s->write_hash->pctx->pmeth = '&(&(s->init_buf->data->msg_header)->saved_retransmit_state)->write_hash->pctx->pmeth') & (! (s->write_hash->engine->finish = 0)) & (s->write_hash->pctx->pmeth->cleanup = '&(&(s->init_buf->data->msg_header)->saved_retransmit_state)->write_hash->pctx->pmeth->cleanup') & (! (s->write_hash->pctx = 0)) & (s->write_hash->pctx->pkey = '&(&(s->init_buf->data->msg_header)->saved_retransmit_state)->write_hash->pctx->pkey') & (! (s->write_hash->pctx->pmeth = 0)) & (s->write_hash->pctx->pkey->attributes = '&(&(s->init_buf->data->msg_header)->saved_retransmit_state)->write_hash->pctx->pkey->attributes') & (! (s->write_hash->pctx->pmeth->cleanup = 0)) & (s->write_hash->pctx->pkey->attributes->data = '&(&(s->init_buf->data->msg_header)->saved_retransmit_state)->write_hash->pctx->pkey->attributes->data') & (! (s->write_hash->pctx->pkey = 0)) & (s->write_hash->pctx->pkey->ameth = '&(&(s->init_buf->data->msg_header)->saved_retransmit_state)->write_hash->pctx->pkey->ameth') & (! (s->write_hash->pctx->pkey->attributes = 0)) & (s->write_hash->pctx->pkey->ameth->pkey_free = '&(&(s->init_buf->data->msg_header)->saved_retransmit_state)->write_hash->pctx->pkey->ameth->pkey_free') & (! (s->write_hash->pctx->pkey->attributes->data = 0)) & (s->write_hash->pctx->pkey->engine = '&(&(s->init_buf->data->msg_header)->saved_retransmit_state)->write_hash->pctx->pkey->engine') & (! (s->write_hash->pctx->pkey->ameth = 0)) & (! (s->write_hash->pctx->pkey->ameth->pkey_free = 0)) & (! (s->write_hash->pctx->pkey->engine = 0))),
]
[Wed Jan 21 16:39:05 2026][INFO]: pe_increment: RewardType.NO
[Wed Jan 21 16:39:05 2026][INFO]: ppie_increment: RewardType.NO
[Wed Jan 21 16:39:05 2026][INFO]: Adding to Cluster cluster-L1183-4
[Wed Jan 21 16:39:05 2026][INFO]: Grammar: :INSERT POS CMD,CMD CMD,HEAP,POINTER = malloc ( sizeof ( * POINTER ) ) ;,HEAP,POINTER = POINTER_EXPR ;,POINTER
[Wed Jan 21 16:39:05 2026][INFO]: plausible count: 0
[Wed Jan 21 16:39:05 2026][INFO]: cumulative repetition: 1
[Wed Jan 21 16:39:05 2026][INFO]: Cluster pe increment: RewardType.NO
[Wed Jan 21 16:39:05 2026][INFO]: Cluster ppie increment: RewardType.NO
[Wed Jan 21 16:39:05 2026][INFO]: Prod probability update: s->init_buf->data : pe: 0.200=>0.200 ; ppie: 0.200=>0.200
[Wed Jan 21 16:39:05 2026][INFO]: Prod probability update: frag : pe: 0.200=>0.200 ; ppie: 0.200=>0.200
[Wed Jan 21 16:39:05 2026][INFO]: Prod probability update: s->init_buf : pe: 0.200=>0.200 ; ppie: 0.200=>0.200
[Wed Jan 21 16:39:05 2026][INFO]: Prod probability update: frag->fragment : pe: 0.200=>0.200 ; ppie: 0.200=>0.200
[Wed Jan 21 16:39:05 2026][INFO]: Prod probability update: s : pe: 0.200=>0.200 ; ppie: 0.200=>0.200
[Wed Jan 21 16:39:05 2026][INFO]: Prod probability update: s->init_buf->data : pe: 0.200=>0.200 ; ppie: 0.200=>0.200
[Wed Jan 21 16:39:05 2026][INFO]: Prod probability update: frag : pe: 0.200=>0.200 ; ppie: 0.200=>0.200
[Wed Jan 21 16:39:05 2026][INFO]: Prod probability update: s->init_buf : pe: 0.200=>0.200 ; ppie: 0.200=>0.200
[Wed Jan 21 16:39:05 2026][INFO]: Prod probability update: frag->fragment : pe: 0.200=>0.200 ; ppie: 0.200=>0.200
[Wed Jan 21 16:39:05 2026][INFO]: Prod probability update: s : pe: 0.200=>0.200 ; ppie: 0.200=>0.200
[Wed Jan 21 16:39:05 2026][INFO]: Prod probability update: POINTER : pe: 0.500=>0.500 ; ppie: 0.500=>0.500
[Wed Jan 21 16:39:05 2026][INFO]: Prod probability update: POINTER_CONST : pe: 0.500=>0.500 ; ppie: 0.500=>0.500
[Wed Jan 21 16:39:05 2026][INFO]: Prod probability update: POINTER = POINTER_EXPR ; : pe: 0.333=>0.333 ; ppie: 0.333=>0.333
[Wed Jan 21 16:39:05 2026][INFO]: Prod probability update: POINTER = malloc ( sizeof ( * POINTER ) ) ; : pe: 0.333=>0.333 ; ppie: 0.333=>0.333
[Wed Jan 21 16:39:05 2026][INFO]: Prod probability update: free ( POINTER ) ; : pe: 0.333=>0.333 ; ppie: 0.333=>0.333
[Wed Jan 21 16:39:05 2026][INFO]: Prod probability update: HEAP : pe: 0.150=>0.150 ; ppie: 0.167=>0.167
[Wed Jan 21 16:39:05 2026][INFO]: Prod probability update: CMD CMD : pe: 0.150=>0.150 ; ppie: 0.167=>0.167
[Wed Jan 21 16:39:05 2026][INFO]: Prod probability update: ID = ARITH_EXPR ; : pe: 0.150=>0.150 ; ppie: 0.167=>0.167
[Wed Jan 21 16:39:05 2026][INFO]: Prod probability update: return POINTER_EXPR ; : pe: 0.150=>0.150 ; ppie: 0.167=>0.167
[Wed Jan 21 16:39:05 2026][INFO]: Prod probability update: EXIT_STMT : pe: 0.250=>0.250 ; ppie: 0.167=>0.167
[Wed Jan 21 16:39:05 2026][INFO]: Prod probability update: if ( BOOL_EXPR ) { CMD } : pe: 0.150=>0.150 ; ppie: 0.167=>0.167
[Wed Jan 21 16:39:05 2026][INFO]: Prod probability update: BACK : pe: 0.500=>0.500 ; ppie: 0.500=>0.500
[Wed Jan 21 16:39:05 2026][INFO]: Prod probability update: FRONT : pe: 0.500=>0.500 ; ppie: 0.500=>0.500
[Wed Jan 21 16:39:05 2026][INFO]: Prod probability update: INSERT POS CMD : pe: 1.000=>1.000 ; ppie: 1.000=>1.000
[Wed Jan 21 16:39:05 2026][INFO]: Loc 1183: Ending repair loop since time budget is exceeded
[Wed Jan 21 16:39:05 2026][INFO]: Loc 1183: Repair loop finished
[Wed Jan 21 16:39:05 2026][INFO]: [Timer] Accumulated duration for patch-generation: 0.001s
[Wed Jan 21 16:39:05 2026][INFO]: [Timer] Average duration for patch-generation: 0.00024s
[Wed Jan 21 16:39:05 2026][INFO]: [Timer] Accumulated duration for probabilities-update: 0.010s
[Wed Jan 21 16:39:05 2026][INFO]: [Timer] Average duration for probabilities-update: 0.00194s
[Wed Jan 21 16:39:05 2026][INFO]: [Timer] Accumulated duration for patch-signature-generation: 13.726s
[Wed Jan 21 16:39:05 2026][INFO]: [Timer] Average duration for patch-signature-generation: 2.74516s
[Wed Jan 21 16:39:05 2026][INFO]: [Timer] Accumulated duration for footprint-generation: 5.593s
[Wed Jan 21 16:39:05 2026][INFO]: [Timer] Average duration for footprint-generation: 1.11865s
[Wed Jan 21 16:39:05 2026][INFO]: [Timer] Accumulated duration for patch-clustering: 14.330s
[Wed Jan 21 16:39:05 2026][INFO]: [Timer] Average duration for patch-clustering: 2.86594s
[Wed Jan 21 16:39:05 2026][INFO]: Number of prod-rule-combos: 4
[Wed Jan 21 16:39:05 2026][INFO]: Number of plausible prod-rule-combos: 0
[Wed Jan 21 16:39:05 2026][INFO]: Number of clusters: 5
[Wed Jan 21 16:39:05 2026][INFO]: Number of clustered patches: 5
[Wed Jan 21 16:39:05 2026][INFO]: Average number of patches per cluster:1.000
[Wed Jan 21 16:39:05 2026][INFO]: plausible-prod-combo-1: 0
[Wed Jan 21 16:39:05 2026][INFO]: plausible-prod-combo-2: 0
[Wed Jan 21 16:39:05 2026][INFO]: plausible-prod-combo-3: 0
[Wed Jan 21 16:39:05 2026][INFO]: plausible-prod-combo-4: 0
[Wed Jan 21 16:39:05 2026][INFO]: prod-combo-1: 1
[Wed Jan 21 16:39:05 2026][INFO]: prod-combo-2: 2
[Wed Jan 21 16:39:05 2026][INFO]: prod-combo-3: 1
[Wed Jan 21 16:39:05 2026][INFO]: prod-combo-4: 1
[Wed Jan 21 16:39:05 2026][INFO]: Explored 5/91334226744720287959846151753893852893868927187247001726557447812990880733987031569084647924128919499809878800284479013961006730713988367252741081219896747749318644976229832918154(0.000%) patches
[Wed Jan 21 16:39:05 2026][INFO]: [Timer] Duration for total-repair: 191.002s
[Wed Jan 21 16:39:05 2026][INFO]: Validating locally good clusters
[Wed Jan 21 16:39:05 2026][INFO]: Checking which clusters are locally good
[Wed Jan 21 16:39:05 2026][INFO]: Number of locally good clusters: 0
[Wed Jan 21 16:39:05 2026][INFO]: Locally good clusters are: []
[Wed Jan 21 16:39:05 2026][WARNING]: No locally good clusters found. Cannot validate.
[Wed Jan 21 16:39:05 2026][INFO]: [Timer] Duration for total-validation: 0.001s
[Wed Jan 21 16:39:05 2026][INFO]: Finalizing and exiting tool
[Wed Jan 21 16:39:05 2026][INFO]: [Timer] Duration for total-run-time: 301.228s
[Wed Jan 21 16:39:05 2026][LOG]: Run time statistics:
-----------------------
[Wed Jan 21 16:39:05 2026][LOG]: effFix (Stage: repair) finished successfully after 301.228 seconds
[Wed Jan 21 16:39:05 2026][LOG]: Time duration
----------------------
[Wed Jan 21 16:39:05 2026][LOG]: effFix (Stage: repair) finished successfully after 301.228 seconds
[Wed Jan 21 16:39:05 2026][END] effFix ended at  2026-01-21 16:39:05.792867

