[Start] effFix started at 2026-01-21 16:34:04.578481
<function title at 0x71b835dc5f70>
Displaying Configurations
Loading dependency tools
Analyzing Program for Repair
Checking whether Infer detected the target bug
Target bug is: NULLPTR_DEREFERENCE, ssl/d1_both.c, dtls1_buffer_message, start_line:1181, end_line:1183, two_loc_source_line:-1
Performing fix localization
Result from ochiai: [(1171, 0.08980265101338746), (1181, 0.08980265101338746), (1183, 0.08980265101338746), (1185, 0.0), (1187, 0.0), (1196, 0.0), (1197, 0.0), (1198, 0.0), (1199, 0.0), (1200, 0.0), (1201, 0.0), (1204, 0.0), (1205, 0.0), (1206, 0.0), (1207, 0.0), (1208, 0.0), (1210, 0.0), (1211, 0.0), (1212, 0.0), (1213, 0.0), (1214, 0.0), (1216, 0.0), (1217, 0.0), (1219, 0.0), (1192, 0.0), (1229, 0.0), (1230, 0.0), (1231, 0.0)]
Locations allowed (by considering trace start and trace end): {1183}
Final locations: [1183]
[Timer] Duration for localize: 74.298s
Target bug signature: PatchSignature: [
	DisjunctSignature: label: <AbortProgram, 1181, 1183>, 
		allocated: frozenset(), 
		deallocated: frozenset(), 
		return_formula: True, 
		formula: True,
	DisjunctSignature: label: <ErrorMemoryLeak, 1216, 1229>, 
		allocated: frozenset(), 
		deallocated: frozenset(), 
		return_formula: (return = 1), 
		formula: (((s->init_num = ('&(s->d1->w_msg_hdr)->msg_len' + 3)) & (! (s->d1->sent_messages->items = 0)) & (! (is_ccs = 0)) & (! (s->init_num = 0)) & (! (s->d1->sent_messages->items->next = 0)) & (! (s->d1->sent_messages->items->next->next = 0)) & ('&(s->d1->w_msg_hdr)->seq' = 0)) | ((s->init_num = ('&(s->d1->w_msg_hdr)->msg_len' + 1)) & (s->version = 65279) & (! (s->d1->sent_messages->items = 0)) & (! (is_ccs = 0)) & (! (s->init_num = 0)) & (! (s->d1->sent_messages->items->next = 0)) & ('&(s->d1->w_msg_hdr)->seq' = 0)) | ((! (s->d1->sent_messages->items = 0)) & (s->init_num = ('&(s->d1->w_msg_hdr)->msg_len' + 12)) & (is_ccs = 0) & (! (s->init_num = 0)) & ('&(s->d1->w_msg_hdr)->seq' = 0)) | ((! (s->d1->sent_messages->items = 0)) & (is_ccs = 0) & (s->init_num = ('&(s->d1->w_msg_hdr)->msg_len' + 12)) & (! (s->init_num = 0)) & (! (s->d1->sent_messages->items->next = 0)) & ('&(s->d1->w_msg_hdr)->seq' = 0)) | ((! (s->d1->sent_messages->items->next->next->next = 0)) & (! (s->d1->sent_messages->items = 0)) & (s->init_num = ('&(s->d1->w_msg_hdr)->msg_len' + 3)) & (! (is_ccs = 0)) & (! (s->init_num = 0)) & (! (s->d1->sent_messages->items->next = 0)) & (! (s->d1->sent_messages->items->next->next = 0)) & ('&(s->d1->w_msg_hdr)->seq' = 0)) | ((! (s->d1->sent_messages->items = 0)) & (s->init_num = ('&(s->d1->w_msg_hdr)->msg_len' + 3)) & (! (is_ccs = 0)) & (! (s->init_num = 0)) & (! (s->d1->sent_messages->items->next = 0)) & ('&(s->d1->w_msg_hdr)->seq' = 0)) | ((! (s->d1->sent_messages->items->next->next->next = 0)) & (s->init_num = ('&(s->d1->w_msg_hdr)->msg_len' + 1)) & (s->version = 65279) & (! (s->d1->sent_messages->items = 0)) & (! (is_ccs = 0)) & (! (s->init_num = 0)) & (! (s->d1->sent_messages->items->next = 0)) & (! (s->d1->sent_messages->items->next->next = 0)) & ('&(s->d1->w_msg_hdr)->seq' = 0)) | ((s->init_num = ('&(s->d1->w_msg_hdr)->msg_len' + 1)) & (s->version = 65279) & (! (s->d1->sent_messages->items = 0)) & (! (is_ccs = 0)) & (! (s->init_num = 0)) & (! (s->d1->sent_messages->items->next = 0)) & (! (s->d1->sent_messages->items->next->next = 0)) & ('&(s->d1->w_msg_hdr)->seq' = 0)) | ((! (s->d1->sent_messages->items = 0)) & (s->init_num = ('&(s->d1->w_msg_hdr)->msg_len' + 3)) & (! (is_ccs = 0)) & (! (s->init_num = 0)) & ('&(s->d1->w_msg_hdr)->seq' = 0)) | ((! (s->d1->sent_messages->items = 0)) & (s->init_num = ('&(s->d1->w_msg_hdr)->msg_len' + 12)) & (is_ccs = 0) & (! (s->init_num = 0)) & (! (s->d1->sent_messages->items->next = 0)) & (! (s->d1->sent_messages->items->next->next = 0)) & ('&(s->d1->w_msg_hdr)->seq' = 0)) | ((s->init_num = ('&(s->d1->w_msg_hdr)->msg_len' + 1)) & (s->version = 65279) & (! (s->d1->sent_messages->items = 0)) & (! (is_ccs = 0)) & (! (s->init_num = 0)) & ('&(s->d1->w_msg_hdr)->seq' = 0)) | ((! (s->d1->sent_messages->items->next->next->next = 0)) & (! (s->d1->sent_messages->items = 0)) & (is_ccs = 0) & (s->init_num = ('&(s->d1->w_msg_hdr)->msg_len' + 12)) & (! (s->init_num = 0)) & (! (s->d1->sent_messages->items->next = 0)) & (! (s->d1->sent_messages->items->next->next = 0)) & ('&(s->d1->w_msg_hdr)->seq' = 0))),
	DisjunctSignature: label: <ErrorMemoryLeak, 1181, 1229>, 
		allocated: frozenset(), 
		deallocated: frozenset(), 
		return_formula: (return = 1), 
		formula: (((! (s->d1->sent_messages->items = 0)) & (s->init_num = ('&(s->d1->w_msg_hdr)->msg_len' + 12)) & (is_ccs = 0) & (! (s->init_num = 0)) & ('&(s->d1->w_msg_hdr)->seq' = 0)) | ((! (s->d1->sent_messages->items->next->next->next = 0)) & (s->init_num = ('&(s->d1->w_msg_hdr)->msg_len' + 1)) & (s->version = 65279) & (! (s->d1->sent_messages->items = 0)) & (! (is_ccs = 0)) & (! (s->init_num = 0)) & (! (s->d1->sent_messages->items->next = 0)) & (! (s->d1->sent_messages->items->next->next = 0)) & ('&(s->d1->w_msg_hdr)->seq' = 0)) | ((! (s->d1->sent_messages->items->next->next->next = 0)) & (! (s->d1->sent_messages->items = 0)) & (s->init_num = ('&(s->d1->w_msg_hdr)->msg_len' + 12)) & (is_ccs = 0) & (! (s->init_num = 0)) & (! (s->d1->sent_messages->items->next = 0)) & (! (s->d1->sent_messages->items->next->next = 0)) & ('&(s->d1->w_msg_hdr)->seq' = 0)) | ((! (s->d1->sent_messages->items->next->next->next = 0)) & (! (s->d1->sent_messages->items = 0)) & (is_ccs = 0) & (s->init_num = ('&(s->d1->w_msg_hdr)->msg_len' + 12)) & (! (s->init_num = 0)) & (! (s->d1->sent_messages->items->next = 0)) & (! (s->d1->sent_messages->items->next->next = 0)) & ('&(s->d1->w_msg_hdr)->seq' = 0)) | ((s->init_num = ('&(s->d1->w_msg_hdr)->msg_len' + 3)) & (! (s->d1->sent_messages->items = 0)) & (! (is_ccs = 0)) & (! (s->init_num = 0)) & (! (s->d1->sent_messages->items->next = 0)) & (! (s->d1->sent_messages->items->next->next = 0)) & ('&(s->d1->w_msg_hdr)->seq' = 0)) | ((s->init_num = ('&(s->d1->w_msg_hdr)->msg_len' + 1)) & (s->version = 65279) & (! (s->d1->sent_messages->items = 0)) & (! (is_ccs = 0)) & (! (s->init_num = 0)) & (! (s->d1->sent_messages->items->next = 0)) & ('&(s->d1->w_msg_hdr)->seq' = 0)) | ((! (s->d1->sent_messages->items = 0)) & (s->init_num = ('&(s->d1->w_msg_hdr)->msg_len' + 12)) & (is_ccs = 0) & (! (s->init_num = 0)) & (! (s->d1->sent_messages->items->next = 0)) & ('&(s->d1->w_msg_hdr)->seq' = 0)) | ((! (s->d1->sent_messages->items = 0)) & (s->init_num = ('&(s->d1->w_msg_hdr)->msg_len' + 3)) & (! (is_ccs = 0)) & (! (s->init_num = 0)) & (! (s->d1->sent_messages->items->next = 0)) & (! (s->d1->sent_messages->items->next->next = 0)) & ('&(s->d1->w_msg_hdr)->seq' = 0)) | ((! (s->d1->sent_messages->items = 0)) & (is_ccs = 0) & (s->init_num = ('&(s->d1->w_msg_hdr)->msg_len' + 12)) & (! (s->init_num = 0)) & (! (s->d1->sent_messages->items->next = 0)) & ('&(s->d1->w_msg_hdr)->seq' = 0)) | ((! (s->d1->sent_messages->items = 0)) & (s->init_num = ('&(s->d1->w_msg_hdr)->msg_len' + 3)) & (! (is_ccs = 0)) & (! (s->init_num = 0)) & ('&(s->d1->w_msg_hdr)->seq' = 0)) | ((s->init_num = ('&(s->d1->w_msg_hdr)->msg_len' + 3)) & (! (s->d1->sent_messages->items = 0)) & (! (is_ccs = 0)) & (! (s->init_num = 0)) & ('&(s->d1->w_msg_hdr)->seq' = 0)) | ((s->init_num = ('&(s->d1->w_msg_hdr)->msg_len' + 1)) & (s->version = 65279) & (! (s->d1->sent_messages->items = 0)) & (! (is_ccs = 0)) & (! (s->init_num = 0)) & (! (s->d1->sent_messages->items->next = 0)) & (! (s->d1->sent_messages->items->next->next = 0)) & ('&(s->d1->w_msg_hdr)->seq' = 0)) | ((! (s->d1->sent_messages->items = 0)) & (s->init_num = ('&(s->d1->w_msg_hdr)->msg_len' + 12)) & (is_ccs = 0) & (! (s->init_num = 0)) & (! (s->d1->sent_messages->items->next = 0)) & (! (s->d1->sent_messages->items->next->next = 0)) & ('&(s->d1->w_msg_hdr)->seq' = 0)) | ((! (s->d1->sent_messages->items = 0)) & (is_ccs = 0) & (s->init_num = ('&(s->d1->w_msg_hdr)->msg_len' + 12)) & (! (s->init_num = 0)) & (! (s->d1->sent_messages->items->next = 0)) & (! (s->d1->sent_messages->items->next->next = 0)) & ('&(s->d1->w_msg_hdr)->seq' = 0)) | ((! (s->d1->sent_messages->items->next->next->next = 0)) & (s->init_num = ('&(s->d1->w_msg_hdr)->msg_len' + 3)) & (! (s->d1->sent_messages->items = 0)) & (! (is_ccs = 0)) & (! (s->init_num = 0)) & (! (s->d1->sent_messages->items->next = 0)) & (! (s->d1->sent_messages->items->next->next = 0)) & ('&(s->d1->w_msg_hdr)->seq' = 0)) | ((! (s->d1->sent_messages->items->next->next->next = 0)) & (! (s->d1->sent_messages->items = 0)) & (s->init_num = ('&(s->d1->w_msg_hdr)->msg_len' + 3)) & (! (is_ccs = 0)) & (! (s->init_num = 0)) & (! (s->d1->sent_messages->items->next = 0)) & (! (s->d1->sent_messages->items->next->next = 0)) & ('&(s->d1->w_msg_hdr)->seq' = 0)) | ((s->init_num = ('&(s->d1->w_msg_hdr)->msg_len' + 3)) & (! (s->d1->sent_messages->items = 0)) & (! (is_ccs = 0)) & (! (s->init_num = 0)) & (! (s->d1->sent_messages->items->next = 0)) & ('&(s->d1->w_msg_hdr)->seq' = 0)) | ((! (s->d1->sent_messages->items = 0)) & (s->init_num = ('&(s->d1->w_msg_hdr)->msg_len' + 3)) & (! (is_ccs = 0)) & (! (s->init_num = 0)) & (! (s->d1->sent_messages->items->next = 0)) & ('&(s->d1->w_msg_hdr)->seq' = 0)) | ((s->init_num = ('&(s->d1->w_msg_hdr)->msg_len' + 1)) & (s->version = 65279) & (! (s->d1->sent_messages->items = 0)) & (! (is_ccs = 0)) & (! (s->init_num = 0)) & ('&(s->d1->w_msg_hdr)->seq' = 0))),
	DisjunctSignature: label: <ISLLatentMemoryError, 0, 0>, 
		allocated: frozenset(), 
		deallocated: frozenset({frozenset({'s->enc_write_ctx'}),
           frozenset({'s->enc_write_ctx->cipher_data'})}), 
		return_formula: True, 
		formula: (((s->init_num = ('&(s->d1->w_msg_hdr)->msg_len' + 1)) & (! (s->enc_write_ctx->engine = 0)) & (add_lock_callback = 0) & (s->version = 65279) & (! (s->enc_write_ctx = 0)) & (! (s->enc_write_ctx->cipher_data = 0)) & (! (s->enc_write_ctx->cipher = 0)) & (! (id_callback = 0)) & (! (err_fns = 0)) & (! (is_ccs = 0)) & (! (s->write_hash->digest = 0)) & (! (s->init_num = 0)) & (! (s->write_hash->digest->ctx_size = 0)) & (! (s->write_hash = 0)) & ('&(s->d1->w_msg_hdr)->seq' = 0)) | ((s->init_num = ('&(s->d1->w_msg_hdr)->msg_len' + 1)) & (add_lock_callback = 0) & (! (s->enc_write_ctx->engine = 0)) & (s->version = 65279) & (! (s->enc_write_ctx->cipher_data = 0)) & (! (s->write_hash->digest->ctx_size = 0)) & (! (s->enc_write_ctx->cipher = 0)) & (! (id_callback = 0)) & (! (err_fns = 0)) & (! (is_ccs = 0)) & (! (s->write_hash->digest = 0)) & (! (s->init_num = 0)) & (! (s->enc_write_ctx = 0)) & (! (s->write_hash = 0)) & ('&(s->d1->w_msg_hdr)->seq' = 0))),
	DisjunctSignature: label: <ISLLatentMemoryError, 0, 0>, 
		allocated: frozenset(), 
		deallocated: frozenset(), 
		return_formula: True, 
		formula: ((! (s->init_num = 0)) & (s->init_num = ('&(s->d1->w_msg_hdr)->msg_len' + 12)) & (is_ccs = 0) & ('&(s->d1->w_msg_hdr)->seq' = 0)),
	DisjunctSignature: label: <ISLLatentMemoryError, 0, 0>, 
		allocated: frozenset(), 
		deallocated: frozenset(), 
		return_formula: True, 
		formula: ((! (s->init_num = 0)) & (s->init_num = ('&(s->d1->w_msg_hdr)->msg_len' + 12)) & (is_ccs = 0)),
	DisjunctSignature: label: <ISLLatentMemoryError, 0, 0>, 
		allocated: frozenset(), 
		deallocated: frozenset(), 
		return_formula: True, 
		formula: ((! (s->init_num = 0)) & (s->init_num = ('&(s->d1->w_msg_hdr)->msg_len' + 3)) & (! (is_ccs = 0)) & ('&(s->d1->w_msg_hdr)->seq' = 0)),
	DisjunctSignature: label: <ISLLatentMemoryError, 0, 0>, 
		allocated: frozenset(), 
		deallocated: frozenset(), 
		return_formula: True, 
		formula: ((! (s->init_num = 0)) & (! (is_ccs = 0)) & (s->init_num = ('&(s->d1->w_msg_hdr)->msg_len' + 3))),
	DisjunctSignature: label: <ISLLatentMemoryError, 0, 0>, 
		allocated: frozenset(), 
		deallocated: frozenset(), 
		return_formula: True, 
		formula: ((s->init_num = ('&(s->d1->w_msg_hdr)->msg_len' + 1)) & (s->version = 65279) & (! (is_ccs = 0)) & (! (s->init_num = 0)) & ('&(s->d1->w_msg_hdr)->seq' = 0)),
	DisjunctSignature: label: <ISLLatentMemoryError, 0, 0>, 
		allocated: frozenset(), 
		deallocated: frozenset(), 
		return_formula: True, 
		formula: ((! (s->init_num = 0)) & (s->version = 65279) & (s->init_num = ('&(s->d1->w_msg_hdr)->msg_len' + 1)) & (! (is_ccs = 0))),
	DisjunctSignature: label: <LatentAbortProgram, 1219, 383>, 
		allocated: frozenset(), 
		deallocated: frozenset({frozenset({'s->enc_write_ctx'}),
           frozenset({'s->enc_write_ctx->cipher_data'})}), 
		return_formula: True, 
		formula: ((! (s->write_hash->pctx->pkey->engine->finish = 0)) & (! (s->write_hash->pctx->peerkey = 0)) & (! (s->enc_write_ctx->engine = 0)) & (! (s->write_hash->pctx->peerkey->attributes = 0)) & (! (s->write_hash->pctx->peerkey->attributes->data = 0)) & (! (s->enc_write_ctx->cipher_data = 0)) & (! (s->write_hash->pctx->peerkey->ameth = 0)) & (! (s->enc_write_ctx->cipher = 0)) & (! (s->write_hash->pctx->peerkey->ameth->pkey_free = 0)) & (! (id_callback = 0)) & (! (s->write_hash->pctx->peerkey->engine = 0)) & (! (err_fns = 0)) & (! (s->write_hash->pctx->peerkey->engine->finish = 0)) & (! (s->write_hash->digest = 0)) & (! (s->write_hash->pctx->engine = 0)) & (! (s->write_hash->pctx->engine->finish = 0)) & (! (s->write_hash->md_data = 0)) & (! (s->write_hash->digest->cleanup = 0)) & (s->init_num = ('&(s->d1->w_msg_hdr)->msg_len' + 1)) & (add_lock_callback = 0) & (s->write_hash->pctx->pkey->engine->funct_ref = 1) & (s->version = 65279) & (! (s->write_hash->pctx->pkey->attributes->num = 0)) & (! (s->write_hash->pctx->peerkey->attributes->num = 0)) & (! (is_ccs = 0)) & (! (s->init_num = 0)) & (! (s->enc_write_ctx = 0)) & (! (s->write_hash = 0)) & (! (s->write_hash->engine = 0)) & ('&(s->d1->w_msg_hdr)->seq' = 0) & (s->write_hash->pctx->pkey->engine->funct_ref = s->write_hash->pctx->peerkey->engine->funct_ref) & (! (s->write_hash->engine->finish = 0)) & (s->write_hash->pctx->peerkey->engine->funct_ref = s->write_hash->engine->funct_ref) & (! (s->write_hash->pctx = 0)) & (! (s->write_hash->pctx->pmeth = 0)) & (! (s->write_hash->pctx->pmeth->cleanup = 0)) & (s->write_hash->pctx->pkey->references <= 1) & (s->write_hash->pctx->peerkey->references <= 1) & (! (s->write_hash->pctx->pkey = 0)) & (! (s->write_hash->pctx->pkey->attributes = 0)) & (! (s->write_hash->pctx->pkey->attributes->data = 0)) & (! (s->write_hash->pctx->pkey->ameth = 0)) & (! (s->write_hash->pctx->pkey->ameth->pkey_free = 0)) & (! (s->write_hash->pctx->pkey->engine = 0))),
	DisjunctSignature: label: <LatentAbortProgram, 1219, 383>, 
		allocated: frozenset(), 
		deallocated: frozenset({frozenset({'s->enc_write_ctx'}),
           frozenset({'s->write_hash'}),
           frozenset({'s->enc_write_ctx->cipher_data'})}), 
		return_formula: True, 
		formula: ((! (s->write_hash->pctx->pkey->engine->finish = 0)) & (! (s->write_hash->pctx->peerkey = 0)) & (! (s->enc_write_ctx->engine = 0)) & (! (s->write_hash->pctx->peerkey->attributes = 0)) & (! (s->write_hash->pctx->peerkey->attributes->data = 0)) & (! (s->enc_write_ctx->cipher_data = 0)) & (! (s->write_hash->pctx->peerkey->ameth = 0)) & (! (s->enc_write_ctx->cipher = 0)) & (! (s->write_hash->pctx->peerkey->ameth->pkey_free = 0)) & (! (id_callback = 0)) & (! (s->write_hash->pctx->peerkey->engine = 0)) & (! (err_fns = 0)) & (! (s->write_hash->pctx->peerkey->engine->finish = 0)) & (! (s->write_hash->digest = 0)) & (! (s->write_hash->pctx->engine = 0)) & (! (s->write_hash->pctx->engine->finish = 0)) & (! (s->write_hash->md_data = 0)) & (! (s->write_hash->digest->cleanup = 0)) & (s->init_num = ('&(s->d1->w_msg_hdr)->msg_len' + 1)) & (add_lock_callback = 0) & (s->write_hash->pctx->pkey->engine->funct_ref = 1) & (s->version = 65279) & (! (s->write_hash->pctx->pkey->attributes->num = 0)) & (! (s->write_hash->pctx->peerkey->attributes->num = 0)) & (! (is_ccs = 0)) & (! (s->init_num = 0)) & (! (s->enc_write_ctx = 0)) & (! (s->write_hash = 0)) & (! (s->write_hash->engine = 0)) & ('&(s->d1->w_msg_hdr)->seq' = 0) & (s->write_hash->pctx->pkey->engine->funct_ref = s->write_hash->pctx->peerkey->engine->funct_ref) & (! (s->write_hash->engine->finish = 0)) & (s->write_hash->pctx->peerkey->engine->funct_ref = s->write_hash->engine->funct_ref) & (! (s->write_hash->pctx = 0)) & (! (s->write_hash->pctx->pmeth = 0)) & (! (s->write_hash->pctx->pmeth->cleanup = 0)) & (s->write_hash->pctx->pkey->references <= 1) & (s->write_hash->pctx->peerkey->references <= 1) & (! (s->write_hash->pctx->pkey = 0)) & (! (s->write_hash->pctx->pkey->attributes = 0)) & (! (s->write_hash->pctx->pkey->attributes->data = 0)) & (! (s->write_hash->pctx->pkey->ameth = 0)) & (! (s->write_hash->pctx->pkey->ameth->pkey_free = 0)) & (! (s->write_hash->pctx->pkey->engine = 0))),
	DisjunctSignature: label: <LatentAbortProgram, 1171, 1183>, 
		allocated: frozenset(), 
		deallocated: frozenset(), 
		return_formula: True, 
		formula: (s->init_num = 0),
	DisjunctSignature: label: <LatentAbortProgram, 1181, 1183>, 
		allocated: frozenset(), 
		deallocated: frozenset(), 
		return_formula: True, 
		formula: (! (s->init_num = 0)),
	DisjunctSignature: label: <Ok, 0, 0>, 
		allocated: frozenset({frozenset({'s->d1->sent_messages->items->next->data'}),
           frozenset({'s->d1->sent_messages->items->next->data->fragment'}),
           frozenset({'s->d1->sent_messages->items->next'})}), 
		deallocated: frozenset(), 
		return_formula: (return = 1), 
		formula: ((s->d1->sent_messages->items->next->data->reassembly = is_ccs) & (s->d1->sent_messages->items->next->data->reassembly = 0) & (is_ccs = '&(s->d1->sent_messages->items->next->data->msg_header)->is_ccs') & ('&(s->d1->w_msg_hdr)->msg_len' = '&(s->d1->sent_messages->items->next->data->msg_header)->msg_len') & (! (s->d1->sent_messages->items = 0)) & ('&(s->d1->sent_messages->items->next->data->msg_header)->msg_len' = '&(s->d1->sent_messages->items->next->data->msg_header)->frag_len') & (! (s->d1->sent_messages->items->next->data = 0)) & (s->init_num = ('&(s->d1->w_msg_hdr)->msg_len' + 12)) & ('&(s->d1->w_msg_hdr)->seq' = '&(s->d1->sent_messages->items->next->data->msg_header)->seq') & (! (s->d1->sent_messages->items->next->data->fragment = 0)) & (! (s->init_num = 0)) & (! (s->d1->sent_messages->items->next = 0)) & ('&(s->d1->w_msg_hdr)->seq' = 0)),
	DisjunctSignature: label: <Ok, 0, 0>, 
		allocated: frozenset({frozenset({'s->d1->sent_messages->items->next->next'}),
           frozenset({'s->d1->sent_messages->items->next->next->data'}),
           frozenset({'s->d1->sent_messages->items->next->next->data->fragment'})}), 
		deallocated: frozenset(), 
		return_formula: (return = 1), 
		formula: (('&(s->d1->w_msg_hdr)->seq' = '&(s->d1->sent_messages->items->next->next->data->msg_header)->seq') & (! (s->d1->sent_messages->items->next->next->data->fragment = 0)) & (s->d1->sent_messages->items->next->next->data->reassembly = 0) & (s->d1->sent_messages->items->next->next->data->reassembly = is_ccs) & (! (s->d1->sent_messages->items = 0)) & (is_ccs = '&(s->d1->sent_messages->items->next->next->data->msg_header)->is_ccs') & ('&(s->d1->w_msg_hdr)->msg_len' = '&(s->d1->sent_messages->items->next->next->data->msg_header)->msg_len') & (s->init_num = ('&(s->d1->w_msg_hdr)->msg_len' + 12)) & (! (s->d1->sent_messages->items->next->next->data = 0)) & ('&(s->d1->sent_messages->items->next->next->data->msg_header)->msg_len' = '&(s->d1->sent_messages->items->next->next->data->msg_header)->frag_len') & (! (s->init_num = 0)) & (! (s->d1->sent_messages->items->next = 0)) & (! (s->d1->sent_messages->items->next->next = 0)) & ('&(s->d1->w_msg_hdr)->seq' = 0)),
	DisjunctSignature: label: <Ok, 0, 0>, 
		allocated: frozenset({frozenset({'s->d1->sent_messages->items->next->next->next'}),
           frozenset({'s->d1->sent_messages->items->next->next->next->data'}),
           frozenset({'s->d1->sent_messages->items->next->next->next->data->fragment'})}), 
		deallocated: frozenset(), 
		return_formula: (return = 1), 
		formula: ((! (s->d1->sent_messages->items->next->next->next->data->fragment = 0)) & ('&(s->d1->w_msg_hdr)->msg_len' = '&(s->d1->sent_messages->items->next->next->next->data->msg_header)->msg_len') & ('&(s->d1->sent_messages->items->next->next->next->data->msg_header)->msg_len' = '&(s->d1->sent_messages->items->next->next->next->data->msg_header)->frag_len') & (! (s->d1->sent_messages->items->next->next->next = 0)) & ('&(s->d1->w_msg_hdr)->seq' = '&(s->d1->sent_messages->items->next->next->next->data->msg_header)->seq') & (! (s->d1->sent_messages->items = 0)) & (s->d1->sent_messages->items->next->next->next->data->reassembly = 0) & (s->init_num = ('&(s->d1->w_msg_hdr)->msg_len' + 12)) & (! (s->init_num = 0)) & (s->d1->sent_messages->items->next->next->next->data->reassembly = is_ccs) & (! (s->d1->sent_messages->items->next = 0)) & (! (s->d1->sent_messages->items->next->next = 0)) & (is_ccs = '&(s->d1->sent_messages->items->next->next->next->data->msg_header)->is_ccs') & (! (s->d1->sent_messages->items->next->next->next->data = 0)) & ('&(s->d1->w_msg_hdr)->seq' = 0)),
	DisjunctSignature: label: <Ok, 0, 0>, 
		allocated: frozenset({frozenset({'s->d1->sent_messages->items->data'}),
           frozenset({'s->d1->sent_messages->items'}),
           frozenset({'s->d1->sent_messages->items->data->fragment'})}), 
		deallocated: frozenset(), 
		return_formula: (return = 1), 
		formula: ((! (s->d1->sent_messages->items->data->fragment = 0)) & (s->d1->sent_messages->items->data->reassembly = is_ccs) & (is_ccs = '&(s->d1->sent_messages->items->data->msg_header)->is_ccs') & (! (s->d1->sent_messages->items = 0)) & ('&(s->d1->w_msg_hdr)->msg_len' = '&(s->d1->sent_messages->items->data->msg_header)->msg_len') & ('&(s->d1->sent_messages->items->data->msg_header)->msg_len' = '&(s->d1->sent_messages->items->data->msg_header)->frag_len') & (s->init_num = ('&(s->d1->w_msg_hdr)->msg_len' + 12)) & ('&(s->d1->w_msg_hdr)->seq' = '&(s->d1->sent_messages->items->data->msg_header)->seq') & (! (s->init_num = 0)) & (! (s->d1->sent_messages->items->next = 0)) & (s->d1->sent_messages->items->data->reassembly = 0) & (! (s->d1->sent_messages->items->data = 0)) & ('&(s->d1->w_msg_hdr)->seq' = 0)),
	DisjunctSignature: label: <Ok, 0, 0>, 
		allocated: frozenset({frozenset({'s->d1->sent_messages->items->next->data'}),
           frozenset({'s->d1->sent_messages->items->next->data->fragment'}),
           frozenset({'s->d1->sent_messages->items->next'})}), 
		deallocated: frozenset(), 
		return_formula: (return = 1), 
		formula: ((s->d1->sent_messages->items->next->data->reassembly = is_ccs) & (s->d1->sent_messages->items->next->data->reassembly = 0) & (is_ccs = '&(s->d1->sent_messages->items->next->data->msg_header)->is_ccs') & ('&(s->d1->w_msg_hdr)->msg_len' = '&(s->d1->sent_messages->items->next->data->msg_header)->msg_len') & (! (s->d1->sent_messages->items = 0)) & ('&(s->d1->sent_messages->items->next->data->msg_header)->msg_len' = '&(s->d1->sent_messages->items->next->data->msg_header)->frag_len') & (! (s->d1->sent_messages->items->next->data = 0)) & (s->init_num = ('&(s->d1->w_msg_hdr)->msg_len' + 12)) & ('&(s->d1->w_msg_hdr)->seq' = '&(s->d1->sent_messages->items->next->data->msg_header)->seq') & (! (s->d1->sent_messages->items->next->data->fragment = 0)) & (! (s->init_num = 0)) & (! (s->d1->sent_messages->items->next = 0)) & (! (s->d1->sent_messages->items->next->next = 0)) & ('&(s->d1->w_msg_hdr)->seq' = 0)),
	DisjunctSignature: label: <Ok, 0, 0>, 
		allocated: frozenset({frozenset({'s->d1->sent_messages->items->next->next'}),
           frozenset({'s->d1->sent_messages->items->next->next->data'}),
           frozenset({'s->d1->sent_messages->items->next->next->data->fragment'})}), 
		deallocated: frozenset(), 
		return_formula: (return = 1), 
		formula: ((! (s->d1->sent_messages->items->next->next->next = 0)) & ('&(s->d1->w_msg_hdr)->seq' = '&(s->d1->sent_messages->items->next->next->data->msg_header)->seq') & (! (s->d1->sent_messages->items->next->next->data->fragment = 0)) & (s->d1->sent_messages->items->next->next->data->reassembly = 0) & (s->d1->sent_messages->items->next->next->data->reassembly = is_ccs) & (! (s->d1->sent_messages->items = 0)) & (is_ccs = '&(s->d1->sent_messages->items->next->next->data->msg_header)->is_ccs') & ('&(s->d1->w_msg_hdr)->msg_len' = '&(s->d1->sent_messages->items->next->next->data->msg_header)->msg_len') & (! (s->d1->sent_messages->items->next->next->data = 0)) & (s->init_num = ('&(s->d1->w_msg_hdr)->msg_len' + 12)) & ('&(s->d1->sent_messages->items->next->next->data->msg_header)->msg_len' = '&(s->d1->sent_messages->items->next->next->data->msg_header)->frag_len') & (! (s->init_num = 0)) & (! (s->d1->sent_messages->items->next = 0)) & (! (s->d1->sent_messages->items->next->next = 0)) & ('&(s->d1->w_msg_hdr)->seq' = 0)),
	DisjunctSignature: label: <Ok, 0, 0>, 
		allocated: frozenset({frozenset({'s->d1->sent_messages->items->next->next->next'}),
           frozenset({'s->d1->sent_messages->items->next->next->next->data'}),
           frozenset({'s->d1->sent_messages->items->next->next->next->data->fragment'})}), 
		deallocated: frozenset(), 
		return_formula: (return = 1), 
		formula: ((! (s->d1->sent_messages->items->next->next->next->data->fragment = 0)) & ('&(s->d1->w_msg_hdr)->msg_len' = '&(s->d1->sent_messages->items->next->next->next->data->msg_header)->msg_len') & ('&(s->d1->sent_messages->items->next->next->next->data->msg_header)->msg_len' = '&(s->d1->sent_messages->items->next->next->next->data->msg_header)->frag_len') & (! (s->d1->sent_messages->items->next->next->next = 0)) & ('&(s->d1->w_msg_hdr)->seq' = '&(s->d1->sent_messages->items->next->next->next->data->msg_header)->seq') & (! (s->d1->sent_messages->items = 0)) & (is_ccs = '&(s->d1->sent_messages->items->next->next->next->data->msg_header)->is_ccs') & (s->d1->sent_messages->items->next->next->next->data->reassembly = 0) & (s->init_num = ('&(s->d1->w_msg_hdr)->msg_len' + 12)) & (! (s->init_num = 0)) & (s->d1->sent_messages->items->next->next->next->data->reassembly = is_ccs) & (! (s->d1->sent_messages->items->next = 0)) & (! (s->d1->sent_messages->items->next->next = 0)) & (! (s->d1->sent_messages->items->next->next->next->next = 0)) & (! (s->d1->sent_messages->items->next->next->next->data = 0)) & ('&(s->d1->w_msg_hdr)->seq' = 0)),
	DisjunctSignature: label: <Ok, 0, 0>, 
		allocated: frozenset({frozenset({'s->d1->sent_messages->items->data'}),
           frozenset({'s->d1->sent_messages->items'}),
           frozenset({'s->d1->sent_messages->items->data->fragment'})}), 
		deallocated: frozenset(), 
		return_formula: (return = 1), 
		formula: ((! (s->d1->sent_messages->items->data->fragment = 0)) & (s->d1->sent_messages->items->data->reassembly = is_ccs) & (is_ccs = '&(s->d1->sent_messages->items->data->msg_header)->is_ccs') & (! (s->d1->sent_messages->items = 0)) & ('&(s->d1->w_msg_hdr)->msg_len' = '&(s->d1->sent_messages->items->data->msg_header)->msg_len') & ('&(s->d1->sent_messages->items->data->msg_header)->msg_len' = '&(s->d1->sent_messages->items->data->msg_header)->frag_len') & (s->init_num = ('&(s->d1->w_msg_hdr)->msg_len' + 12)) & ('&(s->d1->w_msg_hdr)->seq' = '&(s->d1->sent_messages->items->data->msg_header)->seq') & (! (s->init_num = 0)) & (s->d1->sent_messages->items->data->reassembly = 0) & (! (s->d1->sent_messages->items->data = 0)) & ('&(s->d1->w_msg_hdr)->seq' = 0)),
	DisjunctSignature: label: <Ok, 0, 0>, 
		allocated: frozenset({frozenset({'s->d1->sent_messages->items->next->data'}),
           frozenset({'s->d1->sent_messages->items->next->data->fragment'}),
           frozenset({'s->d1->sent_messages->items->next'})}), 
		deallocated: frozenset(), 
		return_formula: (return = 1), 
		formula: ((s->d1->sent_messages->items->next->next = s->d1->sent_messages->items->next->data->reassembly) & (! (s->d1->sent_messages->items->next = 0)) & (s->d1->sent_messages->items->next->data->reassembly = '&(s->d1->sent_messages->items->next->data->msg_header)->frag_off') & (is_ccs = '&(s->d1->sent_messages->items->next->data->msg_header)->is_ccs') & ('&(s->d1->w_msg_hdr)->msg_len' = '&(s->d1->sent_messages->items->next->data->msg_header)->msg_len') & (s->init_num = ('&(s->d1->w_msg_hdr)->msg_len' + 3)) & (! (s->d1->sent_messages->items = 0)) & ('&(s->d1->sent_messages->items->next->data->msg_header)->msg_len' = '&(s->d1->sent_messages->items->next->data->msg_header)->frag_len') & (! (s->d1->sent_messages->items->next->data = 0)) & (! (is_ccs = 0)) & (! (s->d1->sent_messages->items->next->data->fragment = 0)) & (! (s->init_num = 0)) & ('&(s->d1->w_msg_hdr)->seq' = '&(s->d1->sent_messages->items->next->data->msg_header)->seq') & (s->d1->sent_messages->items->next->next = 0) & ('&(s->d1->w_msg_hdr)->seq' = 0)),
	DisjunctSignature: label: <Ok, 0, 0>, 
		allocated: frozenset({frozenset({'s->d1->sent_messages->items->next->next'}),
           frozenset({'s->d1->sent_messages->items->next->next->data'}),
           frozenset({'s->d1->sent_messages->items->next->next->data->fragment'})}), 
		deallocated: frozenset(), 
		return_formula: (return = 1), 
		formula: ((s->d1->sent_messages->items->next->next->next = 0) & ('&(s->d1->w_msg_hdr)->seq' = '&(s->d1->sent_messages->items->next->next->data->msg_header)->seq') & (! (s->d1->sent_messages->items->next->next->data->fragment = 0)) & (s->d1->sent_messages->items->next->next->next = s->d1->sent_messages->items->next->next->data->reassembly) & (! (s->d1->sent_messages->items = 0)) & (s->init_num = ('&(s->d1->w_msg_hdr)->msg_len' + 3)) & (s->d1->sent_messages->items->next->next->data->reassembly = '&(s->d1->sent_messages->items->next->next->data->msg_header)->frag_off') & ('&(s->d1->w_msg_hdr)->msg_len' = '&(s->d1->sent_messages->items->next->next->data->msg_header)->msg_len') & (is_ccs = '&(s->d1->sent_messages->items->next->next->data->msg_header)->is_ccs') & (! (s->d1->sent_messages->items->next->next->data = 0)) & (! (is_ccs = 0)) & ('&(s->d1->sent_messages->items->next->next->data->msg_header)->msg_len' = '&(s->d1->sent_messages->items->next->next->data->msg_header)->frag_len') & (! (s->init_num = 0)) & (! (s->d1->sent_messages->items->next = 0)) & (! (s->d1->sent_messages->items->next->next = 0)) & ('&(s->d1->w_msg_hdr)->seq' = 0)),
	DisjunctSignature: label: <Ok, 0, 0>, 
		allocated: frozenset({frozenset({'s->d1->sent_messages->items->next->next->next'}),
           frozenset({'s->d1->sent_messages->items->next->next->next->data'}),
           frozenset({'s->d1->sent_messages->items->next->next->next->data->fragment'})}), 
		deallocated: frozenset(), 
		return_formula: (return = 1), 
		formula: ((! (s->d1->sent_messages->items->next->next->next->data->fragment = 0)) & ('&(s->d1->w_msg_hdr)->msg_len' = '&(s->d1->sent_messages->items->next->next->next->data->msg_header)->msg_len') & ('&(s->d1->sent_messages->items->next->next->next->data->msg_header)->msg_len' = '&(s->d1->sent_messages->items->next->next->next->data->msg_header)->frag_len') & (! (s->d1->sent_messages->items->next->next->next = 0)) & ('&(s->d1->w_msg_hdr)->seq' = '&(s->d1->sent_messages->items->next->next->next->data->msg_header)->seq') & (! (s->d1->sent_messages->items->next->next = 0)) & (s->d1->sent_messages->items->next->next->next->next = s->d1->sent_messages->items->next->next->next->data->reassembly) & (s->init_num = ('&(s->d1->w_msg_hdr)->msg_len' + 3)) & (! (s->d1->sent_messages->items = 0)) & (s->d1->sent_messages->items->next->next->next->data->reassembly = '&(s->d1->sent_messages->items->next->next->next->data->msg_header)->frag_off') & (! (is_ccs = 0)) & (! (s->init_num = 0)) & (! (s->d1->sent_messages->items->next = 0)) & (s->d1->sent_messages->items->next->next->next->next = 0) & (is_ccs = '&(s->d1->sent_messages->items->next->next->next->data->msg_header)->is_ccs') & (! (s->d1->sent_messages->items->next->next->next->data = 0)) & ('&(s->d1->w_msg_hdr)->seq' = 0)),
	DisjunctSignature: label: <Ok, 0, 0>, 
		allocated: frozenset({frozenset({'s->d1->sent_messages->items->data'}),
           frozenset({'s->d1->sent_messages->items'}),
           frozenset({'s->d1->sent_messages->items->data->fragment'})}), 
		deallocated: frozenset(), 
		return_formula: (return = 1), 
		formula: ((! (s->d1->sent_messages->items->data->fragment = 0)) & (is_ccs = '&(s->d1->sent_messages->items->data->msg_header)->is_ccs') & (s->init_num = ('&(s->d1->w_msg_hdr)->msg_len' + 3)) & (! (s->d1->sent_messages->items = 0)) & ('&(s->d1->w_msg_hdr)->msg_len' = '&(s->d1->sent_messages->items->data->msg_header)->msg_len') & (s->d1->sent_messages->items->data->reassembly = '&(s->d1->sent_messages->items->data->msg_header)->frag_off') & ('&(s->d1->sent_messages->items->data->msg_header)->msg_len' = '&(s->d1->sent_messages->items->data->msg_header)->frag_len') & (! (is_ccs = 0)) & ('&(s->d1->w_msg_hdr)->seq' = '&(s->d1->sent_messages->items->data->msg_header)->seq') & (! (s->init_num = 0)) & (! (s->d1->sent_messages->items->next = 0)) & (s->d1->sent_messages->items->data->reassembly = 0) & (! (s->d1->sent_messages->items->data = 0)) & ('&(s->d1->w_msg_hdr)->seq' = 0)),
	DisjunctSignature: label: <Ok, 0, 0>, 
		allocated: frozenset({frozenset({'s->d1->sent_messages->items->next->data'}),
           frozenset({'s->d1->sent_messages->items->next->data->fragment'}),
           frozenset({'s->d1->sent_messages->items->next'})}), 
		deallocated: frozenset(), 
		return_formula: (return = 1), 
		formula: ((s->d1->sent_messages->items->next->data->reassembly = '&(s->d1->sent_messages->items->next->data->msg_header)->frag_off') & (s->d1->sent_messages->items->next->data->reassembly = 0) & (is_ccs = '&(s->d1->sent_messages->items->next->data->msg_header)->is_ccs') & ('&(s->d1->w_msg_hdr)->msg_len' = '&(s->d1->sent_messages->items->next->data->msg_header)->msg_len') & (s->init_num = ('&(s->d1->w_msg_hdr)->msg_len' + 3)) & (! (s->d1->sent_messages->items = 0)) & ('&(s->d1->sent_messages->items->next->data->msg_header)->msg_len' = '&(s->d1->sent_messages->items->next->data->msg_header)->frag_len') & (! (s->d1->sent_messages->items->next->data = 0)) & (! (is_ccs = 0)) & (! (s->d1->sent_messages->items->next->data->fragment = 0)) & (! (s->init_num = 0)) & ('&(s->d1->w_msg_hdr)->seq' = '&(s->d1->sent_messages->items->next->data->msg_header)->seq') & (! (s->d1->sent_messages->items->next = 0)) & (! (s->d1->sent_messages->items->next->next = 0)) & ('&(s->d1->w_msg_hdr)->seq' = 0)),
	DisjunctSignature: label: <Ok, 0, 0>, 
		allocated: frozenset({frozenset({'s->d1->sent_messages->items->next->next'}),
           frozenset({'s->d1->sent_messages->items->next->next->data'}),
           frozenset({'s->d1->sent_messages->items->next->next->data->fragment'})}), 
		deallocated: frozenset(), 
		return_formula: (return = 1), 
		formula: ((! (s->d1->sent_messages->items->next->next->next = 0)) & ('&(s->d1->w_msg_hdr)->seq' = '&(s->d1->sent_messages->items->next->next->data->msg_header)->seq') & (! (s->d1->sent_messages->items->next->next->data->fragment = 0)) & (s->d1->sent_messages->items->next->next->data->reassembly = 0) & (s->init_num = ('&(s->d1->w_msg_hdr)->msg_len' + 3)) & (! (s->d1->sent_messages->items = 0)) & (s->d1->sent_messages->items->next->next->data->reassembly = '&(s->d1->sent_messages->items->next->next->data->msg_header)->frag_off') & ('&(s->d1->w_msg_hdr)->msg_len' = '&(s->d1->sent_messages->items->next->next->data->msg_header)->msg_len') & (is_ccs = '&(s->d1->sent_messages->items->next->next->data->msg_header)->is_ccs') & (! (s->d1->sent_messages->items->next->next->data = 0)) & (! (is_ccs = 0)) & ('&(s->d1->sent_messages->items->next->next->data->msg_header)->msg_len' = '&(s->d1->sent_messages->items->next->next->data->msg_header)->frag_len') & (! (s->init_num = 0)) & (! (s->d1->sent_messages->items->next = 0)) & (! (s->d1->sent_messages->items->next->next = 0)) & ('&(s->d1->w_msg_hdr)->seq' = 0)),
	DisjunctSignature: label: <Ok, 0, 0>, 
		allocated: frozenset({frozenset({'s->d1->sent_messages->items->next->next->next'}),
           frozenset({'s->d1->sent_messages->items->next->next->next->data'}),
           frozenset({'s->d1->sent_messages->items->next->next->next->data->fragment'})}), 
		deallocated: frozenset(), 
		return_formula: (return = 1), 
		formula: ((! (s->d1->sent_messages->items->next->next->next->data->fragment = 0)) & ('&(s->d1->w_msg_hdr)->msg_len' = '&(s->d1->sent_messages->items->next->next->next->data->msg_header)->msg_len') & ('&(s->d1->sent_messages->items->next->next->next->data->msg_header)->msg_len' = '&(s->d1->sent_messages->items->next->next->next->data->msg_header)->frag_len') & (! (s->d1->sent_messages->items->next->next->next = 0)) & ('&(s->d1->w_msg_hdr)->seq' = '&(s->d1->sent_messages->items->next->next->next->data->msg_header)->seq') & (s->init_num = ('&(s->d1->w_msg_hdr)->msg_len' + 3)) & (! (s->d1->sent_messages->items = 0)) & (s->d1->sent_messages->items->next->next->next->data->reassembly = '&(s->d1->sent_messages->items->next->next->next->data->msg_header)->frag_off') & (s->d1->sent_messages->items->next->next->next->data->reassembly = 0) & (is_ccs = '&(s->d1->sent_messages->items->next->next->next->data->msg_header)->is_ccs') & (! (is_ccs = 0)) & (! (s->init_num = 0)) & (! (s->d1->sent_messages->items->next = 0)) & (! (s->d1->sent_messages->items->next->next = 0)) & (! (s->d1->sent_messages->items->next->next->next->next = 0)) & (! (s->d1->sent_messages->items->next->next->next->data = 0)) & ('&(s->d1->w_msg_hdr)->seq' = 0)),
	DisjunctSignature: label: <Ok, 0, 0>, 
		allocated: frozenset({frozenset({'s->d1->sent_messages->items->data'}),
           frozenset({'s->d1->sent_messages->items'}),
           frozenset({'s->d1->sent_messages->items->data->fragment'})}), 
		deallocated: frozenset(), 
		return_formula: (return = 1), 
		formula: ((! (s->d1->sent_messages->items->data->fragment = 0)) & (is_ccs = '&(s->d1->sent_messages->items->data->msg_header)->is_ccs') & (s->init_num = ('&(s->d1->w_msg_hdr)->msg_len' + 3)) & (! (s->d1->sent_messages->items = 0)) & ('&(s->d1->w_msg_hdr)->msg_len' = '&(s->d1->sent_messages->items->data->msg_header)->msg_len') & (s->d1->sent_messages->items->data->reassembly = '&(s->d1->sent_messages->items->data->msg_header)->frag_off') & ('&(s->d1->sent_messages->items->data->msg_header)->msg_len' = '&(s->d1->sent_messages->items->data->msg_header)->frag_len') & (! (is_ccs = 0)) & ('&(s->d1->w_msg_hdr)->seq' = '&(s->d1->sent_messages->items->data->msg_header)->seq') & (! (s->init_num = 0)) & (s->d1->sent_messages->items->next = 0) & (s->d1->sent_messages->items->next = s->d1->sent_messages->items->data->reassembly) & (! (s->d1->sent_messages->items->data = 0)) & ('&(s->d1->w_msg_hdr)->seq' = 0)),
	DisjunctSignature: label: <Ok, 0, 0>, 
		allocated: frozenset({frozenset({'s->d1->sent_messages->items->next->data'}),
           frozenset({'s->d1->sent_messages->items->next->data->fragment'}),
           frozenset({'s->d1->sent_messages->items->next'})}), 
		deallocated: frozenset(), 
		return_formula: (return = 1), 
		formula: ((s->d1->sent_messages->items->next->next = s->d1->sent_messages->items->next->data->reassembly) & (! (s->d1->sent_messages->items->next = 0)) & (s->init_num = ('&(s->d1->w_msg_hdr)->msg_len' + 1)) & (s->d1->sent_messages->items->next->data->reassembly = '&(s->d1->sent_messages->items->next->data->msg_header)->frag_off') & (s->version = 65279) & (is_ccs = '&(s->d1->sent_messages->items->next->data->msg_header)->is_ccs') & ('&(s->d1->w_msg_hdr)->msg_len' = '&(s->d1->sent_messages->items->next->data->msg_header)->msg_len') & (! (s->d1->sent_messages->items = 0)) & ('&(s->d1->sent_messages->items->next->data->msg_header)->msg_len' = '&(s->d1->sent_messages->items->next->data->msg_header)->frag_len') & (! (s->d1->sent_messages->items->next->data = 0)) & (! (is_ccs = 0)) & (! (s->d1->sent_messages->items->next->data->fragment = 0)) & (! (s->init_num = 0)) & ('&(s->d1->w_msg_hdr)->seq' = '&(s->d1->sent_messages->items->next->data->msg_header)->seq') & (s->d1->sent_messages->items->next->next = 0) & ('&(s->d1->w_msg_hdr)->seq' = 0)),
	DisjunctSignature: label: <Ok, 0, 0>, 
		allocated: frozenset({frozenset({'s->d1->sent_messages->items->next->next'}),
           frozenset({'s->d1->sent_messages->items->next->next->data'}),
           frozenset({'s->d1->sent_messages->items->next->next->data->fragment'})}), 
		deallocated: frozenset(), 
		return_formula: (return = 1), 
		formula: ((s->d1->sent_messages->items->next->next->next = 0) & (s->init_num = ('&(s->d1->w_msg_hdr)->msg_len' + 1)) & ('&(s->d1->w_msg_hdr)->seq' = '&(s->d1->sent_messages->items->next->next->data->msg_header)->seq') & (s->version = 65279) & (! (s->d1->sent_messages->items->next->next->data->fragment = 0)) & (s->d1->sent_messages->items->next->next->next = s->d1->sent_messages->items->next->next->data->reassembly) & (! (s->d1->sent_messages->items = 0)) & (is_ccs = '&(s->d1->sent_messages->items->next->next->data->msg_header)->is_ccs') & (s->d1->sent_messages->items->next->next->data->reassembly = '&(s->d1->sent_messages->items->next->next->data->msg_header)->frag_off') & ('&(s->d1->w_msg_hdr)->msg_len' = '&(s->d1->sent_messages->items->next->next->data->msg_header)->msg_len') & (! (s->d1->sent_messages->items->next->next->data = 0)) & (! (is_ccs = 0)) & ('&(s->d1->sent_messages->items->next->next->data->msg_header)->msg_len' = '&(s->d1->sent_messages->items->next->next->data->msg_header)->frag_len') & (! (s->init_num = 0)) & (! (s->d1->sent_messages->items->next = 0)) & (! (s->d1->sent_messages->items->next->next = 0)) & ('&(s->d1->w_msg_hdr)->seq' = 0)),
	DisjunctSignature: label: <Ok, 0, 0>, 
		allocated: frozenset({frozenset({'s->d1->sent_messages->items->next->next->next'}),
           frozenset({'s->d1->sent_messages->items->next->next->next->data'}),
           frozenset({'s->d1->sent_messages->items->next->next->next->data->fragment'})}), 
		deallocated: frozenset(), 
		return_formula: (return = 1), 
		formula: ((! (s->d1->sent_messages->items->next->next->next->data->fragment = 0)) & ('&(s->d1->w_msg_hdr)->msg_len' = '&(s->d1->sent_messages->items->next->next->next->data->msg_header)->msg_len') & ('&(s->d1->sent_messages->items->next->next->next->data->msg_header)->msg_len' = '&(s->d1->sent_messages->items->next->next->next->data->msg_header)->frag_len') & (! (s->d1->sent_messages->items->next->next->next = 0)) & (s->init_num = ('&(s->d1->w_msg_hdr)->msg_len' + 1)) & ('&(s->d1->w_msg_hdr)->seq' = '&(s->d1->sent_messages->items->next->next->next->data->msg_header)->seq') & (s->version = 65279) & (! (s->d1->sent_messages->items->next->next = 0)) & (s->d1->sent_messages->items->next->next->next->next = s->d1->sent_messages->items->next->next->next->data->reassembly) & (! (s->d1->sent_messages->items = 0)) & (s->d1->sent_messages->items->next->next->next->data->reassembly = '&(s->d1->sent_messages->items->next->next->next->data->msg_header)->frag_off') & (! (is_ccs = 0)) & (! (s->init_num = 0)) & (! (s->d1->sent_messages->items->next = 0)) & (s->d1->sent_messages->items->next->next->next->next = 0) & (is_ccs = '&(s->d1->sent_messages->items->next->next->next->data->msg_header)->is_ccs') & (! (s->d1->sent_messages->items->next->next->next->data = 0)) & ('&(s->d1->w_msg_hdr)->seq' = 0)),
	DisjunctSignature: label: <Ok, 0, 0>, 
		allocated: frozenset({frozenset({'s->d1->sent_messages->items->data'}),
           frozenset({'s->d1->sent_messages->items'}),
           frozenset({'s->d1->sent_messages->items->data->fragment'})}), 
		deallocated: frozenset(), 
		return_formula: (return = 1), 
		formula: ((! (s->d1->sent_messages->items->data->fragment = 0)) & (s->init_num = ('&(s->d1->w_msg_hdr)->msg_len' + 1)) & (s->version = 65279) & (is_ccs = '&(s->d1->sent_messages->items->data->msg_header)->is_ccs') & (! (s->d1->sent_messages->items = 0)) & ('&(s->d1->w_msg_hdr)->msg_len' = '&(s->d1->sent_messages->items->data->msg_header)->msg_len') & (s->d1->sent_messages->items->data->reassembly = '&(s->d1->sent_messages->items->data->msg_header)->frag_off') & ('&(s->d1->sent_messages->items->data->msg_header)->msg_len' = '&(s->d1->sent_messages->items->data->msg_header)->frag_len') & (! (is_ccs = 0)) & ('&(s->d1->w_msg_hdr)->seq' = '&(s->d1->sent_messages->items->data->msg_header)->seq') & (! (s->init_num = 0)) & (! (s->d1->sent_messages->items->next = 0)) & (s->d1->sent_messages->items->data->reassembly = 0) & (! (s->d1->sent_messages->items->data = 0)) & ('&(s->d1->w_msg_hdr)->seq' = 0)),
	DisjunctSignature: label: <Ok, 0, 0>, 
		allocated: frozenset({frozenset({'s->d1->sent_messages->items->next->data'}),
           frozenset({'s->d1->sent_messages->items->next->data->fragment'}),
           frozenset({'s->d1->sent_messages->items->next'})}), 
		deallocated: frozenset(), 
		return_formula: (return = 1), 
		formula: ((s->init_num = ('&(s->d1->w_msg_hdr)->msg_len' + 1)) & (s->d1->sent_messages->items->next->data->reassembly = '&(s->d1->sent_messages->items->next->data->msg_header)->frag_off') & (s->version = 65279) & (s->d1->sent_messages->items->next->data->reassembly = 0) & (is_ccs = '&(s->d1->sent_messages->items->next->data->msg_header)->is_ccs') & ('&(s->d1->w_msg_hdr)->msg_len' = '&(s->d1->sent_messages->items->next->data->msg_header)->msg_len') & (! (s->d1->sent_messages->items = 0)) & ('&(s->d1->sent_messages->items->next->data->msg_header)->msg_len' = '&(s->d1->sent_messages->items->next->data->msg_header)->frag_len') & (! (s->d1->sent_messages->items->next->data = 0)) & (! (is_ccs = 0)) & (! (s->d1->sent_messages->items->next->data->fragment = 0)) & (! (s->init_num = 0)) & ('&(s->d1->w_msg_hdr)->seq' = '&(s->d1->sent_messages->items->next->data->msg_header)->seq') & (! (s->d1->sent_messages->items->next = 0)) & (! (s->d1->sent_messages->items->next->next = 0)) & ('&(s->d1->w_msg_hdr)->seq' = 0)),
	DisjunctSignature: label: <Ok, 0, 0>, 
		allocated: frozenset({frozenset({'s->d1->sent_messages->items->next->next'}),
           frozenset({'s->d1->sent_messages->items->next->next->data'}),
           frozenset({'s->d1->sent_messages->items->next->next->data->fragment'})}), 
		deallocated: frozenset(), 
		return_formula: (return = 1), 
		formula: ((! (s->d1->sent_messages->items->next->next->next = 0)) & (s->init_num = ('&(s->d1->w_msg_hdr)->msg_len' + 1)) & ('&(s->d1->w_msg_hdr)->seq' = '&(s->d1->sent_messages->items->next->next->data->msg_header)->seq') & (s->version = 65279) & (! (s->d1->sent_messages->items->next->next->data->fragment = 0)) & (s->d1->sent_messages->items->next->next->data->reassembly = 0) & (! (s->d1->sent_messages->items = 0)) & (is_ccs = '&(s->d1->sent_messages->items->next->next->data->msg_header)->is_ccs') & (s->d1->sent_messages->items->next->next->data->reassembly = '&(s->d1->sent_messages->items->next->next->data->msg_header)->frag_off') & ('&(s->d1->w_msg_hdr)->msg_len' = '&(s->d1->sent_messages->items->next->next->data->msg_header)->msg_len') & (! (s->d1->sent_messages->items->next->next->data = 0)) & (! (is_ccs = 0)) & ('&(s->d1->sent_messages->items->next->next->data->msg_header)->msg_len' = '&(s->d1->sent_messages->items->next->next->data->msg_header)->frag_len') & (! (s->init_num = 0)) & (! (s->d1->sent_messages->items->next = 0)) & (! (s->d1->sent_messages->items->next->next = 0)) & ('&(s->d1->w_msg_hdr)->seq' = 0)),
	DisjunctSignature: label: <Ok, 0, 0>, 
		allocated: frozenset({frozenset({'s->d1->sent_messages->items->next->next->next'}),
           frozenset({'s->d1->sent_messages->items->next->next->next->data'}),
           frozenset({'s->d1->sent_messages->items->next->next->next->data->fragment'})}), 
		deallocated: frozenset(), 
		return_formula: (return = 1), 
		formula: ((! (s->d1->sent_messages->items->next->next->next->data->fragment = 0)) & ('&(s->d1->w_msg_hdr)->msg_len' = '&(s->d1->sent_messages->items->next->next->next->data->msg_header)->msg_len') & ('&(s->d1->sent_messages->items->next->next->next->data->msg_header)->msg_len' = '&(s->d1->sent_messages->items->next->next->next->data->msg_header)->frag_len') & (! (s->d1->sent_messages->items->next->next->next = 0)) & (s->init_num = ('&(s->d1->w_msg_hdr)->msg_len' + 1)) & ('&(s->d1->w_msg_hdr)->seq' = '&(s->d1->sent_messages->items->next->next->next->data->msg_header)->seq') & (s->version = 65279) & (! (s->d1->sent_messages->items = 0)) & (s->d1->sent_messages->items->next->next->next->data->reassembly = '&(s->d1->sent_messages->items->next->next->next->data->msg_header)->frag_off') & (s->d1->sent_messages->items->next->next->next->data->reassembly = 0) & (is_ccs = '&(s->d1->sent_messages->items->next->next->next->data->msg_header)->is_ccs') & (! (is_ccs = 0)) & (! (s->init_num = 0)) & (! (s->d1->sent_messages->items->next = 0)) & (! (s->d1->sent_messages->items->next->next = 0)) & (! (s->d1->sent_messages->items->next->next->next->next = 0)) & (! (s->d1->sent_messages->items->next->next->next->data = 0)) & ('&(s->d1->w_msg_hdr)->seq' = 0)),
	DisjunctSignature: label: <Ok, 0, 0>, 
		allocated: frozenset({frozenset({'s->d1->sent_messages->items->data'}),
           frozenset({'s->d1->sent_messages->items'}),
           frozenset({'s->d1->sent_messages->items->data->fragment'})}), 
		deallocated: frozenset(), 
		return_formula: (return = 1), 
		formula: ((! (s->d1->sent_messages->items->data->fragment = 0)) & (s->init_num = ('&(s->d1->w_msg_hdr)->msg_len' + 1)) & (s->version = 65279) & (is_ccs = '&(s->d1->sent_messages->items->data->msg_header)->is_ccs') & (! (s->d1->sent_messages->items = 0)) & ('&(s->d1->w_msg_hdr)->msg_len' = '&(s->d1->sent_messages->items->data->msg_header)->msg_len') & (s->d1->sent_messages->items->data->reassembly = '&(s->d1->sent_messages->items->data->msg_header)->frag_off') & ('&(s->d1->sent_messages->items->data->msg_header)->msg_len' = '&(s->d1->sent_messages->items->data->msg_header)->frag_len') & (! (is_ccs = 0)) & ('&(s->d1->w_msg_hdr)->seq' = '&(s->d1->sent_messages->items->data->msg_header)->seq') & (! (s->init_num = 0)) & (s->d1->sent_messages->items->next = 0) & (s->d1->sent_messages->items->next = s->d1->sent_messages->items->data->reassembly) & (! (s->d1->sent_messages->items->data = 0)) & ('&(s->d1->w_msg_hdr)->seq' = 0)),
]
[Codeql] Running patch ingredient (return stmts) query
Return statements: ['return 0;', 'return 1;']
[Timer] Duration for codeql-get-return-stmts: 17.029s
[Codeql] Running patch ingredient (labels) query
Labels: []
[Timer] Duration for codeql-get-labels: 13.824s
[Timer] Duration for analysis: 110.200s
Repairing Program at location: 1183
Loc 1183: Getting patch ingredients at fix location
Loc 1183: [Codeql] Running statement boundary query
Statement at fix location ends at line 1183
[Timer] Duration for codeql-get-stmt-boundary: 14.578s
Loc 1183: [Codeql] Running patch ingredient (variable) query
Loc 1183: Pointer variables: ['s->init_buf', 's->init_buf->data', 'frag->fragment', 's', 'frag']
Loc 1183: Non-pointer variables: ['s->init_num']
[Timer] Duration for codeql-get-ingredients-variables: 122.386s
Loc 1183: [Codeql] Running patch ingredient (constants) query
Loc 1183: Constants: ['0', '-1']
[Timer] Duration for codeql-get-consts: 33.870s
Loc 1183: Initializing Patch Generator and Cluster Manager
Loc 1183: Entering the main repair loop
Loc 1183: Total search space size: 91334226744720287959846151753893852893868927187247001726557447812990880733987031569084647924128919499809878800284479013961006730713988367252741081219896747749318644976229832918154
Adding new patch: INSERT BACK free ( s->init_buf ) ;
Created new cluster cluster-L1183-0
Cluster signature: PatchSignature: [
	DisjunctSignature: label: <AbortProgram, 1181, 1183>, 
		allocated: frozenset(), 
		deallocated: frozenset(), 
		return_formula: True, 
		formula: True,
	DisjunctSignature: label: <ErrorMemoryLeak, 1216, 1229>, 
		allocated: frozenset(), 
		deallocated: frozenset({frozenset({'s->init_buf'})}), 
		return_formula: (return = 1), 
		formula: (((s->init_num = ('&(s->d1->w_msg_hdr)->msg_len' + 1)) & (s->version = 65279) & (! (s->init_buf = 0)) & (! (s->d1->sent_messages->items = 0)) & (! (is_ccs = 0)) & (! (s->init_num = 0)) & ('&(s->d1->w_msg_hdr)->seq' = 0)) | ((! (s->d1->sent_messages->items->next->next->next = 0)) & (! (s->init_buf = 0)) & (! (s->d1->sent_messages->items = 0)) & (s->init_num = ('&(s->d1->w_msg_hdr)->msg_len' + 3)) & (! (is_ccs = 0)) & (! (s->init_num = 0)) & (! (s->d1->sent_messages->items->next = 0)) & (! (s->d1->sent_messages->items->next->next = 0)) & ('&(s->d1->w_msg_hdr)->seq' = 0)) | ((! (s->d1->sent_messages->items->next->next->next = 0)) & (s->init_num = ('&(s->d1->w_msg_hdr)->msg_len' + 1)) & (s->version = 65279) & (! (s->init_buf = 0)) & (! (s->d1->sent_messages->items = 0)) & (! (is_ccs = 0)) & (! (s->init_num = 0)) & (! (s->d1->sent_messages->items->next = 0)) & (! (s->d1->sent_messages->items->next->next = 0)) & ('&(s->d1->w_msg_hdr)->seq' = 0)) | ((! (s->init_buf = 0)) & (s->init_num = ('&(s->d1->w_msg_hdr)->msg_len' + 3)) & (! (s->d1->sent_messages->items = 0)) & (! (is_ccs = 0)) & (! (s->init_num = 0)) & (! (s->d1->sent_messages->items->next = 0)) & (! (s->d1->sent_messages->items->next->next = 0)) & ('&(s->d1->w_msg_hdr)->seq' = 0)) | ((! (s->init_buf = 0)) & (! (s->d1->sent_messages->items = 0)) & (s->init_num = ('&(s->d1->w_msg_hdr)->msg_len' + 12)) & (is_ccs = 0) & (! (s->init_num = 0)) & ('&(s->d1->w_msg_hdr)->seq' = 0)) | ((s->init_num = ('&(s->d1->w_msg_hdr)->msg_len' + 1)) & (s->version = 65279) & (! (s->init_buf = 0)) & (! (s->d1->sent_messages->items = 0)) & (! (is_ccs = 0)) & (! (s->init_num = 0)) & (! (s->d1->sent_messages->items->next = 0)) & (! (s->d1->sent_messages->items->next->next = 0)) & ('&(s->d1->w_msg_hdr)->seq' = 0)) | ((! (s->d1->sent_messages->items->next->next->next = 0)) & (! (s->init_buf = 0)) & (! (s->d1->sent_messages->items = 0)) & (is_ccs = 0) & (s->init_num = ('&(s->d1->w_msg_hdr)->msg_len' + 12)) & (! (s->init_num = 0)) & (! (s->d1->sent_messages->items->next = 0)) & (! (s->d1->sent_messages->items->next->next = 0)) & ('&(s->d1->w_msg_hdr)->seq' = 0)) | ((! (s->init_buf = 0)) & (! (s->d1->sent_messages->items = 0)) & (s->init_num = ('&(s->d1->w_msg_hdr)->msg_len' + 12)) & (is_ccs = 0) & (! (s->init_num = 0)) & (! (s->d1->sent_messages->items->next = 0)) & (! (s->d1->sent_messages->items->next->next = 0)) & ('&(s->d1->w_msg_hdr)->seq' = 0)) | ((! (s->init_buf = 0)) & (! (s->d1->sent_messages->items = 0)) & (s->init_num = ('&(s->d1->w_msg_hdr)->msg_len' + 3)) & (! (is_ccs = 0)) & (! (s->init_num = 0)) & (! (s->d1->sent_messages->items->next = 0)) & ('&(s->d1->w_msg_hdr)->seq' = 0)) | ((s->init_num = ('&(s->d1->w_msg_hdr)->msg_len' + 1)) & (s->version = 65279) & (! (s->init_buf = 0)) & (! (s->d1->sent_messages->items = 0)) & (! (is_ccs = 0)) & (! (s->init_num = 0)) & (! (s->d1->sent_messages->items->next = 0)) & ('&(s->d1->w_msg_hdr)->seq' = 0)) | ((! (s->init_buf = 0)) & (! (s->d1->sent_messages->items = 0)) & (s->init_num = ('&(s->d1->w_msg_hdr)->msg_len' + 3)) & (! (is_ccs = 0)) & (! (s->init_num = 0)) & ('&(s->d1->w_msg_hdr)->seq' = 0)) | ((! (s->init_buf = 0)) & (! (s->d1->sent_messages->items = 0)) & (is_ccs = 0) & (s->init_num = ('&(s->d1->w_msg_hdr)->msg_len' + 12)) & (! (s->init_num = 0)) & (! (s->d1->sent_messages->items->next = 0)) & ('&(s->d1->w_msg_hdr)->seq' = 0))),
	DisjunctSignature: label: <ErrorMemoryLeak, 1181, 1229>, 
		allocated: frozenset(), 
		deallocated: frozenset({frozenset({'s->init_buf'})}), 
		return_formula: (return = 1), 
		formula: (((! (s->d1->sent_messages->items->next->next->next = 0)) & (s->init_num = ('&(s->d1->w_msg_hdr)->msg_len' + 1)) & (s->version = 65279) & (! (s->init_buf = 0)) & (! (s->d1->sent_messages->items = 0)) & (! (is_ccs = 0)) & (! (s->init_num = 0)) & (! (s->d1->sent_messages->items->next = 0)) & (! (s->d1->sent_messages->items->next->next = 0)) & ('&(s->d1->w_msg_hdr)->seq' = 0)) | ((! (s->init_buf = 0)) & (s->init_num = ('&(s->d1->w_msg_hdr)->msg_len' + 3)) & (! (s->d1->sent_messages->items = 0)) & (! (is_ccs = 0)) & (! (s->init_num = 0)) & (! (s->d1->sent_messages->items->next = 0)) & ('&(s->d1->w_msg_hdr)->seq' = 0)) | ((! (s->init_buf = 0)) & (! (s->d1->sent_messages->items = 0)) & (s->init_num = ('&(s->d1->w_msg_hdr)->msg_len' + 12)) & (is_ccs = 0) & (! (s->init_num = 0)) & (! (s->d1->sent_messages->items->next = 0)) & (! (s->d1->sent_messages->items->next->next = 0)) & ('&(s->d1->w_msg_hdr)->seq' = 0)) | ((! (s->init_buf = 0)) & (! (s->d1->sent_messages->items = 0)) & (s->init_num = ('&(s->d1->w_msg_hdr)->msg_len' + 3)) & (! (is_ccs = 0)) & (! (s->init_num = 0)) & (! (s->d1->sent_messages->items->next = 0)) & ('&(s->d1->w_msg_hdr)->seq' = 0)) | ((! (s->init_buf = 0)) & (! (s->d1->sent_messages->items = 0)) & (is_ccs = 0) & (s->init_num = ('&(s->d1->w_msg_hdr)->msg_len' + 12)) & (! (s->init_num = 0)) & (! (s->d1->sent_messages->items->next = 0)) & (! (s->d1->sent_messages->items->next->next = 0)) & ('&(s->d1->w_msg_hdr)->seq' = 0)) | ((! (s->init_buf = 0)) & (s->init_num = ('&(s->d1->w_msg_hdr)->msg_len' + 3)) & (! (s->d1->sent_messages->items = 0)) & (! (is_ccs = 0)) & (! (s->init_num = 0)) & (! (s->d1->sent_messages->items->next = 0)) & (! (s->d1->sent_messages->items->next->next = 0)) & ('&(s->d1->w_msg_hdr)->seq' = 0)) | ((! (s->init_buf = 0)) & (! (s->d1->sent_messages->items = 0)) & (s->init_num = ('&(s->d1->w_msg_hdr)->msg_len' + 3)) & (! (is_ccs = 0)) & (! (s->init_num = 0)) & (! (s->d1->sent_messages->items->next = 0)) & (! (s->d1->sent_messages->items->next->next = 0)) & ('&(s->d1->w_msg_hdr)->seq' = 0)) | ((! (s->d1->sent_messages->items->next->next->next = 0)) & (! (s->init_buf = 0)) & (! (s->d1->sent_messages->items = 0)) & (s->init_num = ('&(s->d1->w_msg_hdr)->msg_len' + 12)) & (is_ccs = 0) & (! (s->init_num = 0)) & (! (s->d1->sent_messages->items->next = 0)) & (! (s->d1->sent_messages->items->next->next = 0)) & ('&(s->d1->w_msg_hdr)->seq' = 0)) | ((! (s->d1->sent_messages->items->next->next->next = 0)) & (! (s->init_buf = 0)) & (! (s->d1->sent_messages->items = 0)) & (is_ccs = 0) & (s->init_num = ('&(s->d1->w_msg_hdr)->msg_len' + 12)) & (! (s->init_num = 0)) & (! (s->d1->sent_messages->items->next = 0)) & (! (s->d1->sent_messages->items->next->next = 0)) & ('&(s->d1->w_msg_hdr)->seq' = 0)) | ((! (s->init_buf = 0)) & (! (s->d1->sent_messages->items = 0)) & (s->init_num = ('&(s->d1->w_msg_hdr)->msg_len' + 12)) & (is_ccs = 0) & (! (s->init_num = 0)) & (! (s->d1->sent_messages->items->next = 0)) & ('&(s->d1->w_msg_hdr)->seq' = 0)) | ((s->init_num = ('&(s->d1->w_msg_hdr)->msg_len' + 1)) & (s->version = 65279) & (! (s->init_buf = 0)) & (! (s->d1->sent_messages->items = 0)) & (! (is_ccs = 0)) & (! (s->init_num = 0)) & ('&(s->d1->w_msg_hdr)->seq' = 0)) | ((! (s->d1->sent_messages->items->next->next->next = 0)) & (! (s->init_buf = 0)) & (s->init_num = ('&(s->d1->w_msg_hdr)->msg_len' + 3)) & (! (s->d1->sent_messages->items = 0)) & (! (is_ccs = 0)) & (! (s->init_num = 0)) & (! (s->d1->sent_messages->items->next = 0)) & (! (s->d1->sent_messages->items->next->next = 0)) & ('&(s->d1->w_msg_hdr)->seq' = 0)) | ((! (s->d1->sent_messages->items->next->next->next = 0)) & (! (s->init_buf = 0)) & (! (s->d1->sent_messages->items = 0)) & (s->init_num = ('&(s->d1->w_msg_hdr)->msg_len' + 3)) & (! (is_ccs = 0)) & (! (s->init_num = 0)) & (! (s->d1->sent_messages->items->next = 0)) & (! (s->d1->sent_messages->items->next->next = 0)) & ('&(s->d1->w_msg_hdr)->seq' = 0)) | ((s->init_num = ('&(s->d1->w_msg_hdr)->msg_len' + 1)) & (s->version = 65279) & (! (s->init_buf = 0)) & (! (s->d1->sent_messages->items = 0)) & (! (is_ccs = 0)) & (! (s->init_num = 0)) & (! (s->d1->sent_messages->items->next = 0)) & ('&(s->d1->w_msg_hdr)->seq' = 0)) | ((! (s->init_buf = 0)) & (! (s->d1->sent_messages->items = 0)) & (s->init_num = ('&(s->d1->w_msg_hdr)->msg_len' + 12)) & (is_ccs = 0) & (! (s->init_num = 0)) & ('&(s->d1->w_msg_hdr)->seq' = 0)) | ((s->init_num = ('&(s->d1->w_msg_hdr)->msg_len' + 1)) & (s->version = 65279) & (! (s->init_buf = 0)) & (! (s->d1->sent_messages->items = 0)) & (! (is_ccs = 0)) & (! (s->init_num = 0)) & (! (s->d1->sent_messages->items->next = 0)) & (! (s->d1->sent_messages->items->next->next = 0)) & ('&(s->d1->w_msg_hdr)->seq' = 0)) | ((! (s->init_buf = 0)) & (! (s->d1->sent_messages->items = 0)) & (s->init_num = ('&(s->d1->w_msg_hdr)->msg_len' + 3)) & (! (is_ccs = 0)) & (! (s->init_num = 0)) & ('&(s->d1->w_msg_hdr)->seq' = 0)) | ((! (s->init_buf = 0)) & (! (s->d1->sent_messages->items = 0)) & (is_ccs = 0) & (s->init_num = ('&(s->d1->w_msg_hdr)->msg_len' + 12)) & (! (s->init_num = 0)) & (! (s->d1->sent_messages->items->next = 0)) & ('&(s->d1->w_msg_hdr)->seq' = 0)) | ((! (s->init_buf = 0)) & (s->init_num = ('&(s->d1->w_msg_hdr)->msg_len' + 3)) & (! (s->d1->sent_messages->items = 0)) & (! (is_ccs = 0)) & (! (s->init_num = 0)) & ('&(s->d1->w_msg_hdr)->seq' = 0))),
	DisjunctSignature: label: <ISLLatentMemoryError, 0, 0>, 
		allocated: frozenset(), 
		deallocated: frozenset({frozenset({'s->init_buf'}),
           frozenset({'s->enc_write_ctx'}),
           frozenset({'s->enc_write_ctx->cipher_data'})}), 
		return_formula: True, 
		formula: (((s->init_num = ('&(s->d1->w_msg_hdr)->msg_len' + 1)) & (! (s->enc_write_ctx->engine = 0)) & (add_lock_callback = 0) & (s->version = 65279) & (! (s->enc_write_ctx = 0)) & (! (s->enc_write_ctx->cipher_data = 0)) & (! (s->init_buf = 0)) & (! (s->enc_write_ctx->cipher = 0)) & (! (id_callback = 0)) & (! (err_fns = 0)) & (! (is_ccs = 0)) & (! (s->write_hash->digest = 0)) & (! (s->init_num = 0)) & (! (s->write_hash->digest->ctx_size = 0)) & (! (s->write_hash = 0)) & ('&(s->d1->w_msg_hdr)->seq' = 0)) | ((s->init_num = ('&(s->d1->w_msg_hdr)->msg_len' + 1)) & (add_lock_callback = 0) & (! (s->enc_write_ctx->engine = 0)) & (s->version = 65279) & (! (s->enc_write_ctx->cipher_data = 0)) & (! (s->init_buf = 0)) & (! (s->write_hash->digest->ctx_size = 0)) & (! (s->enc_write_ctx->cipher = 0)) & (! (id_callback = 0)) & (! (err_fns = 0)) & (! (is_ccs = 0)) & (! (s->write_hash->digest = 0)) & (! (s->init_num = 0)) & (! (s->enc_write_ctx = 0)) & (! (s->write_hash = 0)) & ('&(s->d1->w_msg_hdr)->seq' = 0))),
	DisjunctSignature: label: <ISLLatentMemoryError, 0, 0>, 
		allocated: frozenset(), 
		deallocated: frozenset({frozenset({'s->init_buf'})}), 
		return_formula: True, 
		formula: ((! (s->init_buf = 0)) & (s->init_num = ('&(s->d1->w_msg_hdr)->msg_len' + 12)) & (is_ccs = 0) & (! (s->init_num = 0)) & ('&(s->d1->w_msg_hdr)->seq' = 0)),
	DisjunctSignature: label: <ISLLatentMemoryError, 0, 0>, 
		allocated: frozenset(), 
		deallocated: frozenset({frozenset({'s->init_buf'})}), 
		return_formula: True, 
		formula: ((! (s->init_num = 0)) & (s->init_num = ('&(s->d1->w_msg_hdr)->msg_len' + 12)) & (! (s->init_buf = 0)) & (is_ccs = 0)),
	DisjunctSignature: label: <ISLLatentMemoryError, 0, 0>, 
		allocated: frozenset(), 
		deallocated: frozenset({frozenset({'s->init_buf'})}), 
		return_formula: True, 
		formula: ((! (s->init_buf = 0)) & (s->init_num = ('&(s->d1->w_msg_hdr)->msg_len' + 3)) & (! (is_ccs = 0)) & (! (s->init_num = 0)) & ('&(s->d1->w_msg_hdr)->seq' = 0)),
	DisjunctSignature: label: <ISLLatentMemoryError, 0, 0>, 
		allocated: frozenset(), 
		deallocated: frozenset({frozenset({'s->init_buf'})}), 
		return_formula: True, 
		formula: ((! (s->init_num = 0)) & (! (s->init_buf = 0)) & (! (is_ccs = 0)) & (s->init_num = ('&(s->d1->w_msg_hdr)->msg_len' + 3))),
	DisjunctSignature: label: <ISLLatentMemoryError, 0, 0>, 
		allocated: frozenset(), 
		deallocated: frozenset({frozenset({'s->init_buf'})}), 
		return_formula: True, 
		formula: ((s->init_num = ('&(s->d1->w_msg_hdr)->msg_len' + 1)) & (s->version = 65279) & (! (s->init_buf = 0)) & (! (is_ccs = 0)) & (! (s->init_num = 0)) & ('&(s->d1->w_msg_hdr)->seq' = 0)),
	DisjunctSignature: label: <ISLLatentMemoryError, 0, 0>, 
		allocated: frozenset(), 
		deallocated: frozenset({frozenset({'s->init_buf'})}), 
		return_formula: True, 
		formula: ((s->init_num = ('&(s->d1->w_msg_hdr)->msg_len' + 1)) & (s->version = 65279) & (! (s->init_buf = 0)) & (! (is_ccs = 0)) & (! (s->init_num = 0))),
	DisjunctSignature: label: <LatentAbortProgram, 1219, 383>, 
		allocated: frozenset(), 
		deallocated: frozenset({frozenset({'s->init_buf'}),
           frozenset({'s->enc_write_ctx'}),
           frozenset({'s->enc_write_ctx->cipher_data'})}), 
		return_formula: True, 
		formula: ((! (s->write_hash->pctx->pkey->engine->finish = 0)) & (! (s->write_hash->pctx->peerkey = 0)) & (! (s->enc_write_ctx->engine = 0)) & (! (s->write_hash->pctx->peerkey->attributes = 0)) & (! (s->write_hash->pctx->peerkey->attributes->data = 0)) & (! (s->enc_write_ctx->cipher_data = 0)) & (! (s->write_hash->pctx->peerkey->ameth = 0)) & (! (s->enc_write_ctx->cipher = 0)) & (! (s->write_hash->pctx->peerkey->ameth->pkey_free = 0)) & (! (id_callback = 0)) & (! (s->write_hash->pctx->peerkey->engine = 0)) & (! (err_fns = 0)) & (! (s->write_hash->pctx->peerkey->engine->finish = 0)) & (! (s->write_hash->digest = 0)) & (! (s->write_hash->pctx->engine = 0)) & (! (s->write_hash->pctx->engine->finish = 0)) & (! (s->write_hash->md_data = 0)) & (! (s->write_hash->digest->cleanup = 0)) & (s->init_num = ('&(s->d1->w_msg_hdr)->msg_len' + 1)) & (add_lock_callback = 0) & (s->write_hash->pctx->pkey->engine->funct_ref = 1) & (s->version = 65279) & (! (s->write_hash->pctx->pkey->attributes->num = 0)) & (! (s->write_hash->pctx->peerkey->attributes->num = 0)) & (! (is_ccs = 0)) & (! (s->init_num = 0)) & (! (s->enc_write_ctx = 0)) & (! (s->write_hash = 0)) & (! (s->init_buf = 0)) & (! (s->write_hash->engine = 0)) & ('&(s->d1->w_msg_hdr)->seq' = 0) & (s->write_hash->pctx->pkey->engine->funct_ref = s->write_hash->pctx->peerkey->engine->funct_ref) & (! (s->write_hash->engine->finish = 0)) & (s->write_hash->pctx->peerkey->engine->funct_ref = s->write_hash->engine->funct_ref) & (! (s->write_hash->pctx = 0)) & (! (s->write_hash->pctx->pmeth = 0)) & (! (s->write_hash->pctx->pmeth->cleanup = 0)) & (s->write_hash->pctx->pkey->references <= 1) & (s->write_hash->pctx->peerkey->references <= 1) & (! (s->write_hash->pctx->pkey = 0)) & (! (s->write_hash->pctx->pkey->attributes = 0)) & (! (s->write_hash->pctx->pkey->attributes->data = 0)) & (! (s->write_hash->pctx->pkey->ameth = 0)) & (! (s->write_hash->pctx->pkey->ameth->pkey_free = 0)) & (! (s->write_hash->pctx->pkey->engine = 0))),
	DisjunctSignature: label: <LatentAbortProgram, 1219, 383>, 
		allocated: frozenset(), 
		deallocated: frozenset({frozenset({'s->init_buf'}),
           frozenset({'s->enc_write_ctx'}),
           frozenset({'s->write_hash'}),
           frozenset({'s->enc_write_ctx->cipher_data'})}), 
		return_formula: True, 
		formula: ((! (s->write_hash->pctx->pkey->engine->finish = 0)) & (! (s->write_hash->pctx->peerkey = 0)) & (! (s->enc_write_ctx->engine = 0)) & (! (s->write_hash->pctx->peerkey->attributes = 0)) & (! (s->write_hash->pctx->peerkey->attributes->data = 0)) & (! (s->enc_write_ctx->cipher_data = 0)) & (! (s->write_hash->pctx->peerkey->ameth = 0)) & (! (s->enc_write_ctx->cipher = 0)) & (! (s->write_hash->pctx->peerkey->ameth->pkey_free = 0)) & (! (id_callback = 0)) & (! (s->write_hash->pctx->peerkey->engine = 0)) & (! (err_fns = 0)) & (! (s->write_hash->pctx->peerkey->engine->finish = 0)) & (! (s->write_hash->digest = 0)) & (! (s->write_hash->pctx->engine = 0)) & (! (s->write_hash->pctx->engine->finish = 0)) & (! (s->write_hash->md_data = 0)) & (! (s->write_hash->digest->cleanup = 0)) & (s->init_num = ('&(s->d1->w_msg_hdr)->msg_len' + 1)) & (add_lock_callback = 0) & (s->write_hash->pctx->pkey->engine->funct_ref = 1) & (s->version = 65279) & (! (s->write_hash->pctx->pkey->attributes->num = 0)) & (! (s->write_hash->pctx->peerkey->attributes->num = 0)) & (! (is_ccs = 0)) & (! (s->init_num = 0)) & (! (s->enc_write_ctx = 0)) & (! (s->write_hash = 0)) & (! (s->init_buf = 0)) & (! (s->write_hash->engine = 0)) & ('&(s->d1->w_msg_hdr)->seq' = 0) & (s->write_hash->pctx->pkey->engine->funct_ref = s->write_hash->pctx->peerkey->engine->funct_ref) & (! (s->write_hash->engine->finish = 0)) & (s->write_hash->pctx->peerkey->engine->funct_ref = s->write_hash->engine->funct_ref) & (! (s->write_hash->pctx = 0)) & (! (s->write_hash->pctx->pmeth = 0)) & (! (s->write_hash->pctx->pmeth->cleanup = 0)) & (s->write_hash->pctx->pkey->references <= 1) & (s->write_hash->pctx->peerkey->references <= 1) & (! (s->write_hash->pctx->pkey = 0)) & (! (s->write_hash->pctx->pkey->attributes = 0)) & (! (s->write_hash->pctx->pkey->attributes->data = 0)) & (! (s->write_hash->pctx->pkey->ameth = 0)) & (! (s->write_hash->pctx->pkey->ameth->pkey_free = 0)) & (! (s->write_hash->pctx->pkey->engine = 0))),
	DisjunctSignature: label: <LatentAbortProgram, 1171, 1183>, 
		allocated: frozenset(), 
		deallocated: frozenset(), 
		return_formula: True, 
		formula: (s->init_num = 0),
	DisjunctSignature: label: <LatentAbortProgram, 1181, 1183>, 
		allocated: frozenset(), 
		deallocated: frozenset(), 
		return_formula: True, 
		formula: (! (s->init_num = 0)),
	DisjunctSignature: label: <LatentInvalidAccess, 1171, 1171>, 
		allocated: frozenset(), 
		deallocated: frozenset(), 
		return_formula: True, 
		formula: (! (s->init_num = 0)),
	DisjunctSignature: label: <Ok, 0, 0>, 
		allocated: frozenset({frozenset({'s->d1->sent_messages->items->next->data'}),
           frozenset({'s->d1->sent_messages->items->next->data->fragment'}),
           frozenset({'s->d1->sent_messages->items->next'})}), 
		deallocated: frozenset({frozenset({'s->init_buf'})}), 
		return_formula: (return = 1), 
		formula: ((s->d1->sent_messages->items->next->data->reassembly = is_ccs) & (s->d1->sent_messages->items->next->data->reassembly = 0) & (is_ccs = '&(s->d1->sent_messages->items->next->data->msg_header)->is_ccs') & (! (s->init_buf = 0)) & ('&(s->d1->w_msg_hdr)->msg_len' = '&(s->d1->sent_messages->items->next->data->msg_header)->msg_len') & (! (s->d1->sent_messages->items = 0)) & ('&(s->d1->sent_messages->items->next->data->msg_header)->msg_len' = '&(s->d1->sent_messages->items->next->data->msg_header)->frag_len') & (! (s->d1->sent_messages->items->next->data = 0)) & (s->init_num = ('&(s->d1->w_msg_hdr)->msg_len' + 12)) & ('&(s->d1->w_msg_hdr)->seq' = '&(s->d1->sent_messages->items->next->data->msg_header)->seq') & (! (s->d1->sent_messages->items->next->data->fragment = 0)) & (! (s->init_num = 0)) & (! (s->d1->sent_messages->items->next = 0)) & ('&(s->d1->w_msg_hdr)->seq' = 0)),
	DisjunctSignature: label: <Ok, 0, 0>, 
		allocated: frozenset({frozenset({'s->d1->sent_messages->items->next->next'}),
           frozenset({'s->d1->sent_messages->items->next->next->data'}),
           frozenset({'s->d1->sent_messages->items->next->next->data->fragment'})}), 
		deallocated: frozenset({frozenset({'s->init_buf'})}), 
		return_formula: (return = 1), 
		formula: (('&(s->d1->w_msg_hdr)->seq' = '&(s->d1->sent_messages->items->next->next->data->msg_header)->seq') & (! (s->d1->sent_messages->items->next->next->data->fragment = 0)) & (! (s->init_buf = 0)) & (s->d1->sent_messages->items->next->next->data->reassembly = 0) & (s->d1->sent_messages->items->next->next->data->reassembly = is_ccs) & (! (s->d1->sent_messages->items = 0)) & (is_ccs = '&(s->d1->sent_messages->items->next->next->data->msg_header)->is_ccs') & ('&(s->d1->w_msg_hdr)->msg_len' = '&(s->d1->sent_messages->items->next->next->data->msg_header)->msg_len') & (! (s->d1->sent_messages->items->next->next->data = 0)) & (s->init_num = ('&(s->d1->w_msg_hdr)->msg_len' + 12)) & ('&(s->d1->sent_messages->items->next->next->data->msg_header)->msg_len' = '&(s->d1->sent_messages->items->next->next->data->msg_header)->frag_len') & (! (s->init_num = 0)) & (! (s->d1->sent_messages->items->next = 0)) & (! (s->d1->sent_messages->items->next->next = 0)) & ('&(s->d1->w_msg_hdr)->seq' = 0)),
	DisjunctSignature: label: <Ok, 0, 0>, 
		allocated: frozenset({frozenset({'s->d1->sent_messages->items->next->next->next'}),
           frozenset({'s->d1->sent_messages->items->next->next->next->data'}),
           frozenset({'s->d1->sent_messages->items->next->next->next->data->fragment'})}), 
		deallocated: frozenset({frozenset({'s->init_buf'})}), 
		return_formula: (return = 1), 
		formula: ((! (s->d1->sent_messages->items->next->next->next->data->fragment = 0)) & ('&(s->d1->w_msg_hdr)->msg_len' = '&(s->d1->sent_messages->items->next->next->next->data->msg_header)->msg_len') & ('&(s->d1->sent_messages->items->next->next->next->data->msg_header)->msg_len' = '&(s->d1->sent_messages->items->next->next->next->data->msg_header)->frag_len') & (! (s->d1->sent_messages->items->next->next->next = 0)) & ('&(s->d1->w_msg_hdr)->seq' = '&(s->d1->sent_messages->items->next->next->next->data->msg_header)->seq') & (! (s->init_buf = 0)) & (! (s->d1->sent_messages->items = 0)) & (s->d1->sent_messages->items->next->next->next->data->reassembly = 0) & (s->init_num = ('&(s->d1->w_msg_hdr)->msg_len' + 12)) & (! (s->init_num = 0)) & (s->d1->sent_messages->items->next->next->next->data->reassembly = is_ccs) & (! (s->d1->sent_messages->items->next = 0)) & (! (s->d1->sent_messages->items->next->next = 0)) & (is_ccs = '&(s->d1->sent_messages->items->next->next->next->data->msg_header)->is_ccs') & (! (s->d1->sent_messages->items->next->next->next->data = 0)) & ('&(s->d1->w_msg_hdr)->seq' = 0)),
	DisjunctSignature: label: <Ok, 0, 0>, 
		allocated: frozenset({frozenset({'s->d1->sent_messages->items->data'}),
           frozenset({'s->d1->sent_messages->items'}),
           frozenset({'s->d1->sent_messages->items->data->fragment'})}), 
		deallocated: frozenset({frozenset({'s->init_buf'})}), 
		return_formula: (return = 1), 
		formula: ((! (s->d1->sent_messages->items->data->fragment = 0)) & (s->d1->sent_messages->items->data->reassembly = is_ccs) & (! (s->init_buf = 0)) & (is_ccs = '&(s->d1->sent_messages->items->data->msg_header)->is_ccs') & (! (s->d1->sent_messages->items = 0)) & ('&(s->d1->w_msg_hdr)->msg_len' = '&(s->d1->sent_messages->items->data->msg_header)->msg_len') & ('&(s->d1->sent_messages->items->data->msg_header)->msg_len' = '&(s->d1->sent_messages->items->data->msg_header)->frag_len') & (s->init_num = ('&(s->d1->w_msg_hdr)->msg_len' + 12)) & ('&(s->d1->w_msg_hdr)->seq' = '&(s->d1->sent_messages->items->data->msg_header)->seq') & (! (s->init_num = 0)) & (! (s->d1->sent_messages->items->next = 0)) & (s->d1->sent_messages->items->data->reassembly = 0) & (! (s->d1->sent_messages->items->data = 0)) & ('&(s->d1->w_msg_hdr)->seq' = 0)),
	DisjunctSignature: label: <Ok, 0, 0>, 
		allocated: frozenset({frozenset({'s->d1->sent_messages->items->next->data'}),
           frozenset({'s->d1->sent_messages->items->next->data->fragment'}),
           frozenset({'s->d1->sent_messages->items->next'})}), 
		deallocated: frozenset({frozenset({'s->init_buf'})}), 
		return_formula: (return = 1), 
		formula: ((s->d1->sent_messages->items->next->data->reassembly = is_ccs) & (s->d1->sent_messages->items->next->data->reassembly = 0) & (is_ccs = '&(s->d1->sent_messages->items->next->data->msg_header)->is_ccs') & (! (s->init_buf = 0)) & ('&(s->d1->w_msg_hdr)->msg_len' = '&(s->d1->sent_messages->items->next->data->msg_header)->msg_len') & (! (s->d1->sent_messages->items = 0)) & ('&(s->d1->sent_messages->items->next->data->msg_header)->msg_len' = '&(s->d1->sent_messages->items->next->data->msg_header)->frag_len') & (! (s->d1->sent_messages->items->next->data = 0)) & (s->init_num = ('&(s->d1->w_msg_hdr)->msg_len' + 12)) & ('&(s->d1->w_msg_hdr)->seq' = '&(s->d1->sent_messages->items->next->data->msg_header)->seq') & (! (s->d1->sent_messages->items->next->data->fragment = 0)) & (! (s->init_num = 0)) & (! (s->d1->sent_messages->items->next = 0)) & (! (s->d1->sent_messages->items->next->next = 0)) & ('&(s->d1->w_msg_hdr)->seq' = 0)),
	DisjunctSignature: label: <Ok, 0, 0>, 
		allocated: frozenset({frozenset({'s->d1->sent_messages->items->next->next'}),
           frozenset({'s->d1->sent_messages->items->next->next->data'}),
           frozenset({'s->d1->sent_messages->items->next->next->data->fragment'})}), 
		deallocated: frozenset({frozenset({'s->init_buf'})}), 
		return_formula: (return = 1), 
		formula: ((! (s->d1->sent_messages->items->next->next->next = 0)) & ('&(s->d1->w_msg_hdr)->seq' = '&(s->d1->sent_messages->items->next->next->data->msg_header)->seq') & (! (s->d1->sent_messages->items->next->next->data->fragment = 0)) & (! (s->init_buf = 0)) & (s->d1->sent_messages->items->next->next->data->reassembly = 0) & (s->d1->sent_messages->items->next->next->data->reassembly = is_ccs) & (! (s->d1->sent_messages->items = 0)) & (is_ccs = '&(s->d1->sent_messages->items->next->next->data->msg_header)->is_ccs') & ('&(s->d1->w_msg_hdr)->msg_len' = '&(s->d1->sent_messages->items->next->next->data->msg_header)->msg_len') & (! (s->d1->sent_messages->items->next->next->data = 0)) & (s->init_num = ('&(s->d1->w_msg_hdr)->msg_len' + 12)) & ('&(s->d1->sent_messages->items->next->next->data->msg_header)->msg_len' = '&(s->d1->sent_messages->items->next->next->data->msg_header)->frag_len') & (! (s->init_num = 0)) & (! (s->d1->sent_messages->items->next = 0)) & (! (s->d1->sent_messages->items->next->next = 0)) & ('&(s->d1->w_msg_hdr)->seq' = 0)),
	DisjunctSignature: label: <Ok, 0, 0>, 
		allocated: frozenset({frozenset({'s->d1->sent_messages->items->next->next->next'}),
           frozenset({'s->d1->sent_messages->items->next->next->next->data'}),
           frozenset({'s->d1->sent_messages->items->next->next->next->data->fragment'})}), 
		deallocated: frozenset({frozenset({'s->init_buf'})}), 
		return_formula: (return = 1), 
		formula: ((! (s->d1->sent_messages->items->next->next->next->data->fragment = 0)) & ('&(s->d1->w_msg_hdr)->msg_len' = '&(s->d1->sent_messages->items->next->next->next->data->msg_header)->msg_len') & ('&(s->d1->sent_messages->items->next->next->next->data->msg_header)->msg_len' = '&(s->d1->sent_messages->items->next->next->next->data->msg_header)->frag_len') & (! (s->d1->sent_messages->items->next->next->next = 0)) & ('&(s->d1->w_msg_hdr)->seq' = '&(s->d1->sent_messages->items->next->next->next->data->msg_header)->seq') & (! (s->init_buf = 0)) & (! (s->d1->sent_messages->items = 0)) & (is_ccs = '&(s->d1->sent_messages->items->next->next->next->data->msg_header)->is_ccs') & (s->d1->sent_messages->items->next->next->next->data->reassembly = 0) & (s->init_num = ('&(s->d1->w_msg_hdr)->msg_len' + 12)) & (! (s->init_num = 0)) & (s->d1->sent_messages->items->next->next->next->data->reassembly = is_ccs) & (! (s->d1->sent_messages->items->next = 0)) & (! (s->d1->sent_messages->items->next->next = 0)) & (! (s->d1->sent_messages->items->next->next->next->next = 0)) & (! (s->d1->sent_messages->items->next->next->next->data = 0)) & ('&(s->d1->w_msg_hdr)->seq' = 0)),
	DisjunctSignature: label: <Ok, 0, 0>, 
		allocated: frozenset({frozenset({'s->d1->sent_messages->items->data'}),
           frozenset({'s->d1->sent_messages->items'}),
           frozenset({'s->d1->sent_messages->items->data->fragment'})}), 
		deallocated: frozenset({frozenset({'s->init_buf'})}), 
		return_formula: (return = 1), 
		formula: ((! (s->d1->sent_messages->items->data->fragment = 0)) & (s->d1->sent_messages->items->data->reassembly = is_ccs) & (! (s->init_buf = 0)) & (is_ccs = '&(s->d1->sent_messages->items->data->msg_header)->is_ccs') & (! (s->d1->sent_messages->items = 0)) & ('&(s->d1->w_msg_hdr)->msg_len' = '&(s->d1->sent_messages->items->data->msg_header)->msg_len') & ('&(s->d1->sent_messages->items->data->msg_header)->msg_len' = '&(s->d1->sent_messages->items->data->msg_header)->frag_len') & (s->init_num = ('&(s->d1->w_msg_hdr)->msg_len' + 12)) & ('&(s->d1->w_msg_hdr)->seq' = '&(s->d1->sent_messages->items->data->msg_header)->seq') & (! (s->init_num = 0)) & (s->d1->sent_messages->items->data->reassembly = 0) & (! (s->d1->sent_messages->items->data = 0)) & ('&(s->d1->w_msg_hdr)->seq' = 0)),
	DisjunctSignature: label: <Ok, 0, 0>, 
		allocated: frozenset({frozenset({'s->d1->sent_messages->items->next->data'}),
           frozenset({'s->d1->sent_messages->items->next->data->fragment'}),
           frozenset({'s->d1->sent_messages->items->next'})}), 
		deallocated: frozenset({frozenset({'s->init_buf'})}), 
		return_formula: (return = 1), 
		formula: ((s->d1->sent_messages->items->next->next = s->d1->sent_messages->items->next->data->reassembly) & (! (s->d1->sent_messages->items->next = 0)) & (s->d1->sent_messages->items->next->data->reassembly = '&(s->d1->sent_messages->items->next->data->msg_header)->frag_off') & (is_ccs = '&(s->d1->sent_messages->items->next->data->msg_header)->is_ccs') & (! (s->init_buf = 0)) & ('&(s->d1->w_msg_hdr)->msg_len' = '&(s->d1->sent_messages->items->next->data->msg_header)->msg_len') & (s->init_num = ('&(s->d1->w_msg_hdr)->msg_len' + 3)) & (! (s->d1->sent_messages->items = 0)) & ('&(s->d1->sent_messages->items->next->data->msg_header)->msg_len' = '&(s->d1->sent_messages->items->next->data->msg_header)->frag_len') & (! (s->d1->sent_messages->items->next->data = 0)) & (! (is_ccs = 0)) & (! (s->d1->sent_messages->items->next->data->fragment = 0)) & (! (s->init_num = 0)) & ('&(s->d1->w_msg_hdr)->seq' = '&(s->d1->sent_messages->items->next->data->msg_header)->seq') & (s->d1->sent_messages->items->next->next = 0) & ('&(s->d1->w_msg_hdr)->seq' = 0)),
	DisjunctSignature: label: <Ok, 0, 0>, 
		allocated: frozenset({frozenset({'s->d1->sent_messages->items->next->next'}),
           frozenset({'s->d1->sent_messages->items->next->next->data'}),
           frozenset({'s->d1->sent_messages->items->next->next->data->fragment'})}), 
		deallocated: frozenset({frozenset({'s->init_buf'})}), 
		return_formula: (return = 1), 
		formula: ((s->d1->sent_messages->items->next->next->next = 0) & ('&(s->d1->w_msg_hdr)->seq' = '&(s->d1->sent_messages->items->next->next->data->msg_header)->seq') & (! (s->d1->sent_messages->items->next->next->data->fragment = 0)) & (! (s->init_buf = 0)) & (s->d1->sent_messages->items->next->next->next = s->d1->sent_messages->items->next->next->data->reassembly) & (! (s->d1->sent_messages->items = 0)) & (s->init_num = ('&(s->d1->w_msg_hdr)->msg_len' + 3)) & (s->d1->sent_messages->items->next->next->data->reassembly = '&(s->d1->sent_messages->items->next->next->data->msg_header)->frag_off') & ('&(s->d1->w_msg_hdr)->msg_len' = '&(s->d1->sent_messages->items->next->next->data->msg_header)->msg_len') & (is_ccs = '&(s->d1->sent_messages->items->next->next->data->msg_header)->is_ccs') & (! (s->d1->sent_messages->items->next->next->data = 0)) & (! (is_ccs = 0)) & ('&(s->d1->sent_messages->items->next->next->data->msg_header)->msg_len' = '&(s->d1->sent_messages->items->next->next->data->msg_header)->frag_len') & (! (s->init_num = 0)) & (! (s->d1->sent_messages->items->next = 0)) & (! (s->d1->sent_messages->items->next->next = 0)) & ('&(s->d1->w_msg_hdr)->seq' = 0)),
	DisjunctSignature: label: <Ok, 0, 0>, 
		allocated: frozenset({frozenset({'s->d1->sent_messages->items->next->next->next'}),
           frozenset({'s->d1->sent_messages->items->next->next->next->data'}),
           frozenset({'s->d1->sent_messages->items->next->next->next->data->fragment'})}), 
		deallocated: frozenset({frozenset({'s->init_buf'})}), 
		return_formula: (return = 1), 
		formula: ((! (s->d1->sent_messages->items->next->next->next->data->fragment = 0)) & ('&(s->d1->w_msg_hdr)->msg_len' = '&(s->d1->sent_messages->items->next->next->next->data->msg_header)->msg_len') & ('&(s->d1->sent_messages->items->next->next->next->data->msg_header)->msg_len' = '&(s->d1->sent_messages->items->next->next->next->data->msg_header)->frag_len') & (! (s->d1->sent_messages->items->next->next->next = 0)) & ('&(s->d1->w_msg_hdr)->seq' = '&(s->d1->sent_messages->items->next->next->next->data->msg_header)->seq') & (! (s->d1->sent_messages->items->next->next = 0)) & (! (s->init_buf = 0)) & (s->d1->sent_messages->items->next->next->next->next = s->d1->sent_messages->items->next->next->next->data->reassembly) & (s->init_num = ('&(s->d1->w_msg_hdr)->msg_len' + 3)) & (! (s->d1->sent_messages->items = 0)) & (s->d1->sent_messages->items->next->next->next->data->reassembly = '&(s->d1->sent_messages->items->next->next->next->data->msg_header)->frag_off') & (! (is_ccs = 0)) & (! (s->init_num = 0)) & (! (s->d1->sent_messages->items->next = 0)) & (s->d1->sent_messages->items->next->next->next->next = 0) & (is_ccs = '&(s->d1->sent_messages->items->next->next->next->data->msg_header)->is_ccs') & (! (s->d1->sent_messages->items->next->next->next->data = 0)) & ('&(s->d1->w_msg_hdr)->seq' = 0)),
	DisjunctSignature: label: <Ok, 0, 0>, 
		allocated: frozenset({frozenset({'s->d1->sent_messages->items->data'}),
           frozenset({'s->d1->sent_messages->items'}),
           frozenset({'s->d1->sent_messages->items->data->fragment'})}), 
		deallocated: frozenset({frozenset({'s->init_buf'})}), 
		return_formula: (return = 1), 
		formula: ((! (s->d1->sent_messages->items->data->fragment = 0)) & (! (s->init_buf = 0)) & (is_ccs = '&(s->d1->sent_messages->items->data->msg_header)->is_ccs') & (s->init_num = ('&(s->d1->w_msg_hdr)->msg_len' + 3)) & (! (s->d1->sent_messages->items = 0)) & ('&(s->d1->w_msg_hdr)->msg_len' = '&(s->d1->sent_messages->items->data->msg_header)->msg_len') & (s->d1->sent_messages->items->data->reassembly = '&(s->d1->sent_messages->items->data->msg_header)->frag_off') & ('&(s->d1->sent_messages->items->data->msg_header)->msg_len' = '&(s->d1->sent_messages->items->data->msg_header)->frag_len') & (! (is_ccs = 0)) & ('&(s->d1->w_msg_hdr)->seq' = '&(s->d1->sent_messages->items->data->msg_header)->seq') & (! (s->init_num = 0)) & (! (s->d1->sent_messages->items->next = 0)) & (s->d1->sent_messages->items->data->reassembly = 0) & (! (s->d1->sent_messages->items->data = 0)) & ('&(s->d1->w_msg_hdr)->seq' = 0)),
	DisjunctSignature: label: <Ok, 0, 0>, 
		allocated: frozenset({frozenset({'s->d1->sent_messages->items->next->data'}),
           frozenset({'s->d1->sent_messages->items->next->data->fragment'}),
           frozenset({'s->d1->sent_messages->items->next'})}), 
		deallocated: frozenset({frozenset({'s->init_buf'})}), 
		return_formula: (return = 1), 
		formula: ((s->d1->sent_messages->items->next->data->reassembly = '&(s->d1->sent_messages->items->next->data->msg_header)->frag_off') & (s->d1->sent_messages->items->next->data->reassembly = 0) & (is_ccs = '&(s->d1->sent_messages->items->next->data->msg_header)->is_ccs') & (! (s->init_buf = 0)) & ('&(s->d1->w_msg_hdr)->msg_len' = '&(s->d1->sent_messages->items->next->data->msg_header)->msg_len') & (s->init_num = ('&(s->d1->w_msg_hdr)->msg_len' + 3)) & (! (s->d1->sent_messages->items = 0)) & ('&(s->d1->sent_messages->items->next->data->msg_header)->msg_len' = '&(s->d1->sent_messages->items->next->data->msg_header)->frag_len') & (! (s->d1->sent_messages->items->next->data = 0)) & (! (is_ccs = 0)) & (! (s->d1->sent_messages->items->next->data->fragment = 0)) & (! (s->init_num = 0)) & ('&(s->d1->w_msg_hdr)->seq' = '&(s->d1->sent_messages->items->next->data->msg_header)->seq') & (! (s->d1->sent_messages->items->next = 0)) & (! (s->d1->sent_messages->items->next->next = 0)) & ('&(s->d1->w_msg_hdr)->seq' = 0)),
	DisjunctSignature: label: <Ok, 0, 0>, 
		allocated: frozenset({frozenset({'s->d1->sent_messages->items->next->next'}),
           frozenset({'s->d1->sent_messages->items->next->next->data'}),
           frozenset({'s->d1->sent_messages->items->next->next->data->fragment'})}), 
		deallocated: frozenset({frozenset({'s->init_buf'})}), 
		return_formula: (return = 1), 
		formula: ((! (s->d1->sent_messages->items->next->next->next = 0)) & ('&(s->d1->w_msg_hdr)->seq' = '&(s->d1->sent_messages->items->next->next->data->msg_header)->seq') & (! (s->d1->sent_messages->items->next->next->data->fragment = 0)) & (! (s->init_buf = 0)) & (s->d1->sent_messages->items->next->next->data->reassembly = 0) & (! (s->d1->sent_messages->items = 0)) & (s->init_num = ('&(s->d1->w_msg_hdr)->msg_len' + 3)) & (s->d1->sent_messages->items->next->next->data->reassembly = '&(s->d1->sent_messages->items->next->next->data->msg_header)->frag_off') & ('&(s->d1->w_msg_hdr)->msg_len' = '&(s->d1->sent_messages->items->next->next->data->msg_header)->msg_len') & (is_ccs = '&(s->d1->sent_messages->items->next->next->data->msg_header)->is_ccs') & (! (s->d1->sent_messages->items->next->next->data = 0)) & (! (is_ccs = 0)) & ('&(s->d1->sent_messages->items->next->next->data->msg_header)->msg_len' = '&(s->d1->sent_messages->items->next->next->data->msg_header)->frag_len') & (! (s->init_num = 0)) & (! (s->d1->sent_messages->items->next = 0)) & (! (s->d1->sent_messages->items->next->next = 0)) & ('&(s->d1->w_msg_hdr)->seq' = 0)),
	DisjunctSignature: label: <Ok, 0, 0>, 
		allocated: frozenset({frozenset({'s->d1->sent_messages->items->next->next->next'}),
           frozenset({'s->d1->sent_messages->items->next->next->next->data'}),
           frozenset({'s->d1->sent_messages->items->next->next->next->data->fragment'})}), 
		deallocated: frozenset({frozenset({'s->init_buf'})}), 
		return_formula: (return = 1), 
		formula: ((! (s->d1->sent_messages->items->next->next->next->data->fragment = 0)) & ('&(s->d1->w_msg_hdr)->msg_len' = '&(s->d1->sent_messages->items->next->next->next->data->msg_header)->msg_len') & ('&(s->d1->sent_messages->items->next->next->next->data->msg_header)->msg_len' = '&(s->d1->sent_messages->items->next->next->next->data->msg_header)->frag_len') & (! (s->d1->sent_messages->items->next->next->next = 0)) & ('&(s->d1->w_msg_hdr)->seq' = '&(s->d1->sent_messages->items->next->next->next->data->msg_header)->seq') & (! (s->init_buf = 0)) & (s->init_num = ('&(s->d1->w_msg_hdr)->msg_len' + 3)) & (! (s->d1->sent_messages->items = 0)) & (s->d1->sent_messages->items->next->next->next->data->reassembly = '&(s->d1->sent_messages->items->next->next->next->data->msg_header)->frag_off') & (s->d1->sent_messages->items->next->next->next->data->reassembly = 0) & (is_ccs = '&(s->d1->sent_messages->items->next->next->next->data->msg_header)->is_ccs') & (! (is_ccs = 0)) & (! (s->init_num = 0)) & (! (s->d1->sent_messages->items->next = 0)) & (! (s->d1->sent_messages->items->next->next = 0)) & (! (s->d1->sent_messages->items->next->next->next->next = 0)) & (! (s->d1->sent_messages->items->next->next->next->data = 0)) & ('&(s->d1->w_msg_hdr)->seq' = 0)),
	DisjunctSignature: label: <Ok, 0, 0>, 
		allocated: frozenset({frozenset({'s->d1->sent_messages->items->data'}),
           frozenset({'s->d1->sent_messages->items'}),
           frozenset({'s->d1->sent_messages->items->data->fragment'})}), 
		deallocated: frozenset({frozenset({'s->init_buf'})}), 
		return_formula: (return = 1), 
		formula: ((! (s->d1->sent_messages->items->data->fragment = 0)) & (! (s->init_buf = 0)) & (is_ccs = '&(s->d1->sent_messages->items->data->msg_header)->is_ccs') & (s->init_num = ('&(s->d1->w_msg_hdr)->msg_len' + 3)) & (! (s->d1->sent_messages->items = 0)) & ('&(s->d1->w_msg_hdr)->msg_len' = '&(s->d1->sent_messages->items->data->msg_header)->msg_len') & (s->d1->sent_messages->items->data->reassembly = '&(s->d1->sent_messages->items->data->msg_header)->frag_off') & ('&(s->d1->sent_messages->items->data->msg_header)->msg_len' = '&(s->d1->sent_messages->items->data->msg_header)->frag_len') & (! (is_ccs = 0)) & ('&(s->d1->w_msg_hdr)->seq' = '&(s->d1->sent_messages->items->data->msg_header)->seq') & (! (s->init_num = 0)) & (s->d1->sent_messages->items->next = 0) & (s->d1->sent_messages->items->next = s->d1->sent_messages->items->data->reassembly) & (! (s->d1->sent_messages->items->data = 0)) & ('&(s->d1->w_msg_hdr)->seq' = 0)),
	DisjunctSignature: label: <Ok, 0, 0>, 
		allocated: frozenset({frozenset({'s->d1->sent_messages->items->next->data'}),
           frozenset({'s->d1->sent_messages->items->next->data->fragment'}),
           frozenset({'s->d1->sent_messages->items->next'})}), 
		deallocated: frozenset({frozenset({'s->init_buf'})}), 
		return_formula: (return = 1), 
		formula: ((s->d1->sent_messages->items->next->next = s->d1->sent_messages->items->next->data->reassembly) & (! (s->d1->sent_messages->items->next = 0)) & (s->init_num = ('&(s->d1->w_msg_hdr)->msg_len' + 1)) & (s->d1->sent_messages->items->next->data->reassembly = '&(s->d1->sent_messages->items->next->data->msg_header)->frag_off') & (s->version = 65279) & (is_ccs = '&(s->d1->sent_messages->items->next->data->msg_header)->is_ccs') & (! (s->init_buf = 0)) & ('&(s->d1->w_msg_hdr)->msg_len' = '&(s->d1->sent_messages->items->next->data->msg_header)->msg_len') & (! (s->d1->sent_messages->items = 0)) & ('&(s->d1->sent_messages->items->next->data->msg_header)->msg_len' = '&(s->d1->sent_messages->items->next->data->msg_header)->frag_len') & (! (s->d1->sent_messages->items->next->data = 0)) & (! (is_ccs = 0)) & (! (s->d1->sent_messages->items->next->data->fragment = 0)) & (! (s->init_num = 0)) & ('&(s->d1->w_msg_hdr)->seq' = '&(s->d1->sent_messages->items->next->data->msg_header)->seq') & (s->d1->sent_messages->items->next->next = 0) & ('&(s->d1->w_msg_hdr)->seq' = 0)),
	DisjunctSignature: label: <Ok, 0, 0>, 
		allocated: frozenset({frozenset({'s->d1->sent_messages->items->next->next'}),
           frozenset({'s->d1->sent_messages->items->next->next->data'}),
           frozenset({'s->d1->sent_messages->items->next->next->data->fragment'})}), 
		deallocated: frozenset({frozenset({'s->init_buf'})}), 
		return_formula: (return = 1), 
		formula: ((s->d1->sent_messages->items->next->next->next = 0) & (s->init_num = ('&(s->d1->w_msg_hdr)->msg_len' + 1)) & ('&(s->d1->w_msg_hdr)->seq' = '&(s->d1->sent_messages->items->next->next->data->msg_header)->seq') & (s->version = 65279) & (! (s->d1->sent_messages->items->next->next->data->fragment = 0)) & (! (s->init_buf = 0)) & (s->d1->sent_messages->items->next->next->next = s->d1->sent_messages->items->next->next->data->reassembly) & (! (s->d1->sent_messages->items = 0)) & (is_ccs = '&(s->d1->sent_messages->items->next->next->data->msg_header)->is_ccs') & (s->d1->sent_messages->items->next->next->data->reassembly = '&(s->d1->sent_messages->items->next->next->data->msg_header)->frag_off') & ('&(s->d1->w_msg_hdr)->msg_len' = '&(s->d1->sent_messages->items->next->next->data->msg_header)->msg_len') & (! (s->d1->sent_messages->items->next->next->data = 0)) & (! (is_ccs = 0)) & ('&(s->d1->sent_messages->items->next->next->data->msg_header)->msg_len' = '&(s->d1->sent_messages->items->next->next->data->msg_header)->frag_len') & (! (s->init_num = 0)) & (! (s->d1->sent_messages->items->next = 0)) & (! (s->d1->sent_messages->items->next->next = 0)) & ('&(s->d1->w_msg_hdr)->seq' = 0)),
	DisjunctSignature: label: <Ok, 0, 0>, 
		allocated: frozenset({frozenset({'s->d1->sent_messages->items->next->next->next'}),
           frozenset({'s->d1->sent_messages->items->next->next->next->data'}),
           frozenset({'s->d1->sent_messages->items->next->next->next->data->fragment'})}), 
		deallocated: frozenset({frozenset({'s->init_buf'})}), 
		return_formula: (return = 1), 
		formula: ((! (s->d1->sent_messages->items->next->next->next->data->fragment = 0)) & (! (s->d1->sent_messages->items->next->next->next = 0)) & (is_ccs = '&(s->d1->sent_messages->items->next->next->next->data->msg_header)->is_ccs') & ('&(s->d1->w_msg_hdr)->msg_len' = '&(s->d1->sent_messages->items->next->next->next->data->msg_header)->msg_len') & ('&(s->d1->sent_messages->items->next->next->next->data->msg_header)->msg_len' = '&(s->d1->sent_messages->items->next->next->next->data->msg_header)->frag_len') & (s->init_num = ('&(s->d1->w_msg_hdr)->msg_len' + 1)) & ('&(s->d1->w_msg_hdr)->seq' = '&(s->d1->sent_messages->items->next->next->next->data->msg_header)->seq') & (s->version = 65279) & (! (is_ccs = 0)) & (! (s->init_num = 0)) & (! (s->d1->sent_messages->items->next->next = 0)) & (s->d1->sent_messages->items->next->next->next->next = 0) & (! (s->init_buf = 0)) & ('&(s->d1->w_msg_hdr)->seq' = 0) & (s->d1->sent_messages->items->next->next->next->next = s->d1->sent_messages->items->next->next->next->data->reassembly) & (! (s->d1->sent_messages->items = 0)) & (s->d1->sent_messages->items->next->next->next->data->reassembly = '&(s->d1->sent_messages->items->next->next->next->data->msg_header)->frag_off') & (! (s->d1->sent_messages->items->next = 0)) & (! (s->d1->sent_messages->items->next->next->next->data = 0))),
	DisjunctSignature: label: <Ok, 0, 0>, 
		allocated: frozenset({frozenset({'s->d1->sent_messages->items->data'}),
           frozenset({'s->d1->sent_messages->items'}),
           frozenset({'s->d1->sent_messages->items->data->fragment'})}), 
		deallocated: frozenset({frozenset({'s->init_buf'})}), 
		return_formula: (return = 1), 
		formula: ((! (s->d1->sent_messages->items->data->fragment = 0)) & (s->init_num = ('&(s->d1->w_msg_hdr)->msg_len' + 1)) & (s->version = 65279) & (! (s->init_buf = 0)) & (is_ccs = '&(s->d1->sent_messages->items->data->msg_header)->is_ccs') & (! (s->d1->sent_messages->items = 0)) & ('&(s->d1->w_msg_hdr)->msg_len' = '&(s->d1->sent_messages->items->data->msg_header)->msg_len') & (s->d1->sent_messages->items->data->reassembly = '&(s->d1->sent_messages->items->data->msg_header)->frag_off') & ('&(s->d1->sent_messages->items->data->msg_header)->msg_len' = '&(s->d1->sent_messages->items->data->msg_header)->frag_len') & (! (is_ccs = 0)) & ('&(s->d1->w_msg_hdr)->seq' = '&(s->d1->sent_messages->items->data->msg_header)->seq') & (! (s->init_num = 0)) & (! (s->d1->sent_messages->items->next = 0)) & (s->d1->sent_messages->items->data->reassembly = 0) & (! (s->d1->sent_messages->items->data = 0)) & ('&(s->d1->w_msg_hdr)->seq' = 0)),
	DisjunctSignature: label: <Ok, 0, 0>, 
		allocated: frozenset({frozenset({'s->d1->sent_messages->items->next->data'}),
           frozenset({'s->d1->sent_messages->items->next->data->fragment'}),
           frozenset({'s->d1->sent_messages->items->next'})}), 
		deallocated: frozenset({frozenset({'s->init_buf'})}), 
		return_formula: (return = 1), 
		formula: ((s->init_num = ('&(s->d1->w_msg_hdr)->msg_len' + 1)) & (s->d1->sent_messages->items->next->data->reassembly = '&(s->d1->sent_messages->items->next->data->msg_header)->frag_off') & (s->version = 65279) & (s->d1->sent_messages->items->next->data->reassembly = 0) & (is_ccs = '&(s->d1->sent_messages->items->next->data->msg_header)->is_ccs') & (! (s->init_buf = 0)) & ('&(s->d1->w_msg_hdr)->msg_len' = '&(s->d1->sent_messages->items->next->data->msg_header)->msg_len') & (! (s->d1->sent_messages->items = 0)) & ('&(s->d1->sent_messages->items->next->data->msg_header)->msg_len' = '&(s->d1->sent_messages->items->next->data->msg_header)->frag_len') & (! (s->d1->sent_messages->items->next->data = 0)) & (! (is_ccs = 0)) & (! (s->d1->sent_messages->items->next->data->fragment = 0)) & (! (s->init_num = 0)) & ('&(s->d1->w_msg_hdr)->seq' = '&(s->d1->sent_messages->items->next->data->msg_header)->seq') & (! (s->d1->sent_messages->items->next = 0)) & (! (s->d1->sent_messages->items->next->next = 0)) & ('&(s->d1->w_msg_hdr)->seq' = 0)),
	DisjunctSignature: label: <Ok, 0, 0>, 
		allocated: frozenset({frozenset({'s->d1->sent_messages->items->next->next'}),
           frozenset({'s->d1->sent_messages->items->next->next->data'}),
           frozenset({'s->d1->sent_messages->items->next->next->data->fragment'})}), 
		deallocated: frozenset({frozenset({'s->init_buf'})}), 
		return_formula: (return = 1), 
		formula: ((! (s->d1->sent_messages->items->next = 0)) & (! (s->d1->sent_messages->items->next->next->next = 0)) & (s->init_num = ('&(s->d1->w_msg_hdr)->msg_len' + 1)) & ('&(s->d1->w_msg_hdr)->seq' = '&(s->d1->sent_messages->items->next->next->data->msg_header)->seq') & (s->version = 65279) & (s->d1->sent_messages->items->next->next->data->reassembly = 0) & (! (s->init_buf = 0)) & (! (s->d1->sent_messages->items = 0)) & (is_ccs = '&(s->d1->sent_messages->items->next->next->data->msg_header)->is_ccs') & (s->d1->sent_messages->items->next->next->data->reassembly = '&(s->d1->sent_messages->items->next->next->data->msg_header)->frag_off') & ('&(s->d1->w_msg_hdr)->msg_len' = '&(s->d1->sent_messages->items->next->next->data->msg_header)->msg_len') & (! (s->d1->sent_messages->items->next->next->data = 0)) & (! (is_ccs = 0)) & ('&(s->d1->sent_messages->items->next->next->data->msg_header)->msg_len' = '&(s->d1->sent_messages->items->next->next->data->msg_header)->frag_len') & (! (s->init_num = 0)) & (! (s->d1->sent_messages->items->next->next->data->fragment = 0)) & (! (s->d1->sent_messages->items->next->next = 0)) & ('&(s->d1->w_msg_hdr)->seq' = 0)),
	DisjunctSignature: label: <Ok, 0, 0>, 
		allocated: frozenset({frozenset({'s->d1->sent_messages->items->next->next->next'}),
           frozenset({'s->d1->sent_messages->items->next->next->next->data'}),
           frozenset({'s->d1->sent_messages->items->next->next->next->data->fragment'})}), 
		deallocated: frozenset({frozenset({'s->init_buf'})}), 
		return_formula: (return = 1), 
		formula: ((! (s->d1->sent_messages->items->next->next->next->data->fragment = 0)) & (! (s->d1->sent_messages->items->next->next->next = 0)) & (is_ccs = '&(s->d1->sent_messages->items->next->next->next->data->msg_header)->is_ccs') & ('&(s->d1->w_msg_hdr)->msg_len' = '&(s->d1->sent_messages->items->next->next->next->data->msg_header)->msg_len') & ('&(s->d1->sent_messages->items->next->next->next->data->msg_header)->msg_len' = '&(s->d1->sent_messages->items->next->next->next->data->msg_header)->frag_len') & (s->init_num = ('&(s->d1->w_msg_hdr)->msg_len' + 1)) & ('&(s->d1->w_msg_hdr)->seq' = '&(s->d1->sent_messages->items->next->next->next->data->msg_header)->seq') & (s->version = 65279) & (! (is_ccs = 0)) & (! (s->init_num = 0)) & (! (s->d1->sent_messages->items->next->next = 0)) & (! (s->d1->sent_messages->items->next->next->next->next = 0)) & (! (s->init_buf = 0)) & ('&(s->d1->w_msg_hdr)->seq' = 0) & (! (s->d1->sent_messages->items = 0)) & (s->d1->sent_messages->items->next->next->next->data->reassembly = '&(s->d1->sent_messages->items->next->next->next->data->msg_header)->frag_off') & (s->d1->sent_messages->items->next->next->next->data->reassembly = 0) & (! (s->d1->sent_messages->items->next = 0)) & (! (s->d1->sent_messages->items->next->next->next->data = 0))),
	DisjunctSignature: label: <Ok, 0, 0>, 
		allocated: frozenset({frozenset({'s->d1->sent_messages->items->data'}),
           frozenset({'s->d1->sent_messages->items'}),
           frozenset({'s->d1->sent_messages->items->data->fragment'})}), 
		deallocated: frozenset({frozenset({'s->init_buf'})}), 
		return_formula: (return = 1), 
		formula: ((! (s->d1->sent_messages->items->data->fragment = 0)) & (s->init_num = ('&(s->d1->w_msg_hdr)->msg_len' + 1)) & (s->version = 65279) & (! (s->init_buf = 0)) & (is_ccs = '&(s->d1->sent_messages->items->data->msg_header)->is_ccs') & (! (s->d1->sent_messages->items = 0)) & ('&(s->d1->w_msg_hdr)->msg_len' = '&(s->d1->sent_messages->items->data->msg_header)->msg_len') & (s->d1->sent_messages->items->data->reassembly = '&(s->d1->sent_messages->items->data->msg_header)->frag_off') & ('&(s->d1->sent_messages->items->data->msg_header)->msg_len' = '&(s->d1->sent_messages->items->data->msg_header)->frag_len') & (! (is_ccs = 0)) & ('&(s->d1->w_msg_hdr)->seq' = '&(s->d1->sent_messages->items->data->msg_header)->seq') & (! (s->init_num = 0)) & (s->d1->sent_messages->items->next = 0) & (s->d1->sent_messages->items->next = s->d1->sent_messages->items->data->reassembly) & (! (s->d1->sent_messages->items->data = 0)) & ('&(s->d1->w_msg_hdr)->seq' = 0)),
]
pe_increment: RewardType.NO
ppie_increment: RewardType.NO
Adding to Cluster cluster-L1183-0
Grammar: :INSERT POS CMD,HEAP,free ( POINTER ) ;
plausible count: 0
cumulative repetition: 1
Cluster pe increment: RewardType.NO
Cluster ppie increment: RewardType.NO
Prod probability update: s->init_buf : pe: 0.200=>0.200 ; ppie: 0.200=>0.200
Prod probability update: s->init_buf->data : pe: 0.200=>0.200 ; ppie: 0.200=>0.200
Prod probability update: frag->fragment : pe: 0.200=>0.200 ; ppie: 0.200=>0.200
Prod probability update: s : pe: 0.200=>0.200 ; ppie: 0.200=>0.200
Prod probability update: frag : pe: 0.200=>0.200 ; ppie: 0.200=>0.200
Prod probability update: s->init_buf : pe: 0.200=>0.200 ; ppie: 0.200=>0.200
Prod probability update: s->init_buf->data : pe: 0.200=>0.200 ; ppie: 0.200=>0.200
Prod probability update: frag->fragment : pe: 0.200=>0.200 ; ppie: 0.200=>0.200
Prod probability update: s : pe: 0.200=>0.200 ; ppie: 0.200=>0.200
Prod probability update: frag : pe: 0.200=>0.200 ; ppie: 0.200=>0.200
Prod probability update: free ( POINTER ) ; : pe: 0.333=>0.333 ; ppie: 0.333=>0.333
Prod probability update: POINTER = POINTER_EXPR ; : pe: 0.333=>0.333 ; ppie: 0.333=>0.333
Prod probability update: POINTER = malloc ( sizeof ( * POINTER ) ) ; : pe: 0.333=>0.333 ; ppie: 0.333=>0.333
Prod probability update: HEAP : pe: 0.167=>0.167 ; ppie: 0.167=>0.167
Prod probability update: ID = ARITH_EXPR ; : pe: 0.167=>0.167 ; ppie: 0.167=>0.167
Prod probability update: return POINTER_EXPR ; : pe: 0.167=>0.167 ; ppie: 0.167=>0.167
Prod probability update: EXIT_STMT : pe: 0.167=>0.167 ; ppie: 0.167=>0.167
Prod probability update: if ( BOOL_EXPR ) { CMD } : pe: 0.167=>0.167 ; ppie: 0.167=>0.167
Prod probability update: CMD CMD : pe: 0.167=>0.167 ; ppie: 0.167=>0.167
Prod probability update: BACK : pe: 0.500=>0.500 ; ppie: 0.500=>0.500
Prod probability update: FRONT : pe: 0.500=>0.500 ; ppie: 0.500=>0.500
Prod probability update: INSERT POS CMD : pe: 1.000=>1.000 ; ppie: 1.000=>1.000
Adding new patch: INSERT BACK return 1;
Created new cluster cluster-L1183-1
Cluster signature: PatchSignature: [
	DisjunctSignature: label: <AbortProgram, 1181, 1183>, 
		allocated: frozenset(), 
		deallocated: frozenset(), 
		return_formula: True, 
		formula: True,
	DisjunctSignature: label: <ErrorMemoryLeak, 1181, 1183>, 
		allocated: frozenset(), 
		deallocated: frozenset(), 
		return_formula: (return = 1), 
		formula: (! (s->init_num = 0)),
	DisjunctSignature: label: <LatentAbortProgram, 1171, 1183>, 
		allocated: frozenset(), 
		deallocated: frozenset(), 
		return_formula: True, 
		formula: (s->init_num = 0),
	DisjunctSignature: label: <LatentAbortProgram, 1181, 1183>, 
		allocated: frozenset(), 
		deallocated: frozenset(), 
		return_formula: True, 
		formula: (! (s->init_num = 0)),
]
pe_increment: RewardType.NO
ppie_increment: RewardType.NO
Adding to Cluster cluster-L1183-1
Grammar: :INSERT POS CMD,EXIT_STMT
plausible count: 0
cumulative repetition: 1
Cluster pe increment: RewardType.NO
Cluster ppie increment: RewardType.NO
Prod probability update: return 1; : pe: 0.500=>0.500 ; ppie: 0.500=>0.500
Prod probability update: return 0; : pe: 0.500=>0.500 ; ppie: 0.500=>0.500
Prod probability update: EXIT_STMT : pe: 0.167=>0.167 ; ppie: 0.167=>0.167
Prod probability update: HEAP : pe: 0.167=>0.167 ; ppie: 0.167=>0.167
Prod probability update: ID = ARITH_EXPR ; : pe: 0.167=>0.167 ; ppie: 0.167=>0.167
Prod probability update: return POINTER_EXPR ; : pe: 0.167=>0.167 ; ppie: 0.167=>0.167
Prod probability update: if ( BOOL_EXPR ) { CMD } : pe: 0.167=>0.167 ; ppie: 0.167=>0.167
Prod probability update: CMD CMD : pe: 0.167=>0.167 ; ppie: 0.167=>0.167
Prod probability update: BACK : pe: 0.500=>0.500 ; ppie: 0.500=>0.500
Prod probability update: FRONT : pe: 0.500=>0.500 ; ppie: 0.500=>0.500
Prod probability update: INSERT POS CMD : pe: 1.000=>1.000 ; ppie: 1.000=>1.000
Adding new patch: INSERT FRONT s->init_num = s->init_num ;
Created new cluster cluster-L1183-2
Cluster signature: PatchSignature: [
	DisjunctSignature: label: <AbortProgram, 1181, 1183>, 
		allocated: frozenset(), 
		deallocated: frozenset(), 
		return_formula: True, 
		formula: True,
	DisjunctSignature: label: <ErrorMemoryLeak, 1216, 1229>, 
		allocated: frozenset(), 
		deallocated: frozenset(), 
		return_formula: (return = 1), 
		formula: (((s->init_num = ('&(s->d1->w_msg_hdr)->msg_len' + 3)) & (! (s->d1->sent_messages->items = 0)) & (! (is_ccs = 0)) & (! (s->init_num = 0)) & (! (s->d1->sent_messages->items->next = 0)) & (! (s->d1->sent_messages->items->next->next = 0)) & ('&(s->d1->w_msg_hdr)->seq' = 0)) | ((s->init_num = ('&(s->d1->w_msg_hdr)->msg_len' + 1)) & (s->version = 65279) & (! (s->d1->sent_messages->items = 0)) & (! (is_ccs = 0)) & (! (s->init_num = 0)) & (! (s->d1->sent_messages->items->next = 0)) & ('&(s->d1->w_msg_hdr)->seq' = 0)) | ((! (s->d1->sent_messages->items = 0)) & (s->init_num = ('&(s->d1->w_msg_hdr)->msg_len' + 12)) & (is_ccs = 0) & (! (s->init_num = 0)) & ('&(s->d1->w_msg_hdr)->seq' = 0)) | ((! (s->d1->sent_messages->items = 0)) & (is_ccs = 0) & (s->init_num = ('&(s->d1->w_msg_hdr)->msg_len' + 12)) & (! (s->init_num = 0)) & (! (s->d1->sent_messages->items->next = 0)) & ('&(s->d1->w_msg_hdr)->seq' = 0)) | ((! (s->d1->sent_messages->items->next->next->next = 0)) & (! (s->d1->sent_messages->items = 0)) & (s->init_num = ('&(s->d1->w_msg_hdr)->msg_len' + 3)) & (! (is_ccs = 0)) & (! (s->init_num = 0)) & (! (s->d1->sent_messages->items->next = 0)) & (! (s->d1->sent_messages->items->next->next = 0)) & ('&(s->d1->w_msg_hdr)->seq' = 0)) | ((! (s->d1->sent_messages->items = 0)) & (s->init_num = ('&(s->d1->w_msg_hdr)->msg_len' + 3)) & (! (is_ccs = 0)) & (! (s->init_num = 0)) & (! (s->d1->sent_messages->items->next = 0)) & ('&(s->d1->w_msg_hdr)->seq' = 0)) | ((! (s->d1->sent_messages->items->next->next->next = 0)) & (s->init_num = ('&(s->d1->w_msg_hdr)->msg_len' + 1)) & (s->version = 65279) & (! (s->d1->sent_messages->items = 0)) & (! (is_ccs = 0)) & (! (s->init_num = 0)) & (! (s->d1->sent_messages->items->next = 0)) & (! (s->d1->sent_messages->items->next->next = 0)) & ('&(s->d1->w_msg_hdr)->seq' = 0)) | ((s->init_num = ('&(s->d1->w_msg_hdr)->msg_len' + 1)) & (s->version = 65279) & (! (s->d1->sent_messages->items = 0)) & (! (is_ccs = 0)) & (! (s->init_num = 0)) & (! (s->d1->sent_messages->items->next = 0)) & (! (s->d1->sent_messages->items->next->next = 0)) & ('&(s->d1->w_msg_hdr)->seq' = 0)) | ((! (s->d1->sent_messages->items = 0)) & (s->init_num = ('&(s->d1->w_msg_hdr)->msg_len' + 3)) & (! (is_ccs = 0)) & (! (s->init_num = 0)) & ('&(s->d1->w_msg_hdr)->seq' = 0)) | ((! (s->d1->sent_messages->items = 0)) & (s->init_num = ('&(s->d1->w_msg_hdr)->msg_len' + 12)) & (is_ccs = 0) & (! (s->init_num = 0)) & (! (s->d1->sent_messages->items->next = 0)) & (! (s->d1->sent_messages->items->next->next = 0)) & ('&(s->d1->w_msg_hdr)->seq' = 0)) | ((s->init_num = ('&(s->d1->w_msg_hdr)->msg_len' + 1)) & (s->version = 65279) & (! (s->d1->sent_messages->items = 0)) & (! (is_ccs = 0)) & (! (s->init_num = 0)) & ('&(s->d1->w_msg_hdr)->seq' = 0)) | ((! (s->d1->sent_messages->items->next->next->next = 0)) & (! (s->d1->sent_messages->items = 0)) & (is_ccs = 0) & (s->init_num = ('&(s->d1->w_msg_hdr)->msg_len' + 12)) & (! (s->init_num = 0)) & (! (s->d1->sent_messages->items->next = 0)) & (! (s->d1->sent_messages->items->next->next = 0)) & ('&(s->d1->w_msg_hdr)->seq' = 0))),
	DisjunctSignature: label: <ErrorMemoryLeak, 1181, 1229>, 
		allocated: frozenset(), 
		deallocated: frozenset(), 
		return_formula: (return = 1), 
		formula: (((! (s->d1->sent_messages->items = 0)) & (s->init_num = ('&(s->d1->w_msg_hdr)->msg_len' + 12)) & (is_ccs = 0) & (! (s->init_num = 0)) & ('&(s->d1->w_msg_hdr)->seq' = 0)) | ((! (s->d1->sent_messages->items->next->next->next = 0)) & (s->init_num = ('&(s->d1->w_msg_hdr)->msg_len' + 1)) & (s->version = 65279) & (! (s->d1->sent_messages->items = 0)) & (! (is_ccs = 0)) & (! (s->init_num = 0)) & (! (s->d1->sent_messages->items->next = 0)) & (! (s->d1->sent_messages->items->next->next = 0)) & ('&(s->d1->w_msg_hdr)->seq' = 0)) | ((! (s->d1->sent_messages->items->next->next->next = 0)) & (! (s->d1->sent_messages->items = 0)) & (s->init_num = ('&(s->d1->w_msg_hdr)->msg_len' + 12)) & (is_ccs = 0) & (! (s->init_num = 0)) & (! (s->d1->sent_messages->items->next = 0)) & (! (s->d1->sent_messages->items->next->next = 0)) & ('&(s->d1->w_msg_hdr)->seq' = 0)) | ((! (s->d1->sent_messages->items->next->next->next = 0)) & (! (s->d1->sent_messages->items = 0)) & (is_ccs = 0) & (s->init_num = ('&(s->d1->w_msg_hdr)->msg_len' + 12)) & (! (s->init_num = 0)) & (! (s->d1->sent_messages->items->next = 0)) & (! (s->d1->sent_messages->items->next->next = 0)) & ('&(s->d1->w_msg_hdr)->seq' = 0)) | ((s->init_num = ('&(s->d1->w_msg_hdr)->msg_len' + 3)) & (! (s->d1->sent_messages->items = 0)) & (! (is_ccs = 0)) & (! (s->init_num = 0)) & (! (s->d1->sent_messages->items->next = 0)) & (! (s->d1->sent_messages->items->next->next = 0)) & ('&(s->d1->w_msg_hdr)->seq' = 0)) | ((s->init_num = ('&(s->d1->w_msg_hdr)->msg_len' + 1)) & (s->version = 65279) & (! (s->d1->sent_messages->items = 0)) & (! (is_ccs = 0)) & (! (s->init_num = 0)) & (! (s->d1->sent_messages->items->next = 0)) & ('&(s->d1->w_msg_hdr)->seq' = 0)) | ((! (s->d1->sent_messages->items = 0)) & (s->init_num = ('&(s->d1->w_msg_hdr)->msg_len' + 12)) & (is_ccs = 0) & (! (s->init_num = 0)) & (! (s->d1->sent_messages->items->next = 0)) & ('&(s->d1->w_msg_hdr)->seq' = 0)) | ((! (s->d1->sent_messages->items = 0)) & (s->init_num = ('&(s->d1->w_msg_hdr)->msg_len' + 3)) & (! (is_ccs = 0)) & (! (s->init_num = 0)) & (! (s->d1->sent_messages->items->next = 0)) & (! (s->d1->sent_messages->items->next->next = 0)) & ('&(s->d1->w_msg_hdr)->seq' = 0)) | ((! (s->d1->sent_messages->items = 0)) & (is_ccs = 0) & (s->init_num = ('&(s->d1->w_msg_hdr)->msg_len' + 12)) & (! (s->init_num = 0)) & (! (s->d1->sent_messages->items->next = 0)) & ('&(s->d1->w_msg_hdr)->seq' = 0)) | ((! (s->d1->sent_messages->items = 0)) & (s->init_num = ('&(s->d1->w_msg_hdr)->msg_len' + 3)) & (! (is_ccs = 0)) & (! (s->init_num = 0)) & ('&(s->d1->w_msg_hdr)->seq' = 0)) | ((s->init_num = ('&(s->d1->w_msg_hdr)->msg_len' + 3)) & (! (s->d1->sent_messages->items = 0)) & (! (is_ccs = 0)) & (! (s->init_num = 0)) & ('&(s->d1->w_msg_hdr)->seq' = 0)) | ((s->init_num = ('&(s->d1->w_msg_hdr)->msg_len' + 1)) & (s->version = 65279) & (! (s->d1->sent_messages->items = 0)) & (! (is_ccs = 0)) & (! (s->init_num = 0)) & (! (s->d1->sent_messages->items->next = 0)) & (! (s->d1->sent_messages->items->next->next = 0)) & ('&(s->d1->w_msg_hdr)->seq' = 0)) | ((! (s->d1->sent_messages->items = 0)) & (s->init_num = ('&(s->d1->w_msg_hdr)->msg_len' + 12)) & (is_ccs = 0) & (! (s->init_num = 0)) & (! (s->d1->sent_messages->items->next = 0)) & (! (s->d1->sent_messages->items->next->next = 0)) & ('&(s->d1->w_msg_hdr)->seq' = 0)) | ((! (s->d1->sent_messages->items = 0)) & (is_ccs = 0) & (s->init_num = ('&(s->d1->w_msg_hdr)->msg_len' + 12)) & (! (s->init_num = 0)) & (! (s->d1->sent_messages->items->next = 0)) & (! (s->d1->sent_messages->items->next->next = 0)) & ('&(s->d1->w_msg_hdr)->seq' = 0)) | ((! (s->d1->sent_messages->items->next->next->next = 0)) & (s->init_num = ('&(s->d1->w_msg_hdr)->msg_len' + 3)) & (! (s->d1->sent_messages->items = 0)) & (! (is_ccs = 0)) & (! (s->init_num = 0)) & (! (s->d1->sent_messages->items->next = 0)) & (! (s->d1->sent_messages->items->next->next = 0)) & ('&(s->d1->w_msg_hdr)->seq' = 0)) | ((! (s->d1->sent_messages->items->next->next->next = 0)) & (! (s->d1->sent_messages->items = 0)) & (s->init_num = ('&(s->d1->w_msg_hdr)->msg_len' + 3)) & (! (is_ccs = 0)) & (! (s->init_num = 0)) & (! (s->d1->sent_messages->items->next = 0)) & (! (s->d1->sent_messages->items->next->next = 0)) & ('&(s->d1->w_msg_hdr)->seq' = 0)) | ((s->init_num = ('&(s->d1->w_msg_hdr)->msg_len' + 3)) & (! (s->d1->sent_messages->items = 0)) & (! (is_ccs = 0)) & (! (s->init_num = 0)) & (! (s->d1->sent_messages->items->next = 0)) & ('&(s->d1->w_msg_hdr)->seq' = 0)) | ((! (s->d1->sent_messages->items = 0)) & (s->init_num = ('&(s->d1->w_msg_hdr)->msg_len' + 3)) & (! (is_ccs = 0)) & (! (s->init_num = 0)) & (! (s->d1->sent_messages->items->next = 0)) & ('&(s->d1->w_msg_hdr)->seq' = 0)) | ((s->init_num = ('&(s->d1->w_msg_hdr)->msg_len' + 1)) & (s->version = 65279) & (! (s->d1->sent_messages->items = 0)) & (! (is_ccs = 0)) & (! (s->init_num = 0)) & ('&(s->d1->w_msg_hdr)->seq' = 0))),
	DisjunctSignature: label: <ISLLatentMemoryError, 0, 0>, 
		allocated: frozenset(), 
		deallocated: frozenset({frozenset({'s->enc_write_ctx'}),
           frozenset({'s->enc_write_ctx->cipher_data'})}), 
		return_formula: True, 
		formula: (((s->init_num = ('&(s->d1->w_msg_hdr)->msg_len' + 1)) & (! (s->enc_write_ctx->engine = 0)) & (add_lock_callback = 0) & (s->version = 65279) & (! (s->enc_write_ctx = 0)) & (! (s->enc_write_ctx->cipher_data = 0)) & (! (s->enc_write_ctx->cipher = 0)) & (! (id_callback = 0)) & (! (err_fns = 0)) & (! (is_ccs = 0)) & (! (s->write_hash->digest = 0)) & (! (s->init_num = 0)) & (! (s->write_hash->digest->ctx_size = 0)) & (! (s->write_hash = 0)) & ('&(s->d1->w_msg_hdr)->seq' = 0)) | ((s->init_num = ('&(s->d1->w_msg_hdr)->msg_len' + 1)) & (add_lock_callback = 0) & (! (s->enc_write_ctx->engine = 0)) & (s->version = 65279) & (! (s->enc_write_ctx->cipher_data = 0)) & (! (s->write_hash->digest->ctx_size = 0)) & (! (s->enc_write_ctx->cipher = 0)) & (! (id_callback = 0)) & (! (err_fns = 0)) & (! (is_ccs = 0)) & (! (s->write_hash->digest = 0)) & (! (s->init_num = 0)) & (! (s->enc_write_ctx = 0)) & (! (s->write_hash = 0)) & ('&(s->d1->w_msg_hdr)->seq' = 0))),
	DisjunctSignature: label: <ISLLatentMemoryError, 0, 0>, 
		allocated: frozenset(), 
		deallocated: frozenset(), 
		return_formula: True, 
		formula: ((! (s->init_num = 0)) & (s->init_num = ('&(s->d1->w_msg_hdr)->msg_len' + 12)) & (is_ccs = 0) & ('&(s->d1->w_msg_hdr)->seq' = 0)),
	DisjunctSignature: label: <ISLLatentMemoryError, 0, 0>, 
		allocated: frozenset(), 
		deallocated: frozenset(), 
		return_formula: True, 
		formula: ((! (s->init_num = 0)) & (s->init_num = ('&(s->d1->w_msg_hdr)->msg_len' + 12)) & (is_ccs = 0)),
	DisjunctSignature: label: <ISLLatentMemoryError, 0, 0>, 
		allocated: frozenset(), 
		deallocated: frozenset(), 
		return_formula: True, 
		formula: ((! (s->init_num = 0)) & (s->init_num = ('&(s->d1->w_msg_hdr)->msg_len' + 3)) & (! (is_ccs = 0)) & ('&(s->d1->w_msg_hdr)->seq' = 0)),
	DisjunctSignature: label: <ISLLatentMemoryError, 0, 0>, 
		allocated: frozenset(), 
		deallocated: frozenset(), 
		return_formula: True, 
		formula: ((! (s->init_num = 0)) & (! (is_ccs = 0)) & (s->init_num = ('&(s->d1->w_msg_hdr)->msg_len' + 3))),
	DisjunctSignature: label: <ISLLatentMemoryError, 0, 0>, 
		allocated: frozenset(), 
		deallocated: frozenset(), 
		return_formula: True, 
		formula: ((s->init_num = ('&(s->d1->w_msg_hdr)->msg_len' + 1)) & (s->version = 65279) & (! (is_ccs = 0)) & (! (s->init_num = 0)) & ('&(s->d1->w_msg_hdr)->seq' = 0)),
	DisjunctSignature: label: <ISLLatentMemoryError, 0, 0>, 
		allocated: frozenset(), 
		deallocated: frozenset(), 
		return_formula: True, 
		formula: ((! (s->init_num = 0)) & (s->version = 65279) & (s->init_num = ('&(s->d1->w_msg_hdr)->msg_len' + 1)) & (! (is_ccs = 0))),
	DisjunctSignature: label: <LatentAbortProgram, 1219, 383>, 
		allocated: frozenset(), 
		deallocated: frozenset({frozenset({'s->enc_write_ctx'}),
           frozenset({'s->enc_write_ctx->cipher_data'})}), 
		return_formula: True, 
		formula: ((! (s->write_hash->pctx->pkey->engine->finish = 0)) & (! (s->write_hash->pctx->peerkey = 0)) & (! (s->enc_write_ctx->engine = 0)) & (! (s->write_hash->pctx->peerkey->attributes = 0)) & (! (s->write_hash->pctx->peerkey->attributes->data = 0)) & (! (s->enc_write_ctx->cipher_data = 0)) & (! (s->write_hash->pctx->peerkey->ameth = 0)) & (! (s->enc_write_ctx->cipher = 0)) & (! (s->write_hash->pctx->peerkey->ameth->pkey_free = 0)) & (! (id_callback = 0)) & (! (s->write_hash->pctx->peerkey->engine = 0)) & (! (err_fns = 0)) & (! (s->write_hash->pctx->peerkey->engine->finish = 0)) & (! (s->write_hash->digest = 0)) & (! (s->write_hash->pctx->engine = 0)) & (! (s->write_hash->pctx->engine->finish = 0)) & (! (s->write_hash->md_data = 0)) & (! (s->write_hash->digest->cleanup = 0)) & (s->init_num = ('&(s->d1->w_msg_hdr)->msg_len' + 1)) & (add_lock_callback = 0) & (s->write_hash->pctx->pkey->engine->funct_ref = 1) & (s->version = 65279) & (! (s->write_hash->pctx->pkey->attributes->num = 0)) & (! (s->write_hash->pctx->peerkey->attributes->num = 0)) & (! (is_ccs = 0)) & (! (s->init_num = 0)) & (! (s->enc_write_ctx = 0)) & (! (s->write_hash = 0)) & (! (s->write_hash->engine = 0)) & ('&(s->d1->w_msg_hdr)->seq' = 0) & (s->write_hash->pctx->pkey->engine->funct_ref = s->write_hash->pctx->peerkey->engine->funct_ref) & (! (s->write_hash->engine->finish = 0)) & (s->write_hash->pctx->peerkey->engine->funct_ref = s->write_hash->engine->funct_ref) & (! (s->write_hash->pctx = 0)) & (! (s->write_hash->pctx->pmeth = 0)) & (! (s->write_hash->pctx->pmeth->cleanup = 0)) & (s->write_hash->pctx->pkey->references <= 1) & (s->write_hash->pctx->peerkey->references <= 1) & (! (s->write_hash->pctx->pkey = 0)) & (! (s->write_hash->pctx->pkey->attributes = 0)) & (! (s->write_hash->pctx->pkey->attributes->data = 0)) & (! (s->write_hash->pctx->pkey->ameth = 0)) & (! (s->write_hash->pctx->pkey->ameth->pkey_free = 0)) & (! (s->write_hash->pctx->pkey->engine = 0))),
	DisjunctSignature: label: <LatentAbortProgram, 1219, 383>, 
		allocated: frozenset(), 
		deallocated: frozenset({frozenset({'s->enc_write_ctx'}),
           frozenset({'s->write_hash'}),
           frozenset({'s->enc_write_ctx->cipher_data'})}), 
		return_formula: True, 
		formula: ((! (s->write_hash->pctx->pkey->engine->finish = 0)) & (! (s->write_hash->pctx->peerkey = 0)) & (! (s->enc_write_ctx->engine = 0)) & (! (s->write_hash->pctx->peerkey->attributes = 0)) & (! (s->write_hash->pctx->peerkey->attributes->data = 0)) & (! (s->enc_write_ctx->cipher_data = 0)) & (! (s->write_hash->pctx->peerkey->ameth = 0)) & (! (s->enc_write_ctx->cipher = 0)) & (! (s->write_hash->pctx->peerkey->ameth->pkey_free = 0)) & (! (id_callback = 0)) & (! (s->write_hash->pctx->peerkey->engine = 0)) & (! (err_fns = 0)) & (! (s->write_hash->pctx->peerkey->engine->finish = 0)) & (! (s->write_hash->digest = 0)) & (! (s->write_hash->pctx->engine = 0)) & (! (s->write_hash->pctx->engine->finish = 0)) & (! (s->write_hash->md_data = 0)) & (! (s->write_hash->digest->cleanup = 0)) & (s->init_num = ('&(s->d1->w_msg_hdr)->msg_len' + 1)) & (add_lock_callback = 0) & (s->write_hash->pctx->pkey->engine->funct_ref = 1) & (s->version = 65279) & (! (s->write_hash->pctx->pkey->attributes->num = 0)) & (! (s->write_hash->pctx->peerkey->attributes->num = 0)) & (! (is_ccs = 0)) & (! (s->init_num = 0)) & (! (s->enc_write_ctx = 0)) & (! (s->write_hash = 0)) & (! (s->write_hash->engine = 0)) & ('&(s->d1->w_msg_hdr)->seq' = 0) & (s->write_hash->pctx->pkey->engine->funct_ref = s->write_hash->pctx->peerkey->engine->funct_ref) & (! (s->write_hash->engine->finish = 0)) & (s->write_hash->pctx->peerkey->engine->funct_ref = s->write_hash->engine->funct_ref) & (! (s->write_hash->pctx = 0)) & (! (s->write_hash->pctx->pmeth = 0)) & (! (s->write_hash->pctx->pmeth->cleanup = 0)) & (s->write_hash->pctx->pkey->references <= 1) & (s->write_hash->pctx->peerkey->references <= 1) & (! (s->write_hash->pctx->pkey = 0)) & (! (s->write_hash->pctx->pkey->attributes = 0)) & (! (s->write_hash->pctx->pkey->attributes->data = 0)) & (! (s->write_hash->pctx->pkey->ameth = 0)) & (! (s->write_hash->pctx->pkey->ameth->pkey_free = 0)) & (! (s->write_hash->pctx->pkey->engine = 0))),
	DisjunctSignature: label: <LatentAbortProgram, 1171, 1183>, 
		allocated: frozenset(), 
		deallocated: frozenset(), 
		return_formula: True, 
		formula: (s->init_num = 0),
	DisjunctSignature: label: <LatentAbortProgram, 1181, 1183>, 
		allocated: frozenset(), 
		deallocated: frozenset(), 
		return_formula: True, 
		formula: (! (s->init_num = 0)),
	DisjunctSignature: label: <Ok, 0, 0>, 
		allocated: frozenset({frozenset({'s->d1->sent_messages->items->next->data'}),
           frozenset({'s->d1->sent_messages->items->next->data->fragment'}),
           frozenset({'s->d1->sent_messages->items->next'})}), 
		deallocated: frozenset(), 
		return_formula: (return = 1), 
		formula: ((s->d1->sent_messages->items->next->data->reassembly = is_ccs) & (s->d1->sent_messages->items->next->data->reassembly = 0) & (is_ccs = '&(s->d1->sent_messages->items->next->data->msg_header)->is_ccs') & ('&(s->d1->w_msg_hdr)->msg_len' = '&(s->d1->sent_messages->items->next->data->msg_header)->msg_len') & (! (s->d1->sent_messages->items = 0)) & ('&(s->d1->sent_messages->items->next->data->msg_header)->msg_len' = '&(s->d1->sent_messages->items->next->data->msg_header)->frag_len') & (! (s->d1->sent_messages->items->next->data = 0)) & (s->init_num = ('&(s->d1->w_msg_hdr)->msg_len' + 12)) & ('&(s->d1->w_msg_hdr)->seq' = '&(s->d1->sent_messages->items->next->data->msg_header)->seq') & (! (s->d1->sent_messages->items->next->data->fragment = 0)) & (! (s->init_num = 0)) & (! (s->d1->sent_messages->items->next = 0)) & ('&(s->d1->w_msg_hdr)->seq' = 0)),
	DisjunctSignature: label: <Ok, 0, 0>, 
		allocated: frozenset({frozenset({'s->d1->sent_messages->items->next->next'}),
           frozenset({'s->d1->sent_messages->items->next->next->data'}),
           frozenset({'s->d1->sent_messages->items->next->next->data->fragment'})}), 
		deallocated: frozenset(), 
		return_formula: (return = 1), 
		formula: (('&(s->d1->w_msg_hdr)->seq' = '&(s->d1->sent_messages->items->next->next->data->msg_header)->seq') & (! (s->d1->sent_messages->items->next->next->data->fragment = 0)) & (s->d1->sent_messages->items->next->next->data->reassembly = 0) & (s->d1->sent_messages->items->next->next->data->reassembly = is_ccs) & (! (s->d1->sent_messages->items = 0)) & (is_ccs = '&(s->d1->sent_messages->items->next->next->data->msg_header)->is_ccs') & ('&(s->d1->w_msg_hdr)->msg_len' = '&(s->d1->sent_messages->items->next->next->data->msg_header)->msg_len') & (s->init_num = ('&(s->d1->w_msg_hdr)->msg_len' + 12)) & (! (s->d1->sent_messages->items->next->next->data = 0)) & ('&(s->d1->sent_messages->items->next->next->data->msg_header)->msg_len' = '&(s->d1->sent_messages->items->next->next->data->msg_header)->frag_len') & (! (s->init_num = 0)) & (! (s->d1->sent_messages->items->next = 0)) & (! (s->d1->sent_messages->items->next->next = 0)) & ('&(s->d1->w_msg_hdr)->seq' = 0)),
	DisjunctSignature: label: <Ok, 0, 0>, 
		allocated: frozenset({frozenset({'s->d1->sent_messages->items->next->next->next'}),
           frozenset({'s->d1->sent_messages->items->next->next->next->data'}),
           frozenset({'s->d1->sent_messages->items->next->next->next->data->fragment'})}), 
		deallocated: frozenset(), 
		return_formula: (return = 1), 
		formula: ((! (s->d1->sent_messages->items->next->next->next->data->fragment = 0)) & ('&(s->d1->w_msg_hdr)->msg_len' = '&(s->d1->sent_messages->items->next->next->next->data->msg_header)->msg_len') & ('&(s->d1->sent_messages->items->next->next->next->data->msg_header)->msg_len' = '&(s->d1->sent_messages->items->next->next->next->data->msg_header)->frag_len') & (! (s->d1->sent_messages->items->next->next->next = 0)) & ('&(s->d1->w_msg_hdr)->seq' = '&(s->d1->sent_messages->items->next->next->next->data->msg_header)->seq') & (! (s->d1->sent_messages->items = 0)) & (s->d1->sent_messages->items->next->next->next->data->reassembly = 0) & (s->init_num = ('&(s->d1->w_msg_hdr)->msg_len' + 12)) & (! (s->init_num = 0)) & (s->d1->sent_messages->items->next->next->next->data->reassembly = is_ccs) & (! (s->d1->sent_messages->items->next = 0)) & (! (s->d1->sent_messages->items->next->next = 0)) & (is_ccs = '&(s->d1->sent_messages->items->next->next->next->data->msg_header)->is_ccs') & (! (s->d1->sent_messages->items->next->next->next->data = 0)) & ('&(s->d1->w_msg_hdr)->seq' = 0)),
	DisjunctSignature: label: <Ok, 0, 0>, 
		allocated: frozenset({frozenset({'s->d1->sent_messages->items->data'}),
           frozenset({'s->d1->sent_messages->items'}),
           frozenset({'s->d1->sent_messages->items->data->fragment'})}), 
		deallocated: frozenset(), 
		return_formula: (return = 1), 
		formula: ((! (s->d1->sent_messages->items->data->fragment = 0)) & (s->d1->sent_messages->items->data->reassembly = is_ccs) & (is_ccs = '&(s->d1->sent_messages->items->data->msg_header)->is_ccs') & (! (s->d1->sent_messages->items = 0)) & ('&(s->d1->w_msg_hdr)->msg_len' = '&(s->d1->sent_messages->items->data->msg_header)->msg_len') & ('&(s->d1->sent_messages->items->data->msg_header)->msg_len' = '&(s->d1->sent_messages->items->data->msg_header)->frag_len') & (s->init_num = ('&(s->d1->w_msg_hdr)->msg_len' + 12)) & ('&(s->d1->w_msg_hdr)->seq' = '&(s->d1->sent_messages->items->data->msg_header)->seq') & (! (s->init_num = 0)) & (! (s->d1->sent_messages->items->next = 0)) & (s->d1->sent_messages->items->data->reassembly = 0) & (! (s->d1->sent_messages->items->data = 0)) & ('&(s->d1->w_msg_hdr)->seq' = 0)),
	DisjunctSignature: label: <Ok, 0, 0>, 
		allocated: frozenset({frozenset({'s->d1->sent_messages->items->next->data'}),
           frozenset({'s->d1->sent_messages->items->next->data->fragment'}),
           frozenset({'s->d1->sent_messages->items->next'})}), 
		deallocated: frozenset(), 
		return_formula: (return = 1), 
		formula: ((s->d1->sent_messages->items->next->data->reassembly = is_ccs) & (s->d1->sent_messages->items->next->data->reassembly = 0) & (is_ccs = '&(s->d1->sent_messages->items->next->data->msg_header)->is_ccs') & ('&(s->d1->w_msg_hdr)->msg_len' = '&(s->d1->sent_messages->items->next->data->msg_header)->msg_len') & (! (s->d1->sent_messages->items = 0)) & ('&(s->d1->sent_messages->items->next->data->msg_header)->msg_len' = '&(s->d1->sent_messages->items->next->data->msg_header)->frag_len') & (! (s->d1->sent_messages->items->next->data = 0)) & (s->init_num = ('&(s->d1->w_msg_hdr)->msg_len' + 12)) & ('&(s->d1->w_msg_hdr)->seq' = '&(s->d1->sent_messages->items->next->data->msg_header)->seq') & (! (s->d1->sent_messages->items->next->data->fragment = 0)) & (! (s->init_num = 0)) & (! (s->d1->sent_messages->items->next = 0)) & (! (s->d1->sent_messages->items->next->next = 0)) & ('&(s->d1->w_msg_hdr)->seq' = 0)),
	DisjunctSignature: label: <Ok, 0, 0>, 
		allocated: frozenset({frozenset({'s->d1->sent_messages->items->next->next'}),
           frozenset({'s->d1->sent_messages->items->next->next->data'}),
           frozenset({'s->d1->sent_messages->items->next->next->data->fragment'})}), 
		deallocated: frozenset(), 
		return_formula: (return = 1), 
		formula: ((! (s->d1->sent_messages->items->next->next->next = 0)) & ('&(s->d1->w_msg_hdr)->seq' = '&(s->d1->sent_messages->items->next->next->data->msg_header)->seq') & (! (s->d1->sent_messages->items->next->next->data->fragment = 0)) & (s->d1->sent_messages->items->next->next->data->reassembly = 0) & (s->d1->sent_messages->items->next->next->data->reassembly = is_ccs) & (! (s->d1->sent_messages->items = 0)) & (is_ccs = '&(s->d1->sent_messages->items->next->next->data->msg_header)->is_ccs') & ('&(s->d1->w_msg_hdr)->msg_len' = '&(s->d1->sent_messages->items->next->next->data->msg_header)->msg_len') & (! (s->d1->sent_messages->items->next->next->data = 0)) & (s->init_num = ('&(s->d1->w_msg_hdr)->msg_len' + 12)) & ('&(s->d1->sent_messages->items->next->next->data->msg_header)->msg_len' = '&(s->d1->sent_messages->items->next->next->data->msg_header)->frag_len') & (! (s->init_num = 0)) & (! (s->d1->sent_messages->items->next = 0)) & (! (s->d1->sent_messages->items->next->next = 0)) & ('&(s->d1->w_msg_hdr)->seq' = 0)),
	DisjunctSignature: label: <Ok, 0, 0>, 
		allocated: frozenset({frozenset({'s->d1->sent_messages->items->next->next->next'}),
           frozenset({'s->d1->sent_messages->items->next->next->next->data'}),
           frozenset({'s->d1->sent_messages->items->next->next->next->data->fragment'})}), 
		deallocated: frozenset(), 
		return_formula: (return = 1), 
		formula: ((! (s->d1->sent_messages->items->next->next->next->data->fragment = 0)) & ('&(s->d1->w_msg_hdr)->msg_len' = '&(s->d1->sent_messages->items->next->next->next->data->msg_header)->msg_len') & ('&(s->d1->sent_messages->items->next->next->next->data->msg_header)->msg_len' = '&(s->d1->sent_messages->items->next->next->next->data->msg_header)->frag_len') & (! (s->d1->sent_messages->items->next->next->next = 0)) & ('&(s->d1->w_msg_hdr)->seq' = '&(s->d1->sent_messages->items->next->next->next->data->msg_header)->seq') & (! (s->d1->sent_messages->items = 0)) & (is_ccs = '&(s->d1->sent_messages->items->next->next->next->data->msg_header)->is_ccs') & (s->d1->sent_messages->items->next->next->next->data->reassembly = 0) & (s->init_num = ('&(s->d1->w_msg_hdr)->msg_len' + 12)) & (! (s->init_num = 0)) & (s->d1->sent_messages->items->next->next->next->data->reassembly = is_ccs) & (! (s->d1->sent_messages->items->next = 0)) & (! (s->d1->sent_messages->items->next->next = 0)) & (! (s->d1->sent_messages->items->next->next->next->next = 0)) & (! (s->d1->sent_messages->items->next->next->next->data = 0)) & ('&(s->d1->w_msg_hdr)->seq' = 0)),
	DisjunctSignature: label: <Ok, 0, 0>, 
		allocated: frozenset({frozenset({'s->d1->sent_messages->items->data'}),
           frozenset({'s->d1->sent_messages->items'}),
           frozenset({'s->d1->sent_messages->items->data->fragment'})}), 
		deallocated: frozenset(), 
		return_formula: (return = 1), 
		formula: ((! (s->d1->sent_messages->items->data->fragment = 0)) & (s->d1->sent_messages->items->data->reassembly = is_ccs) & (is_ccs = '&(s->d1->sent_messages->items->data->msg_header)->is_ccs') & (! (s->d1->sent_messages->items = 0)) & ('&(s->d1->w_msg_hdr)->msg_len' = '&(s->d1->sent_messages->items->data->msg_header)->msg_len') & ('&(s->d1->sent_messages->items->data->msg_header)->msg_len' = '&(s->d1->sent_messages->items->data->msg_header)->frag_len') & (s->init_num = ('&(s->d1->w_msg_hdr)->msg_len' + 12)) & ('&(s->d1->w_msg_hdr)->seq' = '&(s->d1->sent_messages->items->data->msg_header)->seq') & (! (s->init_num = 0)) & (s->d1->sent_messages->items->data->reassembly = 0) & (! (s->d1->sent_messages->items->data = 0)) & ('&(s->d1->w_msg_hdr)->seq' = 0)),
	DisjunctSignature: label: <Ok, 0, 0>, 
		allocated: frozenset({frozenset({'s->d1->sent_messages->items->next->data'}),
           frozenset({'s->d1->sent_messages->items->next->data->fragment'}),
           frozenset({'s->d1->sent_messages->items->next'})}), 
		deallocated: frozenset(), 
		return_formula: (return = 1), 
		formula: ((s->d1->sent_messages->items->next->next = s->d1->sent_messages->items->next->data->reassembly) & (! (s->d1->sent_messages->items->next = 0)) & (s->d1->sent_messages->items->next->data->reassembly = '&(s->d1->sent_messages->items->next->data->msg_header)->frag_off') & (is_ccs = '&(s->d1->sent_messages->items->next->data->msg_header)->is_ccs') & ('&(s->d1->w_msg_hdr)->msg_len' = '&(s->d1->sent_messages->items->next->data->msg_header)->msg_len') & (s->init_num = ('&(s->d1->w_msg_hdr)->msg_len' + 3)) & (! (s->d1->sent_messages->items = 0)) & ('&(s->d1->sent_messages->items->next->data->msg_header)->msg_len' = '&(s->d1->sent_messages->items->next->data->msg_header)->frag_len') & (! (s->d1->sent_messages->items->next->data = 0)) & (! (is_ccs = 0)) & (! (s->d1->sent_messages->items->next->data->fragment = 0)) & (! (s->init_num = 0)) & ('&(s->d1->w_msg_hdr)->seq' = '&(s->d1->sent_messages->items->next->data->msg_header)->seq') & (s->d1->sent_messages->items->next->next = 0) & ('&(s->d1->w_msg_hdr)->seq' = 0)),
	DisjunctSignature: label: <Ok, 0, 0>, 
		allocated: frozenset({frozenset({'s->d1->sent_messages->items->next->next'}),
           frozenset({'s->d1->sent_messages->items->next->next->data'}),
           frozenset({'s->d1->sent_messages->items->next->next->data->fragment'})}), 
		deallocated: frozenset(), 
		return_formula: (return = 1), 
		formula: ((s->d1->sent_messages->items->next->next->next = 0) & ('&(s->d1->w_msg_hdr)->seq' = '&(s->d1->sent_messages->items->next->next->data->msg_header)->seq') & (! (s->d1->sent_messages->items->next->next->data->fragment = 0)) & (s->d1->sent_messages->items->next->next->next = s->d1->sent_messages->items->next->next->data->reassembly) & (! (s->d1->sent_messages->items = 0)) & (s->init_num = ('&(s->d1->w_msg_hdr)->msg_len' + 3)) & (s->d1->sent_messages->items->next->next->data->reassembly = '&(s->d1->sent_messages->items->next->next->data->msg_header)->frag_off') & ('&(s->d1->w_msg_hdr)->msg_len' = '&(s->d1->sent_messages->items->next->next->data->msg_header)->msg_len') & (is_ccs = '&(s->d1->sent_messages->items->next->next->data->msg_header)->is_ccs') & (! (s->d1->sent_messages->items->next->next->data = 0)) & (! (is_ccs = 0)) & ('&(s->d1->sent_messages->items->next->next->data->msg_header)->msg_len' = '&(s->d1->sent_messages->items->next->next->data->msg_header)->frag_len') & (! (s->init_num = 0)) & (! (s->d1->sent_messages->items->next = 0)) & (! (s->d1->sent_messages->items->next->next = 0)) & ('&(s->d1->w_msg_hdr)->seq' = 0)),
	DisjunctSignature: label: <Ok, 0, 0>, 
		allocated: frozenset({frozenset({'s->d1->sent_messages->items->next->next->next'}),
           frozenset({'s->d1->sent_messages->items->next->next->next->data'}),
           frozenset({'s->d1->sent_messages->items->next->next->next->data->fragment'})}), 
		deallocated: frozenset(), 
		return_formula: (return = 1), 
		formula: ((! (s->d1->sent_messages->items->next->next->next->data->fragment = 0)) & ('&(s->d1->w_msg_hdr)->msg_len' = '&(s->d1->sent_messages->items->next->next->next->data->msg_header)->msg_len') & ('&(s->d1->sent_messages->items->next->next->next->data->msg_header)->msg_len' = '&(s->d1->sent_messages->items->next->next->next->data->msg_header)->frag_len') & (! (s->d1->sent_messages->items->next->next->next = 0)) & ('&(s->d1->w_msg_hdr)->seq' = '&(s->d1->sent_messages->items->next->next->next->data->msg_header)->seq') & (! (s->d1->sent_messages->items->next->next = 0)) & (s->d1->sent_messages->items->next->next->next->next = s->d1->sent_messages->items->next->next->next->data->reassembly) & (s->init_num = ('&(s->d1->w_msg_hdr)->msg_len' + 3)) & (! (s->d1->sent_messages->items = 0)) & (s->d1->sent_messages->items->next->next->next->data->reassembly = '&(s->d1->sent_messages->items->next->next->next->data->msg_header)->frag_off') & (! (is_ccs = 0)) & (! (s->init_num = 0)) & (! (s->d1->sent_messages->items->next = 0)) & (s->d1->sent_messages->items->next->next->next->next = 0) & (is_ccs = '&(s->d1->sent_messages->items->next->next->next->data->msg_header)->is_ccs') & (! (s->d1->sent_messages->items->next->next->next->data = 0)) & ('&(s->d1->w_msg_hdr)->seq' = 0)),
	DisjunctSignature: label: <Ok, 0, 0>, 
		allocated: frozenset({frozenset({'s->d1->sent_messages->items->data'}),
           frozenset({'s->d1->sent_messages->items'}),
           frozenset({'s->d1->sent_messages->items->data->fragment'})}), 
		deallocated: frozenset(), 
		return_formula: (return = 1), 
		formula: ((! (s->d1->sent_messages->items->data->fragment = 0)) & (is_ccs = '&(s->d1->sent_messages->items->data->msg_header)->is_ccs') & (s->init_num = ('&(s->d1->w_msg_hdr)->msg_len' + 3)) & (! (s->d1->sent_messages->items = 0)) & ('&(s->d1->w_msg_hdr)->msg_len' = '&(s->d1->sent_messages->items->data->msg_header)->msg_len') & (s->d1->sent_messages->items->data->reassembly = '&(s->d1->sent_messages->items->data->msg_header)->frag_off') & ('&(s->d1->sent_messages->items->data->msg_header)->msg_len' = '&(s->d1->sent_messages->items->data->msg_header)->frag_len') & (! (is_ccs = 0)) & ('&(s->d1->w_msg_hdr)->seq' = '&(s->d1->sent_messages->items->data->msg_header)->seq') & (! (s->init_num = 0)) & (! (s->d1->sent_messages->items->next = 0)) & (s->d1->sent_messages->items->data->reassembly = 0) & (! (s->d1->sent_messages->items->data = 0)) & ('&(s->d1->w_msg_hdr)->seq' = 0)),
	DisjunctSignature: label: <Ok, 0, 0>, 
		allocated: frozenset({frozenset({'s->d1->sent_messages->items->next->data'}),
           frozenset({'s->d1->sent_messages->items->next->data->fragment'}),
           frozenset({'s->d1->sent_messages->items->next'})}), 
		deallocated: frozenset(), 
		return_formula: (return = 1), 
		formula: ((s->d1->sent_messages->items->next->data->reassembly = '&(s->d1->sent_messages->items->next->data->msg_header)->frag_off') & (s->d1->sent_messages->items->next->data->reassembly = 0) & (is_ccs = '&(s->d1->sent_messages->items->next->data->msg_header)->is_ccs') & ('&(s->d1->w_msg_hdr)->msg_len' = '&(s->d1->sent_messages->items->next->data->msg_header)->msg_len') & (s->init_num = ('&(s->d1->w_msg_hdr)->msg_len' + 3)) & (! (s->d1->sent_messages->items = 0)) & ('&(s->d1->sent_messages->items->next->data->msg_header)->msg_len' = '&(s->d1->sent_messages->items->next->data->msg_header)->frag_len') & (! (s->d1->sent_messages->items->next->data = 0)) & (! (is_ccs = 0)) & (! (s->d1->sent_messages->items->next->data->fragment = 0)) & (! (s->init_num = 0)) & ('&(s->d1->w_msg_hdr)->seq' = '&(s->d1->sent_messages->items->next->data->msg_header)->seq') & (! (s->d1->sent_messages->items->next = 0)) & (! (s->d1->sent_messages->items->next->next = 0)) & ('&(s->d1->w_msg_hdr)->seq' = 0)),
	DisjunctSignature: label: <Ok, 0, 0>, 
		allocated: frozenset({frozenset({'s->d1->sent_messages->items->next->next'}),
           frozenset({'s->d1->sent_messages->items->next->next->data'}),
           frozenset({'s->d1->sent_messages->items->next->next->data->fragment'})}), 
		deallocated: frozenset(), 
		return_formula: (return = 1), 
		formula: ((! (s->d1->sent_messages->items->next->next->next = 0)) & ('&(s->d1->w_msg_hdr)->seq' = '&(s->d1->sent_messages->items->next->next->data->msg_header)->seq') & (! (s->d1->sent_messages->items->next->next->data->fragment = 0)) & (s->d1->sent_messages->items->next->next->data->reassembly = 0) & (s->init_num = ('&(s->d1->w_msg_hdr)->msg_len' + 3)) & (! (s->d1->sent_messages->items = 0)) & (s->d1->sent_messages->items->next->next->data->reassembly = '&(s->d1->sent_messages->items->next->next->data->msg_header)->frag_off') & ('&(s->d1->w_msg_hdr)->msg_len' = '&(s->d1->sent_messages->items->next->next->data->msg_header)->msg_len') & (is_ccs = '&(s->d1->sent_messages->items->next->next->data->msg_header)->is_ccs') & (! (s->d1->sent_messages->items->next->next->data = 0)) & (! (is_ccs = 0)) & ('&(s->d1->sent_messages->items->next->next->data->msg_header)->msg_len' = '&(s->d1->sent_messages->items->next->next->data->msg_header)->frag_len') & (! (s->init_num = 0)) & (! (s->d1->sent_messages->items->next = 0)) & (! (s->d1->sent_messages->items->next->next = 0)) & ('&(s->d1->w_msg_hdr)->seq' = 0)),
	DisjunctSignature: label: <Ok, 0, 0>, 
		allocated: frozenset({frozenset({'s->d1->sent_messages->items->next->next->next'}),
           frozenset({'s->d1->sent_messages->items->next->next->next->data'}),
           frozenset({'s->d1->sent_messages->items->next->next->next->data->fragment'})}), 
		deallocated: frozenset(), 
		return_formula: (return = 1), 
		formula: ((! (s->d1->sent_messages->items->next->next->next->data->fragment = 0)) & ('&(s->d1->w_msg_hdr)->msg_len' = '&(s->d1->sent_messages->items->next->next->next->data->msg_header)->msg_len') & ('&(s->d1->sent_messages->items->next->next->next->data->msg_header)->msg_len' = '&(s->d1->sent_messages->items->next->next->next->data->msg_header)->frag_len') & (! (s->d1->sent_messages->items->next->next->next = 0)) & ('&(s->d1->w_msg_hdr)->seq' = '&(s->d1->sent_messages->items->next->next->next->data->msg_header)->seq') & (s->init_num = ('&(s->d1->w_msg_hdr)->msg_len' + 3)) & (! (s->d1->sent_messages->items = 0)) & (s->d1->sent_messages->items->next->next->next->data->reassembly = '&(s->d1->sent_messages->items->next->next->next->data->msg_header)->frag_off') & (s->d1->sent_messages->items->next->next->next->data->reassembly = 0) & (is_ccs = '&(s->d1->sent_messages->items->next->next->next->data->msg_header)->is_ccs') & (! (is_ccs = 0)) & (! (s->init_num = 0)) & (! (s->d1->sent_messages->items->next = 0)) & (! (s->d1->sent_messages->items->next->next = 0)) & (! (s->d1->sent_messages->items->next->next->next->next = 0)) & (! (s->d1->sent_messages->items->next->next->next->data = 0)) & ('&(s->d1->w_msg_hdr)->seq' = 0)),
	DisjunctSignature: label: <Ok, 0, 0>, 
		allocated: frozenset({frozenset({'s->d1->sent_messages->items->data'}),
           frozenset({'s->d1->sent_messages->items'}),
           frozenset({'s->d1->sent_messages->items->data->fragment'})}), 
		deallocated: frozenset(), 
		return_formula: (return = 1), 
		formula: ((! (s->d1->sent_messages->items->data->fragment = 0)) & (is_ccs = '&(s->d1->sent_messages->items->data->msg_header)->is_ccs') & (s->init_num = ('&(s->d1->w_msg_hdr)->msg_len' + 3)) & (! (s->d1->sent_messages->items = 0)) & ('&(s->d1->w_msg_hdr)->msg_len' = '&(s->d1->sent_messages->items->data->msg_header)->msg_len') & (s->d1->sent_messages->items->data->reassembly = '&(s->d1->sent_messages->items->data->msg_header)->frag_off') & ('&(s->d1->sent_messages->items->data->msg_header)->msg_len' = '&(s->d1->sent_messages->items->data->msg_header)->frag_len') & (! (is_ccs = 0)) & ('&(s->d1->w_msg_hdr)->seq' = '&(s->d1->sent_messages->items->data->msg_header)->seq') & (! (s->init_num = 0)) & (s->d1->sent_messages->items->next = 0) & (s->d1->sent_messages->items->next = s->d1->sent_messages->items->data->reassembly) & (! (s->d1->sent_messages->items->data = 0)) & ('&(s->d1->w_msg_hdr)->seq' = 0)),
	DisjunctSignature: label: <Ok, 0, 0>, 
		allocated: frozenset({frozenset({'s->d1->sent_messages->items->next->data'}),
           frozenset({'s->d1->sent_messages->items->next->data->fragment'}),
           frozenset({'s->d1->sent_messages->items->next'})}), 
		deallocated: frozenset(), 
		return_formula: (return = 1), 
		formula: ((s->d1->sent_messages->items->next->next = s->d1->sent_messages->items->next->data->reassembly) & (! (s->d1->sent_messages->items->next = 0)) & (s->init_num = ('&(s->d1->w_msg_hdr)->msg_len' + 1)) & (s->d1->sent_messages->items->next->data->reassembly = '&(s->d1->sent_messages->items->next->data->msg_header)->frag_off') & (s->version = 65279) & (is_ccs = '&(s->d1->sent_messages->items->next->data->msg_header)->is_ccs') & ('&(s->d1->w_msg_hdr)->msg_len' = '&(s->d1->sent_messages->items->next->data->msg_header)->msg_len') & (! (s->d1->sent_messages->items = 0)) & ('&(s->d1->sent_messages->items->next->data->msg_header)->msg_len' = '&(s->d1->sent_messages->items->next->data->msg_header)->frag_len') & (! (s->d1->sent_messages->items->next->data = 0)) & (! (is_ccs = 0)) & (! (s->d1->sent_messages->items->next->data->fragment = 0)) & (! (s->init_num = 0)) & ('&(s->d1->w_msg_hdr)->seq' = '&(s->d1->sent_messages->items->next->data->msg_header)->seq') & (s->d1->sent_messages->items->next->next = 0) & ('&(s->d1->w_msg_hdr)->seq' = 0)),
	DisjunctSignature: label: <Ok, 0, 0>, 
		allocated: frozenset({frozenset({'s->d1->sent_messages->items->next->next'}),
           frozenset({'s->d1->sent_messages->items->next->next->data'}),
           frozenset({'s->d1->sent_messages->items->next->next->data->fragment'})}), 
		deallocated: frozenset(), 
		return_formula: (return = 1), 
		formula: ((s->d1->sent_messages->items->next->next->next = 0) & (s->init_num = ('&(s->d1->w_msg_hdr)->msg_len' + 1)) & ('&(s->d1->w_msg_hdr)->seq' = '&(s->d1->sent_messages->items->next->next->data->msg_header)->seq') & (s->version = 65279) & (! (s->d1->sent_messages->items->next->next->data->fragment = 0)) & (s->d1->sent_messages->items->next->next->next = s->d1->sent_messages->items->next->next->data->reassembly) & (! (s->d1->sent_messages->items = 0)) & (is_ccs = '&(s->d1->sent_messages->items->next->next->data->msg_header)->is_ccs') & (s->d1->sent_messages->items->next->next->data->reassembly = '&(s->d1->sent_messages->items->next->next->data->msg_header)->frag_off') & ('&(s->d1->w_msg_hdr)->msg_len' = '&(s->d1->sent_messages->items->next->next->data->msg_header)->msg_len') & (! (s->d1->sent_messages->items->next->next->data = 0)) & (! (is_ccs = 0)) & ('&(s->d1->sent_messages->items->next->next->data->msg_header)->msg_len' = '&(s->d1->sent_messages->items->next->next->data->msg_header)->frag_len') & (! (s->init_num = 0)) & (! (s->d1->sent_messages->items->next = 0)) & (! (s->d1->sent_messages->items->next->next = 0)) & ('&(s->d1->w_msg_hdr)->seq' = 0)),
	DisjunctSignature: label: <Ok, 0, 0>, 
		allocated: frozenset({frozenset({'s->d1->sent_messages->items->next->next->next'}),
           frozenset({'s->d1->sent_messages->items->next->next->next->data'}),
           frozenset({'s->d1->sent_messages->items->next->next->next->data->fragment'})}), 
		deallocated: frozenset(), 
		return_formula: (return = 1), 
		formula: ((! (s->d1->sent_messages->items->next->next->next->data->fragment = 0)) & ('&(s->d1->w_msg_hdr)->msg_len' = '&(s->d1->sent_messages->items->next->next->next->data->msg_header)->msg_len') & ('&(s->d1->sent_messages->items->next->next->next->data->msg_header)->msg_len' = '&(s->d1->sent_messages->items->next->next->next->data->msg_header)->frag_len') & (! (s->d1->sent_messages->items->next->next->next = 0)) & (s->init_num = ('&(s->d1->w_msg_hdr)->msg_len' + 1)) & ('&(s->d1->w_msg_hdr)->seq' = '&(s->d1->sent_messages->items->next->next->next->data->msg_header)->seq') & (s->version = 65279) & (! (s->d1->sent_messages->items->next->next = 0)) & (s->d1->sent_messages->items->next->next->next->next = s->d1->sent_messages->items->next->next->next->data->reassembly) & (! (s->d1->sent_messages->items = 0)) & (s->d1->sent_messages->items->next->next->next->data->reassembly = '&(s->d1->sent_messages->items->next->next->next->data->msg_header)->frag_off') & (! (is_ccs = 0)) & (! (s->init_num = 0)) & (! (s->d1->sent_messages->items->next = 0)) & (s->d1->sent_messages->items->next->next->next->next = 0) & (is_ccs = '&(s->d1->sent_messages->items->next->next->next->data->msg_header)->is_ccs') & (! (s->d1->sent_messages->items->next->next->next->data = 0)) & ('&(s->d1->w_msg_hdr)->seq' = 0)),
	DisjunctSignature: label: <Ok, 0, 0>, 
		allocated: frozenset({frozenset({'s->d1->sent_messages->items->data'}),
           frozenset({'s->d1->sent_messages->items'}),
           frozenset({'s->d1->sent_messages->items->data->fragment'})}), 
		deallocated: frozenset(), 
		return_formula: (return = 1), 
		formula: ((! (s->d1->sent_messages->items->data->fragment = 0)) & (s->init_num = ('&(s->d1->w_msg_hdr)->msg_len' + 1)) & (s->version = 65279) & (is_ccs = '&(s->d1->sent_messages->items->data->msg_header)->is_ccs') & (! (s->d1->sent_messages->items = 0)) & ('&(s->d1->w_msg_hdr)->msg_len' = '&(s->d1->sent_messages->items->data->msg_header)->msg_len') & (s->d1->sent_messages->items->data->reassembly = '&(s->d1->sent_messages->items->data->msg_header)->frag_off') & ('&(s->d1->sent_messages->items->data->msg_header)->msg_len' = '&(s->d1->sent_messages->items->data->msg_header)->frag_len') & (! (is_ccs = 0)) & ('&(s->d1->w_msg_hdr)->seq' = '&(s->d1->sent_messages->items->data->msg_header)->seq') & (! (s->init_num = 0)) & (! (s->d1->sent_messages->items->next = 0)) & (s->d1->sent_messages->items->data->reassembly = 0) & (! (s->d1->sent_messages->items->data = 0)) & ('&(s->d1->w_msg_hdr)->seq' = 0)),
	DisjunctSignature: label: <Ok, 0, 0>, 
		allocated: frozenset({frozenset({'s->d1->sent_messages->items->next->data'}),
           frozenset({'s->d1->sent_messages->items->next->data->fragment'}),
           frozenset({'s->d1->sent_messages->items->next'})}), 
		deallocated: frozenset(), 
		return_formula: (return = 1), 
		formula: ((s->init_num = ('&(s->d1->w_msg_hdr)->msg_len' + 1)) & (s->d1->sent_messages->items->next->data->reassembly = '&(s->d1->sent_messages->items->next->data->msg_header)->frag_off') & (s->version = 65279) & (s->d1->sent_messages->items->next->data->reassembly = 0) & (is_ccs = '&(s->d1->sent_messages->items->next->data->msg_header)->is_ccs') & ('&(s->d1->w_msg_hdr)->msg_len' = '&(s->d1->sent_messages->items->next->data->msg_header)->msg_len') & (! (s->d1->sent_messages->items = 0)) & ('&(s->d1->sent_messages->items->next->data->msg_header)->msg_len' = '&(s->d1->sent_messages->items->next->data->msg_header)->frag_len') & (! (s->d1->sent_messages->items->next->data = 0)) & (! (is_ccs = 0)) & (! (s->d1->sent_messages->items->next->data->fragment = 0)) & (! (s->init_num = 0)) & ('&(s->d1->w_msg_hdr)->seq' = '&(s->d1->sent_messages->items->next->data->msg_header)->seq') & (! (s->d1->sent_messages->items->next = 0)) & (! (s->d1->sent_messages->items->next->next = 0)) & ('&(s->d1->w_msg_hdr)->seq' = 0)),
	DisjunctSignature: label: <Ok, 0, 0>, 
		allocated: frozenset({frozenset({'s->d1->sent_messages->items->next->next'}),
           frozenset({'s->d1->sent_messages->items->next->next->data'}),
           frozenset({'s->d1->sent_messages->items->next->next->data->fragment'})}), 
		deallocated: frozenset(), 
		return_formula: (return = 1), 
		formula: ((! (s->d1->sent_messages->items->next->next->next = 0)) & (s->init_num = ('&(s->d1->w_msg_hdr)->msg_len' + 1)) & ('&(s->d1->w_msg_hdr)->seq' = '&(s->d1->sent_messages->items->next->next->data->msg_header)->seq') & (s->version = 65279) & (! (s->d1->sent_messages->items->next->next->data->fragment = 0)) & (s->d1->sent_messages->items->next->next->data->reassembly = 0) & (! (s->d1->sent_messages->items = 0)) & (is_ccs = '&(s->d1->sent_messages->items->next->next->data->msg_header)->is_ccs') & (s->d1->sent_messages->items->next->next->data->reassembly = '&(s->d1->sent_messages->items->next->next->data->msg_header)->frag_off') & ('&(s->d1->w_msg_hdr)->msg_len' = '&(s->d1->sent_messages->items->next->next->data->msg_header)->msg_len') & (! (s->d1->sent_messages->items->next->next->data = 0)) & (! (is_ccs = 0)) & ('&(s->d1->sent_messages->items->next->next->data->msg_header)->msg_len' = '&(s->d1->sent_messages->items->next->next->data->msg_header)->frag_len') & (! (s->init_num = 0)) & (! (s->d1->sent_messages->items->next = 0)) & (! (s->d1->sent_messages->items->next->next = 0)) & ('&(s->d1->w_msg_hdr)->seq' = 0)),
	DisjunctSignature: label: <Ok, 0, 0>, 
		allocated: frozenset({frozenset({'s->d1->sent_messages->items->next->next->next'}),
           frozenset({'s->d1->sent_messages->items->next->next->next->data'}),
           frozenset({'s->d1->sent_messages->items->next->next->next->data->fragment'})}), 
		deallocated: frozenset(), 
		return_formula: (return = 1), 
		formula: ((! (s->d1->sent_messages->items->next->next->next->data->fragment = 0)) & ('&(s->d1->w_msg_hdr)->msg_len' = '&(s->d1->sent_messages->items->next->next->next->data->msg_header)->msg_len') & ('&(s->d1->sent_messages->items->next->next->next->data->msg_header)->msg_len' = '&(s->d1->sent_messages->items->next->next->next->data->msg_header)->frag_len') & (! (s->d1->sent_messages->items->next->next->next = 0)) & (s->init_num = ('&(s->d1->w_msg_hdr)->msg_len' + 1)) & ('&(s->d1->w_msg_hdr)->seq' = '&(s->d1->sent_messages->items->next->next->next->data->msg_header)->seq') & (s->version = 65279) & (! (s->d1->sent_messages->items = 0)) & (s->d1->sent_messages->items->next->next->next->data->reassembly = '&(s->d1->sent_messages->items->next->next->next->data->msg_header)->frag_off') & (s->d1->sent_messages->items->next->next->next->data->reassembly = 0) & (is_ccs = '&(s->d1->sent_messages->items->next->next->next->data->msg_header)->is_ccs') & (! (is_ccs = 0)) & (! (s->init_num = 0)) & (! (s->d1->sent_messages->items->next = 0)) & (! (s->d1->sent_messages->items->next->next = 0)) & (! (s->d1->sent_messages->items->next->next->next->next = 0)) & (! (s->d1->sent_messages->items->next->next->next->data = 0)) & ('&(s->d1->w_msg_hdr)->seq' = 0)),
	DisjunctSignature: label: <Ok, 0, 0>, 
		allocated: frozenset({frozenset({'s->d1->sent_messages->items->data'}),
           frozenset({'s->d1->sent_messages->items'}),
           frozenset({'s->d1->sent_messages->items->data->fragment'})}), 
		deallocated: frozenset(), 
		return_formula: (return = 1), 
		formula: ((! (s->d1->sent_messages->items->data->fragment = 0)) & (s->init_num = ('&(s->d1->w_msg_hdr)->msg_len' + 1)) & (s->version = 65279) & (is_ccs = '&(s->d1->sent_messages->items->data->msg_header)->is_ccs') & (! (s->d1->sent_messages->items = 0)) & ('&(s->d1->w_msg_hdr)->msg_len' = '&(s->d1->sent_messages->items->data->msg_header)->msg_len') & (s->d1->sent_messages->items->data->reassembly = '&(s->d1->sent_messages->items->data->msg_header)->frag_off') & ('&(s->d1->sent_messages->items->data->msg_header)->msg_len' = '&(s->d1->sent_messages->items->data->msg_header)->frag_len') & (! (is_ccs = 0)) & ('&(s->d1->w_msg_hdr)->seq' = '&(s->d1->sent_messages->items->data->msg_header)->seq') & (! (s->init_num = 0)) & (s->d1->sent_messages->items->next = 0) & (s->d1->sent_messages->items->next = s->d1->sent_messages->items->data->reassembly) & (! (s->d1->sent_messages->items->data = 0)) & ('&(s->d1->w_msg_hdr)->seq' = 0)),
]
pe_increment: RewardType.NO
ppie_increment: RewardType.NO
Adding to Cluster cluster-L1183-2
Grammar: :INSERT POS CMD,ID = ARITH_EXPR ;,ID
plausible count: 0
cumulative repetition: 1
Cluster pe increment: RewardType.NO
Cluster ppie increment: RewardType.NO
Prod probability update: s->init_num : pe: 1.000=>1.000 ; ppie: 1.000=>1.000
Prod probability update: ID : pe: 0.500=>0.500 ; ppie: 0.500=>0.500
Prod probability update: ID ARITH_OP ID : pe: 0.500=>0.500 ; ppie: 0.500=>0.500
Prod probability update: ID = ARITH_EXPR ; : pe: 0.167=>0.167 ; ppie: 0.167=>0.167
Prod probability update: HEAP : pe: 0.167=>0.167 ; ppie: 0.167=>0.167
Prod probability update: return POINTER_EXPR ; : pe: 0.167=>0.167 ; ppie: 0.167=>0.167
Prod probability update: EXIT_STMT : pe: 0.167=>0.167 ; ppie: 0.167=>0.167
Prod probability update: if ( BOOL_EXPR ) { CMD } : pe: 0.167=>0.167 ; ppie: 0.167=>0.167
Prod probability update: CMD CMD : pe: 0.167=>0.167 ; ppie: 0.167=>0.167
Prod probability update: FRONT : pe: 0.500=>0.500 ; ppie: 0.500=>0.500
Prod probability update: BACK : pe: 0.500=>0.500 ; ppie: 0.500=>0.500
Prod probability update: INSERT POS CMD : pe: 1.000=>1.000 ; ppie: 1.000=>1.000
Adding new patch: INSERT FRONT return 1;
Created new cluster cluster-L1183-3
Cluster signature: PatchSignature: [
	DisjunctSignature: label: <ErrorMemoryLeak, 1181, 1181>, 
		allocated: frozenset(), 
		deallocated: frozenset(), 
		return_formula: (return = 1), 
		formula: True,
	DisjunctSignature: label: <Ok, 0, 0>, 
		allocated: frozenset(), 
		deallocated: frozenset(), 
		return_formula: (return = 1), 
		formula: (! (s->init_num = 0)),
	DisjunctSignature: label: <Ok, 0, 0>, 
		allocated: frozenset(), 
		deallocated: frozenset(), 
		return_formula: (return = 1), 
		formula: True,
]
pe_increment: RewardType.SMALL
ppie_increment: RewardType.NO
Adding to Cluster cluster-L1183-3
Grammar: :INSERT POS CMD,EXIT_STMT
plausible count: 0
cumulative repetition: 2
Cluster pe increment: RewardType.SMALL
Cluster ppie increment: RewardType.NO
Prod probability update: return 1; : pe: 0.500=>0.550 ; ppie: 0.500=>0.500
Prod probability update: return 0; : pe: 0.500=>0.450 ; ppie: 0.500=>0.500
Prod probability update: EXIT_STMT : pe: 0.167=>0.250 ; ppie: 0.167=>0.167
Prod probability update: HEAP : pe: 0.167=>0.150 ; ppie: 0.167=>0.167
Prod probability update: ID = ARITH_EXPR ; : pe: 0.167=>0.150 ; ppie: 0.167=>0.167
Prod probability update: return POINTER_EXPR ; : pe: 0.167=>0.150 ; ppie: 0.167=>0.167
Prod probability update: if ( BOOL_EXPR ) { CMD } : pe: 0.167=>0.150 ; ppie: 0.167=>0.167
Prod probability update: CMD CMD : pe: 0.167=>0.150 ; ppie: 0.167=>0.167
Prod probability update: FRONT : pe: 0.500=>0.500 ; ppie: 0.500=>0.500
Prod probability update: BACK : pe: 0.500=>0.500 ; ppie: 0.500=>0.500
Prod probability update: INSERT POS CMD : pe: 1.000=>1.000 ; ppie: 1.000=>1.000
Adding new patch: INSERT BACK frag = malloc ( sizeof ( * s->init_buf->data ) ) ; frag = s->init_buf->data ;
Created new cluster cluster-L1183-4
Cluster signature: PatchSignature: [
	DisjunctSignature: label: <AbortProgram, 1181, 1183>, 
		allocated: frozenset(), 
		deallocated: frozenset(), 
		return_formula: True, 
		formula: True,
	DisjunctSignature: label: <ErrorMemoryLeak, 1183, 1183>, 
		allocated: frozenset({frozenset({'s->d1->sent_messages->items->next'})}), 
		deallocated: frozenset(), 
		return_formula: (return = 1), 
		formula: (((s->init_num = ('&(s->init_buf->data->msg_header)->msg_len' + 12)) & ('&(s->init_buf->data->msg_header)->seq' = 0) & (is_ccs = '&(s->init_buf->data->msg_header)->is_ccs') & ('&(s->init_buf->data->msg_header)->is_ccs' = '&(s->d1->sent_messages->items->next->data->msg_header)->is_ccs') & ('&(s->d1->w_msg_hdr)->msg_len' = '&(s->d1->sent_messages->items->next->data->msg_header)->msg_len') & (! (s->d1->sent_messages->items = 0)) & ('&(s->d1->sent_messages->items->next->data->msg_header)->msg_len' = '&(s->d1->sent_messages->items->next->data->msg_header)->frag_len') & (is_ccs = 0) & ('&(s->init_buf->data->msg_header)->msg_len' = '&(s->init_buf->data->msg_header)->frag_len') & ('&(s->d1->w_msg_hdr)->seq' = '&(s->d1->sent_messages->items->next->data->msg_header)->seq') & (! (s->init_num = 0)) & ('&(s->init_buf->data->msg_header)->frag_len' = '&(s->d1->w_msg_hdr)->msg_len') & (! (s->d1->sent_messages->items->next = 0)) & ('&(s->init_buf->data->msg_header)->seq' = '&(s->d1->w_msg_hdr)->seq')) | (('&(s->init_buf->data->msg_header)->frag_off' = '&(s->d1->sent_messages->items->next->data->msg_header)->frag_off') & (s->init_num = ('&(s->init_buf->data->msg_header)->msg_len' + 1)) & ('&(s->init_buf->data->msg_header)->seq' = 0) & (s->version = 65279) & (! (s->d1->sent_messages->items->next->next = 0)) & (is_ccs = '&(s->init_buf->data->msg_header)->is_ccs') & ('&(s->init_buf->data->msg_header)->is_ccs' = '&(s->d1->sent_messages->items->next->data->msg_header)->is_ccs') & ('&(s->d1->w_msg_hdr)->msg_len' = '&(s->d1->sent_messages->items->next->data->msg_header)->msg_len') & (! (s->d1->sent_messages->items = 0)) & ('&(s->d1->sent_messages->items->next->data->msg_header)->msg_len' = '&(s->d1->sent_messages->items->next->data->msg_header)->frag_len') & (! (is_ccs = 0)) & ('&(s->init_buf->data->msg_header)->msg_len' = '&(s->init_buf->data->msg_header)->frag_len') & (! (s->init_num = 0)) & ('&(s->init_buf->data->msg_header)->frag_len' = '&(s->d1->w_msg_hdr)->msg_len') & (! (s->d1->sent_messages->items->next = 0)) & ('&(s->init_buf->data->msg_header)->seq' = '&(s->d1->w_msg_hdr)->seq') & ('&(s->d1->w_msg_hdr)->seq' = '&(s->d1->sent_messages->items->next->data->msg_header)->seq') & ('&(s->init_buf->data->msg_header)->frag_off' = 0)) | (('&(s->init_buf->data->msg_header)->frag_off' = '&(s->d1->sent_messages->items->next->data->msg_header)->frag_off') & (s->init_num = ('&(s->init_buf->data->msg_header)->msg_len' + 3)) & ('&(s->init_buf->data->msg_header)->seq' = 0) & (is_ccs = '&(s->init_buf->data->msg_header)->is_ccs') & (! (s->d1->sent_messages->items->next->next = 0)) & ('&(s->init_buf->data->msg_header)->is_ccs' = '&(s->d1->sent_messages->items->next->data->msg_header)->is_ccs') & ('&(s->d1->w_msg_hdr)->msg_len' = '&(s->d1->sent_messages->items->next->data->msg_header)->msg_len') & (! (s->d1->sent_messages->items = 0)) & ('&(s->d1->sent_messages->items->next->data->msg_header)->msg_len' = '&(s->d1->sent_messages->items->next->data->msg_header)->frag_len') & (! (is_ccs = 0)) & ('&(s->init_buf->data->msg_header)->msg_len' = '&(s->init_buf->data->msg_header)->frag_len') & (! (s->init_num = 0)) & ('&(s->init_buf->data->msg_header)->frag_len' = '&(s->d1->w_msg_hdr)->msg_len') & (! (s->d1->sent_messages->items->next = 0)) & ('&(s->init_buf->data->msg_header)->seq' = '&(s->d1->w_msg_hdr)->seq') & ('&(s->d1->w_msg_hdr)->seq' = '&(s->d1->sent_messages->items->next->data->msg_header)->seq') & ('&(s->init_buf->data->msg_header)->frag_off' = 0)) | ((s->init_num = ('&(s->init_buf->data->msg_header)->msg_len' + 12)) & ('&(s->init_buf->data->msg_header)->seq' = 0) & (is_ccs = '&(s->init_buf->data->msg_header)->is_ccs') & (! (s->d1->sent_messages->items->next->next = 0)) & ('&(s->init_buf->data->msg_header)->is_ccs' = '&(s->d1->sent_messages->items->next->data->msg_header)->is_ccs') & ('&(s->d1->w_msg_hdr)->msg_len' = '&(s->d1->sent_messages->items->next->data->msg_header)->msg_len') & (! (s->d1->sent_messages->items = 0)) & ('&(s->d1->sent_messages->items->next->data->msg_header)->msg_len' = '&(s->d1->sent_messages->items->next->data->msg_header)->frag_len') & (is_ccs = 0) & ('&(s->init_buf->data->msg_header)->msg_len' = '&(s->init_buf->data->msg_header)->frag_len') & ('&(s->d1->w_msg_hdr)->seq' = '&(s->d1->sent_messages->items->next->data->msg_header)->seq') & (! (s->init_num = 0)) & ('&(s->init_buf->data->msg_header)->frag_len' = '&(s->d1->w_msg_hdr)->msg_len') & (! (s->d1->sent_messages->items->next = 0)) & ('&(s->init_buf->data->msg_header)->seq' = '&(s->d1->w_msg_hdr)->seq')) | ((s->d1->sent_messages->items->next->next = '&(s->init_buf->data->msg_header)->frag_off') & ('&(s->init_buf->data->msg_header)->frag_off' = '&(s->d1->sent_messages->items->next->data->msg_header)->frag_off') & (s->init_num = ('&(s->init_buf->data->msg_header)->msg_len' + 3)) & (! (s->d1->sent_messages->items->next = 0)) & ('&(s->init_buf->data->msg_header)->seq' = 0) & (is_ccs = '&(s->init_buf->data->msg_header)->is_ccs') & ('&(s->init_buf->data->msg_header)->is_ccs' = '&(s->d1->sent_messages->items->next->data->msg_header)->is_ccs') & ('&(s->d1->w_msg_hdr)->msg_len' = '&(s->d1->sent_messages->items->next->data->msg_header)->msg_len') & (! (s->d1->sent_messages->items = 0)) & ('&(s->d1->sent_messages->items->next->data->msg_header)->msg_len' = '&(s->d1->sent_messages->items->next->data->msg_header)->frag_len') & (! (is_ccs = 0)) & ('&(s->d1->w_msg_hdr)->seq' = '&(s->d1->sent_messages->items->next->data->msg_header)->seq') & (! (s->init_num = 0)) & ('&(s->init_buf->data->msg_header)->frag_len' = '&(s->d1->w_msg_hdr)->msg_len') & (s->d1->sent_messages->items->next->next = 0) & ('&(s->init_buf->data->msg_header)->seq' = '&(s->d1->w_msg_hdr)->seq') & ('&(s->init_buf->data->msg_header)->msg_len' = '&(s->init_buf->data->msg_header)->frag_len')) | ((s->d1->sent_messages->items->next->next = '&(s->init_buf->data->msg_header)->frag_off') & ('&(s->init_buf->data->msg_header)->frag_off' = '&(s->d1->sent_messages->items->next->data->msg_header)->frag_off') & (! (s->d1->sent_messages->items->next = 0)) & ('&(s->init_buf->data->msg_header)->seq' = 0) & ('&(s->init_buf->data->msg_header)->seq' = '&(s->d1->w_msg_hdr)->seq') & (s->version = 65279) & (is_ccs = '&(s->init_buf->data->msg_header)->is_ccs') & ('&(s->init_buf->data->msg_header)->is_ccs' = '&(s->d1->sent_messages->items->next->data->msg_header)->is_ccs') & ('&(s->d1->w_msg_hdr)->msg_len' = '&(s->d1->sent_messages->items->next->data->msg_header)->msg_len') & (! (s->d1->sent_messages->items = 0)) & ('&(s->d1->sent_messages->items->next->data->msg_header)->msg_len' = '&(s->d1->sent_messages->items->next->data->msg_header)->frag_len') & (! (is_ccs = 0)) & ('&(s->init_buf->data->msg_header)->msg_len' = '&(s->init_buf->data->msg_header)->frag_len') & (! (s->init_num = 0)) & ('&(s->init_buf->data->msg_header)->frag_len' = '&(s->d1->w_msg_hdr)->msg_len') & (s->d1->sent_messages->items->next->next = 0) & (s->init_num = ('&(s->init_buf->data->msg_header)->msg_len' + 1)) & ('&(s->d1->w_msg_hdr)->seq' = '&(s->d1->sent_messages->items->next->data->msg_header)->seq'))),
	DisjunctSignature: label: <ErrorMemoryLeak, 1181, 1183>, 
		allocated: frozenset({frozenset({'s->d1->sent_messages->items->next'})}), 
		deallocated: frozenset(), 
		return_formula: (return = 1), 
		formula: (((s->init_num = ('&(s->init_buf->data->msg_header)->msg_len' + 12)) & ('&(s->init_buf->data->msg_header)->seq' = 0) & (is_ccs = '&(s->init_buf->data->msg_header)->is_ccs') & ('&(s->init_buf->data->msg_header)->is_ccs' = '&(s->d1->sent_messages->items->next->data->msg_header)->is_ccs') & ('&(s->d1->w_msg_hdr)->msg_len' = '&(s->d1->sent_messages->items->next->data->msg_header)->msg_len') & (! (s->d1->sent_messages->items = 0)) & ('&(s->d1->sent_messages->items->next->data->msg_header)->msg_len' = '&(s->d1->sent_messages->items->next->data->msg_header)->frag_len') & (is_ccs = 0) & ('&(s->init_buf->data->msg_header)->msg_len' = '&(s->init_buf->data->msg_header)->frag_len') & ('&(s->d1->w_msg_hdr)->seq' = '&(s->d1->sent_messages->items->next->data->msg_header)->seq') & (! (s->init_num = 0)) & ('&(s->init_buf->data->msg_header)->frag_len' = '&(s->d1->w_msg_hdr)->msg_len') & (! (s->d1->sent_messages->items->next = 0)) & ('&(s->init_buf->data->msg_header)->seq' = '&(s->d1->w_msg_hdr)->seq')) | (('&(s->init_buf->data->msg_header)->frag_off' = '&(s->d1->sent_messages->items->next->data->msg_header)->frag_off') & ('&(s->init_buf->data->msg_header)->seq' = 0) & ('&(s->init_buf->data->msg_header)->seq' = '&(s->d1->w_msg_hdr)->seq') & (s->version = 65279) & (! (s->d1->sent_messages->items->next->next = 0)) & (is_ccs = '&(s->init_buf->data->msg_header)->is_ccs') & ('&(s->init_buf->data->msg_header)->is_ccs' = '&(s->d1->sent_messages->items->next->data->msg_header)->is_ccs') & ('&(s->d1->w_msg_hdr)->msg_len' = '&(s->d1->sent_messages->items->next->data->msg_header)->msg_len') & (! (s->d1->sent_messages->items = 0)) & ('&(s->d1->sent_messages->items->next->data->msg_header)->msg_len' = '&(s->d1->sent_messages->items->next->data->msg_header)->frag_len') & (! (is_ccs = 0)) & ('&(s->init_buf->data->msg_header)->msg_len' = '&(s->init_buf->data->msg_header)->frag_len') & (! (s->init_num = 0)) & ('&(s->init_buf->data->msg_header)->frag_len' = '&(s->d1->w_msg_hdr)->msg_len') & (! (s->d1->sent_messages->items->next = 0)) & (s->init_num = ('&(s->init_buf->data->msg_header)->msg_len' + 1)) & ('&(s->d1->w_msg_hdr)->seq' = '&(s->d1->sent_messages->items->next->data->msg_header)->seq') & ('&(s->init_buf->data->msg_header)->frag_off' = 0)) | (('&(s->init_buf->data->msg_header)->frag_off' = '&(s->d1->sent_messages->items->next->data->msg_header)->frag_off') & (s->init_num = ('&(s->init_buf->data->msg_header)->msg_len' + 3)) & ('&(s->init_buf->data->msg_header)->seq' = 0) & ('&(s->init_buf->data->msg_header)->seq' = '&(s->d1->w_msg_hdr)->seq') & (is_ccs = '&(s->init_buf->data->msg_header)->is_ccs') & ('&(s->init_buf->data->msg_header)->is_ccs' = '&(s->d1->sent_messages->items->next->data->msg_header)->is_ccs') & ('&(s->d1->w_msg_hdr)->msg_len' = '&(s->d1->sent_messages->items->next->data->msg_header)->msg_len') & (! (s->d1->sent_messages->items = 0)) & ('&(s->d1->sent_messages->items->next->data->msg_header)->msg_len' = '&(s->d1->sent_messages->items->next->data->msg_header)->frag_len') & (! (is_ccs = 0)) & ('&(s->init_buf->data->msg_header)->msg_len' = '&(s->init_buf->data->msg_header)->frag_len') & (! (s->init_num = 0)) & ('&(s->init_buf->data->msg_header)->frag_len' = '&(s->d1->w_msg_hdr)->msg_len') & (! (s->d1->sent_messages->items->next = 0)) & (! (s->d1->sent_messages->items->next->next = 0)) & ('&(s->d1->w_msg_hdr)->seq' = '&(s->d1->sent_messages->items->next->data->msg_header)->seq') & ('&(s->init_buf->data->msg_header)->frag_off' = 0)) | (('&(s->init_buf->data->msg_header)->frag_off' = '&(s->d1->sent_messages->items->next->data->msg_header)->frag_off') & (s->init_num = ('&(s->init_buf->data->msg_header)->msg_len' + 1)) & ('&(s->init_buf->data->msg_header)->seq' = 0) & (s->version = 65279) & (! (s->d1->sent_messages->items->next->next = 0)) & (is_ccs = '&(s->init_buf->data->msg_header)->is_ccs') & ('&(s->init_buf->data->msg_header)->is_ccs' = '&(s->d1->sent_messages->items->next->data->msg_header)->is_ccs') & ('&(s->d1->w_msg_hdr)->msg_len' = '&(s->d1->sent_messages->items->next->data->msg_header)->msg_len') & (! (s->d1->sent_messages->items = 0)) & ('&(s->d1->sent_messages->items->next->data->msg_header)->msg_len' = '&(s->d1->sent_messages->items->next->data->msg_header)->frag_len') & (! (is_ccs = 0)) & ('&(s->init_buf->data->msg_header)->msg_len' = '&(s->init_buf->data->msg_header)->frag_len') & (! (s->init_num = 0)) & ('&(s->init_buf->data->msg_header)->frag_len' = '&(s->d1->w_msg_hdr)->msg_len') & (! (s->d1->sent_messages->items->next = 0)) & ('&(s->init_buf->data->msg_header)->seq' = '&(s->d1->w_msg_hdr)->seq') & ('&(s->d1->w_msg_hdr)->seq' = '&(s->d1->sent_messages->items->next->data->msg_header)->seq') & ('&(s->init_buf->data->msg_header)->frag_off' = 0)) | (('&(s->init_buf->data->msg_header)->frag_off' = '&(s->d1->sent_messages->items->next->data->msg_header)->frag_off') & (s->init_num = ('&(s->init_buf->data->msg_header)->msg_len' + 3)) & ('&(s->init_buf->data->msg_header)->seq' = 0) & (is_ccs = '&(s->init_buf->data->msg_header)->is_ccs') & (! (s->d1->sent_messages->items->next->next = 0)) & ('&(s->init_buf->data->msg_header)->is_ccs' = '&(s->d1->sent_messages->items->next->data->msg_header)->is_ccs') & ('&(s->d1->w_msg_hdr)->msg_len' = '&(s->d1->sent_messages->items->next->data->msg_header)->msg_len') & (! (s->d1->sent_messages->items = 0)) & ('&(s->d1->sent_messages->items->next->data->msg_header)->msg_len' = '&(s->d1->sent_messages->items->next->data->msg_header)->frag_len') & (! (is_ccs = 0)) & ('&(s->init_buf->data->msg_header)->msg_len' = '&(s->init_buf->data->msg_header)->frag_len') & (! (s->init_num = 0)) & ('&(s->init_buf->data->msg_header)->frag_len' = '&(s->d1->w_msg_hdr)->msg_len') & (! (s->d1->sent_messages->items->next = 0)) & ('&(s->init_buf->data->msg_header)->seq' = '&(s->d1->w_msg_hdr)->seq') & ('&(s->d1->w_msg_hdr)->seq' = '&(s->d1->sent_messages->items->next->data->msg_header)->seq') & ('&(s->init_buf->data->msg_header)->frag_off' = 0)) | ((s->d1->sent_messages->items->next->next = '&(s->init_buf->data->msg_header)->frag_off') & ('&(s->init_buf->data->msg_header)->frag_off' = '&(s->d1->sent_messages->items->next->data->msg_header)->frag_off') & (s->init_num = ('&(s->init_buf->data->msg_header)->msg_len' + 3)) & (s->d1->sent_messages->items->next->next = 0) & ('&(s->init_buf->data->msg_header)->seq' = 0) & (is_ccs = '&(s->init_buf->data->msg_header)->is_ccs') & ('&(s->init_buf->data->msg_header)->is_ccs' = '&(s->d1->sent_messages->items->next->data->msg_header)->is_ccs') & ('&(s->d1->w_msg_hdr)->msg_len' = '&(s->d1->sent_messages->items->next->data->msg_header)->msg_len') & (! (s->d1->sent_messages->items = 0)) & ('&(s->d1->sent_messages->items->next->data->msg_header)->msg_len' = '&(s->d1->sent_messages->items->next->data->msg_header)->frag_len') & (! (is_ccs = 0)) & ('&(s->d1->w_msg_hdr)->seq' = '&(s->d1->sent_messages->items->next->data->msg_header)->seq') & (! (s->init_num = 0)) & ('&(s->init_buf->data->msg_header)->frag_len' = '&(s->d1->w_msg_hdr)->msg_len') & (! (s->d1->sent_messages->items->next = 0)) & ('&(s->init_buf->data->msg_header)->seq' = '&(s->d1->w_msg_hdr)->seq') & ('&(s->init_buf->data->msg_header)->msg_len' = '&(s->init_buf->data->msg_header)->frag_len')) | ((s->init_num = ('&(s->init_buf->data->msg_header)->msg_len' + 12)) & ('&(s->init_buf->data->msg_header)->seq' = 0) & ('&(s->init_buf->data->msg_header)->seq' = '&(s->d1->w_msg_hdr)->seq') & (is_ccs = '&(s->init_buf->data->msg_header)->is_ccs') & ('&(s->init_buf->data->msg_header)->is_ccs' = '&(s->d1->sent_messages->items->next->data->msg_header)->is_ccs') & ('&(s->d1->w_msg_hdr)->msg_len' = '&(s->d1->sent_messages->items->next->data->msg_header)->msg_len') & (! (s->d1->sent_messages->items = 0)) & ('&(s->d1->sent_messages->items->next->data->msg_header)->msg_len' = '&(s->d1->sent_messages->items->next->data->msg_header)->frag_len') & (is_ccs = 0) & ('&(s->init_buf->data->msg_header)->msg_len' = '&(s->init_buf->data->msg_header)->frag_len') & ('&(s->d1->w_msg_hdr)->seq' = '&(s->d1->sent_messages->items->next->data->msg_header)->seq') & (! (s->init_num = 0)) & ('&(s->init_buf->data->msg_header)->frag_len' = '&(s->d1->w_msg_hdr)->msg_len') & (! (s->d1->sent_messages->items->next = 0)) & (! (s->d1->sent_messages->items->next->next = 0))) | ((s->init_num = ('&(s->init_buf->data->msg_header)->msg_len' + 12)) & ('&(s->init_buf->data->msg_header)->seq' = 0) & (is_ccs = '&(s->init_buf->data->msg_header)->is_ccs') & (! (s->d1->sent_messages->items->next->next = 0)) & ('&(s->init_buf->data->msg_header)->is_ccs' = '&(s->d1->sent_messages->items->next->data->msg_header)->is_ccs') & ('&(s->d1->w_msg_hdr)->msg_len' = '&(s->d1->sent_messages->items->next->data->msg_header)->msg_len') & (! (s->d1->sent_messages->items = 0)) & ('&(s->d1->sent_messages->items->next->data->msg_header)->msg_len' = '&(s->d1->sent_messages->items->next->data->msg_header)->frag_len') & (is_ccs = 0) & ('&(s->init_buf->data->msg_header)->msg_len' = '&(s->init_buf->data->msg_header)->frag_len') & ('&(s->d1->w_msg_hdr)->seq' = '&(s->d1->sent_messages->items->next->data->msg_header)->seq') & (! (s->init_num = 0)) & ('&(s->init_buf->data->msg_header)->frag_len' = '&(s->d1->w_msg_hdr)->msg_len') & (! (s->d1->sent_messages->items->next = 0)) & ('&(s->init_buf->data->msg_header)->seq' = '&(s->d1->w_msg_hdr)->seq')) | ((s->d1->sent_messages->items->next->next = '&(s->init_buf->data->msg_header)->frag_off') & ('&(s->init_buf->data->msg_header)->frag_off' = '&(s->d1->sent_messages->items->next->data->msg_header)->frag_off') & (s->init_num = ('&(s->init_buf->data->msg_header)->msg_len' + 3)) & (! (s->d1->sent_messages->items->next = 0)) & ('&(s->init_buf->data->msg_header)->seq' = 0) & (is_ccs = '&(s->init_buf->data->msg_header)->is_ccs') & ('&(s->init_buf->data->msg_header)->is_ccs' = '&(s->d1->sent_messages->items->next->data->msg_header)->is_ccs') & ('&(s->d1->w_msg_hdr)->msg_len' = '&(s->d1->sent_messages->items->next->data->msg_header)->msg_len') & (! (s->d1->sent_messages->items = 0)) & ('&(s->d1->sent_messages->items->next->data->msg_header)->msg_len' = '&(s->d1->sent_messages->items->next->data->msg_header)->frag_len') & (! (is_ccs = 0)) & ('&(s->d1->w_msg_hdr)->seq' = '&(s->d1->sent_messages->items->next->data->msg_header)->seq') & (! (s->init_num = 0)) & ('&(s->init_buf->data->msg_header)->frag_len' = '&(s->d1->w_msg_hdr)->msg_len') & (s->d1->sent_messages->items->next->next = 0) & ('&(s->init_buf->data->msg_header)->seq' = '&(s->d1->w_msg_hdr)->seq') & ('&(s->init_buf->data->msg_header)->msg_len' = '&(s->init_buf->data->msg_header)->frag_len')) | ((s->d1->sent_messages->items->next->next = '&(s->init_buf->data->msg_header)->frag_off') & ('&(s->init_buf->data->msg_header)->frag_off' = '&(s->d1->sent_messages->items->next->data->msg_header)->frag_off') & (s->init_num = ('&(s->init_buf->data->msg_header)->msg_len' + 1)) & (s->d1->sent_messages->items->next->next = 0) & ('&(s->init_buf->data->msg_header)->seq' = 0) & (s->version = 65279) & (is_ccs = '&(s->init_buf->data->msg_header)->is_ccs') & ('&(s->init_buf->data->msg_header)->is_ccs' = '&(s->d1->sent_messages->items->next->data->msg_header)->is_ccs') & ('&(s->d1->w_msg_hdr)->msg_len' = '&(s->d1->sent_messages->items->next->data->msg_header)->msg_len') & (! (s->d1->sent_messages->items = 0)) & ('&(s->d1->sent_messages->items->next->data->msg_header)->msg_len' = '&(s->d1->sent_messages->items->next->data->msg_header)->frag_len') & (! (is_ccs = 0)) & ('&(s->init_buf->data->msg_header)->msg_len' = '&(s->init_buf->data->msg_header)->frag_len') & (! (s->init_num = 0)) & ('&(s->init_buf->data->msg_header)->frag_len' = '&(s->d1->w_msg_hdr)->msg_len') & (! (s->d1->sent_messages->items->next = 0)) & ('&(s->init_buf->data->msg_header)->seq' = '&(s->d1->w_msg_hdr)->seq') & ('&(s->d1->w_msg_hdr)->seq' = '&(s->d1->sent_messages->items->next->data->msg_header)->seq')) | ((s->d1->sent_messages->items->next->next = '&(s->init_buf->data->msg_header)->frag_off') & ('&(s->init_buf->data->msg_header)->frag_off' = '&(s->d1->sent_messages->items->next->data->msg_header)->frag_off') & (! (s->d1->sent_messages->items->next = 0)) & ('&(s->init_buf->data->msg_header)->seq' = 0) & ('&(s->init_buf->data->msg_header)->seq' = '&(s->d1->w_msg_hdr)->seq') & (s->version = 65279) & (is_ccs = '&(s->init_buf->data->msg_header)->is_ccs') & ('&(s->init_buf->data->msg_header)->is_ccs' = '&(s->d1->sent_messages->items->next->data->msg_header)->is_ccs') & ('&(s->d1->w_msg_hdr)->msg_len' = '&(s->d1->sent_messages->items->next->data->msg_header)->msg_len') & (! (s->d1->sent_messages->items = 0)) & ('&(s->d1->sent_messages->items->next->data->msg_header)->msg_len' = '&(s->d1->sent_messages->items->next->data->msg_header)->frag_len') & (! (is_ccs = 0)) & ('&(s->init_buf->data->msg_header)->msg_len' = '&(s->init_buf->data->msg_header)->frag_len') & (! (s->init_num = 0)) & ('&(s->init_buf->data->msg_header)->frag_len' = '&(s->d1->w_msg_hdr)->msg_len') & (s->d1->sent_messages->items->next->next = 0) & (s->init_num = ('&(s->init_buf->data->msg_header)->msg_len' + 1)) & ('&(s->d1->w_msg_hdr)->seq' = '&(s->d1->sent_messages->items->next->data->msg_header)->seq'))),
	DisjunctSignature: label: <ErrorMemoryLeak, 1183, 1183>, 
		allocated: frozenset({frozenset({'s->d1->sent_messages->items->next->next'})}), 
		deallocated: frozenset(), 
		return_formula: (return = 1), 
		formula: (((s->init_num = ('&(s->init_buf->data->msg_header)->msg_len' + 12)) & (! (s->d1->sent_messages->items->next->next->next = 0)) & (! (s->d1->sent_messages->items->next = 0)) & ('&(s->init_buf->data->msg_header)->seq' = 0) & (is_ccs = '&(s->init_buf->data->msg_header)->is_ccs') & (! (s->d1->sent_messages->items->next->next = 0)) & (! (s->d1->sent_messages->items = 0)) & ('&(s->d1->w_msg_hdr)->msg_len' = '&(s->d1->sent_messages->items->next->next->data->msg_header)->msg_len') & (is_ccs = 0) & ('&(s->init_buf->data->msg_header)->msg_len' = '&(s->init_buf->data->msg_header)->frag_len') & ('&(s->d1->sent_messages->items->next->next->data->msg_header)->msg_len' = '&(s->d1->sent_messages->items->next->next->data->msg_header)->frag_len') & (! (s->init_num = 0)) & ('&(s->init_buf->data->msg_header)->frag_len' = '&(s->d1->w_msg_hdr)->msg_len') & ('&(s->d1->w_msg_hdr)->seq' = '&(s->d1->sent_messages->items->next->next->data->msg_header)->seq') & ('&(s->init_buf->data->msg_header)->seq' = '&(s->d1->w_msg_hdr)->seq') & ('&(s->init_buf->data->msg_header)->is_ccs' = '&(s->d1->sent_messages->items->next->next->data->msg_header)->is_ccs')) | ((s->d1->sent_messages->items->next->next->next = 0) & (s->init_num = ('&(s->init_buf->data->msg_header)->msg_len' + 3)) & ('&(s->d1->w_msg_hdr)->seq' = '&(s->d1->sent_messages->items->next->next->data->msg_header)->seq') & ('&(s->init_buf->data->msg_header)->seq' = 0) & ('&(s->init_buf->data->msg_header)->seq' = '&(s->d1->w_msg_hdr)->seq') & (is_ccs = '&(s->init_buf->data->msg_header)->is_ccs') & (! (s->d1->sent_messages->items = 0)) & ('&(s->d1->w_msg_hdr)->msg_len' = '&(s->d1->sent_messages->items->next->next->data->msg_header)->msg_len') & (s->d1->sent_messages->items->next->next->next = '&(s->init_buf->data->msg_header)->frag_off') & ('&(s->d1->sent_messages->items->next->next->data->msg_header)->msg_len' = '&(s->d1->sent_messages->items->next->next->data->msg_header)->frag_len') & (! (is_ccs = 0)) & ('&(s->init_buf->data->msg_header)->frag_off' = '&(s->d1->sent_messages->items->next->next->data->msg_header)->frag_off') & (! (s->init_num = 0)) & ('&(s->init_buf->data->msg_header)->frag_len' = '&(s->d1->w_msg_hdr)->msg_len') & (! (s->d1->sent_messages->items->next = 0)) & (! (s->d1->sent_messages->items->next->next = 0)) & ('&(s->init_buf->data->msg_header)->is_ccs' = '&(s->d1->sent_messages->items->next->next->data->msg_header)->is_ccs') & ('&(s->init_buf->data->msg_header)->msg_len' = '&(s->init_buf->data->msg_header)->frag_len')) | ((! (s->d1->sent_messages->items->next = 0)) & (! (s->d1->sent_messages->items->next->next->next = 0)) & (s->init_num = ('&(s->init_buf->data->msg_header)->msg_len' + 3)) & ('&(s->init_buf->data->msg_header)->seq' = 0) & (is_ccs = '&(s->init_buf->data->msg_header)->is_ccs') & (! (s->d1->sent_messages->items->next->next = 0)) & (! (s->d1->sent_messages->items = 0)) & ('&(s->d1->w_msg_hdr)->msg_len' = '&(s->d1->sent_messages->items->next->next->data->msg_header)->msg_len') & ('&(s->d1->sent_messages->items->next->next->data->msg_header)->msg_len' = '&(s->d1->sent_messages->items->next->next->data->msg_header)->frag_len') & (! (is_ccs = 0)) & ('&(s->init_buf->data->msg_header)->msg_len' = '&(s->init_buf->data->msg_header)->frag_len') & (! (s->init_num = 0)) & ('&(s->init_buf->data->msg_header)->frag_len' = '&(s->d1->w_msg_hdr)->msg_len') & ('&(s->d1->w_msg_hdr)->seq' = '&(s->d1->sent_messages->items->next->next->data->msg_header)->seq') & ('&(s->init_buf->data->msg_header)->seq' = '&(s->d1->w_msg_hdr)->seq') & ('&(s->init_buf->data->msg_header)->is_ccs' = '&(s->d1->sent_messages->items->next->next->data->msg_header)->is_ccs') & ('&(s->init_buf->data->msg_header)->frag_off' = 0) & ('&(s->init_buf->data->msg_header)->frag_off' = '&(s->d1->sent_messages->items->next->next->data->msg_header)->frag_off')) | ((s->d1->sent_messages->items->next->next->next = 0) & ('&(s->init_buf->data->msg_header)->seq' = 0) & (s->d1->sent_messages->items->next->next->next = '&(s->init_buf->data->msg_header)->frag_off') & ('&(s->init_buf->data->msg_header)->frag_off' = '&(s->d1->sent_messages->items->next->next->data->msg_header)->frag_off') & ('&(s->init_buf->data->msg_header)->msg_len' = '&(s->init_buf->data->msg_header)->frag_len') & ('&(s->init_buf->data->msg_header)->frag_len' = '&(s->d1->w_msg_hdr)->msg_len') & ('&(s->init_buf->data->msg_header)->seq' = '&(s->d1->w_msg_hdr)->seq') & (s->version = 65279) & (! (is_ccs = 0)) & (! (s->init_num = 0)) & (! (s->d1->sent_messages->items->next->next = 0)) & ('&(s->init_buf->data->msg_header)->is_ccs' = '&(s->d1->sent_messages->items->next->next->data->msg_header)->is_ccs') & (is_ccs = '&(s->init_buf->data->msg_header)->is_ccs') & ('&(s->d1->w_msg_hdr)->msg_len' = '&(s->d1->sent_messages->items->next->next->data->msg_header)->msg_len') & ('&(s->d1->sent_messages->items->next->next->data->msg_header)->msg_len' = '&(s->d1->sent_messages->items->next->next->data->msg_header)->frag_len') & ('&(s->d1->w_msg_hdr)->seq' = '&(s->d1->sent_messages->items->next->next->data->msg_header)->seq') & (s->init_num = ('&(s->init_buf->data->msg_header)->msg_len' + 1)) & (! (s->d1->sent_messages->items = 0)) & (! (s->d1->sent_messages->items->next = 0))) | ((s->init_num = ('&(s->init_buf->data->msg_header)->msg_len' + 12)) & (! (s->d1->sent_messages->items->next = 0)) & ('&(s->init_buf->data->msg_header)->seq' = 0) & (is_ccs = '&(s->init_buf->data->msg_header)->is_ccs') & (! (s->d1->sent_messages->items->next->next = 0)) & (! (s->d1->sent_messages->items = 0)) & ('&(s->d1->w_msg_hdr)->msg_len' = '&(s->d1->sent_messages->items->next->next->data->msg_header)->msg_len') & (is_ccs = 0) & ('&(s->init_buf->data->msg_header)->msg_len' = '&(s->init_buf->data->msg_header)->frag_len') & ('&(s->d1->sent_messages->items->next->next->data->msg_header)->msg_len' = '&(s->d1->sent_messages->items->next->next->data->msg_header)->frag_len') & (! (s->init_num = 0)) & ('&(s->init_buf->data->msg_header)->frag_len' = '&(s->d1->w_msg_hdr)->msg_len') & ('&(s->d1->w_msg_hdr)->seq' = '&(s->d1->sent_messages->items->next->next->data->msg_header)->seq') & ('&(s->init_buf->data->msg_header)->seq' = '&(s->d1->w_msg_hdr)->seq') & ('&(s->init_buf->data->msg_header)->is_ccs' = '&(s->d1->sent_messages->items->next->next->data->msg_header)->is_ccs')) | ((! (s->d1->sent_messages->items->next->next->next = 0)) & ('&(s->init_buf->data->msg_header)->seq' = 0) & ('&(s->init_buf->data->msg_header)->frag_off' = '&(s->d1->sent_messages->items->next->next->data->msg_header)->frag_off') & ('&(s->init_buf->data->msg_header)->msg_len' = '&(s->init_buf->data->msg_header)->frag_len') & ('&(s->init_buf->data->msg_header)->frag_len' = '&(s->d1->w_msg_hdr)->msg_len') & ('&(s->init_buf->data->msg_header)->seq' = '&(s->d1->w_msg_hdr)->seq') & (s->version = 65279) & (! (is_ccs = 0)) & (! (s->init_num = 0)) & (! (s->d1->sent_messages->items->next->next = 0)) & ('&(s->init_buf->data->msg_header)->is_ccs' = '&(s->d1->sent_messages->items->next->next->data->msg_header)->is_ccs') & (is_ccs = '&(s->init_buf->data->msg_header)->is_ccs') & ('&(s->d1->w_msg_hdr)->msg_len' = '&(s->d1->sent_messages->items->next->next->data->msg_header)->msg_len') & ('&(s->d1->sent_messages->items->next->next->data->msg_header)->msg_len' = '&(s->d1->sent_messages->items->next->next->data->msg_header)->frag_len') & ('&(s->d1->w_msg_hdr)->seq' = '&(s->d1->sent_messages->items->next->next->data->msg_header)->seq') & (s->init_num = ('&(s->init_buf->data->msg_header)->msg_len' + 1)) & ('&(s->init_buf->data->msg_header)->frag_off' = 0) & (! (s->d1->sent_messages->items = 0)) & (! (s->d1->sent_messages->items->next = 0)))),
	DisjunctSignature: label: <ErrorMemoryLeak, 1181, 1183>, 
		allocated: frozenset({frozenset({'s->d1->sent_messages->items->next->next'})}), 
		deallocated: frozenset(), 
		return_formula: (return = 1), 
		formula: (((s->init_num = ('&(s->init_buf->data->msg_header)->msg_len' + 12)) & (! (s->d1->sent_messages->items->next->next->next = 0)) & ('&(s->d1->w_msg_hdr)->seq' = '&(s->d1->sent_messages->items->next->next->data->msg_header)->seq') & ('&(s->init_buf->data->msg_header)->seq' = 0) & ('&(s->init_buf->data->msg_header)->seq' = '&(s->d1->w_msg_hdr)->seq') & (is_ccs = '&(s->init_buf->data->msg_header)->is_ccs') & (! (s->d1->sent_messages->items = 0)) & ('&(s->d1->w_msg_hdr)->msg_len' = '&(s->d1->sent_messages->items->next->next->data->msg_header)->msg_len') & (is_ccs = 0) & ('&(s->init_buf->data->msg_header)->msg_len' = '&(s->init_buf->data->msg_header)->frag_len') & ('&(s->d1->sent_messages->items->next->next->data->msg_header)->msg_len' = '&(s->d1->sent_messages->items->next->next->data->msg_header)->frag_len') & (! (s->init_num = 0)) & ('&(s->init_buf->data->msg_header)->frag_len' = '&(s->d1->w_msg_hdr)->msg_len') & (! (s->d1->sent_messages->items->next = 0)) & (! (s->d1->sent_messages->items->next->next = 0)) & ('&(s->init_buf->data->msg_header)->is_ccs' = '&(s->d1->sent_messages->items->next->next->data->msg_header)->is_ccs')) | ((s->init_num = ('&(s->init_buf->data->msg_header)->msg_len' + 12)) & (! (s->d1->sent_messages->items->next->next->next = 0)) & (! (s->d1->sent_messages->items->next = 0)) & ('&(s->init_buf->data->msg_header)->seq' = 0) & (is_ccs = '&(s->init_buf->data->msg_header)->is_ccs') & (! (s->d1->sent_messages->items->next->next = 0)) & (! (s->d1->sent_messages->items = 0)) & ('&(s->d1->w_msg_hdr)->msg_len' = '&(s->d1->sent_messages->items->next->next->data->msg_header)->msg_len') & (is_ccs = 0) & ('&(s->init_buf->data->msg_header)->msg_len' = '&(s->init_buf->data->msg_header)->frag_len') & ('&(s->d1->sent_messages->items->next->next->data->msg_header)->msg_len' = '&(s->d1->sent_messages->items->next->next->data->msg_header)->frag_len') & (! (s->init_num = 0)) & ('&(s->init_buf->data->msg_header)->frag_len' = '&(s->d1->w_msg_hdr)->msg_len') & ('&(s->d1->w_msg_hdr)->seq' = '&(s->d1->sent_messages->items->next->next->data->msg_header)->seq') & ('&(s->init_buf->data->msg_header)->seq' = '&(s->d1->w_msg_hdr)->seq') & ('&(s->init_buf->data->msg_header)->is_ccs' = '&(s->d1->sent_messages->items->next->next->data->msg_header)->is_ccs')) | ((s->d1->sent_messages->items->next->next->next = 0) & (s->init_num = ('&(s->init_buf->data->msg_header)->msg_len' + 3)) & (! (s->d1->sent_messages->items->next = 0)) & ('&(s->init_buf->data->msg_header)->seq' = 0) & (is_ccs = '&(s->init_buf->data->msg_header)->is_ccs') & (! (s->d1->sent_messages->items->next->next = 0)) & (! (s->d1->sent_messages->items = 0)) & ('&(s->d1->w_msg_hdr)->msg_len' = '&(s->d1->sent_messages->items->next->next->data->msg_header)->msg_len') & (s->d1->sent_messages->items->next->next->next = '&(s->init_buf->data->msg_header)->frag_off') & ('&(s->d1->sent_messages->items->next->next->data->msg_header)->msg_len' = '&(s->d1->sent_messages->items->next->next->data->msg_header)->frag_len') & (! (is_ccs = 0)) & ('&(s->init_buf->data->msg_header)->frag_off' = '&(s->d1->sent_messages->items->next->next->data->msg_header)->frag_off') & (! (s->init_num = 0)) & ('&(s->init_buf->data->msg_header)->frag_len' = '&(s->d1->w_msg_hdr)->msg_len') & ('&(s->d1->w_msg_hdr)->seq' = '&(s->d1->sent_messages->items->next->next->data->msg_header)->seq') & ('&(s->init_buf->data->msg_header)->seq' = '&(s->d1->w_msg_hdr)->seq') & ('&(s->init_buf->data->msg_header)->is_ccs' = '&(s->d1->sent_messages->items->next->next->data->msg_header)->is_ccs') & ('&(s->init_buf->data->msg_header)->msg_len' = '&(s->init_buf->data->msg_header)->frag_len')) | ((s->d1->sent_messages->items->next->next->next = 0) & (s->init_num = ('&(s->init_buf->data->msg_header)->msg_len' + 3)) & ('&(s->d1->w_msg_hdr)->seq' = '&(s->d1->sent_messages->items->next->next->data->msg_header)->seq') & ('&(s->init_buf->data->msg_header)->seq' = 0) & ('&(s->init_buf->data->msg_header)->seq' = '&(s->d1->w_msg_hdr)->seq') & (is_ccs = '&(s->init_buf->data->msg_header)->is_ccs') & (! (s->d1->sent_messages->items = 0)) & ('&(s->d1->w_msg_hdr)->msg_len' = '&(s->d1->sent_messages->items->next->next->data->msg_header)->msg_len') & (s->d1->sent_messages->items->next->next->next = '&(s->init_buf->data->msg_header)->frag_off') & ('&(s->d1->sent_messages->items->next->next->data->msg_header)->msg_len' = '&(s->d1->sent_messages->items->next->next->data->msg_header)->frag_len') & (! (is_ccs = 0)) & ('&(s->init_buf->data->msg_header)->frag_off' = '&(s->d1->sent_messages->items->next->next->data->msg_header)->frag_off') & (! (s->init_num = 0)) & ('&(s->init_buf->data->msg_header)->frag_len' = '&(s->d1->w_msg_hdr)->msg_len') & (! (s->d1->sent_messages->items->next = 0)) & (! (s->d1->sent_messages->items->next->next = 0)) & ('&(s->init_buf->data->msg_header)->is_ccs' = '&(s->d1->sent_messages->items->next->next->data->msg_header)->is_ccs') & ('&(s->init_buf->data->msg_header)->msg_len' = '&(s->init_buf->data->msg_header)->frag_len')) | ((! (s->d1->sent_messages->items->next = 0)) & (! (s->d1->sent_messages->items->next->next->next = 0)) & (s->init_num = ('&(s->init_buf->data->msg_header)->msg_len' + 3)) & ('&(s->init_buf->data->msg_header)->seq' = 0) & (is_ccs = '&(s->init_buf->data->msg_header)->is_ccs') & (! (s->d1->sent_messages->items->next->next = 0)) & (! (s->d1->sent_messages->items = 0)) & ('&(s->d1->w_msg_hdr)->msg_len' = '&(s->d1->sent_messages->items->next->next->data->msg_header)->msg_len') & ('&(s->d1->sent_messages->items->next->next->data->msg_header)->msg_len' = '&(s->d1->sent_messages->items->next->next->data->msg_header)->frag_len') & (! (is_ccs = 0)) & ('&(s->init_buf->data->msg_header)->msg_len' = '&(s->init_buf->data->msg_header)->frag_len') & (! (s->init_num = 0)) & ('&(s->init_buf->data->msg_header)->frag_len' = '&(s->d1->w_msg_hdr)->msg_len') & ('&(s->d1->w_msg_hdr)->seq' = '&(s->d1->sent_messages->items->next->next->data->msg_header)->seq') & ('&(s->init_buf->data->msg_header)->seq' = '&(s->d1->w_msg_hdr)->seq') & ('&(s->init_buf->data->msg_header)->is_ccs' = '&(s->d1->sent_messages->items->next->next->data->msg_header)->is_ccs') & ('&(s->init_buf->data->msg_header)->frag_off' = 0) & ('&(s->init_buf->data->msg_header)->frag_off' = '&(s->d1->sent_messages->items->next->next->data->msg_header)->frag_off')) | ((! (s->d1->sent_messages->items->next->next->next = 0)) & (s->init_num = ('&(s->init_buf->data->msg_header)->msg_len' + 3)) & ('&(s->d1->w_msg_hdr)->seq' = '&(s->d1->sent_messages->items->next->next->data->msg_header)->seq') & ('&(s->init_buf->data->msg_header)->seq' = 0) & ('&(s->init_buf->data->msg_header)->seq' = '&(s->d1->w_msg_hdr)->seq') & (is_ccs = '&(s->init_buf->data->msg_header)->is_ccs') & (! (s->d1->sent_messages->items = 0)) & ('&(s->d1->w_msg_hdr)->msg_len' = '&(s->d1->sent_messages->items->next->next->data->msg_header)->msg_len') & ('&(s->d1->sent_messages->items->next->next->data->msg_header)->msg_len' = '&(s->d1->sent_messages->items->next->next->data->msg_header)->frag_len') & (! (is_ccs = 0)) & ('&(s->init_buf->data->msg_header)->msg_len' = '&(s->init_buf->data->msg_header)->frag_len') & (! (s->init_num = 0)) & ('&(s->init_buf->data->msg_header)->frag_len' = '&(s->d1->w_msg_hdr)->msg_len') & (! (s->d1->sent_messages->items->next = 0)) & (! (s->d1->sent_messages->items->next->next = 0)) & ('&(s->init_buf->data->msg_header)->is_ccs' = '&(s->d1->sent_messages->items->next->next->data->msg_header)->is_ccs') & ('&(s->init_buf->data->msg_header)->frag_off' = 0) & ('&(s->init_buf->data->msg_header)->frag_off' = '&(s->d1->sent_messages->items->next->next->data->msg_header)->frag_off')) | ((s->d1->sent_messages->items->next->next->next = 0) & ('&(s->init_buf->data->msg_header)->seq' = 0) & (s->d1->sent_messages->items->next->next->next = '&(s->init_buf->data->msg_header)->frag_off') & ('&(s->init_buf->data->msg_header)->frag_off' = '&(s->d1->sent_messages->items->next->next->data->msg_header)->frag_off') & ('&(s->init_buf->data->msg_header)->msg_len' = '&(s->init_buf->data->msg_header)->frag_len') & ('&(s->init_buf->data->msg_header)->frag_len' = '&(s->d1->w_msg_hdr)->msg_len') & ('&(s->init_buf->data->msg_header)->seq' = '&(s->d1->w_msg_hdr)->seq') & (s->version = 65279) & (! (is_ccs = 0)) & (! (s->init_num = 0)) & (! (s->d1->sent_messages->items->next->next = 0)) & ('&(s->init_buf->data->msg_header)->is_ccs' = '&(s->d1->sent_messages->items->next->next->data->msg_header)->is_ccs') & (is_ccs = '&(s->init_buf->data->msg_header)->is_ccs') & ('&(s->d1->w_msg_hdr)->msg_len' = '&(s->d1->sent_messages->items->next->next->data->msg_header)->msg_len') & ('&(s->d1->sent_messages->items->next->next->data->msg_header)->msg_len' = '&(s->d1->sent_messages->items->next->next->data->msg_header)->frag_len') & ('&(s->d1->w_msg_hdr)->seq' = '&(s->d1->sent_messages->items->next->next->data->msg_header)->seq') & (s->init_num = ('&(s->init_buf->data->msg_header)->msg_len' + 1)) & (! (s->d1->sent_messages->items = 0)) & (! (s->d1->sent_messages->items->next = 0))) | ((s->init_num = ('&(s->init_buf->data->msg_header)->msg_len' + 12)) & ('&(s->d1->w_msg_hdr)->seq' = '&(s->d1->sent_messages->items->next->next->data->msg_header)->seq') & ('&(s->init_buf->data->msg_header)->seq' = 0) & ('&(s->init_buf->data->msg_header)->seq' = '&(s->d1->w_msg_hdr)->seq') & (is_ccs = '&(s->init_buf->data->msg_header)->is_ccs') & (! (s->d1->sent_messages->items = 0)) & ('&(s->d1->w_msg_hdr)->msg_len' = '&(s->d1->sent_messages->items->next->next->data->msg_header)->msg_len') & (is_ccs = 0) & ('&(s->init_buf->data->msg_header)->msg_len' = '&(s->init_buf->data->msg_header)->frag_len') & ('&(s->d1->sent_messages->items->next->next->data->msg_header)->msg_len' = '&(s->d1->sent_messages->items->next->next->data->msg_header)->frag_len') & (! (s->init_num = 0)) & ('&(s->init_buf->data->msg_header)->frag_len' = '&(s->d1->w_msg_hdr)->msg_len') & (! (s->d1->sent_messages->items->next = 0)) & (! (s->d1->sent_messages->items->next->next = 0)) & ('&(s->init_buf->data->msg_header)->is_ccs' = '&(s->d1->sent_messages->items->next->next->data->msg_header)->is_ccs')) | ((s->d1->sent_messages->items->next->next->next = 0) & ('&(s->init_buf->data->msg_header)->seq' = 0) & (s->d1->sent_messages->items->next->next->next = '&(s->init_buf->data->msg_header)->frag_off') & ('&(s->init_buf->data->msg_header)->msg_len' = '&(s->init_buf->data->msg_header)->frag_len') & ('&(s->init_buf->data->msg_header)->frag_off' = '&(s->d1->sent_messages->items->next->next->data->msg_header)->frag_off') & ('&(s->init_buf->data->msg_header)->frag_len' = '&(s->d1->w_msg_hdr)->msg_len') & ('&(s->init_buf->data->msg_header)->seq' = '&(s->d1->w_msg_hdr)->seq') & (s->version = 65279) & (! (is_ccs = 0)) & (! (s->init_num = 0)) & (! (s->d1->sent_messages->items->next->next = 0)) & ('&(s->init_buf->data->msg_header)->is_ccs' = '&(s->d1->sent_messages->items->next->next->data->msg_header)->is_ccs') & (is_ccs = '&(s->init_buf->data->msg_header)->is_ccs') & ('&(s->d1->w_msg_hdr)->msg_len' = '&(s->d1->sent_messages->items->next->next->data->msg_header)->msg_len') & ('&(s->d1->sent_messages->items->next->next->data->msg_header)->msg_len' = '&(s->d1->sent_messages->items->next->next->data->msg_header)->frag_len') & ('&(s->d1->w_msg_hdr)->seq' = '&(s->d1->sent_messages->items->next->next->data->msg_header)->seq') & (s->init_num = ('&(s->init_buf->data->msg_header)->msg_len' + 1)) & (! (s->d1->sent_messages->items = 0)) & (! (s->d1->sent_messages->items->next = 0))) | ((s->init_num = ('&(s->init_buf->data->msg_header)->msg_len' + 12)) & (! (s->d1->sent_messages->items->next = 0)) & ('&(s->init_buf->data->msg_header)->seq' = 0) & (is_ccs = '&(s->init_buf->data->msg_header)->is_ccs') & (! (s->d1->sent_messages->items->next->next = 0)) & (! (s->d1->sent_messages->items = 0)) & ('&(s->d1->w_msg_hdr)->msg_len' = '&(s->d1->sent_messages->items->next->next->data->msg_header)->msg_len') & (is_ccs = 0) & ('&(s->init_buf->data->msg_header)->msg_len' = '&(s->init_buf->data->msg_header)->frag_len') & ('&(s->d1->sent_messages->items->next->next->data->msg_header)->msg_len' = '&(s->d1->sent_messages->items->next->next->data->msg_header)->frag_len') & (! (s->init_num = 0)) & ('&(s->init_buf->data->msg_header)->frag_len' = '&(s->d1->w_msg_hdr)->msg_len') & ('&(s->d1->w_msg_hdr)->seq' = '&(s->d1->sent_messages->items->next->next->data->msg_header)->seq') & ('&(s->init_buf->data->msg_header)->seq' = '&(s->d1->w_msg_hdr)->seq') & ('&(s->init_buf->data->msg_header)->is_ccs' = '&(s->d1->sent_messages->items->next->next->data->msg_header)->is_ccs')) | ((! (s->d1->sent_messages->items->next->next->next = 0)) & ('&(s->init_buf->data->msg_header)->seq' = 0) & ('&(s->init_buf->data->msg_header)->msg_len' = '&(s->init_buf->data->msg_header)->frag_len') & ('&(s->init_buf->data->msg_header)->frag_off' = '&(s->d1->sent_messages->items->next->next->data->msg_header)->frag_off') & ('&(s->init_buf->data->msg_header)->frag_len' = '&(s->d1->w_msg_hdr)->msg_len') & ('&(s->init_buf->data->msg_header)->seq' = '&(s->d1->w_msg_hdr)->seq') & (s->version = 65279) & (! (is_ccs = 0)) & (! (s->init_num = 0)) & (! (s->d1->sent_messages->items->next->next = 0)) & ('&(s->init_buf->data->msg_header)->is_ccs' = '&(s->d1->sent_messages->items->next->next->data->msg_header)->is_ccs') & (is_ccs = '&(s->init_buf->data->msg_header)->is_ccs') & ('&(s->d1->w_msg_hdr)->msg_len' = '&(s->d1->sent_messages->items->next->next->data->msg_header)->msg_len') & ('&(s->d1->sent_messages->items->next->next->data->msg_header)->msg_len' = '&(s->d1->sent_messages->items->next->next->data->msg_header)->frag_len') & ('&(s->d1->w_msg_hdr)->seq' = '&(s->d1->sent_messages->items->next->next->data->msg_header)->seq') & (s->init_num = ('&(s->init_buf->data->msg_header)->msg_len' + 1)) & ('&(s->init_buf->data->msg_header)->frag_off' = 0) & (! (s->d1->sent_messages->items = 0)) & (! (s->d1->sent_messages->items->next = 0))) | ((! (s->d1->sent_messages->items->next->next->next = 0)) & ('&(s->init_buf->data->msg_header)->seq' = 0) & ('&(s->init_buf->data->msg_header)->frag_off' = '&(s->d1->sent_messages->items->next->next->data->msg_header)->frag_off') & ('&(s->init_buf->data->msg_header)->msg_len' = '&(s->init_buf->data->msg_header)->frag_len') & ('&(s->init_buf->data->msg_header)->frag_len' = '&(s->d1->w_msg_hdr)->msg_len') & ('&(s->init_buf->data->msg_header)->seq' = '&(s->d1->w_msg_hdr)->seq') & (s->version = 65279) & (! (is_ccs = 0)) & (! (s->init_num = 0)) & (! (s->d1->sent_messages->items->next->next = 0)) & ('&(s->init_buf->data->msg_header)->is_ccs' = '&(s->d1->sent_messages->items->next->next->data->msg_header)->is_ccs') & (is_ccs = '&(s->init_buf->data->msg_header)->is_ccs') & ('&(s->d1->w_msg_hdr)->msg_len' = '&(s->d1->sent_messages->items->next->next->data->msg_header)->msg_len') & ('&(s->d1->sent_messages->items->next->next->data->msg_header)->msg_len' = '&(s->d1->sent_messages->items->next->next->data->msg_header)->frag_len') & ('&(s->d1->w_msg_hdr)->seq' = '&(s->d1->sent_messages->items->next->next->data->msg_header)->seq') & (s->init_num = ('&(s->init_buf->data->msg_header)->msg_len' + 1)) & ('&(s->init_buf->data->msg_header)->frag_off' = 0) & (! (s->d1->sent_messages->items = 0)) & (! (s->d1->sent_messages->items->next = 0)))),
	DisjunctSignature: label: <ErrorMemoryLeak, 1183, 1183>, 
		allocated: frozenset({frozenset({'s->d1->sent_messages->items->next->next->next'})}), 
		deallocated: frozenset(), 
		return_formula: (return = 1), 
		formula: (((! (s->d1->sent_messages->items->next->next->next = 0)) & ('&(s->init_buf->data->msg_header)->seq' = 0) & ('&(s->init_buf->data->msg_header)->msg_len' = '&(s->init_buf->data->msg_header)->frag_len') & ('&(s->init_buf->data->msg_header)->frag_len' = '&(s->d1->w_msg_hdr)->msg_len') & ('&(s->init_buf->data->msg_header)->seq' = '&(s->d1->w_msg_hdr)->seq') & ('&(s->d1->w_msg_hdr)->msg_len' = '&(s->d1->sent_messages->items->next->next->next->data->msg_header)->msg_len') & ('&(s->d1->sent_messages->items->next->next->next->data->msg_header)->msg_len' = '&(s->d1->sent_messages->items->next->next->next->data->msg_header)->frag_len') & (s->init_num = ('&(s->init_buf->data->msg_header)->msg_len' + 3)) & ('&(s->d1->w_msg_hdr)->seq' = '&(s->d1->sent_messages->items->next->next->next->data->msg_header)->seq') & (! (is_ccs = 0)) & (! (s->init_num = 0)) & (! (s->d1->sent_messages->items->next->next = 0)) & (! (s->d1->sent_messages->items->next->next->next->next = 0)) & (is_ccs = '&(s->init_buf->data->msg_header)->is_ccs') & ('&(s->init_buf->data->msg_header)->frag_off' = 0) & ('&(s->init_buf->data->msg_header)->frag_off' = '&(s->d1->sent_messages->items->next->next->next->data->msg_header)->frag_off') & (! (s->d1->sent_messages->items = 0)) & ('&(s->init_buf->data->msg_header)->is_ccs' = '&(s->d1->sent_messages->items->next->next->next->data->msg_header)->is_ccs') & (! (s->d1->sent_messages->items->next = 0))) | (('&(s->d1->sent_messages->items->next->next->next->data->msg_header)->msg_len' = '&(s->d1->sent_messages->items->next->next->next->data->msg_header)->frag_len') & (! (s->d1->sent_messages->items->next->next->next = 0)) & (s->init_num = ('&(s->init_buf->data->msg_header)->msg_len' + 12)) & ('&(s->d1->w_msg_hdr)->seq' = '&(s->d1->sent_messages->items->next->next->next->data->msg_header)->seq') & ('&(s->init_buf->data->msg_header)->seq' = 0) & (is_ccs = '&(s->init_buf->data->msg_header)->is_ccs') & (! (s->d1->sent_messages->items->next->next = 0)) & (! (s->d1->sent_messages->items = 0)) & (is_ccs = 0) & ('&(s->init_buf->data->msg_header)->msg_len' = '&(s->init_buf->data->msg_header)->frag_len') & ('&(s->init_buf->data->msg_header)->is_ccs' = '&(s->d1->sent_messages->items->next->next->next->data->msg_header)->is_ccs') & (! (s->init_num = 0)) & ('&(s->init_buf->data->msg_header)->frag_len' = '&(s->d1->w_msg_hdr)->msg_len') & (! (s->d1->sent_messages->items->next = 0)) & ('&(s->init_buf->data->msg_header)->seq' = '&(s->d1->w_msg_hdr)->seq') & (! (s->d1->sent_messages->items->next->next->next->next = 0)) & ('&(s->d1->w_msg_hdr)->msg_len' = '&(s->d1->sent_messages->items->next->next->next->data->msg_header)->msg_len')) | (('&(s->d1->sent_messages->items->next->next->next->data->msg_header)->msg_len' = '&(s->d1->sent_messages->items->next->next->next->data->msg_header)->frag_len') & (! (s->d1->sent_messages->items->next->next->next = 0)) & (s->init_num = ('&(s->init_buf->data->msg_header)->msg_len' + 12)) & ('&(s->d1->w_msg_hdr)->seq' = '&(s->d1->sent_messages->items->next->next->next->data->msg_header)->seq') & ('&(s->init_buf->data->msg_header)->seq' = 0) & (is_ccs = '&(s->init_buf->data->msg_header)->is_ccs') & (! (s->d1->sent_messages->items->next->next = 0)) & (! (s->d1->sent_messages->items = 0)) & (is_ccs = 0) & ('&(s->init_buf->data->msg_header)->is_ccs' = '&(s->d1->sent_messages->items->next->next->next->data->msg_header)->is_ccs') & ('&(s->init_buf->data->msg_header)->msg_len' = '&(s->init_buf->data->msg_header)->frag_len') & (! (s->init_num = 0)) & ('&(s->init_buf->data->msg_header)->frag_len' = '&(s->d1->w_msg_hdr)->msg_len') & (! (s->d1->sent_messages->items->next = 0)) & ('&(s->init_buf->data->msg_header)->seq' = '&(s->d1->w_msg_hdr)->seq') & ('&(s->d1->w_msg_hdr)->msg_len' = '&(s->d1->sent_messages->items->next->next->next->data->msg_header)->msg_len')) | ((! (s->d1->sent_messages->items->next->next->next = 0)) & ('&(s->init_buf->data->msg_header)->seq' = 0) & ('&(s->init_buf->data->msg_header)->msg_len' = '&(s->init_buf->data->msg_header)->frag_len') & ('&(s->init_buf->data->msg_header)->frag_len' = '&(s->d1->w_msg_hdr)->msg_len') & ('&(s->init_buf->data->msg_header)->seq' = '&(s->d1->w_msg_hdr)->seq') & ('&(s->d1->w_msg_hdr)->msg_len' = '&(s->d1->sent_messages->items->next->next->next->data->msg_header)->msg_len') & ('&(s->d1->sent_messages->items->next->next->next->data->msg_header)->msg_len' = '&(s->d1->sent_messages->items->next->next->next->data->msg_header)->frag_len') & ('&(s->d1->w_msg_hdr)->seq' = '&(s->d1->sent_messages->items->next->next->next->data->msg_header)->seq') & (s->version = 65279) & (! (is_ccs = 0)) & (! (s->init_num = 0)) & (! (s->d1->sent_messages->items->next->next = 0)) & (s->d1->sent_messages->items->next->next->next->next = 0) & (is_ccs = '&(s->init_buf->data->msg_header)->is_ccs') & (s->init_num = ('&(s->init_buf->data->msg_header)->msg_len' + 1)) & (s->d1->sent_messages->items->next->next->next->next = '&(s->init_buf->data->msg_header)->frag_off') & ('&(s->init_buf->data->msg_header)->frag_off' = '&(s->d1->sent_messages->items->next->next->next->data->msg_header)->frag_off') & (! (s->d1->sent_messages->items = 0)) & ('&(s->init_buf->data->msg_header)->is_ccs' = '&(s->d1->sent_messages->items->next->next->next->data->msg_header)->is_ccs') & (! (s->d1->sent_messages->items->next = 0))) | ((! (s->d1->sent_messages->items->next->next->next = 0)) & ('&(s->init_buf->data->msg_header)->seq' = 0) & ('&(s->init_buf->data->msg_header)->msg_len' = '&(s->init_buf->data->msg_header)->frag_len') & ('&(s->init_buf->data->msg_header)->frag_len' = '&(s->d1->w_msg_hdr)->msg_len') & ('&(s->init_buf->data->msg_header)->seq' = '&(s->d1->w_msg_hdr)->seq') & ('&(s->d1->w_msg_hdr)->msg_len' = '&(s->d1->sent_messages->items->next->next->next->data->msg_header)->msg_len') & ('&(s->d1->sent_messages->items->next->next->next->data->msg_header)->msg_len' = '&(s->d1->sent_messages->items->next->next->next->data->msg_header)->frag_len') & (s->init_num = ('&(s->init_buf->data->msg_header)->msg_len' + 3)) & ('&(s->d1->w_msg_hdr)->seq' = '&(s->d1->sent_messages->items->next->next->next->data->msg_header)->seq') & (! (is_ccs = 0)) & (! (s->init_num = 0)) & (! (s->d1->sent_messages->items->next->next = 0)) & (s->d1->sent_messages->items->next->next->next->next = 0) & (is_ccs = '&(s->init_buf->data->msg_header)->is_ccs') & (s->d1->sent_messages->items->next->next->next->next = '&(s->init_buf->data->msg_header)->frag_off') & ('&(s->init_buf->data->msg_header)->frag_off' = '&(s->d1->sent_messages->items->next->next->next->data->msg_header)->frag_off') & (! (s->d1->sent_messages->items = 0)) & ('&(s->init_buf->data->msg_header)->is_ccs' = '&(s->d1->sent_messages->items->next->next->next->data->msg_header)->is_ccs') & (! (s->d1->sent_messages->items->next = 0))) | ((! (s->d1->sent_messages->items->next->next->next = 0)) & ('&(s->init_buf->data->msg_header)->seq' = 0) & ('&(s->init_buf->data->msg_header)->msg_len' = '&(s->init_buf->data->msg_header)->frag_len') & ('&(s->init_buf->data->msg_header)->frag_len' = '&(s->d1->w_msg_hdr)->msg_len') & ('&(s->init_buf->data->msg_header)->seq' = '&(s->d1->w_msg_hdr)->seq') & ('&(s->d1->w_msg_hdr)->msg_len' = '&(s->d1->sent_messages->items->next->next->next->data->msg_header)->msg_len') & ('&(s->d1->sent_messages->items->next->next->next->data->msg_header)->msg_len' = '&(s->d1->sent_messages->items->next->next->next->data->msg_header)->frag_len') & ('&(s->d1->w_msg_hdr)->seq' = '&(s->d1->sent_messages->items->next->next->next->data->msg_header)->seq') & (s->version = 65279) & (! (is_ccs = 0)) & (! (s->init_num = 0)) & (! (s->d1->sent_messages->items->next->next = 0)) & (! (s->d1->sent_messages->items->next->next->next->next = 0)) & (is_ccs = '&(s->init_buf->data->msg_header)->is_ccs') & (s->init_num = ('&(s->init_buf->data->msg_header)->msg_len' + 1)) & ('&(s->init_buf->data->msg_header)->frag_off' = 0) & ('&(s->init_buf->data->msg_header)->frag_off' = '&(s->d1->sent_messages->items->next->next->next->data->msg_header)->frag_off') & (! (s->d1->sent_messages->items = 0)) & ('&(s->init_buf->data->msg_header)->is_ccs' = '&(s->d1->sent_messages->items->next->next->next->data->msg_header)->is_ccs') & (! (s->d1->sent_messages->items->next = 0)))),
	DisjunctSignature: label: <ErrorMemoryLeak, 1181, 1183>, 
		allocated: frozenset({frozenset({'s->d1->sent_messages->items->next->next->next'})}), 
		deallocated: frozenset(), 
		return_formula: (return = 1), 
		formula: ((('&(s->d1->sent_messages->items->next->next->next->data->msg_header)->msg_len' = '&(s->d1->sent_messages->items->next->next->next->data->msg_header)->frag_len') & (! (s->d1->sent_messages->items->next->next->next = 0)) & (s->init_num = ('&(s->init_buf->data->msg_header)->msg_len' + 12)) & ('&(s->d1->w_msg_hdr)->seq' = '&(s->d1->sent_messages->items->next->next->next->data->msg_header)->seq') & ('&(s->init_buf->data->msg_header)->seq' = 0) & ('&(s->init_buf->data->msg_header)->seq' = '&(s->d1->w_msg_hdr)->seq') & (is_ccs = '&(s->init_buf->data->msg_header)->is_ccs') & (! (s->d1->sent_messages->items = 0)) & (is_ccs = 0) & ('&(s->init_buf->data->msg_header)->is_ccs' = '&(s->d1->sent_messages->items->next->next->next->data->msg_header)->is_ccs') & ('&(s->init_buf->data->msg_header)->msg_len' = '&(s->init_buf->data->msg_header)->frag_len') & (! (s->init_num = 0)) & ('&(s->init_buf->data->msg_header)->frag_len' = '&(s->d1->w_msg_hdr)->msg_len') & (! (s->d1->sent_messages->items->next = 0)) & (! (s->d1->sent_messages->items->next->next = 0)) & ('&(s->d1->w_msg_hdr)->msg_len' = '&(s->d1->sent_messages->items->next->next->next->data->msg_header)->msg_len')) | ((! (s->d1->sent_messages->items->next->next->next = 0)) & ('&(s->init_buf->data->msg_header)->seq' = 0) & ('&(s->init_buf->data->msg_header)->msg_len' = '&(s->init_buf->data->msg_header)->frag_len') & ('&(s->init_buf->data->msg_header)->frag_len' = '&(s->d1->w_msg_hdr)->msg_len') & ('&(s->init_buf->data->msg_header)->seq' = '&(s->d1->w_msg_hdr)->seq') & ('&(s->d1->w_msg_hdr)->msg_len' = '&(s->d1->sent_messages->items->next->next->next->data->msg_header)->msg_len') & ('&(s->d1->sent_messages->items->next->next->next->data->msg_header)->msg_len' = '&(s->d1->sent_messages->items->next->next->next->data->msg_header)->frag_len') & (s->init_num = ('&(s->init_buf->data->msg_header)->msg_len' + 3)) & ('&(s->d1->w_msg_hdr)->seq' = '&(s->d1->sent_messages->items->next->next->next->data->msg_header)->seq') & (! (is_ccs = 0)) & (! (s->init_num = 0)) & (! (s->d1->sent_messages->items->next->next = 0)) & (! (s->d1->sent_messages->items->next->next->next->next = 0)) & (is_ccs = '&(s->init_buf->data->msg_header)->is_ccs') & ('&(s->init_buf->data->msg_header)->frag_off' = 0) & ('&(s->init_buf->data->msg_header)->frag_off' = '&(s->d1->sent_messages->items->next->next->next->data->msg_header)->frag_off') & (! (s->d1->sent_messages->items = 0)) & ('&(s->init_buf->data->msg_header)->is_ccs' = '&(s->d1->sent_messages->items->next->next->next->data->msg_header)->is_ccs') & (! (s->d1->sent_messages->items->next = 0))) | (('&(s->d1->sent_messages->items->next->next->next->data->msg_header)->msg_len' = '&(s->d1->sent_messages->items->next->next->next->data->msg_header)->frag_len') & (! (s->d1->sent_messages->items->next->next->next = 0)) & (s->init_num = ('&(s->init_buf->data->msg_header)->msg_len' + 12)) & ('&(s->d1->w_msg_hdr)->seq' = '&(s->d1->sent_messages->items->next->next->next->data->msg_header)->seq') & ('&(s->init_buf->data->msg_header)->seq' = 0) & (is_ccs = '&(s->init_buf->data->msg_header)->is_ccs') & (! (s->d1->sent_messages->items->next->next = 0)) & (! (s->d1->sent_messages->items = 0)) & (is_ccs = 0) & ('&(s->init_buf->data->msg_header)->msg_len' = '&(s->init_buf->data->msg_header)->frag_len') & ('&(s->init_buf->data->msg_header)->is_ccs' = '&(s->d1->sent_messages->items->next->next->next->data->msg_header)->is_ccs') & (! (s->init_num = 0)) & ('&(s->init_buf->data->msg_header)->frag_len' = '&(s->d1->w_msg_hdr)->msg_len') & (! (s->d1->sent_messages->items->next = 0)) & ('&(s->init_buf->data->msg_header)->seq' = '&(s->d1->w_msg_hdr)->seq') & (! (s->d1->sent_messages->items->next->next->next->next = 0)) & ('&(s->d1->w_msg_hdr)->msg_len' = '&(s->d1->sent_messages->items->next->next->next->data->msg_header)->msg_len')) | (('&(s->d1->sent_messages->items->next->next->next->data->msg_header)->msg_len' = '&(s->d1->sent_messages->items->next->next->next->data->msg_header)->frag_len') & (! (s->d1->sent_messages->items->next->next->next = 0)) & (s->init_num = ('&(s->init_buf->data->msg_header)->msg_len' + 12)) & ('&(s->d1->w_msg_hdr)->seq' = '&(s->d1->sent_messages->items->next->next->next->data->msg_header)->seq') & ('&(s->init_buf->data->msg_header)->seq' = 0) & ('&(s->init_buf->data->msg_header)->seq' = '&(s->d1->w_msg_hdr)->seq') & (is_ccs = '&(s->init_buf->data->msg_header)->is_ccs') & (! (s->d1->sent_messages->items = 0)) & (is_ccs = 0) & ('&(s->init_buf->data->msg_header)->msg_len' = '&(s->init_buf->data->msg_header)->frag_len') & ('&(s->init_buf->data->msg_header)->is_ccs' = '&(s->d1->sent_messages->items->next->next->next->data->msg_header)->is_ccs') & (! (s->init_num = 0)) & ('&(s->init_buf->data->msg_header)->frag_len' = '&(s->d1->w_msg_hdr)->msg_len') & (! (s->d1->sent_messages->items->next = 0)) & (! (s->d1->sent_messages->items->next->next = 0)) & (! (s->d1->sent_messages->items->next->next->next->next = 0)) & ('&(s->d1->w_msg_hdr)->msg_len' = '&(s->d1->sent_messages->items->next->next->next->data->msg_header)->msg_len')) | (('&(s->d1->sent_messages->items->next->next->next->data->msg_header)->msg_len' = '&(s->d1->sent_messages->items->next->next->next->data->msg_header)->frag_len') & (! (s->d1->sent_messages->items->next->next->next = 0)) & (s->init_num = ('&(s->init_buf->data->msg_header)->msg_len' + 12)) & ('&(s->d1->w_msg_hdr)->seq' = '&(s->d1->sent_messages->items->next->next->next->data->msg_header)->seq') & ('&(s->init_buf->data->msg_header)->seq' = 0) & (is_ccs = '&(s->init_buf->data->msg_header)->is_ccs') & (! (s->d1->sent_messages->items->next->next = 0)) & (! (s->d1->sent_messages->items = 0)) & (is_ccs = 0) & ('&(s->init_buf->data->msg_header)->is_ccs' = '&(s->d1->sent_messages->items->next->next->next->data->msg_header)->is_ccs') & ('&(s->init_buf->data->msg_header)->msg_len' = '&(s->init_buf->data->msg_header)->frag_len') & (! (s->init_num = 0)) & ('&(s->init_buf->data->msg_header)->frag_len' = '&(s->d1->w_msg_hdr)->msg_len') & (! (s->d1->sent_messages->items->next = 0)) & ('&(s->init_buf->data->msg_header)->seq' = '&(s->d1->w_msg_hdr)->seq') & ('&(s->d1->w_msg_hdr)->msg_len' = '&(s->d1->sent_messages->items->next->next->next->data->msg_header)->msg_len')) | ((! (s->d1->sent_messages->items->next->next->next = 0)) & ('&(s->init_buf->data->msg_header)->seq' = 0) & ('&(s->init_buf->data->msg_header)->msg_len' = '&(s->init_buf->data->msg_header)->frag_len') & ('&(s->init_buf->data->msg_header)->frag_len' = '&(s->d1->w_msg_hdr)->msg_len') & ('&(s->init_buf->data->msg_header)->seq' = '&(s->d1->w_msg_hdr)->seq') & ('&(s->d1->w_msg_hdr)->msg_len' = '&(s->d1->sent_messages->items->next->next->next->data->msg_header)->msg_len') & ('&(s->d1->sent_messages->items->next->next->next->data->msg_header)->msg_len' = '&(s->d1->sent_messages->items->next->next->next->data->msg_header)->frag_len') & ('&(s->d1->w_msg_hdr)->seq' = '&(s->d1->sent_messages->items->next->next->next->data->msg_header)->seq') & (s->version = 65279) & (! (is_ccs = 0)) & (! (s->init_num = 0)) & (! (s->d1->sent_messages->items->next->next = 0)) & (s->d1->sent_messages->items->next->next->next->next = 0) & (is_ccs = '&(s->init_buf->data->msg_header)->is_ccs') & (s->init_num = ('&(s->init_buf->data->msg_header)->msg_len' + 1)) & (s->d1->sent_messages->items->next->next->next->next = '&(s->init_buf->data->msg_header)->frag_off') & ('&(s->init_buf->data->msg_header)->frag_off' = '&(s->d1->sent_messages->items->next->next->next->data->msg_header)->frag_off') & (! (s->d1->sent_messages->items = 0)) & ('&(s->init_buf->data->msg_header)->is_ccs' = '&(s->d1->sent_messages->items->next->next->next->data->msg_header)->is_ccs') & (! (s->d1->sent_messages->items->next = 0))) | ((! (s->d1->sent_messages->items->next->next->next = 0)) & ('&(s->init_buf->data->msg_header)->seq' = 0) & ('&(s->init_buf->data->msg_header)->msg_len' = '&(s->init_buf->data->msg_header)->frag_len') & ('&(s->init_buf->data->msg_header)->frag_len' = '&(s->d1->w_msg_hdr)->msg_len') & ('&(s->init_buf->data->msg_header)->seq' = '&(s->d1->w_msg_hdr)->seq') & ('&(s->d1->w_msg_hdr)->msg_len' = '&(s->d1->sent_messages->items->next->next->next->data->msg_header)->msg_len') & ('&(s->d1->sent_messages->items->next->next->next->data->msg_header)->msg_len' = '&(s->d1->sent_messages->items->next->next->next->data->msg_header)->frag_len') & (s->init_num = ('&(s->init_buf->data->msg_header)->msg_len' + 3)) & ('&(s->d1->w_msg_hdr)->seq' = '&(s->d1->sent_messages->items->next->next->next->data->msg_header)->seq') & (! (is_ccs = 0)) & (! (s->init_num = 0)) & (! (s->d1->sent_messages->items->next->next = 0)) & (s->d1->sent_messages->items->next->next->next->next = 0) & (is_ccs = '&(s->init_buf->data->msg_header)->is_ccs') & (s->d1->sent_messages->items->next->next->next->next = '&(s->init_buf->data->msg_header)->frag_off') & ('&(s->init_buf->data->msg_header)->frag_off' = '&(s->d1->sent_messages->items->next->next->next->data->msg_header)->frag_off') & (! (s->d1->sent_messages->items = 0)) & ('&(s->init_buf->data->msg_header)->is_ccs' = '&(s->d1->sent_messages->items->next->next->next->data->msg_header)->is_ccs') & (! (s->d1->sent_messages->items->next = 0))) | ((! (s->d1->sent_messages->items->next->next->next = 0)) & ('&(s->init_buf->data->msg_header)->seq' = 0) & ('&(s->init_buf->data->msg_header)->msg_len' = '&(s->init_buf->data->msg_header)->frag_len') & ('&(s->init_buf->data->msg_header)->frag_len' = '&(s->d1->w_msg_hdr)->msg_len') & ('&(s->init_buf->data->msg_header)->seq' = '&(s->d1->w_msg_hdr)->seq') & ('&(s->d1->w_msg_hdr)->msg_len' = '&(s->d1->sent_messages->items->next->next->next->data->msg_header)->msg_len') & ('&(s->d1->sent_messages->items->next->next->next->data->msg_header)->msg_len' = '&(s->d1->sent_messages->items->next->next->next->data->msg_header)->frag_len') & ('&(s->d1->w_msg_hdr)->seq' = '&(s->d1->sent_messages->items->next->next->next->data->msg_header)->seq') & (s->version = 65279) & (! (is_ccs = 0)) & (! (s->init_num = 0)) & (! (s->d1->sent_messages->items->next->next = 0)) & (! (s->d1->sent_messages->items->next->next->next->next = 0)) & (is_ccs = '&(s->init_buf->data->msg_header)->is_ccs') & (s->init_num = ('&(s->init_buf->data->msg_header)->msg_len' + 1)) & ('&(s->init_buf->data->msg_header)->frag_off' = 0) & ('&(s->init_buf->data->msg_header)->frag_off' = '&(s->d1->sent_messages->items->next->next->next->data->msg_header)->frag_off') & (! (s->d1->sent_messages->items = 0)) & ('&(s->init_buf->data->msg_header)->is_ccs' = '&(s->d1->sent_messages->items->next->next->next->data->msg_header)->is_ccs') & (! (s->d1->sent_messages->items->next = 0)))),
	DisjunctSignature: label: <ErrorMemoryLeak, 1183, 1183>, 
		allocated: frozenset({frozenset({'s->d1->sent_messages->items'})}), 
		deallocated: frozenset(), 
		return_formula: (return = 1), 
		formula: (((s->init_num = ('&(s->init_buf->data->msg_header)->msg_len' + 3)) & ('&(s->init_buf->data->msg_header)->seq' = 0) & ('&(s->init_buf->data->msg_header)->seq' = '&(s->d1->w_msg_hdr)->seq') & (is_ccs = '&(s->init_buf->data->msg_header)->is_ccs') & ('&(s->init_buf->data->msg_header)->frag_off' = '&(s->d1->sent_messages->items->data->msg_header)->frag_off') & (! (s->d1->sent_messages->items = 0)) & ('&(s->d1->w_msg_hdr)->msg_len' = '&(s->d1->sent_messages->items->data->msg_header)->msg_len') & ('&(s->d1->sent_messages->items->data->msg_header)->msg_len' = '&(s->d1->sent_messages->items->data->msg_header)->frag_len') & (! (is_ccs = 0)) & ('&(s->init_buf->data->msg_header)->is_ccs' = '&(s->d1->sent_messages->items->data->msg_header)->is_ccs') & (! (s->init_num = 0)) & ('&(s->init_buf->data->msg_header)->frag_len' = '&(s->d1->w_msg_hdr)->msg_len') & (! (s->d1->sent_messages->items->next = 0)) & ('&(s->d1->w_msg_hdr)->seq' = '&(s->d1->sent_messages->items->data->msg_header)->seq') & ('&(s->init_buf->data->msg_header)->msg_len' = '&(s->init_buf->data->msg_header)->frag_len') & ('&(s->init_buf->data->msg_header)->frag_off' = 0)) | ((s->init_num = ('&(s->init_buf->data->msg_header)->msg_len' + 3)) & ('&(s->init_buf->data->msg_header)->seq' = 0) & (is_ccs = '&(s->init_buf->data->msg_header)->is_ccs') & (s->d1->sent_messages->items->next = '&(s->init_buf->data->msg_header)->frag_off') & ('&(s->init_buf->data->msg_header)->frag_off' = '&(s->d1->sent_messages->items->data->msg_header)->frag_off') & (! (s->d1->sent_messages->items = 0)) & ('&(s->d1->w_msg_hdr)->msg_len' = '&(s->d1->sent_messages->items->data->msg_header)->msg_len') & ('&(s->d1->sent_messages->items->data->msg_header)->msg_len' = '&(s->d1->sent_messages->items->data->msg_header)->frag_len') & (! (is_ccs = 0)) & ('&(s->init_buf->data->msg_header)->is_ccs' = '&(s->d1->sent_messages->items->data->msg_header)->is_ccs') & ('&(s->init_buf->data->msg_header)->frag_len' = '&(s->d1->w_msg_hdr)->msg_len') & (s->d1->sent_messages->items->next = 0) & (! (s->init_num = 0)) & ('&(s->init_buf->data->msg_header)->seq' = '&(s->d1->w_msg_hdr)->seq') & ('&(s->d1->w_msg_hdr)->seq' = '&(s->d1->sent_messages->items->data->msg_header)->seq') & ('&(s->init_buf->data->msg_header)->msg_len' = '&(s->init_buf->data->msg_header)->frag_len')) | ((s->init_num = ('&(s->init_buf->data->msg_header)->msg_len' + 12)) & ('&(s->init_buf->data->msg_header)->seq' = 0) & (is_ccs = '&(s->init_buf->data->msg_header)->is_ccs') & (! (s->d1->sent_messages->items = 0)) & ('&(s->d1->w_msg_hdr)->msg_len' = '&(s->d1->sent_messages->items->data->msg_header)->msg_len') & ('&(s->d1->sent_messages->items->data->msg_header)->msg_len' = '&(s->d1->sent_messages->items->data->msg_header)->frag_len') & (is_ccs = 0) & ('&(s->init_buf->data->msg_header)->msg_len' = '&(s->init_buf->data->msg_header)->frag_len') & ('&(s->init_buf->data->msg_header)->is_ccs' = '&(s->d1->sent_messages->items->data->msg_header)->is_ccs') & (! (s->init_num = 0)) & ('&(s->init_buf->data->msg_header)->frag_len' = '&(s->d1->w_msg_hdr)->msg_len') & (! (s->d1->sent_messages->items->next = 0)) & ('&(s->init_buf->data->msg_header)->seq' = '&(s->d1->w_msg_hdr)->seq') & ('&(s->d1->w_msg_hdr)->seq' = '&(s->d1->sent_messages->items->data->msg_header)->seq')) | ((s->init_num = ('&(s->init_buf->data->msg_header)->msg_len' + 12)) & ('&(s->init_buf->data->msg_header)->seq' = 0) & (is_ccs = '&(s->init_buf->data->msg_header)->is_ccs') & (! (s->d1->sent_messages->items = 0)) & ('&(s->d1->w_msg_hdr)->msg_len' = '&(s->d1->sent_messages->items->data->msg_header)->msg_len') & ('&(s->d1->sent_messages->items->data->msg_header)->msg_len' = '&(s->d1->sent_messages->items->data->msg_header)->frag_len') & (is_ccs = 0) & ('&(s->init_buf->data->msg_header)->msg_len' = '&(s->init_buf->data->msg_header)->frag_len') & ('&(s->init_buf->data->msg_header)->is_ccs' = '&(s->d1->sent_messages->items->data->msg_header)->is_ccs') & (! (s->init_num = 0)) & ('&(s->init_buf->data->msg_header)->frag_len' = '&(s->d1->w_msg_hdr)->msg_len') & ('&(s->d1->w_msg_hdr)->seq' = '&(s->d1->sent_messages->items->data->msg_header)->seq') & ('&(s->init_buf->data->msg_header)->seq' = '&(s->d1->w_msg_hdr)->seq')) | ((s->init_num = ('&(s->init_buf->data->msg_header)->msg_len' + 1)) & ('&(s->init_buf->data->msg_header)->seq' = 0) & (s->version = 65279) & (is_ccs = '&(s->init_buf->data->msg_header)->is_ccs') & (s->d1->sent_messages->items->next = '&(s->init_buf->data->msg_header)->frag_off') & ('&(s->init_buf->data->msg_header)->frag_off' = '&(s->d1->sent_messages->items->data->msg_header)->frag_off') & (! (s->d1->sent_messages->items = 0)) & ('&(s->d1->w_msg_hdr)->msg_len' = '&(s->d1->sent_messages->items->data->msg_header)->msg_len') & ('&(s->d1->sent_messages->items->data->msg_header)->msg_len' = '&(s->d1->sent_messages->items->data->msg_header)->frag_len') & (! (is_ccs = 0)) & ('&(s->init_buf->data->msg_header)->is_ccs' = '&(s->d1->sent_messages->items->data->msg_header)->is_ccs') & ('&(s->init_buf->data->msg_header)->frag_len' = '&(s->d1->w_msg_hdr)->msg_len') & (s->d1->sent_messages->items->next = 0) & (! (s->init_num = 0)) & ('&(s->init_buf->data->msg_header)->seq' = '&(s->d1->w_msg_hdr)->seq') & ('&(s->init_buf->data->msg_header)->msg_len' = '&(s->init_buf->data->msg_header)->frag_len') & ('&(s->d1->w_msg_hdr)->seq' = '&(s->d1->sent_messages->items->data->msg_header)->seq')) | (('&(s->init_buf->data->msg_header)->seq' = 0) & ('&(s->init_buf->data->msg_header)->seq' = '&(s->d1->w_msg_hdr)->seq') & (s->version = 65279) & (is_ccs = '&(s->init_buf->data->msg_header)->is_ccs') & ('&(s->init_buf->data->msg_header)->frag_off' = '&(s->d1->sent_messages->items->data->msg_header)->frag_off') & (! (s->d1->sent_messages->items = 0)) & ('&(s->d1->w_msg_hdr)->msg_len' = '&(s->d1->sent_messages->items->data->msg_header)->msg_len') & ('&(s->d1->sent_messages->items->data->msg_header)->msg_len' = '&(s->d1->sent_messages->items->data->msg_header)->frag_len') & (! (is_ccs = 0)) & ('&(s->init_buf->data->msg_header)->msg_len' = '&(s->init_buf->data->msg_header)->frag_len') & (! (s->init_num = 0)) & ('&(s->init_buf->data->msg_header)->frag_len' = '&(s->d1->w_msg_hdr)->msg_len') & (! (s->d1->sent_messages->items->next = 0)) & (s->init_num = ('&(s->init_buf->data->msg_header)->msg_len' + 1)) & ('&(s->init_buf->data->msg_header)->is_ccs' = '&(s->d1->sent_messages->items->data->msg_header)->is_ccs') & ('&(s->init_buf->data->msg_header)->frag_off' = 0) & ('&(s->d1->w_msg_hdr)->seq' = '&(s->d1->sent_messages->items->data->msg_header)->seq'))),
	DisjunctSignature: label: <ErrorMemoryLeak, 1181, 1183>, 
		allocated: frozenset({frozenset({'s->d1->sent_messages->items'})}), 
		deallocated: frozenset(), 
		return_formula: (return = 1), 
		formula: (((s->init_num = ('&(s->init_buf->data->msg_header)->msg_len' + 3)) & ('&(s->init_buf->data->msg_header)->seq' = 0) & (is_ccs = '&(s->init_buf->data->msg_header)->is_ccs') & (s->d1->sent_messages->items->next = '&(s->init_buf->data->msg_header)->frag_off') & ('&(s->init_buf->data->msg_header)->frag_off' = '&(s->d1->sent_messages->items->data->msg_header)->frag_off') & (! (s->d1->sent_messages->items = 0)) & ('&(s->d1->w_msg_hdr)->msg_len' = '&(s->d1->sent_messages->items->data->msg_header)->msg_len') & ('&(s->d1->sent_messages->items->data->msg_header)->msg_len' = '&(s->d1->sent_messages->items->data->msg_header)->frag_len') & (! (is_ccs = 0)) & ('&(s->init_buf->data->msg_header)->is_ccs' = '&(s->d1->sent_messages->items->data->msg_header)->is_ccs') & ('&(s->init_buf->data->msg_header)->frag_len' = '&(s->d1->w_msg_hdr)->msg_len') & (s->d1->sent_messages->items->next = 0) & (! (s->init_num = 0)) & ('&(s->init_buf->data->msg_header)->seq' = '&(s->d1->w_msg_hdr)->seq') & ('&(s->init_buf->data->msg_header)->msg_len' = '&(s->init_buf->data->msg_header)->frag_len') & ('&(s->d1->w_msg_hdr)->seq' = '&(s->d1->sent_messages->items->data->msg_header)->seq')) | ((s->init_num = ('&(s->init_buf->data->msg_header)->msg_len' + 3)) & ('&(s->init_buf->data->msg_header)->seq' = 0) & (is_ccs = '&(s->init_buf->data->msg_header)->is_ccs') & (s->d1->sent_messages->items->next = '&(s->init_buf->data->msg_header)->frag_off') & ('&(s->init_buf->data->msg_header)->frag_off' = '&(s->d1->sent_messages->items->data->msg_header)->frag_off') & (! (s->d1->sent_messages->items = 0)) & ('&(s->d1->w_msg_hdr)->msg_len' = '&(s->d1->sent_messages->items->data->msg_header)->msg_len') & ('&(s->d1->sent_messages->items->data->msg_header)->msg_len' = '&(s->d1->sent_messages->items->data->msg_header)->frag_len') & (! (is_ccs = 0)) & ('&(s->init_buf->data->msg_header)->is_ccs' = '&(s->d1->sent_messages->items->data->msg_header)->is_ccs') & ('&(s->init_buf->data->msg_header)->frag_len' = '&(s->d1->w_msg_hdr)->msg_len') & (s->d1->sent_messages->items->next = 0) & (! (s->init_num = 0)) & ('&(s->init_buf->data->msg_header)->seq' = '&(s->d1->w_msg_hdr)->seq') & ('&(s->d1->w_msg_hdr)->seq' = '&(s->d1->sent_messages->items->data->msg_header)->seq') & ('&(s->init_buf->data->msg_header)->msg_len' = '&(s->init_buf->data->msg_header)->frag_len')) | ((s->init_num = ('&(s->init_buf->data->msg_header)->msg_len' + 12)) & ('&(s->init_buf->data->msg_header)->seq' = 0) & (is_ccs = '&(s->init_buf->data->msg_header)->is_ccs') & (! (s->d1->sent_messages->items = 0)) & ('&(s->d1->w_msg_hdr)->msg_len' = '&(s->d1->sent_messages->items->data->msg_header)->msg_len') & ('&(s->d1->sent_messages->items->data->msg_header)->msg_len' = '&(s->d1->sent_messages->items->data->msg_header)->frag_len') & (is_ccs = 0) & ('&(s->init_buf->data->msg_header)->msg_len' = '&(s->init_buf->data->msg_header)->frag_len') & ('&(s->init_buf->data->msg_header)->is_ccs' = '&(s->d1->sent_messages->items->data->msg_header)->is_ccs') & (! (s->init_num = 0)) & ('&(s->init_buf->data->msg_header)->frag_len' = '&(s->d1->w_msg_hdr)->msg_len') & (! (s->d1->sent_messages->items->next = 0)) & ('&(s->init_buf->data->msg_header)->seq' = '&(s->d1->w_msg_hdr)->seq') & ('&(s->d1->w_msg_hdr)->seq' = '&(s->d1->sent_messages->items->data->msg_header)->seq')) | ((s->init_num = ('&(s->init_buf->data->msg_header)->msg_len' + 12)) & ('&(s->init_buf->data->msg_header)->seq' = 0) & (is_ccs = '&(s->init_buf->data->msg_header)->is_ccs') & (! (s->d1->sent_messages->items = 0)) & ('&(s->d1->w_msg_hdr)->msg_len' = '&(s->d1->sent_messages->items->data->msg_header)->msg_len') & ('&(s->d1->sent_messages->items->data->msg_header)->msg_len' = '&(s->d1->sent_messages->items->data->msg_header)->frag_len') & (is_ccs = 0) & ('&(s->init_buf->data->msg_header)->msg_len' = '&(s->init_buf->data->msg_header)->frag_len') & ('&(s->init_buf->data->msg_header)->is_ccs' = '&(s->d1->sent_messages->items->data->msg_header)->is_ccs') & (! (s->init_num = 0)) & ('&(s->init_buf->data->msg_header)->frag_len' = '&(s->d1->w_msg_hdr)->msg_len') & ('&(s->d1->w_msg_hdr)->seq' = '&(s->d1->sent_messages->items->data->msg_header)->seq') & ('&(s->init_buf->data->msg_header)->seq' = '&(s->d1->w_msg_hdr)->seq')) | ((s->init_num = ('&(s->init_buf->data->msg_header)->msg_len' + 3)) & ('&(s->init_buf->data->msg_header)->seq' = 0) & (is_ccs = '&(s->init_buf->data->msg_header)->is_ccs') & ('&(s->init_buf->data->msg_header)->frag_off' = '&(s->d1->sent_messages->items->data->msg_header)->frag_off') & (! (s->d1->sent_messages->items = 0)) & ('&(s->d1->w_msg_hdr)->msg_len' = '&(s->d1->sent_messages->items->data->msg_header)->msg_len') & ('&(s->d1->sent_messages->items->data->msg_header)->msg_len' = '&(s->d1->sent_messages->items->data->msg_header)->frag_len') & (! (is_ccs = 0)) & ('&(s->init_buf->data->msg_header)->is_ccs' = '&(s->d1->sent_messages->items->data->msg_header)->is_ccs') & (! (s->init_num = 0)) & ('&(s->init_buf->data->msg_header)->frag_len' = '&(s->d1->w_msg_hdr)->msg_len') & (! (s->d1->sent_messages->items->next = 0)) & ('&(s->init_buf->data->msg_header)->seq' = '&(s->d1->w_msg_hdr)->seq') & ('&(s->d1->w_msg_hdr)->seq' = '&(s->d1->sent_messages->items->data->msg_header)->seq') & ('&(s->init_buf->data->msg_header)->frag_off' = 0) & ('&(s->init_buf->data->msg_header)->msg_len' = '&(s->init_buf->data->msg_header)->frag_len')) | ((s->init_num = ('&(s->init_buf->data->msg_header)->msg_len' + 1)) & ('&(s->init_buf->data->msg_header)->seq' = 0) & (s->version = 65279) & (is_ccs = '&(s->init_buf->data->msg_header)->is_ccs') & (s->d1->sent_messages->items->next = '&(s->init_buf->data->msg_header)->frag_off') & ('&(s->init_buf->data->msg_header)->frag_off' = '&(s->d1->sent_messages->items->data->msg_header)->frag_off') & (! (s->d1->sent_messages->items = 0)) & ('&(s->d1->w_msg_hdr)->msg_len' = '&(s->d1->sent_messages->items->data->msg_header)->msg_len') & ('&(s->d1->sent_messages->items->data->msg_header)->msg_len' = '&(s->d1->sent_messages->items->data->msg_header)->frag_len') & (! (is_ccs = 0)) & ('&(s->init_buf->data->msg_header)->is_ccs' = '&(s->d1->sent_messages->items->data->msg_header)->is_ccs') & ('&(s->init_buf->data->msg_header)->frag_len' = '&(s->d1->w_msg_hdr)->msg_len') & (s->d1->sent_messages->items->next = 0) & (! (s->init_num = 0)) & ('&(s->init_buf->data->msg_header)->seq' = '&(s->d1->w_msg_hdr)->seq') & ('&(s->init_buf->data->msg_header)->msg_len' = '&(s->init_buf->data->msg_header)->frag_len') & ('&(s->d1->w_msg_hdr)->seq' = '&(s->d1->sent_messages->items->data->msg_header)->seq')) | (('&(s->init_buf->data->msg_header)->seq' = 0) & ('&(s->init_buf->data->msg_header)->seq' = '&(s->d1->w_msg_hdr)->seq') & (s->version = 65279) & (is_ccs = '&(s->init_buf->data->msg_header)->is_ccs') & ('&(s->init_buf->data->msg_header)->frag_off' = '&(s->d1->sent_messages->items->data->msg_header)->frag_off') & (! (s->d1->sent_messages->items = 0)) & ('&(s->d1->w_msg_hdr)->msg_len' = '&(s->d1->sent_messages->items->data->msg_header)->msg_len') & ('&(s->d1->sent_messages->items->data->msg_header)->msg_len' = '&(s->d1->sent_messages->items->data->msg_header)->frag_len') & (! (is_ccs = 0)) & ('&(s->init_buf->data->msg_header)->msg_len' = '&(s->init_buf->data->msg_header)->frag_len') & (! (s->init_num = 0)) & ('&(s->init_buf->data->msg_header)->frag_len' = '&(s->d1->w_msg_hdr)->msg_len') & (! (s->d1->sent_messages->items->next = 0)) & (s->init_num = ('&(s->init_buf->data->msg_header)->msg_len' + 1)) & ('&(s->init_buf->data->msg_header)->is_ccs' = '&(s->d1->sent_messages->items->data->msg_header)->is_ccs') & ('&(s->init_buf->data->msg_header)->frag_off' = 0) & ('&(s->d1->w_msg_hdr)->seq' = '&(s->d1->sent_messages->items->data->msg_header)->seq')) | ((s->init_num = ('&(s->init_buf->data->msg_header)->msg_len' + 1)) & ('&(s->init_buf->data->msg_header)->seq' = 0) & (s->version = 65279) & (is_ccs = '&(s->init_buf->data->msg_header)->is_ccs') & ('&(s->init_buf->data->msg_header)->frag_off' = '&(s->d1->sent_messages->items->data->msg_header)->frag_off') & (! (s->d1->sent_messages->items = 0)) & ('&(s->d1->w_msg_hdr)->msg_len' = '&(s->d1->sent_messages->items->data->msg_header)->msg_len') & ('&(s->d1->sent_messages->items->data->msg_header)->msg_len' = '&(s->d1->sent_messages->items->data->msg_header)->frag_len') & (! (is_ccs = 0)) & ('&(s->init_buf->data->msg_header)->msg_len' = '&(s->init_buf->data->msg_header)->frag_len') & (! (s->init_num = 0)) & ('&(s->init_buf->data->msg_header)->frag_len' = '&(s->d1->w_msg_hdr)->msg_len') & (! (s->d1->sent_messages->items->next = 0)) & ('&(s->init_buf->data->msg_header)->seq' = '&(s->d1->w_msg_hdr)->seq') & ('&(s->init_buf->data->msg_header)->is_ccs' = '&(s->d1->sent_messages->items->data->msg_header)->is_ccs') & ('&(s->init_buf->data->msg_header)->frag_off' = 0) & ('&(s->d1->w_msg_hdr)->seq' = '&(s->d1->sent_messages->items->data->msg_header)->seq')) | (('&(s->init_buf->data->msg_header)->seq' = 0) & ('&(s->init_buf->data->msg_header)->seq' = '&(s->d1->w_msg_hdr)->seq') & (s->version = 65279) & (is_ccs = '&(s->init_buf->data->msg_header)->is_ccs') & (s->d1->sent_messages->items->next = '&(s->init_buf->data->msg_header)->frag_off') & ('&(s->init_buf->data->msg_header)->frag_off' = '&(s->d1->sent_messages->items->data->msg_header)->frag_off') & (! (s->d1->sent_messages->items = 0)) & ('&(s->d1->w_msg_hdr)->msg_len' = '&(s->d1->sent_messages->items->data->msg_header)->msg_len') & ('&(s->d1->sent_messages->items->data->msg_header)->msg_len' = '&(s->d1->sent_messages->items->data->msg_header)->frag_len') & (! (is_ccs = 0)) & ('&(s->init_buf->data->msg_header)->is_ccs' = '&(s->d1->sent_messages->items->data->msg_header)->is_ccs') & ('&(s->init_buf->data->msg_header)->frag_len' = '&(s->d1->w_msg_hdr)->msg_len') & (s->d1->sent_messages->items->next = 0) & (! (s->init_num = 0)) & (s->init_num = ('&(s->init_buf->data->msg_header)->msg_len' + 1)) & ('&(s->init_buf->data->msg_header)->msg_len' = '&(s->init_buf->data->msg_header)->frag_len') & ('&(s->d1->w_msg_hdr)->seq' = '&(s->d1->sent_messages->items->data->msg_header)->seq')) | ((! (s->d1->sent_messages->items->next = 0)) & (s->init_num = ('&(s->init_buf->data->msg_header)->msg_len' + 1)) & ('&(s->init_buf->data->msg_header)->seq' = 0) & (s->version = 65279) & (is_ccs = '&(s->init_buf->data->msg_header)->is_ccs') & ('&(s->init_buf->data->msg_header)->frag_off' = '&(s->d1->sent_messages->items->data->msg_header)->frag_off') & (! (s->d1->sent_messages->items = 0)) & ('&(s->d1->w_msg_hdr)->msg_len' = '&(s->d1->sent_messages->items->data->msg_header)->msg_len') & ('&(s->d1->sent_messages->items->data->msg_header)->msg_len' = '&(s->d1->sent_messages->items->data->msg_header)->frag_len') & (! (is_ccs = 0)) & ('&(s->init_buf->data->msg_header)->is_ccs' = '&(s->d1->sent_messages->items->data->msg_header)->is_ccs') & (! (s->init_num = 0)) & ('&(s->init_buf->data->msg_header)->frag_len' = '&(s->d1->w_msg_hdr)->msg_len') & ('&(s->init_buf->data->msg_header)->msg_len' = '&(s->init_buf->data->msg_header)->frag_len') & ('&(s->init_buf->data->msg_header)->seq' = '&(s->d1->w_msg_hdr)->seq') & ('&(s->d1->w_msg_hdr)->seq' = '&(s->d1->sent_messages->items->data->msg_header)->seq') & ('&(s->init_buf->data->msg_header)->frag_off' = 0)) | (('&(s->init_buf->data->msg_header)->seq' = 0) & ('&(s->init_buf->data->msg_header)->seq' = '&(s->d1->w_msg_hdr)->seq') & (s->version = 65279) & (is_ccs = '&(s->init_buf->data->msg_header)->is_ccs') & ('&(s->init_buf->data->msg_header)->frag_off' = 0) & ('&(s->init_buf->data->msg_header)->frag_off' = '&(s->d1->sent_messages->items->data->msg_header)->frag_off') & (! (s->d1->sent_messages->items = 0)) & ('&(s->d1->w_msg_hdr)->msg_len' = '&(s->d1->sent_messages->items->data->msg_header)->msg_len') & ('&(s->d1->sent_messages->items->data->msg_header)->msg_len' = '&(s->d1->sent_messages->items->data->msg_header)->frag_len') & (! (is_ccs = 0)) & ('&(s->init_buf->data->msg_header)->is_ccs' = '&(s->d1->sent_messages->items->data->msg_header)->is_ccs') & (! (s->init_num = 0)) & ('&(s->init_buf->data->msg_header)->frag_len' = '&(s->d1->w_msg_hdr)->msg_len') & (! (s->d1->sent_messages->items->next = 0)) & (s->init_num = ('&(s->init_buf->data->msg_header)->msg_len' + 1)) & ('&(s->init_buf->data->msg_header)->msg_len' = '&(s->init_buf->data->msg_header)->frag_len') & ('&(s->d1->w_msg_hdr)->seq' = '&(s->d1->sent_messages->items->data->msg_header)->seq')) | ((s->init_num = ('&(s->init_buf->data->msg_header)->msg_len' + 3)) & ('&(s->init_buf->data->msg_header)->seq' = 0) & (is_ccs = '&(s->init_buf->data->msg_header)->is_ccs') & ('&(s->init_buf->data->msg_header)->frag_off' = '&(s->d1->sent_messages->items->data->msg_header)->frag_off') & (! (s->d1->sent_messages->items = 0)) & ('&(s->d1->w_msg_hdr)->msg_len' = '&(s->d1->sent_messages->items->data->msg_header)->msg_len') & ('&(s->d1->sent_messages->items->data->msg_header)->msg_len' = '&(s->d1->sent_messages->items->data->msg_header)->frag_len') & (! (is_ccs = 0)) & ('&(s->init_buf->data->msg_header)->is_ccs' = '&(s->d1->sent_messages->items->data->msg_header)->is_ccs') & (! (s->init_num = 0)) & ('&(s->init_buf->data->msg_header)->frag_len' = '&(s->d1->w_msg_hdr)->msg_len') & (! (s->d1->sent_messages->items->next = 0)) & ('&(s->init_buf->data->msg_header)->seq' = '&(s->d1->w_msg_hdr)->seq') & ('&(s->init_buf->data->msg_header)->msg_len' = '&(s->init_buf->data->msg_header)->frag_len') & ('&(s->init_buf->data->msg_header)->frag_off' = 0) & ('&(s->d1->w_msg_hdr)->seq' = '&(s->d1->sent_messages->items->data->msg_header)->seq'))),
	DisjunctSignature: label: <ErrorMemoryLeak, 1216, 1229>, 
		allocated: frozenset(), 
		deallocated: frozenset(), 
		return_formula: (return = 1), 
		formula: (((s->init_num = ('&(s->init_buf->data->msg_header)->msg_len' + 12)) & ('&(s->init_buf->data->msg_header)->seq' = 0) & ('&(s->init_buf->data->msg_header)->seq' = '&(s->d1->w_msg_hdr)->seq') & (is_ccs = '&(s->init_buf->data->msg_header)->is_ccs') & (! (s->d1->sent_messages->items = 0)) & (is_ccs = 0) & ('&(s->init_buf->data->msg_header)->msg_len' = '&(s->init_buf->data->msg_header)->frag_len') & (! (s->init_num = 0)) & ('&(s->init_buf->data->msg_header)->frag_len' = '&(s->d1->w_msg_hdr)->msg_len') & (! (s->d1->sent_messages->items->next = 0)) & (! (s->d1->sent_messages->items->next->next = 0))) | ((s->init_num = ('&(s->init_buf->data->msg_header)->msg_len' + 1)) & (! (s->d1->sent_messages->items->next->next->next = 0)) & ('&(s->init_buf->data->msg_header)->seq' = 0) & (s->version = 65279) & (! (s->d1->sent_messages->items->next->next = 0)) & (is_ccs = '&(s->init_buf->data->msg_header)->is_ccs') & (! (s->d1->sent_messages->items = 0)) & (! (is_ccs = 0)) & ('&(s->init_buf->data->msg_header)->msg_len' = '&(s->init_buf->data->msg_header)->frag_len') & (! (s->init_num = 0)) & ('&(s->init_buf->data->msg_header)->frag_len' = '&(s->d1->w_msg_hdr)->msg_len') & (! (s->d1->sent_messages->items->next = 0)) & ('&(s->init_buf->data->msg_header)->seq' = '&(s->d1->w_msg_hdr)->seq') & ('&(s->init_buf->data->msg_header)->frag_off' = 0)) | (('&(s->init_buf->data->msg_header)->seq' = 0) & ('&(s->init_buf->data->msg_header)->seq' = '&(s->d1->w_msg_hdr)->seq') & (s->version = 65279) & (is_ccs = '&(s->init_buf->data->msg_header)->is_ccs') & (! (s->d1->sent_messages->items->next->next = 0)) & (! (s->d1->sent_messages->items = 0)) & (! (is_ccs = 0)) & ('&(s->init_buf->data->msg_header)->msg_len' = '&(s->init_buf->data->msg_header)->frag_len') & (! (s->init_num = 0)) & ('&(s->init_buf->data->msg_header)->frag_len' = '&(s->d1->w_msg_hdr)->msg_len') & (! (s->d1->sent_messages->items->next = 0)) & (s->init_num = ('&(s->init_buf->data->msg_header)->msg_len' + 1)) & ('&(s->init_buf->data->msg_header)->frag_off' = 0)) | ((s->init_num = ('&(s->init_buf->data->msg_header)->msg_len' + 1)) & ('&(s->init_buf->data->msg_header)->seq' = 0) & (s->version = 65279) & (is_ccs = '&(s->init_buf->data->msg_header)->is_ccs') & (! (s->d1->sent_messages->items = 0)) & (! (is_ccs = 0)) & ('&(s->init_buf->data->msg_header)->msg_len' = '&(s->init_buf->data->msg_header)->frag_len') & (! (s->init_num = 0)) & ('&(s->init_buf->data->msg_header)->frag_len' = '&(s->d1->w_msg_hdr)->msg_len') & (! (s->d1->sent_messages->items->next = 0)) & ('&(s->init_buf->data->msg_header)->seq' = '&(s->d1->w_msg_hdr)->seq') & ('&(s->init_buf->data->msg_header)->frag_off' = 0)) | ((s->init_num = ('&(s->init_buf->data->msg_header)->msg_len' + 12)) & (! (s->d1->sent_messages->items->next->next->next = 0)) & ('&(s->init_buf->data->msg_header)->seq' = 0) & (is_ccs = '&(s->init_buf->data->msg_header)->is_ccs') & (! (s->d1->sent_messages->items->next->next = 0)) & (! (s->d1->sent_messages->items = 0)) & (is_ccs = 0) & ('&(s->init_buf->data->msg_header)->msg_len' = '&(s->init_buf->data->msg_header)->frag_len') & (! (s->init_num = 0)) & ('&(s->init_buf->data->msg_header)->frag_len' = '&(s->d1->w_msg_hdr)->msg_len') & (! (s->d1->sent_messages->items->next = 0)) & ('&(s->init_buf->data->msg_header)->seq' = '&(s->d1->w_msg_hdr)->seq')) | ((s->init_num = ('&(s->init_buf->data->msg_header)->msg_len' + 3)) & ('&(s->init_buf->data->msg_header)->seq' = 0) & (is_ccs = '&(s->init_buf->data->msg_header)->is_ccs') & (! (s->d1->sent_messages->items = 0)) & (! (is_ccs = 0)) & ('&(s->init_buf->data->msg_header)->msg_len' = '&(s->init_buf->data->msg_header)->frag_len') & (! (s->init_num = 0)) & ('&(s->init_buf->data->msg_header)->frag_len' = '&(s->d1->w_msg_hdr)->msg_len') & ('&(s->init_buf->data->msg_header)->seq' = '&(s->d1->w_msg_hdr)->seq') & ('&(s->init_buf->data->msg_header)->frag_off' = 0)) | ((s->init_num = ('&(s->init_buf->data->msg_header)->msg_len' + 12)) & ('&(s->init_buf->data->msg_header)->seq' = 0) & (is_ccs = '&(s->init_buf->data->msg_header)->is_ccs') & (! (s->d1->sent_messages->items = 0)) & (is_ccs = 0) & ('&(s->init_buf->data->msg_header)->msg_len' = '&(s->init_buf->data->msg_header)->frag_len') & (! (s->init_num = 0)) & ('&(s->init_buf->data->msg_header)->frag_len' = '&(s->d1->w_msg_hdr)->msg_len') & ('&(s->init_buf->data->msg_header)->seq' = '&(s->d1->w_msg_hdr)->seq')) | ((s->init_num = ('&(s->init_buf->data->msg_header)->msg_len' + 3)) & ('&(s->init_buf->data->msg_header)->seq' = 0) & ('&(s->init_buf->data->msg_header)->seq' = '&(s->d1->w_msg_hdr)->seq') & (is_ccs = '&(s->init_buf->data->msg_header)->is_ccs') & (! (s->d1->sent_messages->items = 0)) & (! (is_ccs = 0)) & ('&(s->init_buf->data->msg_header)->msg_len' = '&(s->init_buf->data->msg_header)->frag_len') & (! (s->init_num = 0)) & ('&(s->init_buf->data->msg_header)->frag_len' = '&(s->d1->w_msg_hdr)->msg_len') & (! (s->d1->sent_messages->items->next = 0)) & (! (s->d1->sent_messages->items->next->next = 0)) & ('&(s->init_buf->data->msg_header)->frag_off' = 0)) | ((s->init_num = ('&(s->init_buf->data->msg_header)->msg_len' + 12)) & ('&(s->init_buf->data->msg_header)->seq' = 0) & (is_ccs = '&(s->init_buf->data->msg_header)->is_ccs') & (! (s->d1->sent_messages->items = 0)) & (is_ccs = 0) & ('&(s->init_buf->data->msg_header)->msg_len' = '&(s->init_buf->data->msg_header)->frag_len') & (! (s->init_num = 0)) & ('&(s->init_buf->data->msg_header)->frag_len' = '&(s->d1->w_msg_hdr)->msg_len') & (! (s->d1->sent_messages->items->next = 0)) & ('&(s->init_buf->data->msg_header)->seq' = '&(s->d1->w_msg_hdr)->seq')) | ((! (s->d1->sent_messages->items->next->next->next = 0)) & (s->init_num = ('&(s->init_buf->data->msg_header)->msg_len' + 3)) & ('&(s->init_buf->data->msg_header)->seq' = 0) & (is_ccs = '&(s->init_buf->data->msg_header)->is_ccs') & (! (s->d1->sent_messages->items->next->next = 0)) & (! (s->d1->sent_messages->items = 0)) & (! (is_ccs = 0)) & ('&(s->init_buf->data->msg_header)->msg_len' = '&(s->init_buf->data->msg_header)->frag_len') & (! (s->init_num = 0)) & ('&(s->init_buf->data->msg_header)->frag_len' = '&(s->d1->w_msg_hdr)->msg_len') & (! (s->d1->sent_messages->items->next = 0)) & ('&(s->init_buf->data->msg_header)->seq' = '&(s->d1->w_msg_hdr)->seq') & ('&(s->init_buf->data->msg_header)->frag_off' = 0)) | ((s->init_num = ('&(s->init_buf->data->msg_header)->msg_len' + 3)) & ('&(s->init_buf->data->msg_header)->seq' = 0) & (is_ccs = '&(s->init_buf->data->msg_header)->is_ccs') & (! (s->d1->sent_messages->items = 0)) & (! (is_ccs = 0)) & ('&(s->init_buf->data->msg_header)->msg_len' = '&(s->init_buf->data->msg_header)->frag_len') & (! (s->init_num = 0)) & ('&(s->init_buf->data->msg_header)->frag_len' = '&(s->d1->w_msg_hdr)->msg_len') & (! (s->d1->sent_messages->items->next = 0)) & ('&(s->init_buf->data->msg_header)->seq' = '&(s->d1->w_msg_hdr)->seq') & ('&(s->init_buf->data->msg_header)->frag_off' = 0)) | (('&(s->init_buf->data->msg_header)->seq' = 0) & ('&(s->init_buf->data->msg_header)->seq' = '&(s->d1->w_msg_hdr)->seq') & (s->version = 65279) & (is_ccs = '&(s->init_buf->data->msg_header)->is_ccs') & (! (s->d1->sent_messages->items = 0)) & (! (is_ccs = 0)) & ('&(s->init_buf->data->msg_header)->msg_len' = '&(s->init_buf->data->msg_header)->frag_len') & (! (s->init_num = 0)) & ('&(s->init_buf->data->msg_header)->frag_len' = '&(s->d1->w_msg_hdr)->msg_len') & (s->init_num = ('&(s->init_buf->data->msg_header)->msg_len' + 1)) & ('&(s->init_buf->data->msg_header)->frag_off' = 0))),
	DisjunctSignature: label: <ErrorMemoryLeak, 1183, 1183>, 
		allocated: frozenset(), 
		deallocated: frozenset(), 
		return_formula: (return = 1), 
		formula: (((s->init_num = ('&(s->init_buf->data->msg_header)->msg_len' + 12)) & ('&(s->init_buf->data->msg_header)->seq' = 0) & ('&(s->init_buf->data->msg_header)->seq' = '&(s->d1->w_msg_hdr)->seq') & (is_ccs = '&(s->init_buf->data->msg_header)->is_ccs') & (! (s->d1->sent_messages->items = 0)) & (is_ccs = 0) & ('&(s->init_buf->data->msg_header)->msg_len' = '&(s->init_buf->data->msg_header)->frag_len') & (! (s->init_num = 0)) & ('&(s->init_buf->data->msg_header)->frag_len' = '&(s->d1->w_msg_hdr)->msg_len') & (! (s->d1->sent_messages->items->next = 0)) & (! (s->d1->sent_messages->items->next->next = 0))) | ((s->init_num = ('&(s->init_buf->data->msg_header)->msg_len' + 1)) & (! (s->d1->sent_messages->items->next->next->next = 0)) & ('&(s->init_buf->data->msg_header)->seq' = 0) & (s->version = 65279) & (! (s->d1->sent_messages->items->next->next = 0)) & (is_ccs = '&(s->init_buf->data->msg_header)->is_ccs') & (! (s->d1->sent_messages->items = 0)) & (! (is_ccs = 0)) & ('&(s->init_buf->data->msg_header)->msg_len' = '&(s->init_buf->data->msg_header)->frag_len') & (! (s->init_num = 0)) & ('&(s->init_buf->data->msg_header)->frag_len' = '&(s->d1->w_msg_hdr)->msg_len') & (! (s->d1->sent_messages->items->next = 0)) & ('&(s->init_buf->data->msg_header)->seq' = '&(s->d1->w_msg_hdr)->seq') & ('&(s->init_buf->data->msg_header)->frag_off' = 0)) | (('&(s->init_buf->data->msg_header)->seq' = 0) & ('&(s->init_buf->data->msg_header)->seq' = '&(s->d1->w_msg_hdr)->seq') & (s->version = 65279) & (is_ccs = '&(s->init_buf->data->msg_header)->is_ccs') & (! (s->d1->sent_messages->items->next->next = 0)) & (! (s->d1->sent_messages->items = 0)) & (! (is_ccs = 0)) & ('&(s->init_buf->data->msg_header)->msg_len' = '&(s->init_buf->data->msg_header)->frag_len') & (! (s->init_num = 0)) & ('&(s->init_buf->data->msg_header)->frag_len' = '&(s->d1->w_msg_hdr)->msg_len') & (! (s->d1->sent_messages->items->next = 0)) & (s->init_num = ('&(s->init_buf->data->msg_header)->msg_len' + 1)) & ('&(s->init_buf->data->msg_header)->frag_off' = 0)) | ((s->init_num = ('&(s->init_buf->data->msg_header)->msg_len' + 3)) & ('&(s->init_buf->data->msg_header)->seq' = 0) & (is_ccs = '&(s->init_buf->data->msg_header)->is_ccs') & (! (s->d1->sent_messages->items = 0)) & (! (is_ccs = 0)) & ('&(s->init_buf->data->msg_header)->msg_len' = '&(s->init_buf->data->msg_header)->frag_len') & (! (s->init_num = 0)) & ('&(s->init_buf->data->msg_header)->frag_len' = '&(s->d1->w_msg_hdr)->msg_len') & ('&(s->init_buf->data->msg_header)->seq' = '&(s->d1->w_msg_hdr)->seq') & ('&(s->init_buf->data->msg_header)->frag_off' = 0)) | ((s->init_num = ('&(s->init_buf->data->msg_header)->msg_len' + 1)) & ('&(s->init_buf->data->msg_header)->seq' = 0) & (s->version = 65279) & (is_ccs = '&(s->init_buf->data->msg_header)->is_ccs') & (! (s->d1->sent_messages->items = 0)) & (! (is_ccs = 0)) & ('&(s->init_buf->data->msg_header)->msg_len' = '&(s->init_buf->data->msg_header)->frag_len') & (! (s->init_num = 0)) & ('&(s->init_buf->data->msg_header)->frag_len' = '&(s->d1->w_msg_hdr)->msg_len') & (! (s->d1->sent_messages->items->next = 0)) & ('&(s->init_buf->data->msg_header)->seq' = '&(s->d1->w_msg_hdr)->seq') & ('&(s->init_buf->data->msg_header)->frag_off' = 0)) | ((s->init_num = ('&(s->init_buf->data->msg_header)->msg_len' + 12)) & (! (s->d1->sent_messages->items->next->next->next = 0)) & ('&(s->init_buf->data->msg_header)->seq' = 0) & (is_ccs = '&(s->init_buf->data->msg_header)->is_ccs') & (! (s->d1->sent_messages->items->next->next = 0)) & (! (s->d1->sent_messages->items = 0)) & (is_ccs = 0) & ('&(s->init_buf->data->msg_header)->msg_len' = '&(s->init_buf->data->msg_header)->frag_len') & (! (s->init_num = 0)) & ('&(s->init_buf->data->msg_header)->frag_len' = '&(s->d1->w_msg_hdr)->msg_len') & (! (s->d1->sent_messages->items->next = 0)) & ('&(s->init_buf->data->msg_header)->seq' = '&(s->d1->w_msg_hdr)->seq')) | ((s->init_num = ('&(s->init_buf->data->msg_header)->msg_len' + 12)) & ('&(s->init_buf->data->msg_header)->seq' = 0) & (is_ccs = '&(s->init_buf->data->msg_header)->is_ccs') & (! (s->d1->sent_messages->items = 0)) & (is_ccs = 0) & ('&(s->init_buf->data->msg_header)->msg_len' = '&(s->init_buf->data->msg_header)->frag_len') & (! (s->init_num = 0)) & ('&(s->init_buf->data->msg_header)->frag_len' = '&(s->d1->w_msg_hdr)->msg_len') & ('&(s->init_buf->data->msg_header)->seq' = '&(s->d1->w_msg_hdr)->seq')) | ((s->init_num = ('&(s->init_buf->data->msg_header)->msg_len' + 3)) & ('&(s->init_buf->data->msg_header)->seq' = 0) & ('&(s->init_buf->data->msg_header)->seq' = '&(s->d1->w_msg_hdr)->seq') & (is_ccs = '&(s->init_buf->data->msg_header)->is_ccs') & (! (s->d1->sent_messages->items = 0)) & (! (is_ccs = 0)) & ('&(s->init_buf->data->msg_header)->msg_len' = '&(s->init_buf->data->msg_header)->frag_len') & (! (s->init_num = 0)) & ('&(s->init_buf->data->msg_header)->frag_len' = '&(s->d1->w_msg_hdr)->msg_len') & (! (s->d1->sent_messages->items->next = 0)) & (! (s->d1->sent_messages->items->next->next = 0)) & ('&(s->init_buf->data->msg_header)->frag_off' = 0)) | ((s->init_num = ('&(s->init_buf->data->msg_header)->msg_len' + 12)) & ('&(s->init_buf->data->msg_header)->seq' = 0) & (is_ccs = '&(s->init_buf->data->msg_header)->is_ccs') & (! (s->d1->sent_messages->items = 0)) & (is_ccs = 0) & ('&(s->init_buf->data->msg_header)->msg_len' = '&(s->init_buf->data->msg_header)->frag_len') & (! (s->init_num = 0)) & ('&(s->init_buf->data->msg_header)->frag_len' = '&(s->d1->w_msg_hdr)->msg_len') & (! (s->d1->sent_messages->items->next = 0)) & ('&(s->init_buf->data->msg_header)->seq' = '&(s->d1->w_msg_hdr)->seq')) | ((! (s->d1->sent_messages->items->next->next->next = 0)) & (s->init_num = ('&(s->init_buf->data->msg_header)->msg_len' + 3)) & ('&(s->init_buf->data->msg_header)->seq' = 0) & (is_ccs = '&(s->init_buf->data->msg_header)->is_ccs') & (! (s->d1->sent_messages->items->next->next = 0)) & (! (s->d1->sent_messages->items = 0)) & (! (is_ccs = 0)) & ('&(s->init_buf->data->msg_header)->msg_len' = '&(s->init_buf->data->msg_header)->frag_len') & (! (s->init_num = 0)) & ('&(s->init_buf->data->msg_header)->frag_len' = '&(s->d1->w_msg_hdr)->msg_len') & (! (s->d1->sent_messages->items->next = 0)) & ('&(s->init_buf->data->msg_header)->seq' = '&(s->d1->w_msg_hdr)->seq') & ('&(s->init_buf->data->msg_header)->frag_off' = 0)) | ((s->init_num = ('&(s->init_buf->data->msg_header)->msg_len' + 3)) & ('&(s->init_buf->data->msg_header)->seq' = 0) & (is_ccs = '&(s->init_buf->data->msg_header)->is_ccs') & (! (s->d1->sent_messages->items = 0)) & (! (is_ccs = 0)) & ('&(s->init_buf->data->msg_header)->msg_len' = '&(s->init_buf->data->msg_header)->frag_len') & (! (s->init_num = 0)) & ('&(s->init_buf->data->msg_header)->frag_len' = '&(s->d1->w_msg_hdr)->msg_len') & (! (s->d1->sent_messages->items->next = 0)) & ('&(s->init_buf->data->msg_header)->seq' = '&(s->d1->w_msg_hdr)->seq') & ('&(s->init_buf->data->msg_header)->frag_off' = 0)) | (('&(s->init_buf->data->msg_header)->seq' = 0) & ('&(s->init_buf->data->msg_header)->seq' = '&(s->d1->w_msg_hdr)->seq') & (s->version = 65279) & (is_ccs = '&(s->init_buf->data->msg_header)->is_ccs') & (! (s->d1->sent_messages->items = 0)) & (! (is_ccs = 0)) & ('&(s->init_buf->data->msg_header)->msg_len' = '&(s->init_buf->data->msg_header)->frag_len') & (! (s->init_num = 0)) & ('&(s->init_buf->data->msg_header)->frag_len' = '&(s->d1->w_msg_hdr)->msg_len') & (s->init_num = ('&(s->init_buf->data->msg_header)->msg_len' + 1)) & ('&(s->init_buf->data->msg_header)->frag_off' = 0))),
	DisjunctSignature: label: <ErrorMemoryLeak, 1181, 1183>, 
		allocated: frozenset(), 
		deallocated: frozenset(), 
		return_formula: (return = 1), 
		formula: (((s->init_num = ('&(s->init_buf->data->msg_header)->msg_len' + 12)) & (! (s->d1->sent_messages->items->next->next->next = 0)) & ('&(s->init_buf->data->msg_header)->seq' = 0) & ('&(s->init_buf->data->msg_header)->seq' = '&(s->d1->w_msg_hdr)->seq') & (is_ccs = '&(s->init_buf->data->msg_header)->is_ccs') & (! (s->d1->sent_messages->items = 0)) & (is_ccs = 0) & ('&(s->init_buf->data->msg_header)->msg_len' = '&(s->init_buf->data->msg_header)->frag_len') & (! (s->init_num = 0)) & ('&(s->init_buf->data->msg_header)->frag_len' = '&(s->d1->w_msg_hdr)->msg_len') & (! (s->d1->sent_messages->items->next = 0)) & (! (s->d1->sent_messages->items->next->next = 0))) | ((s->init_num = ('&(s->init_buf->data->msg_header)->msg_len' + 12)) & (! (s->d1->sent_messages->items->next->next->next = 0)) & ('&(s->init_buf->data->msg_header)->seq' = 0) & (is_ccs = '&(s->init_buf->data->msg_header)->is_ccs') & (! (s->d1->sent_messages->items->next->next = 0)) & (! (s->d1->sent_messages->items = 0)) & (is_ccs = 0) & ('&(s->init_buf->data->msg_header)->msg_len' = '&(s->init_buf->data->msg_header)->frag_len') & (! (s->init_num = 0)) & ('&(s->init_buf->data->msg_header)->frag_len' = '&(s->d1->w_msg_hdr)->msg_len') & (! (s->d1->sent_messages->items->next = 0)) & ('&(s->init_buf->data->msg_header)->seq' = '&(s->d1->w_msg_hdr)->seq')) | ((s->init_num = ('&(s->init_buf->data->msg_header)->msg_len' + 12)) & ('&(s->init_buf->data->msg_header)->seq' = 0) & (is_ccs = '&(s->init_buf->data->msg_header)->is_ccs') & (! (s->d1->sent_messages->items = 0)) & (is_ccs = 0) & ('&(s->init_buf->data->msg_header)->msg_len' = '&(s->init_buf->data->msg_header)->frag_len') & (! (s->init_num = 0)) & ('&(s->init_buf->data->msg_header)->frag_len' = '&(s->d1->w_msg_hdr)->msg_len') & (! (s->d1->sent_messages->items->next = 0)) & ('&(s->init_buf->data->msg_header)->seq' = '&(s->d1->w_msg_hdr)->seq')) | ((! (s->d1->sent_messages->items->next->next->next = 0)) & (s->init_num = ('&(s->init_buf->data->msg_header)->msg_len' + 3)) & ('&(s->init_buf->data->msg_header)->seq' = 0) & ('&(s->init_buf->data->msg_header)->seq' = '&(s->d1->w_msg_hdr)->seq') & (is_ccs = '&(s->init_buf->data->msg_header)->is_ccs') & (! (s->d1->sent_messages->items = 0)) & (! (is_ccs = 0)) & ('&(s->init_buf->data->msg_header)->msg_len' = '&(s->init_buf->data->msg_header)->frag_len') & (! (s->init_num = 0)) & ('&(s->init_buf->data->msg_header)->frag_len' = '&(s->d1->w_msg_hdr)->msg_len') & (! (s->d1->sent_messages->items->next = 0)) & (! (s->d1->sent_messages->items->next->next = 0)) & ('&(s->init_buf->data->msg_header)->frag_off' = 0)) | ((! (s->d1->sent_messages->items->next->next->next = 0)) & (s->init_num = ('&(s->init_buf->data->msg_header)->msg_len' + 3)) & ('&(s->init_buf->data->msg_header)->seq' = 0) & (is_ccs = '&(s->init_buf->data->msg_header)->is_ccs') & (! (s->d1->sent_messages->items->next->next = 0)) & (! (s->d1->sent_messages->items = 0)) & (! (is_ccs = 0)) & ('&(s->init_buf->data->msg_header)->msg_len' = '&(s->init_buf->data->msg_header)->frag_len') & (! (s->init_num = 0)) & ('&(s->init_buf->data->msg_header)->frag_len' = '&(s->d1->w_msg_hdr)->msg_len') & (! (s->d1->sent_messages->items->next = 0)) & ('&(s->init_buf->data->msg_header)->seq' = '&(s->d1->w_msg_hdr)->seq') & ('&(s->init_buf->data->msg_header)->frag_off' = 0)) | ((s->init_num = ('&(s->init_buf->data->msg_header)->msg_len' + 3)) & ('&(s->init_buf->data->msg_header)->seq' = 0) & (is_ccs = '&(s->init_buf->data->msg_header)->is_ccs') & (! (s->d1->sent_messages->items = 0)) & (! (is_ccs = 0)) & ('&(s->init_buf->data->msg_header)->msg_len' = '&(s->init_buf->data->msg_header)->frag_len') & (! (s->init_num = 0)) & ('&(s->init_buf->data->msg_header)->frag_len' = '&(s->d1->w_msg_hdr)->msg_len') & (! (s->d1->sent_messages->items->next = 0)) & ('&(s->init_buf->data->msg_header)->seq' = '&(s->d1->w_msg_hdr)->seq') & ('&(s->init_buf->data->msg_header)->frag_off' = 0)) | ((s->init_num = ('&(s->init_buf->data->msg_header)->msg_len' + 1)) & ('&(s->init_buf->data->msg_header)->seq' = 0) & (s->version = 65279) & (is_ccs = '&(s->init_buf->data->msg_header)->is_ccs') & (! (s->d1->sent_messages->items->next->next = 0)) & (! (s->d1->sent_messages->items = 0)) & (! (is_ccs = 0)) & ('&(s->init_buf->data->msg_header)->msg_len' = '&(s->init_buf->data->msg_header)->frag_len') & (! (s->init_num = 0)) & ('&(s->init_buf->data->msg_header)->frag_len' = '&(s->d1->w_msg_hdr)->msg_len') & (! (s->d1->sent_messages->items->next = 0)) & ('&(s->init_buf->data->msg_header)->seq' = '&(s->d1->w_msg_hdr)->seq') & ('&(s->init_buf->data->msg_header)->frag_off' = 0)) | (('&(s->init_buf->data->msg_header)->seq' = 0) & ('&(s->init_buf->data->msg_header)->seq' = '&(s->d1->w_msg_hdr)->seq') & (s->version = 65279) & (is_ccs = '&(s->init_buf->data->msg_header)->is_ccs') & (! (s->d1->sent_messages->items->next->next = 0)) & (! (s->d1->sent_messages->items = 0)) & (! (is_ccs = 0)) & ('&(s->init_buf->data->msg_header)->msg_len' = '&(s->init_buf->data->msg_header)->frag_len') & (! (s->init_num = 0)) & ('&(s->init_buf->data->msg_header)->frag_len' = '&(s->d1->w_msg_hdr)->msg_len') & (! (s->d1->sent_messages->items->next = 0)) & (s->init_num = ('&(s->init_buf->data->msg_header)->msg_len' + 1)) & ('&(s->init_buf->data->msg_header)->frag_off' = 0)) | (('&(s->init_buf->data->msg_header)->seq' = 0) & ('&(s->init_buf->data->msg_header)->seq' = '&(s->d1->w_msg_hdr)->seq') & (s->version = 65279) & (is_ccs = '&(s->init_buf->data->msg_header)->is_ccs') & (! (s->d1->sent_messages->items = 0)) & (! (is_ccs = 0)) & ('&(s->init_buf->data->msg_header)->msg_len' = '&(s->init_buf->data->msg_header)->frag_len') & (! (s->init_num = 0)) & ('&(s->init_buf->data->msg_header)->frag_len' = '&(s->d1->w_msg_hdr)->msg_len') & (s->init_num = ('&(s->init_buf->data->msg_header)->msg_len' + 1)) & ('&(s->init_buf->data->msg_header)->frag_off' = 0)) | ((s->init_num = ('&(s->init_buf->data->msg_header)->msg_len' + 1)) & ('&(s->init_buf->data->msg_header)->seq' = 0) & (s->version = 65279) & (is_ccs = '&(s->init_buf->data->msg_header)->is_ccs') & (! (s->d1->sent_messages->items = 0)) & (! (is_ccs = 0)) & ('&(s->init_buf->data->msg_header)->msg_len' = '&(s->init_buf->data->msg_header)->frag_len') & (! (s->init_num = 0)) & ('&(s->init_buf->data->msg_header)->frag_len' = '&(s->d1->w_msg_hdr)->msg_len') & ('&(s->init_buf->data->msg_header)->seq' = '&(s->d1->w_msg_hdr)->seq') & ('&(s->init_buf->data->msg_header)->frag_off' = 0)) | ((s->init_num = ('&(s->init_buf->data->msg_header)->msg_len' + 12)) & ('&(s->init_buf->data->msg_header)->seq' = 0) & ('&(s->init_buf->data->msg_header)->seq' = '&(s->d1->w_msg_hdr)->seq') & (is_ccs = '&(s->init_buf->data->msg_header)->is_ccs') & (! (s->d1->sent_messages->items = 0)) & (is_ccs = 0) & ('&(s->init_buf->data->msg_header)->msg_len' = '&(s->init_buf->data->msg_header)->frag_len') & (! (s->init_num = 0)) & ('&(s->init_buf->data->msg_header)->frag_len' = '&(s->d1->w_msg_hdr)->msg_len') & (! (s->d1->sent_messages->items->next = 0)) & (! (s->d1->sent_messages->items->next->next = 0))) | ((s->init_num = ('&(s->init_buf->data->msg_header)->msg_len' + 12)) & ('&(s->init_buf->data->msg_header)->seq' = 0) & (is_ccs = '&(s->init_buf->data->msg_header)->is_ccs') & (! (s->d1->sent_messages->items->next->next = 0)) & (! (s->d1->sent_messages->items = 0)) & (is_ccs = 0) & ('&(s->init_buf->data->msg_header)->msg_len' = '&(s->init_buf->data->msg_header)->frag_len') & (! (s->init_num = 0)) & ('&(s->init_buf->data->msg_header)->frag_len' = '&(s->d1->w_msg_hdr)->msg_len') & (! (s->d1->sent_messages->items->next = 0)) & ('&(s->init_buf->data->msg_header)->seq' = '&(s->d1->w_msg_hdr)->seq')) | ((s->init_num = ('&(s->init_buf->data->msg_header)->msg_len' + 3)) & ('&(s->init_buf->data->msg_header)->seq' = 0) & ('&(s->init_buf->data->msg_header)->seq' = '&(s->d1->w_msg_hdr)->seq') & (is_ccs = '&(s->init_buf->data->msg_header)->is_ccs') & (! (s->d1->sent_messages->items = 0)) & (! (is_ccs = 0)) & ('&(s->init_buf->data->msg_header)->msg_len' = '&(s->init_buf->data->msg_header)->frag_len') & (! (s->init_num = 0)) & ('&(s->init_buf->data->msg_header)->frag_len' = '&(s->d1->w_msg_hdr)->msg_len') & (! (s->d1->sent_messages->items->next = 0)) & (! (s->d1->sent_messages->items->next->next = 0)) & ('&(s->init_buf->data->msg_header)->frag_off' = 0)) | ((s->init_num = ('&(s->init_buf->data->msg_header)->msg_len' + 3)) & ('&(s->init_buf->data->msg_header)->seq' = 0) & (is_ccs = '&(s->init_buf->data->msg_header)->is_ccs') & (! (s->d1->sent_messages->items->next->next = 0)) & (! (s->d1->sent_messages->items = 0)) & (! (is_ccs = 0)) & ('&(s->init_buf->data->msg_header)->msg_len' = '&(s->init_buf->data->msg_header)->frag_len') & (! (s->init_num = 0)) & ('&(s->init_buf->data->msg_header)->frag_len' = '&(s->d1->w_msg_hdr)->msg_len') & (! (s->d1->sent_messages->items->next = 0)) & ('&(s->init_buf->data->msg_header)->seq' = '&(s->d1->w_msg_hdr)->seq') & ('&(s->init_buf->data->msg_header)->frag_off' = 0)) | ((! (s->d1->sent_messages->items->next->next->next = 0)) & ('&(s->init_buf->data->msg_header)->seq' = 0) & ('&(s->init_buf->data->msg_header)->seq' = '&(s->d1->w_msg_hdr)->seq') & (s->version = 65279) & (! (s->d1->sent_messages->items->next->next = 0)) & (is_ccs = '&(s->init_buf->data->msg_header)->is_ccs') & (! (s->d1->sent_messages->items = 0)) & (! (is_ccs = 0)) & ('&(s->init_buf->data->msg_header)->msg_len' = '&(s->init_buf->data->msg_header)->frag_len') & (! (s->init_num = 0)) & ('&(s->init_buf->data->msg_header)->frag_len' = '&(s->d1->w_msg_hdr)->msg_len') & (! (s->d1->sent_messages->items->next = 0)) & (s->init_num = ('&(s->init_buf->data->msg_header)->msg_len' + 1)) & ('&(s->init_buf->data->msg_header)->frag_off' = 0)) | (('&(s->init_buf->data->msg_header)->seq' = 0) & ('&(s->init_buf->data->msg_header)->seq' = '&(s->d1->w_msg_hdr)->seq') & (s->version = 65279) & (is_ccs = '&(s->init_buf->data->msg_header)->is_ccs') & (! (s->d1->sent_messages->items = 0)) & (! (is_ccs = 0)) & ('&(s->init_buf->data->msg_header)->msg_len' = '&(s->init_buf->data->msg_header)->frag_len') & (! (s->init_num = 0)) & ('&(s->init_buf->data->msg_header)->frag_len' = '&(s->d1->w_msg_hdr)->msg_len') & (! (s->d1->sent_messages->items->next = 0)) & (s->init_num = ('&(s->init_buf->data->msg_header)->msg_len' + 1)) & ('&(s->init_buf->data->msg_header)->frag_off' = 0)) | ((s->init_num = ('&(s->init_buf->data->msg_header)->msg_len' + 1)) & (! (s->d1->sent_messages->items->next->next->next = 0)) & ('&(s->init_buf->data->msg_header)->seq' = 0) & (s->version = 65279) & (! (s->d1->sent_messages->items->next->next = 0)) & (is_ccs = '&(s->init_buf->data->msg_header)->is_ccs') & (! (s->d1->sent_messages->items = 0)) & (! (is_ccs = 0)) & ('&(s->init_buf->data->msg_header)->msg_len' = '&(s->init_buf->data->msg_header)->frag_len') & (! (s->init_num = 0)) & ('&(s->init_buf->data->msg_header)->frag_len' = '&(s->d1->w_msg_hdr)->msg_len') & (! (s->d1->sent_messages->items->next = 0)) & ('&(s->init_buf->data->msg_header)->seq' = '&(s->d1->w_msg_hdr)->seq') & ('&(s->init_buf->data->msg_header)->frag_off' = 0)) | ((s->init_num = ('&(s->init_buf->data->msg_header)->msg_len' + 1)) & ('&(s->init_buf->data->msg_header)->seq' = 0) & (s->version = 65279) & (is_ccs = '&(s->init_buf->data->msg_header)->is_ccs') & (! (s->d1->sent_messages->items = 0)) & (! (is_ccs = 0)) & ('&(s->init_buf->data->msg_header)->msg_len' = '&(s->init_buf->data->msg_header)->frag_len') & (! (s->init_num = 0)) & ('&(s->init_buf->data->msg_header)->frag_len' = '&(s->d1->w_msg_hdr)->msg_len') & (! (s->d1->sent_messages->items->next = 0)) & ('&(s->init_buf->data->msg_header)->seq' = '&(s->d1->w_msg_hdr)->seq') & ('&(s->init_buf->data->msg_header)->frag_off' = 0)) | ((s->init_num = ('&(s->init_buf->data->msg_header)->msg_len' + 3)) & ('&(s->init_buf->data->msg_header)->seq' = 0) & (is_ccs = '&(s->init_buf->data->msg_header)->is_ccs') & (! (s->d1->sent_messages->items = 0)) & (! (is_ccs = 0)) & ('&(s->init_buf->data->msg_header)->msg_len' = '&(s->init_buf->data->msg_header)->frag_len') & (! (s->init_num = 0)) & ('&(s->init_buf->data->msg_header)->frag_len' = '&(s->d1->w_msg_hdr)->msg_len') & ('&(s->init_buf->data->msg_header)->seq' = '&(s->d1->w_msg_hdr)->seq') & ('&(s->init_buf->data->msg_header)->frag_off' = 0)) | ((s->init_num = ('&(s->init_buf->data->msg_header)->msg_len' + 12)) & ('&(s->init_buf->data->msg_header)->seq' = 0) & (is_ccs = '&(s->init_buf->data->msg_header)->is_ccs') & (! (s->d1->sent_messages->items = 0)) & (is_ccs = 0) & ('&(s->init_buf->data->msg_header)->msg_len' = '&(s->init_buf->data->msg_header)->frag_len') & (! (s->init_num = 0)) & ('&(s->init_buf->data->msg_header)->frag_len' = '&(s->d1->w_msg_hdr)->msg_len') & ('&(s->init_buf->data->msg_header)->seq' = '&(s->d1->w_msg_hdr)->seq'))),
	DisjunctSignature: label: <ISLLatentMemoryError, 0, 0>, 
		allocated: frozenset(), 
		deallocated: frozenset(), 
		return_formula: True, 
		formula: ((s->init_num = ('&(s->init_buf->data->msg_header)->msg_len' + 12)) & ('&(s->init_buf->data->msg_header)->seq' = 0) & (is_ccs = '&(s->init_buf->data->msg_header)->is_ccs') & (is_ccs = 0) & ('&(s->init_buf->data->msg_header)->msg_len' = '&(s->init_buf->data->msg_header)->frag_len') & (! (s->init_num = 0)) & ('&(s->init_buf->data->msg_header)->frag_len' = '&(s->d1->w_msg_hdr)->msg_len') & ('&(s->init_buf->data->msg_header)->seq' = '&(s->d1->w_msg_hdr)->seq')),
	DisjunctSignature: label: <ISLLatentMemoryError, 0, 0>, 
		allocated: frozenset(), 
		deallocated: frozenset(), 
		return_formula: True, 
		formula: ((s->init_num = ('&(s->init_buf->data->msg_header)->msg_len' + 12)) & (is_ccs = '&(s->init_buf->data->msg_header)->is_ccs') & (is_ccs = 0) & ('&(s->init_buf->data->msg_header)->msg_len' = '&(s->init_buf->data->msg_header)->frag_len') & (! (s->init_num = 0)) & ('&(s->init_buf->data->msg_header)->frag_len' = '&(s->d1->w_msg_hdr)->msg_len')),
	DisjunctSignature: label: <ISLLatentMemoryError, 0, 0>, 
		allocated: frozenset(), 
		deallocated: frozenset(), 
		return_formula: True, 
		formula: (((s->init_num = ('&(s->init_buf->data->msg_header)->msg_len' + 3)) & ('&(s->init_buf->data->msg_header)->seq' = 0) & (is_ccs = '&(s->init_buf->data->msg_header)->is_ccs') & ('&(s->init_buf->data->msg_header)->msg_len' = '&(s->init_buf->data->msg_header)->frag_len') & (! (is_ccs = 0)) & (! (s->init_num = 0)) & ('&(s->init_buf->data->msg_header)->frag_len' = '&(s->d1->w_msg_hdr)->msg_len') & ('&(s->init_buf->data->msg_header)->seq' = '&(s->d1->w_msg_hdr)->seq') & ('&(s->init_buf->data->msg_header)->frag_off' = 0)) | ((s->init_num = ('&(s->init_buf->data->msg_header)->msg_len' + 3)) & ('&(s->init_buf->data->msg_header)->seq' = 0) & (is_ccs = '&(s->init_buf->data->msg_header)->is_ccs') & (! (is_ccs = 0)) & ('&(s->init_buf->data->msg_header)->msg_len' = '&(s->init_buf->data->msg_header)->frag_len') & (! (s->init_num = 0)) & ('&(s->init_buf->data->msg_header)->frag_len' = '&(s->d1->w_msg_hdr)->msg_len') & ('&(s->init_buf->data->msg_header)->seq' = '&(s->d1->w_msg_hdr)->seq') & ('&(s->init_buf->data->msg_header)->frag_off' = 0))),
	DisjunctSignature: label: <ISLLatentMemoryError, 0, 0>, 
		allocated: frozenset(), 
		deallocated: frozenset(), 
		return_formula: True, 
		formula: ((s->init_num = ('&(s->init_buf->data->msg_header)->msg_len' + 3)) & (is_ccs = '&(s->init_buf->data->msg_header)->is_ccs') & (! (is_ccs = 0)) & ('&(s->init_buf->data->msg_header)->msg_len' = '&(s->init_buf->data->msg_header)->frag_len') & (! (s->init_num = 0)) & ('&(s->init_buf->data->msg_header)->frag_len' = '&(s->d1->w_msg_hdr)->msg_len') & ('&(s->init_buf->data->msg_header)->frag_off' = 0)),
	DisjunctSignature: label: <ISLLatentMemoryError, 0, 0>, 
		allocated: frozenset(), 
		deallocated: frozenset(), 
		return_formula: True, 
		formula: (((s->init_num = ('&(s->init_buf->data->msg_header)->msg_len' + 1)) & ('&(s->init_buf->data->msg_header)->seq' = 0) & (s->version = 65279) & (is_ccs = '&(s->init_buf->data->msg_header)->is_ccs') & (! (is_ccs = 0)) & ('&(s->init_buf->data->msg_header)->msg_len' = '&(s->init_buf->data->msg_header)->frag_len') & (! (s->init_num = 0)) & ('&(s->init_buf->data->msg_header)->frag_len' = '&(s->d1->w_msg_hdr)->msg_len') & ('&(s->init_buf->data->msg_header)->seq' = '&(s->d1->w_msg_hdr)->seq') & ('&(s->init_buf->data->msg_header)->frag_off' = 0)) | (('&(s->init_buf->data->msg_header)->seq' = 0) & ('&(s->init_buf->data->msg_header)->seq' = '&(s->d1->w_msg_hdr)->seq') & (s->version = 65279) & (is_ccs = '&(s->init_buf->data->msg_header)->is_ccs') & (! (is_ccs = 0)) & ('&(s->init_buf->data->msg_header)->msg_len' = '&(s->init_buf->data->msg_header)->frag_len') & (! (s->init_num = 0)) & ('&(s->init_buf->data->msg_header)->frag_len' = '&(s->d1->w_msg_hdr)->msg_len') & (s->init_num = ('&(s->init_buf->data->msg_header)->msg_len' + 1)) & ('&(s->init_buf->data->msg_header)->frag_off' = 0))),
	DisjunctSignature: label: <ISLLatentMemoryError, 0, 0>, 
		allocated: frozenset(), 
		deallocated: frozenset(), 
		return_formula: True, 
		formula: ((s->version = 65279) & (is_ccs = '&(s->init_buf->data->msg_header)->is_ccs') & (! (is_ccs = 0)) & ('&(s->init_buf->data->msg_header)->msg_len' = '&(s->init_buf->data->msg_header)->frag_len') & (! (s->init_num = 0)) & ('&(s->init_buf->data->msg_header)->frag_len' = '&(s->d1->w_msg_hdr)->msg_len') & (s->init_num = ('&(s->init_buf->data->msg_header)->msg_len' + 1)) & ('&(s->init_buf->data->msg_header)->frag_off' = 0)),
	DisjunctSignature: label: <LatentAbortProgram, 1171, 1183>, 
		allocated: frozenset(), 
		deallocated: frozenset(), 
		return_formula: True, 
		formula: (s->init_num = 0),
	DisjunctSignature: label: <LatentAbortProgram, 1181, 1183>, 
		allocated: frozenset(), 
		deallocated: frozenset(), 
		return_formula: True, 
		formula: (! (s->init_num = 0)),
	DisjunctSignature: label: <LatentInvalidAccess, 1171, 1183>, 
		allocated: frozenset(), 
		deallocated: frozenset(), 
		return_formula: True, 
		formula: ((! (s->write_hash->pctx->pkey->engine->finish = 0)) & (! (s->write_hash->pctx->peerkey = 0)) & (s->write_hash->pctx->pkey->attributes->num = '&(&(s->init_buf->data->msg_header)->saved_retransmit_state)->write_hash->pctx->pkey->attributes->num') & (! (s->write_hash->pctx->peerkey->attributes = 0)) & (s->write_hash->pctx->pkey->references = '&(&(s->init_buf->data->msg_header)->saved_retransmit_state)->write_hash->pctx->pkey->references') & (! (s->write_hash->pctx->peerkey->attributes->data = 0)) & (s->write_hash->pctx->peerkey->attributes->num = '&(&(s->init_buf->data->msg_header)->saved_retransmit_state)->write_hash->pctx->peerkey->attributes->num') & (! (s->write_hash->pctx->peerkey->ameth = 0)) & (s->write_hash->pctx->peerkey->references = '&(&(s->init_buf->data->msg_header)->saved_retransmit_state)->write_hash->pctx->peerkey->references') & (! (s->write_hash->pctx->peerkey->ameth->pkey_free = 0)) & (! (s->write_hash->pctx->peerkey->engine = 0)) & ('&(s->init_buf->data->msg_header)->msg_len' = '&(s->init_buf->data->msg_header)->frag_len') & (! (s->write_hash->pctx->peerkey->engine->finish = 0)) & ('&(s->init_buf->data->msg_header)->frag_len' = '&(s->d1->w_msg_hdr)->msg_len') & (! (s->write_hash->pctx->engine = 0)) & ('&(s->init_buf->data->msg_header)->seq' = '&(s->d1->w_msg_hdr)->seq') & (! (s->write_hash->pctx->engine->finish = 0)) & (s->write_hash->engine->funct_ref = '&(&(s->init_buf->data->msg_header)->saved_retransmit_state)->write_hash->engine->funct_ref') & (! (s->write_hash->md_data = 0)) & (! (s->write_hash->digest->cleanup = 0)) & (! (s->write_hash->pctx->pkey->attributes->num = 0)) & (! (s->write_hash->pctx->peerkey->attributes->num = 0)) & (! (is_ccs = 0)) & (! (s->init_num = 0)) & (! (s->enc_write_ctx = 0)) & (! (s->write_hash = 0)) & (s->write_hash->pctx->pkey->references <= 1) & (s->write_hash->pctx->peerkey->references <= 1) & (! (s->enc_write_ctx->engine = 0)) & (! (s->enc_write_ctx->cipher_data = 0)) & (! (s->enc_write_ctx->cipher = 0)) & (! (id_callback = 0)) & (! (err_fns = 0)) & (! (s->write_hash->digest = 0)) & (s->version = 65279) & (! (s->init_buf->data->reassembly = 0)) & (! (s->init_buf->data->fragment = 0)) & (! (s->enc_write_ctx->engine->finish = 0)) & (s->init_num = ('&(s->init_buf->data->msg_header)->msg_len' + 1)) & ('&(s->init_buf->data->msg_header)->frag_off' = 0) & (s->write_hash->engine->funct_ref = 1) & ('&(s->init_buf->data->msg_header)->seq' = 0) & (s->write_hash->pctx->pkey->engine->finish = '&(&(s->init_buf->data->msg_header)->saved_retransmit_state)->write_hash->pctx->pkey->engine->finish') & (s->write_hash->pctx->peerkey = '&(&(s->init_buf->data->msg_header)->saved_retransmit_state)->write_hash->pctx->peerkey') & (s->enc_write_ctx->engine = '&(&(s->init_buf->data->msg_header)->saved_retransmit_state)->enc_write_ctx->engine') & (s->write_hash->pctx->peerkey->attributes = '&(&(s->init_buf->data->msg_header)->saved_retransmit_state)->write_hash->pctx->peerkey->attributes') & (s->write_hash->pctx->peerkey->attributes->data = '&(&(s->init_buf->data->msg_header)->saved_retransmit_state)->write_hash->pctx->peerkey->attributes->data') & (s->enc_write_ctx->cipher_data = '&(&(s->init_buf->data->msg_header)->saved_retransmit_state)->enc_write_ctx->cipher_data') & (s->write_hash->pctx->peerkey->ameth = '&(&(s->init_buf->data->msg_header)->saved_retransmit_state)->write_hash->pctx->peerkey->ameth') & (s->enc_write_ctx->cipher = '&(&(s->init_buf->data->msg_header)->saved_retransmit_state)->enc_write_ctx->cipher') & (s->write_hash->pctx->peerkey->ameth->pkey_free = '&(&(s->init_buf->data->msg_header)->saved_retransmit_state)->write_hash->pctx->peerkey->ameth->pkey_free') & (s->write_hash->pctx->peerkey->engine = '&(&(s->init_buf->data->msg_header)->saved_retransmit_state)->write_hash->pctx->peerkey->engine') & (s->write_hash->pctx->peerkey->engine->finish = '&(&(s->init_buf->data->msg_header)->saved_retransmit_state)->write_hash->pctx->peerkey->engine->finish') & (s->write_hash->digest = '&(&(s->init_buf->data->msg_header)->saved_retransmit_state)->write_hash->digest') & (s->write_hash->pctx->engine = '&(&(s->init_buf->data->msg_header)->saved_retransmit_state)->write_hash->pctx->engine') & (s->write_hash->pctx->engine->finish = '&(&(s->init_buf->data->msg_header)->saved_retransmit_state)->write_hash->pctx->engine->finish') & (s->write_hash->md_data = '&(&(s->init_buf->data->msg_header)->saved_retransmit_state)->write_hash->md_data') & (s->write_hash->digest->cleanup = '&(&(s->init_buf->data->msg_header)->saved_retransmit_state)->write_hash->digest->cleanup') & (is_ccs = '&(s->init_buf->data->msg_header)->is_ccs') & (s->enc_write_ctx = '&(&(s->init_buf->data->msg_header)->saved_retransmit_state)->enc_write_ctx') & (s->write_hash = '&(&(s->init_buf->data->msg_header)->saved_retransmit_state)->write_hash') & (s->enc_write_ctx->engine->finish = '&(&(s->init_buf->data->msg_header)->saved_retransmit_state)->enc_write_ctx->engine->finish') & (s->write_hash->engine = '&(&(s->init_buf->data->msg_header)->saved_retransmit_state)->write_hash->engine') & (s->write_hash->engine->finish = '&(&(s->init_buf->data->msg_header)->saved_retransmit_state)->write_hash->engine->finish') & (s->write_hash->pctx = '&(&(s->init_buf->data->msg_header)->saved_retransmit_state)->write_hash->pctx') & (! (s->write_hash->engine = 0)) & (s->write_hash->pctx->pmeth = '&(&(s->init_buf->data->msg_header)->saved_retransmit_state)->write_hash->pctx->pmeth') & (! (s->write_hash->engine->finish = 0)) & (s->write_hash->pctx->pmeth->cleanup = '&(&(s->init_buf->data->msg_header)->saved_retransmit_state)->write_hash->pctx->pmeth->cleanup') & (! (s->write_hash->pctx = 0)) & (s->write_hash->pctx->pkey = '&(&(s->init_buf->data->msg_header)->saved_retransmit_state)->write_hash->pctx->pkey') & (! (s->write_hash->pctx->pmeth = 0)) & (s->write_hash->pctx->pkey->attributes = '&(&(s->init_buf->data->msg_header)->saved_retransmit_state)->write_hash->pctx->pkey->attributes') & (! (s->write_hash->pctx->pmeth->cleanup = 0)) & (s->write_hash->pctx->pkey->attributes->data = '&(&(s->init_buf->data->msg_header)->saved_retransmit_state)->write_hash->pctx->pkey->attributes->data') & (! (s->write_hash->pctx->pkey = 0)) & (s->write_hash->pctx->pkey->ameth = '&(&(s->init_buf->data->msg_header)->saved_retransmit_state)->write_hash->pctx->pkey->ameth') & (! (s->write_hash->pctx->pkey->attributes = 0)) & (s->write_hash->pctx->pkey->ameth->pkey_free = '&(&(s->init_buf->data->msg_header)->saved_retransmit_state)->write_hash->pctx->pkey->ameth->pkey_free') & (! (s->write_hash->pctx->pkey->attributes->data = 0)) & (s->write_hash->pctx->pkey->engine = '&(&(s->init_buf->data->msg_header)->saved_retransmit_state)->write_hash->pctx->pkey->engine') & (! (s->write_hash->pctx->pkey->ameth = 0)) & (! (s->write_hash->pctx->pkey->ameth->pkey_free = 0)) & (! (s->write_hash->pctx->pkey->engine = 0))),
]
pe_increment: RewardType.NO
ppie_increment: RewardType.NO
Adding to Cluster cluster-L1183-4
Grammar: :INSERT POS CMD,CMD CMD,HEAP,POINTER = malloc ( sizeof ( * POINTER ) ) ;,HEAP,POINTER = POINTER_EXPR ;,POINTER
plausible count: 0
cumulative repetition: 1
Cluster pe increment: RewardType.NO
Cluster ppie increment: RewardType.NO
Prod probability update: s->init_buf->data : pe: 0.200=>0.200 ; ppie: 0.200=>0.200
Prod probability update: frag : pe: 0.200=>0.200 ; ppie: 0.200=>0.200
Prod probability update: s->init_buf : pe: 0.200=>0.200 ; ppie: 0.200=>0.200
Prod probability update: frag->fragment : pe: 0.200=>0.200 ; ppie: 0.200=>0.200
Prod probability update: s : pe: 0.200=>0.200 ; ppie: 0.200=>0.200
Prod probability update: s->init_buf->data : pe: 0.200=>0.200 ; ppie: 0.200=>0.200
Prod probability update: frag : pe: 0.200=>0.200 ; ppie: 0.200=>0.200
Prod probability update: s->init_buf : pe: 0.200=>0.200 ; ppie: 0.200=>0.200
Prod probability update: frag->fragment : pe: 0.200=>0.200 ; ppie: 0.200=>0.200
Prod probability update: s : pe: 0.200=>0.200 ; ppie: 0.200=>0.200
Prod probability update: POINTER : pe: 0.500=>0.500 ; ppie: 0.500=>0.500
Prod probability update: POINTER_CONST : pe: 0.500=>0.500 ; ppie: 0.500=>0.500
Prod probability update: POINTER = POINTER_EXPR ; : pe: 0.333=>0.333 ; ppie: 0.333=>0.333
Prod probability update: POINTER = malloc ( sizeof ( * POINTER ) ) ; : pe: 0.333=>0.333 ; ppie: 0.333=>0.333
Prod probability update: free ( POINTER ) ; : pe: 0.333=>0.333 ; ppie: 0.333=>0.333
Prod probability update: HEAP : pe: 0.150=>0.150 ; ppie: 0.167=>0.167
Prod probability update: CMD CMD : pe: 0.150=>0.150 ; ppie: 0.167=>0.167
Prod probability update: ID = ARITH_EXPR ; : pe: 0.150=>0.150 ; ppie: 0.167=>0.167
Prod probability update: return POINTER_EXPR ; : pe: 0.150=>0.150 ; ppie: 0.167=>0.167
Prod probability update: EXIT_STMT : pe: 0.250=>0.250 ; ppie: 0.167=>0.167
Prod probability update: if ( BOOL_EXPR ) { CMD } : pe: 0.150=>0.150 ; ppie: 0.167=>0.167
Prod probability update: BACK : pe: 0.500=>0.500 ; ppie: 0.500=>0.500
Prod probability update: FRONT : pe: 0.500=>0.500 ; ppie: 0.500=>0.500
Prod probability update: INSERT POS CMD : pe: 1.000=>1.000 ; ppie: 1.000=>1.000
Loc 1183: Ending repair loop since time budget is exceeded
Loc 1183: Repair loop finished
[Timer] Accumulated duration for patch-generation: 0.001s
[Timer] Average duration for patch-generation: 0.00024s
[Timer] Accumulated duration for probabilities-update: 0.010s
[Timer] Average duration for probabilities-update: 0.00194s
[Timer] Accumulated duration for patch-signature-generation: 13.726s
[Timer] Average duration for patch-signature-generation: 2.74516s
[Timer] Accumulated duration for footprint-generation: 5.593s
[Timer] Average duration for footprint-generation: 1.11865s
[Timer] Accumulated duration for patch-clustering: 14.330s
[Timer] Average duration for patch-clustering: 2.86594s
Number of prod-rule-combos: 4
Number of plausible prod-rule-combos: 0
Number of clusters: 5
Number of clustered patches: 5
Average number of patches per cluster:1.000
plausible-prod-combo-1: 0
plausible-prod-combo-2: 0
plausible-prod-combo-3: 0
plausible-prod-combo-4: 0
prod-combo-1: 1
prod-combo-2: 2
prod-combo-3: 1
prod-combo-4: 1
Explored 5/91334226744720287959846151753893852893868927187247001726557447812990880733987031569084647924128919499809878800284479013961006730713988367252741081219896747749318644976229832918154(0.000%) patches
[Timer] Duration for total-repair: 191.002s
Validating locally good clusters
Checking which clusters are locally good
Number of locally good clusters: 0
Locally good clusters are: []
[Timer] Duration for total-validation: 0.001s
Finalizing and exiting tool
[Timer] Duration for total-run-time: 301.228s
