[2026-01-21 06:04:41] This is codeql database create /effFix-experiment/effFix-benchmark/lxc/null-ptr-9-lxc/pre/codeql-db --language=cpp --threads=16 --command=make -j4
[2026-01-21 06:04:41] Log file was started late.
[2026-01-21 06:04:41] [PROGRESS] database create> Initializing database at /effFix-experiment/effFix-benchmark/lxc/null-ptr-9-lxc/pre/codeql-db.
[2026-01-21 06:04:41] Running plumbing command: codeql database init --language=cpp --source-root=/effFix-experiment/effFix-benchmark/lxc/null-ptr-9-lxc/src --allow-missing-source-root=false --allow-already-existing -- /effFix-experiment/effFix-benchmark/lxc/null-ptr-9-lxc/pre/codeql-db
[2026-01-21 06:04:41] Calling plumbing command: codeql resolve languages --format=json
[2026-01-21 06:04:41] [DETAILS] resolve languages> Scanning for [codeql-extractor.yml] from /opt/codeql/.codeqlmanifest.json
[2026-01-21 06:04:41] [DETAILS] resolve languages> Parsing /opt/codeql/properties/codeql-extractor.yml.
[2026-01-21 06:04:42] [DETAILS] resolve languages> Parsing /opt/codeql/java/codeql-extractor.yml.
[2026-01-21 06:04:42] [DETAILS] resolve languages> Parsing /opt/codeql/javascript/codeql-extractor.yml.
[2026-01-21 06:04:42] [DETAILS] resolve languages> Parsing /opt/codeql/csharp/codeql-extractor.yml.
[2026-01-21 06:04:42] [DETAILS] resolve languages> Parsing /opt/codeql/python/codeql-extractor.yml.
[2026-01-21 06:04:42] [DETAILS] resolve languages> Parsing /opt/codeql/ruby/codeql-extractor.yml.
[2026-01-21 06:04:42] [DETAILS] resolve languages> Parsing /opt/codeql/html/codeql-extractor.yml.
[2026-01-21 06:04:42] [DETAILS] resolve languages> Parsing /opt/codeql/csv/codeql-extractor.yml.
[2026-01-21 06:04:42] [DETAILS] resolve languages> Parsing /opt/codeql/xml/codeql-extractor.yml.
[2026-01-21 06:04:42] [DETAILS] resolve languages> Parsing /opt/codeql/go/codeql-extractor.yml.
[2026-01-21 06:04:42] [DETAILS] resolve languages> Parsing /opt/codeql/cpp/codeql-extractor.yml.
[2026-01-21 06:04:42] Plumbing command codeql resolve languages completed:
                      {
                        "extractors" : {
                          "properties" : [
                            {
                              "extractor_root" : "/opt/codeql/properties"
                            }
                          ],
                          "java" : [
                            {
                              "extractor_root" : "/opt/codeql/java",
                              "extractor_options" : {
                                "exclude" : {
                                  "title" : "A glob excluding files from analysis.",
                                  "description" : "A glob indicating what files to exclude from the analysis.\n",
                                  "type" : "string"
                                }
                              }
                            }
                          ],
                          "javascript" : [
                            {
                              "extractor_root" : "/opt/codeql/javascript",
                              "extractor_options" : { }
                            }
                          ],
                          "csharp" : [
                            {
                              "extractor_root" : "/opt/codeql/csharp",
                              "extractor_options" : {
                                "trap" : {
                                  "title" : "Options pertaining to TRAP.",
                                  "description" : "Options pertaining to TRAP.",
                                  "type" : "object",
                                  "properties" : {
                                    "compression" : {
                                      "title" : "Controls compression for the TRAP files written by the extractor.",
                                      "description" : "This option is only intended for use in debugging the extractor. Accepted values are 'brotli' (the default, to write brotli-compressed TRAP), 'gzip', and 'none' (to write uncompressed TRAP).\n",
                                      "type" : "string",
                                      "pattern" : "^(none|gzip|brotli)$"
                                    }
                                  }
                                },
                                "buildless" : {
                                  "title" : "Whether to use buildless (standalone) extraction.",
                                  "description" : "A value indicating, which type of extraction the autobuilder should perform. If 'true', then the standalone extractor will be used, otherwise tracing extraction will be performed. The default is 'false'. Note that buildless extraction will generally yield less accurate analysis results, and should only be used in cases where it is not possible to build the code (for example if it uses inaccessible dependencies).\n",
                                  "type" : "string",
                                  "pattern" : "^(false|true)$"
                                },
                                "cil" : {
                                  "title" : "Whether to enable CIL extraction.",
                                  "description" : "A value indicating, whether CIL extraction should be enabled. The default is 'true'.\n",
                                  "type" : "string",
                                  "pattern" : "^(false|true)$"
                                }
                              }
                            }
                          ],
                          "python" : [
                            {
                              "extractor_root" : "/opt/codeql/python"
                            }
                          ],
                          "ruby" : [
                            {
                              "extractor_root" : "/opt/codeql/ruby"
                            }
                          ],
                          "html" : [
                            {
                              "extractor_root" : "/opt/codeql/html"
                            }
                          ],
                          "csv" : [
                            {
                              "extractor_root" : "/opt/codeql/csv"
                            }
                          ],
                          "xml" : [
                            {
                              "extractor_root" : "/opt/codeql/xml"
                            }
                          ],
                          "go" : [
                            {
                              "extractor_root" : "/opt/codeql/go"
                            }
                          ],
                          "cpp" : [
                            {
                              "extractor_root" : "/opt/codeql/cpp"
                            }
                          ]
                        }
                      }
[2026-01-21 06:04:42] [PROGRESS] database init> Calculating baseline information in /effFix-experiment/effFix-benchmark/lxc/null-ptr-9-lxc/src
[2026-01-21 06:04:42] [SPAMMY] database init> Ignoring the following directories when processing baseline information: .git, .hg, .svn.
[2026-01-21 06:04:42] [DETAILS] database init> Running command in /effFix-experiment/effFix-benchmark/lxc/null-ptr-9-lxc/src: /opt/codeql/tools/linux64/scc --by-file --exclude-dir .git,.hg,.svn --format json .
[2026-01-21 06:04:42] [SPAMMY] database init> Found 163 baseline files for cpp.
[2026-01-21 06:04:42] [SPAMMY] database init> Found 7 baseline files for python.
[2026-01-21 06:04:42] [PROGRESS] database init> Calculated baseline information for languages: cpp, python (172ms).
[2026-01-21 06:04:42] [PROGRESS] database init> Resolving extractor cpp.
[2026-01-21 06:04:42] [DETAILS] database init> Found candidate extractor root for cpp: /opt/codeql/cpp.
[2026-01-21 06:04:42] [PROGRESS] database init> Successfully loaded extractor C/C++ (cpp) from /opt/codeql/cpp.
[2026-01-21 06:04:42] [PROGRESS] database init> Created skeleton CodeQL database at /effFix-experiment/effFix-benchmark/lxc/null-ptr-9-lxc/pre/codeql-db. This in-progress database is ready to be populated by an extractor.
[2026-01-21 06:04:42] Plumbing command codeql database init completed.
[2026-01-21 06:04:42] [PROGRESS] database create> Running build command: [make, -j4]
[2026-01-21 06:04:42] Running plumbing command: codeql database trace-command --threads=16 --working-dir=/effFix-experiment/effFix-benchmark/lxc/null-ptr-9-lxc/src --index-traceless-dbs --no-db-cluster -- /effFix-experiment/effFix-benchmark/lxc/null-ptr-9-lxc/pre/codeql-db make -j4
[2026-01-21 06:04:42] [PROGRESS] database trace-command> Running command in /effFix-experiment/effFix-benchmark/lxc/null-ptr-9-lxc/src: [make, -j4]
[2026-01-21 06:04:42] [build-stdout] Making all in config
[2026-01-21 06:04:42] [build-stdout] make[1]: Entering directory '/effFix-experiment/effFix-benchmark/lxc/null-ptr-9-lxc/src/config'
[2026-01-21 06:04:42] [build-stdout] Making all in apparmor
[2026-01-21 06:04:42] [build-stdout] make[2]: Entering directory '/effFix-experiment/effFix-benchmark/lxc/null-ptr-9-lxc/src/config/apparmor'
[2026-01-21 06:04:42] [build-stdout] make[2]: Nothing to be done for 'all'.
[2026-01-21 06:04:42] [build-stdout] make[2]: Leaving directory '/effFix-experiment/effFix-benchmark/lxc/null-ptr-9-lxc/src/config/apparmor'
[2026-01-21 06:04:42] [build-stdout] Making all in bash
[2026-01-21 06:04:42] [build-stdout] make[2]: Entering directory '/effFix-experiment/effFix-benchmark/lxc/null-ptr-9-lxc/src/config/bash'
[2026-01-21 06:04:42] [build-stdout] make[2]: Nothing to be done for 'all'.
[2026-01-21 06:04:42] [build-stdout] make[2]: Leaving directory '/effFix-experiment/effFix-benchmark/lxc/null-ptr-9-lxc/src/config/bash'
[2026-01-21 06:04:42] [build-stdout] Making all in etc
[2026-01-21 06:04:42] [build-stdout] make[2]: Entering directory '/effFix-experiment/effFix-benchmark/lxc/null-ptr-9-lxc/src/config/etc'
[2026-01-21 06:04:42] [build-stdout] make[2]: Nothing to be done for 'all'.
[2026-01-21 06:04:42] [build-stdout] make[2]: Leaving directory '/effFix-experiment/effFix-benchmark/lxc/null-ptr-9-lxc/src/config/etc'
[2026-01-21 06:04:42] [build-stdout] Making all in init
[2026-01-21 06:04:42] [build-stdout] make[2]: Entering directory '/effFix-experiment/effFix-benchmark/lxc/null-ptr-9-lxc/src/config/init'
[2026-01-21 06:04:42] [build-stdout] Making all in common
[2026-01-21 06:04:42] [build-stdout] make[3]: Entering directory '/effFix-experiment/effFix-benchmark/lxc/null-ptr-9-lxc/src/config/init/common'
[2026-01-21 06:04:42] [build-stdout] make[3]: Nothing to be done for 'all'.
[2026-01-21 06:04:42] [build-stdout] make[3]: Leaving directory '/effFix-experiment/effFix-benchmark/lxc/null-ptr-9-lxc/src/config/init/common'
[2026-01-21 06:04:42] [build-stdout] Making all in systemd
[2026-01-21 06:04:42] [build-stdout] make[3]: Entering directory '/effFix-experiment/effFix-benchmark/lxc/null-ptr-9-lxc/src/config/init/systemd'
[2026-01-21 06:04:42] [build-stdout] /usr/bin/make  all-am
[2026-01-21 06:04:42] [build-stdout] make[4]: Entering directory '/effFix-experiment/effFix-benchmark/lxc/null-ptr-9-lxc/src/config/init/systemd'
[2026-01-21 06:04:42] [build-stdout] make[4]: Nothing to be done for 'all-am'.
[2026-01-21 06:04:42] [build-stdout] make[4]: Leaving directory '/effFix-experiment/effFix-benchmark/lxc/null-ptr-9-lxc/src/config/init/systemd'
[2026-01-21 06:04:42] [build-stdout] make[3]: Leaving directory '/effFix-experiment/effFix-benchmark/lxc/null-ptr-9-lxc/src/config/init/systemd'
[2026-01-21 06:04:42] [build-stdout] Making all in sysvinit
[2026-01-21 06:04:42] [build-stdout] make[3]: Entering directory '/effFix-experiment/effFix-benchmark/lxc/null-ptr-9-lxc/src/config/init/sysvinit'
[2026-01-21 06:04:42] [build-stdout] make[3]: Nothing to be done for 'all'.
[2026-01-21 06:04:42] [build-stdout] make[3]: Leaving directory '/effFix-experiment/effFix-benchmark/lxc/null-ptr-9-lxc/src/config/init/sysvinit'
[2026-01-21 06:04:42] [build-stdout] Making all in upstart
[2026-01-21 06:04:42] [build-stdout] make[3]: Entering directory '/effFix-experiment/effFix-benchmark/lxc/null-ptr-9-lxc/src/config/init/upstart'
[2026-01-21 06:04:42] [build-stdout] make[3]: Nothing to be done for 'all'.
[2026-01-21 06:04:42] [build-stdout] make[3]: Leaving directory '/effFix-experiment/effFix-benchmark/lxc/null-ptr-9-lxc/src/config/init/upstart'
[2026-01-21 06:04:42] [build-stdout] make[3]: Entering directory '/effFix-experiment/effFix-benchmark/lxc/null-ptr-9-lxc/src/config/init'
[2026-01-21 06:04:42] [build-stdout] make[3]: Nothing to be done for 'all-am'.
[2026-01-21 06:04:42] [build-stdout] make[3]: Leaving directory '/effFix-experiment/effFix-benchmark/lxc/null-ptr-9-lxc/src/config/init'
[2026-01-21 06:04:42] [build-stdout] make[2]: Leaving directory '/effFix-experiment/effFix-benchmark/lxc/null-ptr-9-lxc/src/config/init'
[2026-01-21 06:04:42] [build-stdout] Making all in selinux
[2026-01-21 06:04:42] [build-stdout] make[2]: Entering directory '/effFix-experiment/effFix-benchmark/lxc/null-ptr-9-lxc/src/config/selinux'
[2026-01-21 06:04:42] [build-stdout] make[2]: Nothing to be done for 'all'.
[2026-01-21 06:04:42] [build-stdout] make[2]: Leaving directory '/effFix-experiment/effFix-benchmark/lxc/null-ptr-9-lxc/src/config/selinux'
[2026-01-21 06:04:42] [build-stdout] Making all in templates
[2026-01-21 06:04:42] [build-stdout] make[2]: Entering directory '/effFix-experiment/effFix-benchmark/lxc/null-ptr-9-lxc/src/config/templates'
[2026-01-21 06:04:42] [build-stdout] Making all in common.conf.d
[2026-01-21 06:04:42] [build-stdout] make[3]: Entering directory '/effFix-experiment/effFix-benchmark/lxc/null-ptr-9-lxc/src/config/templates/common.conf.d'
[2026-01-21 06:04:42] [build-stdout] make[3]: Nothing to be done for 'all'.
[2026-01-21 06:04:42] [build-stdout] make[3]: Leaving directory '/effFix-experiment/effFix-benchmark/lxc/null-ptr-9-lxc/src/config/templates/common.conf.d'
[2026-01-21 06:04:42] [build-stdout] make[3]: Entering directory '/effFix-experiment/effFix-benchmark/lxc/null-ptr-9-lxc/src/config/templates'
[2026-01-21 06:04:42] [build-stdout] make[3]: Nothing to be done for 'all-am'.
[2026-01-21 06:04:42] [build-stdout] make[3]: Leaving directory '/effFix-experiment/effFix-benchmark/lxc/null-ptr-9-lxc/src/config/templates'
[2026-01-21 06:04:42] [build-stdout] make[2]: Leaving directory '/effFix-experiment/effFix-benchmark/lxc/null-ptr-9-lxc/src/config/templates'
[2026-01-21 06:04:42] [build-stdout] Making all in yum
[2026-01-21 06:04:42] [build-stdout] make[2]: Entering directory '/effFix-experiment/effFix-benchmark/lxc/null-ptr-9-lxc/src/config/yum'
[2026-01-21 06:04:42] [build-stdout] make[2]: Nothing to be done for 'all'.
[2026-01-21 06:04:42] [build-stdout] make[2]: Leaving directory '/effFix-experiment/effFix-benchmark/lxc/null-ptr-9-lxc/src/config/yum'
[2026-01-21 06:04:42] [build-stdout] Making all in sysconfig
[2026-01-21 06:04:42] [build-stdout] make[2]: Entering directory '/effFix-experiment/effFix-benchmark/lxc/null-ptr-9-lxc/src/config/sysconfig'
[2026-01-21 06:04:42] [build-stdout] make[2]: Nothing to be done for 'all'.
[2026-01-21 06:04:42] [build-stdout] make[2]: Leaving directory '/effFix-experiment/effFix-benchmark/lxc/null-ptr-9-lxc/src/config/sysconfig'
[2026-01-21 06:04:42] [build-stdout] make[2]: Entering directory '/effFix-experiment/effFix-benchmark/lxc/null-ptr-9-lxc/src/config'
[2026-01-21 06:04:42] [build-stdout] make[2]: Nothing to be done for 'all-am'.
[2026-01-21 06:04:42] [build-stdout] make[2]: Leaving directory '/effFix-experiment/effFix-benchmark/lxc/null-ptr-9-lxc/src/config'
[2026-01-21 06:04:42] [build-stdout] make[1]: Leaving directory '/effFix-experiment/effFix-benchmark/lxc/null-ptr-9-lxc/src/config'
[2026-01-21 06:04:42] [build-stdout] Making all in src
[2026-01-21 06:04:42] [build-stdout] make[1]: Entering directory '/effFix-experiment/effFix-benchmark/lxc/null-ptr-9-lxc/src/src'
[2026-01-21 06:04:42] [build-stdout] /usr/bin/make  all-recursive
[2026-01-21 06:04:42] [build-stdout] make[2]: Entering directory '/effFix-experiment/effFix-benchmark/lxc/null-ptr-9-lxc/src/src'
[2026-01-21 06:04:42] [build-stdout] Making all in lxc
[2026-01-21 06:04:42] [build-stdout] make[3]: Entering directory '/effFix-experiment/effFix-benchmark/lxc/null-ptr-9-lxc/src/src/lxc'
[2026-01-21 06:04:42] [build-stdout] /bin/bash ../../libtool  --tag=CC   --mode=compile clang -DHAVE_CONFIG_H -I. -I../../src    -fPIC -DPIC -DLXCROOTFSMOUNT=\"/usr/local/lib/lxc/rootfs\" -DLXCPATH=\"/usr/local/var/lib/lxc\" -DLXC_GLOBAL_CONF=\"/usr/local/etc/lxc/lxc.conf\" -DLXCINITDIR=\"/usr/local/libexec\" -DLIBEXECDIR=\"/usr/local/libexec\" -DLXCTEMPLATEDIR=\"/usr/local/share/lxc/templates\" -DLXCTEMPLATECONFIG=\"/usr/local/share/lxc/config\" -DLOGPATH=\"/usr/local/var/log/lxc\" -DLXC_DEFAULT_CONFIG=\"/usr/local/etc/lxc/default.conf\" -DLXC_USERNIC_DB=\"/run/lxc/nics\" -DLXC_USERNIC_CONF=\"/usr/local/etc/lxc/lxc-usernet\" -DDEFAULT_CGROUP_PATTERN=\"/lxc/%n\" -DRUNTIME_PATH=\"/run\" -DSBINDIR=\"/usr/local/sbin\" -I ../../src -I ../../src/lxc -I ../../src/lxc/bdev -I ../../src/lxc/cgroups      -pthread  -g -O2 -Wall -Werror -MT liblxc_la-arguments.lo -MD -MP -MF .deps/liblxc_la-arguments.Tpo -c -o liblxc_la-arguments.lo `test -f 'arguments.c' || echo './'`arguments.c
[2026-01-21 06:04:42] [build-stdout] /bin/bash ../../libtool  --tag=CC   --mode=compile clang -DHAVE_CONFIG_H -I. -I../../src    -fPIC -DPIC -DLXCROOTFSMOUNT=\"/usr/local/lib/lxc/rootfs\" -DLXCPATH=\"/usr/local/var/lib/lxc\" -DLXC_GLOBAL_CONF=\"/usr/local/etc/lxc/lxc.conf\" -DLXCINITDIR=\"/usr/local/libexec\" -DLIBEXECDIR=\"/usr/local/libexec\" -DLXCTEMPLATEDIR=\"/usr/local/share/lxc/templates\" -DLXCTEMPLATECONFIG=\"/usr/local/share/lxc/config\" -DLOGPATH=\"/usr/local/var/log/lxc\" -DLXC_DEFAULT_CONFIG=\"/usr/local/etc/lxc/default.conf\" -DLXC_USERNIC_DB=\"/run/lxc/nics\" -DLXC_USERNIC_CONF=\"/usr/local/etc/lxc/lxc-usernet\" -DDEFAULT_CGROUP_PATTERN=\"/lxc/%n\" -DRUNTIME_PATH=\"/run\" -DSBINDIR=\"/usr/local/sbin\" -I ../../src -I ../../src/lxc -I ../../src/lxc/bdev -I ../../src/lxc/cgroups      -pthread  -g -O2 -Wall -Werror -MT liblxc_la-commands.lo -MD -MP -MF .deps/liblxc_la-commands.Tpo -c -o liblxc_la-commands.lo `test -f 'commands.c' || echo './'`commands.c
[2026-01-21 06:04:42] [build-stdout] /bin/bash ../../libtool  --tag=CC   --mode=compile clang -DHAVE_CONFIG_H -I. -I../../src    -fPIC -DPIC -DLXCROOTFSMOUNT=\"/usr/local/lib/lxc/rootfs\" -DLXCPATH=\"/usr/local/var/lib/lxc\" -DLXC_GLOBAL_CONF=\"/usr/local/etc/lxc/lxc.conf\" -DLXCINITDIR=\"/usr/local/libexec\" -DLIBEXECDIR=\"/usr/local/libexec\" -DLXCTEMPLATEDIR=\"/usr/local/share/lxc/templates\" -DLXCTEMPLATECONFIG=\"/usr/local/share/lxc/config\" -DLOGPATH=\"/usr/local/var/log/lxc\" -DLXC_DEFAULT_CONFIG=\"/usr/local/etc/lxc/default.conf\" -DLXC_USERNIC_DB=\"/run/lxc/nics\" -DLXC_USERNIC_CONF=\"/usr/local/etc/lxc/lxc-usernet\" -DDEFAULT_CGROUP_PATTERN=\"/lxc/%n\" -DRUNTIME_PATH=\"/run\" -DSBINDIR=\"/usr/local/sbin\" -I ../../src -I ../../src/lxc -I ../../src/lxc/bdev -I ../../src/lxc/cgroups      -pthread  -g -O2 -Wall -Werror -MT liblxc_la-start.lo -MD -MP -MF .deps/liblxc_la-start.Tpo -c -o liblxc_la-start.lo `test -f 'start.c' || echo './'`start.c
[2026-01-21 06:04:42] [build-stdout] /bin/bash ../../libtool  --tag=CC   --mode=compile clang -DHAVE_CONFIG_H -I. -I../../src    -fPIC -DPIC -DLXCROOTFSMOUNT=\"/usr/local/lib/lxc/rootfs\" -DLXCPATH=\"/usr/local/var/lib/lxc\" -DLXC_GLOBAL_CONF=\"/usr/local/etc/lxc/lxc.conf\" -DLXCINITDIR=\"/usr/local/libexec\" -DLIBEXECDIR=\"/usr/local/libexec\" -DLXCTEMPLATEDIR=\"/usr/local/share/lxc/templates\" -DLXCTEMPLATECONFIG=\"/usr/local/share/lxc/config\" -DLOGPATH=\"/usr/local/var/log/lxc\" -DLXC_DEFAULT_CONFIG=\"/usr/local/etc/lxc/default.conf\" -DLXC_USERNIC_DB=\"/run/lxc/nics\" -DLXC_USERNIC_CONF=\"/usr/local/etc/lxc/lxc-usernet\" -DDEFAULT_CGROUP_PATTERN=\"/lxc/%n\" -DRUNTIME_PATH=\"/run\" -DSBINDIR=\"/usr/local/sbin\" -I ../../src -I ../../src/lxc -I ../../src/lxc/bdev -I ../../src/lxc/cgroups      -pthread  -g -O2 -Wall -Werror -MT liblxc_la-execute.lo -MD -MP -MF .deps/liblxc_la-execute.Tpo -c -o liblxc_la-execute.lo `test -f 'execute.c' || echo './'`execute.c
[2026-01-21 06:04:43] [build-stdout] libtool: compile:  clang -DHAVE_CONFIG_H -I. -I../../src -fPIC -DPIC -DLXCROOTFSMOUNT=\"/usr/local/lib/lxc/rootfs\" -DLXCPATH=\"/usr/local/var/lib/lxc\" -DLXC_GLOBAL_CONF=\"/usr/local/etc/lxc/lxc.conf\" -DLXCINITDIR=\"/usr/local/libexec\" -DLIBEXECDIR=\"/usr/local/libexec\" -DLXCTEMPLATEDIR=\"/usr/local/share/lxc/templates\" -DLXCTEMPLATECONFIG=\"/usr/local/share/lxc/config\" -DLOGPATH=\"/usr/local/var/log/lxc\" -DLXC_DEFAULT_CONFIG=\"/usr/local/etc/lxc/default.conf\" -DLXC_USERNIC_DB=\"/run/lxc/nics\" -DLXC_USERNIC_CONF=\"/usr/local/etc/lxc/lxc-usernet\" -DDEFAULT_CGROUP_PATTERN=\"/lxc/%n\" -DRUNTIME_PATH=\"/run\" -DSBINDIR=\"/usr/local/sbin\" -I ../../src -I ../../src/lxc -I ../../src/lxc/bdev -I ../../src/lxc/cgroups -pthread -g -O2 -Wall -Werror -MT liblxc_la-arguments.lo -MD -MP -MF .deps/liblxc_la-arguments.Tpo -c arguments.c  -fPIC -DPIC -o .libs/liblxc_la-arguments.o
[2026-01-21 06:04:43] [build-stdout] libtool: compile:  clang -DHAVE_CONFIG_H -I. -I../../src -fPIC -DPIC -DLXCROOTFSMOUNT=\"/usr/local/lib/lxc/rootfs\" -DLXCPATH=\"/usr/local/var/lib/lxc\" -DLXC_GLOBAL_CONF=\"/usr/local/etc/lxc/lxc.conf\" -DLXCINITDIR=\"/usr/local/libexec\" -DLIBEXECDIR=\"/usr/local/libexec\" -DLXCTEMPLATEDIR=\"/usr/local/share/lxc/templates\" -DLXCTEMPLATECONFIG=\"/usr/local/share/lxc/config\" -DLOGPATH=\"/usr/local/var/log/lxc\" -DLXC_DEFAULT_CONFIG=\"/usr/local/etc/lxc/default.conf\" -DLXC_USERNIC_DB=\"/run/lxc/nics\" -DLXC_USERNIC_CONF=\"/usr/local/etc/lxc/lxc-usernet\" -DDEFAULT_CGROUP_PATTERN=\"/lxc/%n\" -DRUNTIME_PATH=\"/run\" -DSBINDIR=\"/usr/local/sbin\" -I ../../src -I ../../src/lxc -I ../../src/lxc/bdev -I ../../src/lxc/cgroups -pthread -g -O2 -Wall -Werror -MT liblxc_la-commands.lo -MD -MP -MF .deps/liblxc_la-commands.Tpo -c commands.c  -fPIC -DPIC -o .libs/liblxc_la-commands.o
[2026-01-21 06:04:43] [build-stdout] libtool: compile:  clang -DHAVE_CONFIG_H -I. -I../../src -fPIC -DPIC -DLXCROOTFSMOUNT=\"/usr/local/lib/lxc/rootfs\" -DLXCPATH=\"/usr/local/var/lib/lxc\" -DLXC_GLOBAL_CONF=\"/usr/local/etc/lxc/lxc.conf\" -DLXCINITDIR=\"/usr/local/libexec\" -DLIBEXECDIR=\"/usr/local/libexec\" -DLXCTEMPLATEDIR=\"/usr/local/share/lxc/templates\" -DLXCTEMPLATECONFIG=\"/usr/local/share/lxc/config\" -DLOGPATH=\"/usr/local/var/log/lxc\" -DLXC_DEFAULT_CONFIG=\"/usr/local/etc/lxc/default.conf\" -DLXC_USERNIC_DB=\"/run/lxc/nics\" -DLXC_USERNIC_CONF=\"/usr/local/etc/lxc/lxc-usernet\" -DDEFAULT_CGROUP_PATTERN=\"/lxc/%n\" -DRUNTIME_PATH=\"/run\" -DSBINDIR=\"/usr/local/sbin\" -I ../../src -I ../../src/lxc -I ../../src/lxc/bdev -I ../../src/lxc/cgroups -pthread -g -O2 -Wall -Werror -MT liblxc_la-execute.lo -MD -MP -MF .deps/liblxc_la-execute.Tpo -c execute.c  -fPIC -DPIC -o .libs/liblxc_la-execute.o
[2026-01-21 06:04:43] [build-stdout] libtool: compile:  clang -DHAVE_CONFIG_H -I. -I../../src -fPIC -DPIC -DLXCROOTFSMOUNT=\"/usr/local/lib/lxc/rootfs\" -DLXCPATH=\"/usr/local/var/lib/lxc\" -DLXC_GLOBAL_CONF=\"/usr/local/etc/lxc/lxc.conf\" -DLXCINITDIR=\"/usr/local/libexec\" -DLIBEXECDIR=\"/usr/local/libexec\" -DLXCTEMPLATEDIR=\"/usr/local/share/lxc/templates\" -DLXCTEMPLATECONFIG=\"/usr/local/share/lxc/config\" -DLOGPATH=\"/usr/local/var/log/lxc\" -DLXC_DEFAULT_CONFIG=\"/usr/local/etc/lxc/default.conf\" -DLXC_USERNIC_DB=\"/run/lxc/nics\" -DLXC_USERNIC_CONF=\"/usr/local/etc/lxc/lxc-usernet\" -DDEFAULT_CGROUP_PATTERN=\"/lxc/%n\" -DRUNTIME_PATH=\"/run\" -DSBINDIR=\"/usr/local/sbin\" -I ../../src -I ../../src/lxc -I ../../src/lxc/bdev -I ../../src/lxc/cgroups -pthread -g -O2 -Wall -Werror -MT liblxc_la-start.lo -MD -MP -MF .deps/liblxc_la-start.Tpo -c start.c  -fPIC -DPIC -o .libs/liblxc_la-start.o
[2026-01-21 06:04:45] [build-stdout] libtool: compile:  clang -DHAVE_CONFIG_H -I. -I../../src -fPIC -DPIC -DLXCROOTFSMOUNT=\"/usr/local/lib/lxc/rootfs\" -DLXCPATH=\"/usr/local/var/lib/lxc\" -DLXC_GLOBAL_CONF=\"/usr/local/etc/lxc/lxc.conf\" -DLXCINITDIR=\"/usr/local/libexec\" -DLIBEXECDIR=\"/usr/local/libexec\" -DLXCTEMPLATEDIR=\"/usr/local/share/lxc/templates\" -DLXCTEMPLATECONFIG=\"/usr/local/share/lxc/config\" -DLOGPATH=\"/usr/local/var/log/lxc\" -DLXC_DEFAULT_CONFIG=\"/usr/local/etc/lxc/default.conf\" -DLXC_USERNIC_DB=\"/run/lxc/nics\" -DLXC_USERNIC_CONF=\"/usr/local/etc/lxc/lxc-usernet\" -DDEFAULT_CGROUP_PATTERN=\"/lxc/%n\" -DRUNTIME_PATH=\"/run\" -DSBINDIR=\"/usr/local/sbin\" -I ../../src -I ../../src/lxc -I ../../src/lxc/bdev -I ../../src/lxc/cgroups -pthread -g -O2 -Wall -Werror -MT liblxc_la-arguments.lo -MD -MP -MF .deps/liblxc_la-arguments.Tpo -c arguments.c -o liblxc_la-arguments.o >/dev/null 2>&1
[2026-01-21 06:04:45] [build-stdout] libtool: compile:  clang -DHAVE_CONFIG_H -I. -I../../src -fPIC -DPIC -DLXCROOTFSMOUNT=\"/usr/local/lib/lxc/rootfs\" -DLXCPATH=\"/usr/local/var/lib/lxc\" -DLXC_GLOBAL_CONF=\"/usr/local/etc/lxc/lxc.conf\" -DLXCINITDIR=\"/usr/local/libexec\" -DLIBEXECDIR=\"/usr/local/libexec\" -DLXCTEMPLATEDIR=\"/usr/local/share/lxc/templates\" -DLXCTEMPLATECONFIG=\"/usr/local/share/lxc/config\" -DLOGPATH=\"/usr/local/var/log/lxc\" -DLXC_DEFAULT_CONFIG=\"/usr/local/etc/lxc/default.conf\" -DLXC_USERNIC_DB=\"/run/lxc/nics\" -DLXC_USERNIC_CONF=\"/usr/local/etc/lxc/lxc-usernet\" -DDEFAULT_CGROUP_PATTERN=\"/lxc/%n\" -DRUNTIME_PATH=\"/run\" -DSBINDIR=\"/usr/local/sbin\" -I ../../src -I ../../src/lxc -I ../../src/lxc/bdev -I ../../src/lxc/cgroups -pthread -g -O2 -Wall -Werror -MT liblxc_la-execute.lo -MD -MP -MF .deps/liblxc_la-execute.Tpo -c execute.c -o liblxc_la-execute.o >/dev/null 2>&1
[2026-01-21 06:04:45] [build-stdout] libtool: compile:  clang -DHAVE_CONFIG_H -I. -I../../src -fPIC -DPIC -DLXCROOTFSMOUNT=\"/usr/local/lib/lxc/rootfs\" -DLXCPATH=\"/usr/local/var/lib/lxc\" -DLXC_GLOBAL_CONF=\"/usr/local/etc/lxc/lxc.conf\" -DLXCINITDIR=\"/usr/local/libexec\" -DLIBEXECDIR=\"/usr/local/libexec\" -DLXCTEMPLATEDIR=\"/usr/local/share/lxc/templates\" -DLXCTEMPLATECONFIG=\"/usr/local/share/lxc/config\" -DLOGPATH=\"/usr/local/var/log/lxc\" -DLXC_DEFAULT_CONFIG=\"/usr/local/etc/lxc/default.conf\" -DLXC_USERNIC_DB=\"/run/lxc/nics\" -DLXC_USERNIC_CONF=\"/usr/local/etc/lxc/lxc-usernet\" -DDEFAULT_CGROUP_PATTERN=\"/lxc/%n\" -DRUNTIME_PATH=\"/run\" -DSBINDIR=\"/usr/local/sbin\" -I ../../src -I ../../src/lxc -I ../../src/lxc/bdev -I ../../src/lxc/cgroups -pthread -g -O2 -Wall -Werror -MT liblxc_la-commands.lo -MD -MP -MF .deps/liblxc_la-commands.Tpo -c commands.c -o liblxc_la-commands.o >/dev/null 2>&1
[2026-01-21 06:04:46] [build-stdout] libtool: compile:  clang -DHAVE_CONFIG_H -I. -I../../src -fPIC -DPIC -DLXCROOTFSMOUNT=\"/usr/local/lib/lxc/rootfs\" -DLXCPATH=\"/usr/local/var/lib/lxc\" -DLXC_GLOBAL_CONF=\"/usr/local/etc/lxc/lxc.conf\" -DLXCINITDIR=\"/usr/local/libexec\" -DLIBEXECDIR=\"/usr/local/libexec\" -DLXCTEMPLATEDIR=\"/usr/local/share/lxc/templates\" -DLXCTEMPLATECONFIG=\"/usr/local/share/lxc/config\" -DLOGPATH=\"/usr/local/var/log/lxc\" -DLXC_DEFAULT_CONFIG=\"/usr/local/etc/lxc/default.conf\" -DLXC_USERNIC_DB=\"/run/lxc/nics\" -DLXC_USERNIC_CONF=\"/usr/local/etc/lxc/lxc-usernet\" -DDEFAULT_CGROUP_PATTERN=\"/lxc/%n\" -DRUNTIME_PATH=\"/run\" -DSBINDIR=\"/usr/local/sbin\" -I ../../src -I ../../src/lxc -I ../../src/lxc/bdev -I ../../src/lxc/cgroups -pthread -g -O2 -Wall -Werror -MT liblxc_la-start.lo -MD -MP -MF .deps/liblxc_la-start.Tpo -c start.c -o liblxc_la-start.o >/dev/null 2>&1
[2026-01-21 06:04:46] [build-stdout] mv -f .deps/liblxc_la-arguments.Tpo .deps/liblxc_la-arguments.Plo
[2026-01-21 06:04:46] [build-stdout] /bin/bash ../../libtool  --tag=CC   --mode=compile clang -DHAVE_CONFIG_H -I. -I../../src    -fPIC -DPIC -DLXCROOTFSMOUNT=\"/usr/local/lib/lxc/rootfs\" -DLXCPATH=\"/usr/local/var/lib/lxc\" -DLXC_GLOBAL_CONF=\"/usr/local/etc/lxc/lxc.conf\" -DLXCINITDIR=\"/usr/local/libexec\" -DLIBEXECDIR=\"/usr/local/libexec\" -DLXCTEMPLATEDIR=\"/usr/local/share/lxc/templates\" -DLXCTEMPLATECONFIG=\"/usr/local/share/lxc/config\" -DLOGPATH=\"/usr/local/var/log/lxc\" -DLXC_DEFAULT_CONFIG=\"/usr/local/etc/lxc/default.conf\" -DLXC_USERNIC_DB=\"/run/lxc/nics\" -DLXC_USERNIC_CONF=\"/usr/local/etc/lxc/lxc-usernet\" -DDEFAULT_CGROUP_PATTERN=\"/lxc/%n\" -DRUNTIME_PATH=\"/run\" -DSBINDIR=\"/usr/local/sbin\" -I ../../src -I ../../src/lxc -I ../../src/lxc/bdev -I ../../src/lxc/cgroups      -pthread  -g -O2 -Wall -Werror -MT liblxc_la-monitor.lo -MD -MP -MF .deps/liblxc_la-monitor.Tpo -c -o liblxc_la-monitor.lo `test -f 'monitor.c' || echo './'`monitor.c
[2026-01-21 06:04:46] [build-stdout] mv -f .deps/liblxc_la-execute.Tpo .deps/liblxc_la-execute.Plo
[2026-01-21 06:04:46] [build-stdout] /bin/bash ../../libtool  --tag=CC   --mode=compile clang -DHAVE_CONFIG_H -I. -I../../src    -fPIC -DPIC -DLXCROOTFSMOUNT=\"/usr/local/lib/lxc/rootfs\" -DLXCPATH=\"/usr/local/var/lib/lxc\" -DLXC_GLOBAL_CONF=\"/usr/local/etc/lxc/lxc.conf\" -DLXCINITDIR=\"/usr/local/libexec\" -DLIBEXECDIR=\"/usr/local/libexec\" -DLXCTEMPLATEDIR=\"/usr/local/share/lxc/templates\" -DLXCTEMPLATECONFIG=\"/usr/local/share/lxc/config\" -DLOGPATH=\"/usr/local/var/log/lxc\" -DLXC_DEFAULT_CONFIG=\"/usr/local/etc/lxc/default.conf\" -DLXC_USERNIC_DB=\"/run/lxc/nics\" -DLXC_USERNIC_CONF=\"/usr/local/etc/lxc/lxc-usernet\" -DDEFAULT_CGROUP_PATTERN=\"/lxc/%n\" -DRUNTIME_PATH=\"/run\" -DSBINDIR=\"/usr/local/sbin\" -I ../../src -I ../../src/lxc -I ../../src/lxc/bdev -I ../../src/lxc/cgroups      -pthread  -g -O2 -Wall -Werror -MT liblxc_la-console.lo -MD -MP -MF .deps/liblxc_la-console.Tpo -c -o liblxc_la-console.lo `test -f 'console.c' || echo './'`console.c
[2026-01-21 06:04:47] [build-stdout] mv -f .deps/liblxc_la-commands.Tpo .deps/liblxc_la-commands.Plo
[2026-01-21 06:04:47] [build-stdout] /bin/bash ../../libtool  --tag=CC   --mode=compile clang -DHAVE_CONFIG_H -I. -I../../src    -fPIC -DPIC -DLXCROOTFSMOUNT=\"/usr/local/lib/lxc/rootfs\" -DLXCPATH=\"/usr/local/var/lib/lxc\" -DLXC_GLOBAL_CONF=\"/usr/local/etc/lxc/lxc.conf\" -DLXCINITDIR=\"/usr/local/libexec\" -DLIBEXECDIR=\"/usr/local/libexec\" -DLXCTEMPLATEDIR=\"/usr/local/share/lxc/templates\" -DLXCTEMPLATECONFIG=\"/usr/local/share/lxc/config\" -DLOGPATH=\"/usr/local/var/log/lxc\" -DLXC_DEFAULT_CONFIG=\"/usr/local/etc/lxc/default.conf\" -DLXC_USERNIC_DB=\"/run/lxc/nics\" -DLXC_USERNIC_CONF=\"/usr/local/etc/lxc/lxc-usernet\" -DDEFAULT_CGROUP_PATTERN=\"/lxc/%n\" -DRUNTIME_PATH=\"/run\" -DSBINDIR=\"/usr/local/sbin\" -I ../../src -I ../../src/lxc -I ../../src/lxc/bdev -I ../../src/lxc/cgroups      -pthread  -g -O2 -Wall -Werror -MT liblxc_la-freezer.lo -MD -MP -MF .deps/liblxc_la-freezer.Tpo -c -o liblxc_la-freezer.lo `test -f 'freezer.c' || echo './'`freezer.c
[2026-01-21 06:04:47] [build-stdout] libtool: compile:  clang -DHAVE_CONFIG_H -I. -I../../src -fPIC -DPIC -DLXCROOTFSMOUNT=\"/usr/local/lib/lxc/rootfs\" -DLXCPATH=\"/usr/local/var/lib/lxc\" -DLXC_GLOBAL_CONF=\"/usr/local/etc/lxc/lxc.conf\" -DLXCINITDIR=\"/usr/local/libexec\" -DLIBEXECDIR=\"/usr/local/libexec\" -DLXCTEMPLATEDIR=\"/usr/local/share/lxc/templates\" -DLXCTEMPLATECONFIG=\"/usr/local/share/lxc/config\" -DLOGPATH=\"/usr/local/var/log/lxc\" -DLXC_DEFAULT_CONFIG=\"/usr/local/etc/lxc/default.conf\" -DLXC_USERNIC_DB=\"/run/lxc/nics\" -DLXC_USERNIC_CONF=\"/usr/local/etc/lxc/lxc-usernet\" -DDEFAULT_CGROUP_PATTERN=\"/lxc/%n\" -DRUNTIME_PATH=\"/run\" -DSBINDIR=\"/usr/local/sbin\" -I ../../src -I ../../src/lxc -I ../../src/lxc/bdev -I ../../src/lxc/cgroups -pthread -g -O2 -Wall -Werror -MT liblxc_la-monitor.lo -MD -MP -MF .deps/liblxc_la-monitor.Tpo -c monitor.c  -fPIC -DPIC -o .libs/liblxc_la-monitor.o
[2026-01-21 06:04:47] [build-stdout] mv -f .deps/liblxc_la-start.Tpo .deps/liblxc_la-start.Plo
[2026-01-21 06:04:47] [build-stdout] libtool: compile:  clang -DHAVE_CONFIG_H -I. -I../../src -fPIC -DPIC -DLXCROOTFSMOUNT=\"/usr/local/lib/lxc/rootfs\" -DLXCPATH=\"/usr/local/var/lib/lxc\" -DLXC_GLOBAL_CONF=\"/usr/local/etc/lxc/lxc.conf\" -DLXCINITDIR=\"/usr/local/libexec\" -DLIBEXECDIR=\"/usr/local/libexec\" -DLXCTEMPLATEDIR=\"/usr/local/share/lxc/templates\" -DLXCTEMPLATECONFIG=\"/usr/local/share/lxc/config\" -DLOGPATH=\"/usr/local/var/log/lxc\" -DLXC_DEFAULT_CONFIG=\"/usr/local/etc/lxc/default.conf\" -DLXC_USERNIC_DB=\"/run/lxc/nics\" -DLXC_USERNIC_CONF=\"/usr/local/etc/lxc/lxc-usernet\" -DDEFAULT_CGROUP_PATTERN=\"/lxc/%n\" -DRUNTIME_PATH=\"/run\" -DSBINDIR=\"/usr/local/sbin\" -I ../../src -I ../../src/lxc -I ../../src/lxc/bdev -I ../../src/lxc/cgroups -pthread -g -O2 -Wall -Werror -MT liblxc_la-console.lo -MD -MP -MF .deps/liblxc_la-console.Tpo -c console.c  -fPIC -DPIC -o .libs/liblxc_la-console.o
[2026-01-21 06:04:47] [build-stdout] /bin/bash ../../libtool  --tag=CC   --mode=compile clang -DHAVE_CONFIG_H -I. -I../../src    -fPIC -DPIC -DLXCROOTFSMOUNT=\"/usr/local/lib/lxc/rootfs\" -DLXCPATH=\"/usr/local/var/lib/lxc\" -DLXC_GLOBAL_CONF=\"/usr/local/etc/lxc/lxc.conf\" -DLXCINITDIR=\"/usr/local/libexec\" -DLIBEXECDIR=\"/usr/local/libexec\" -DLXCTEMPLATEDIR=\"/usr/local/share/lxc/templates\" -DLXCTEMPLATECONFIG=\"/usr/local/share/lxc/config\" -DLOGPATH=\"/usr/local/var/log/lxc\" -DLXC_DEFAULT_CONFIG=\"/usr/local/etc/lxc/default.conf\" -DLXC_USERNIC_DB=\"/run/lxc/nics\" -DLXC_USERNIC_CONF=\"/usr/local/etc/lxc/lxc-usernet\" -DDEFAULT_CGROUP_PATTERN=\"/lxc/%n\" -DRUNTIME_PATH=\"/run\" -DSBINDIR=\"/usr/local/sbin\" -I ../../src -I ../../src/lxc -I ../../src/lxc/bdev -I ../../src/lxc/cgroups      -pthread  -g -O2 -Wall -Werror -MT liblxc_la-error.lo -MD -MP -MF .deps/liblxc_la-error.Tpo -c -o liblxc_la-error.lo `test -f 'error.c' || echo './'`error.c
[2026-01-21 06:04:47] [build-stdout] libtool: compile:  clang -DHAVE_CONFIG_H -I. -I../../src -fPIC -DPIC -DLXCROOTFSMOUNT=\"/usr/local/lib/lxc/rootfs\" -DLXCPATH=\"/usr/local/var/lib/lxc\" -DLXC_GLOBAL_CONF=\"/usr/local/etc/lxc/lxc.conf\" -DLXCINITDIR=\"/usr/local/libexec\" -DLIBEXECDIR=\"/usr/local/libexec\" -DLXCTEMPLATEDIR=\"/usr/local/share/lxc/templates\" -DLXCTEMPLATECONFIG=\"/usr/local/share/lxc/config\" -DLOGPATH=\"/usr/local/var/log/lxc\" -DLXC_DEFAULT_CONFIG=\"/usr/local/etc/lxc/default.conf\" -DLXC_USERNIC_DB=\"/run/lxc/nics\" -DLXC_USERNIC_CONF=\"/usr/local/etc/lxc/lxc-usernet\" -DDEFAULT_CGROUP_PATTERN=\"/lxc/%n\" -DRUNTIME_PATH=\"/run\" -DSBINDIR=\"/usr/local/sbin\" -I ../../src -I ../../src/lxc -I ../../src/lxc/bdev -I ../../src/lxc/cgroups -pthread -g -O2 -Wall -Werror -MT liblxc_la-freezer.lo -MD -MP -MF .deps/liblxc_la-freezer.Tpo -c freezer.c  -fPIC -DPIC -o .libs/liblxc_la-freezer.o
[2026-01-21 06:04:47] [build-stdout] libtool: compile:  clang -DHAVE_CONFIG_H -I. -I../../src -fPIC -DPIC -DLXCROOTFSMOUNT=\"/usr/local/lib/lxc/rootfs\" -DLXCPATH=\"/usr/local/var/lib/lxc\" -DLXC_GLOBAL_CONF=\"/usr/local/etc/lxc/lxc.conf\" -DLXCINITDIR=\"/usr/local/libexec\" -DLIBEXECDIR=\"/usr/local/libexec\" -DLXCTEMPLATEDIR=\"/usr/local/share/lxc/templates\" -DLXCTEMPLATECONFIG=\"/usr/local/share/lxc/config\" -DLOGPATH=\"/usr/local/var/log/lxc\" -DLXC_DEFAULT_CONFIG=\"/usr/local/etc/lxc/default.conf\" -DLXC_USERNIC_DB=\"/run/lxc/nics\" -DLXC_USERNIC_CONF=\"/usr/local/etc/lxc/lxc-usernet\" -DDEFAULT_CGROUP_PATTERN=\"/lxc/%n\" -DRUNTIME_PATH=\"/run\" -DSBINDIR=\"/usr/local/sbin\" -I ../../src -I ../../src/lxc -I ../../src/lxc/bdev -I ../../src/lxc/cgroups -pthread -g -O2 -Wall -Werror -MT liblxc_la-monitor.lo -MD -MP -MF .deps/liblxc_la-monitor.Tpo -c monitor.c -o liblxc_la-monitor.o >/dev/null 2>&1
[2026-01-21 06:04:47] [build-stdout] libtool: compile:  clang -DHAVE_CONFIG_H -I. -I../../src -fPIC -DPIC -DLXCROOTFSMOUNT=\"/usr/local/lib/lxc/rootfs\" -DLXCPATH=\"/usr/local/var/lib/lxc\" -DLXC_GLOBAL_CONF=\"/usr/local/etc/lxc/lxc.conf\" -DLXCINITDIR=\"/usr/local/libexec\" -DLIBEXECDIR=\"/usr/local/libexec\" -DLXCTEMPLATEDIR=\"/usr/local/share/lxc/templates\" -DLXCTEMPLATECONFIG=\"/usr/local/share/lxc/config\" -DLOGPATH=\"/usr/local/var/log/lxc\" -DLXC_DEFAULT_CONFIG=\"/usr/local/etc/lxc/default.conf\" -DLXC_USERNIC_DB=\"/run/lxc/nics\" -DLXC_USERNIC_CONF=\"/usr/local/etc/lxc/lxc-usernet\" -DDEFAULT_CGROUP_PATTERN=\"/lxc/%n\" -DRUNTIME_PATH=\"/run\" -DSBINDIR=\"/usr/local/sbin\" -I ../../src -I ../../src/lxc -I ../../src/lxc/bdev -I ../../src/lxc/cgroups -pthread -g -O2 -Wall -Werror -MT liblxc_la-freezer.lo -MD -MP -MF .deps/liblxc_la-freezer.Tpo -c freezer.c -o liblxc_la-freezer.o >/dev/null 2>&1
[2026-01-21 06:04:47] [build-stdout] libtool: compile:  clang -DHAVE_CONFIG_H -I. -I../../src -fPIC -DPIC -DLXCROOTFSMOUNT=\"/usr/local/lib/lxc/rootfs\" -DLXCPATH=\"/usr/local/var/lib/lxc\" -DLXC_GLOBAL_CONF=\"/usr/local/etc/lxc/lxc.conf\" -DLXCINITDIR=\"/usr/local/libexec\" -DLIBEXECDIR=\"/usr/local/libexec\" -DLXCTEMPLATEDIR=\"/usr/local/share/lxc/templates\" -DLXCTEMPLATECONFIG=\"/usr/local/share/lxc/config\" -DLOGPATH=\"/usr/local/var/log/lxc\" -DLXC_DEFAULT_CONFIG=\"/usr/local/etc/lxc/default.conf\" -DLXC_USERNIC_DB=\"/run/lxc/nics\" -DLXC_USERNIC_CONF=\"/usr/local/etc/lxc/lxc-usernet\" -DDEFAULT_CGROUP_PATTERN=\"/lxc/%n\" -DRUNTIME_PATH=\"/run\" -DSBINDIR=\"/usr/local/sbin\" -I ../../src -I ../../src/lxc -I ../../src/lxc/bdev -I ../../src/lxc/cgroups -pthread -g -O2 -Wall -Werror -MT liblxc_la-console.lo -MD -MP -MF .deps/liblxc_la-console.Tpo -c console.c -o liblxc_la-console.o >/dev/null 2>&1
[2026-01-21 06:04:48] [build-stdout] mv -f .deps/liblxc_la-monitor.Tpo .deps/liblxc_la-monitor.Plo
[2026-01-21 06:04:48] [build-stdout] /bin/bash ../../libtool  --tag=CC   --mode=compile clang -DHAVE_CONFIG_H -I. -I../../src    -fPIC -DPIC -DLXCROOTFSMOUNT=\"/usr/local/lib/lxc/rootfs\" -DLXCPATH=\"/usr/local/var/lib/lxc\" -DLXC_GLOBAL_CONF=\"/usr/local/etc/lxc/lxc.conf\" -DLXCINITDIR=\"/usr/local/libexec\" -DLIBEXECDIR=\"/usr/local/libexec\" -DLXCTEMPLATEDIR=\"/usr/local/share/lxc/templates\" -DLXCTEMPLATECONFIG=\"/usr/local/share/lxc/config\" -DLOGPATH=\"/usr/local/var/log/lxc\" -DLXC_DEFAULT_CONFIG=\"/usr/local/etc/lxc/default.conf\" -DLXC_USERNIC_DB=\"/run/lxc/nics\" -DLXC_USERNIC_CONF=\"/usr/local/etc/lxc/lxc-usernet\" -DDEFAULT_CGROUP_PATTERN=\"/lxc/%n\" -DRUNTIME_PATH=\"/run\" -DSBINDIR=\"/usr/local/sbin\" -I ../../src -I ../../src/lxc -I ../../src/lxc/bdev -I ../../src/lxc/cgroups      -pthread  -g -O2 -Wall -Werror -MT liblxc_la-parse.lo -MD -MP -MF .deps/liblxc_la-parse.Tpo -c -o liblxc_la-parse.lo `test -f 'parse.c' || echo './'`parse.c
[2026-01-21 06:04:48] [build-stdout] mv -f .deps/liblxc_la-freezer.Tpo .deps/liblxc_la-freezer.Plo
[2026-01-21 06:04:48] [build-stdout] libtool: compile:  clang -DHAVE_CONFIG_H -I. -I../../src -fPIC -DPIC -DLXCROOTFSMOUNT=\"/usr/local/lib/lxc/rootfs\" -DLXCPATH=\"/usr/local/var/lib/lxc\" -DLXC_GLOBAL_CONF=\"/usr/local/etc/lxc/lxc.conf\" -DLXCINITDIR=\"/usr/local/libexec\" -DLIBEXECDIR=\"/usr/local/libexec\" -DLXCTEMPLATEDIR=\"/usr/local/share/lxc/templates\" -DLXCTEMPLATECONFIG=\"/usr/local/share/lxc/config\" -DLOGPATH=\"/usr/local/var/log/lxc\" -DLXC_DEFAULT_CONFIG=\"/usr/local/etc/lxc/default.conf\" -DLXC_USERNIC_DB=\"/run/lxc/nics\" -DLXC_USERNIC_CONF=\"/usr/local/etc/lxc/lxc-usernet\" -DDEFAULT_CGROUP_PATTERN=\"/lxc/%n\" -DRUNTIME_PATH=\"/run\" -DSBINDIR=\"/usr/local/sbin\" -I ../../src -I ../../src/lxc -I ../../src/lxc/bdev -I ../../src/lxc/cgroups -pthread -g -O2 -Wall -Werror -MT liblxc_la-error.lo -MD -MP -MF .deps/liblxc_la-error.Tpo -c error.c  -fPIC -DPIC -o .libs/liblxc_la-error.o
[2026-01-21 06:04:48] [build-stdout] /bin/bash ../../libtool  --tag=CC   --mode=compile clang -DHAVE_CONFIG_H -I. -I../../src    -fPIC -DPIC -DLXCROOTFSMOUNT=\"/usr/local/lib/lxc/rootfs\" -DLXCPATH=\"/usr/local/var/lib/lxc\" -DLXC_GLOBAL_CONF=\"/usr/local/etc/lxc/lxc.conf\" -DLXCINITDIR=\"/usr/local/libexec\" -DLIBEXECDIR=\"/usr/local/libexec\" -DLXCTEMPLATEDIR=\"/usr/local/share/lxc/templates\" -DLXCTEMPLATECONFIG=\"/usr/local/share/lxc/config\" -DLOGPATH=\"/usr/local/var/log/lxc\" -DLXC_DEFAULT_CONFIG=\"/usr/local/etc/lxc/default.conf\" -DLXC_USERNIC_DB=\"/run/lxc/nics\" -DLXC_USERNIC_CONF=\"/usr/local/etc/lxc/lxc-usernet\" -DDEFAULT_CGROUP_PATTERN=\"/lxc/%n\" -DRUNTIME_PATH=\"/run\" -DSBINDIR=\"/usr/local/sbin\" -I ../../src -I ../../src/lxc -I ../../src/lxc/bdev -I ../../src/lxc/cgroups      -pthread  -g -O2 -Wall -Werror -MT liblxc_la-initutils.lo -MD -MP -MF .deps/liblxc_la-initutils.Tpo -c -o liblxc_la-initutils.lo `test -f 'initutils.c' || echo './'`initutils.c
[2026-01-21 06:04:48] [build-stdout] mv -f .deps/liblxc_la-console.Tpo .deps/liblxc_la-console.Plo
[2026-01-21 06:04:48] [build-stdout] libtool: compile:  clang -DHAVE_CONFIG_H -I. -I../../src -fPIC -DPIC -DLXCROOTFSMOUNT=\"/usr/local/lib/lxc/rootfs\" -DLXCPATH=\"/usr/local/var/lib/lxc\" -DLXC_GLOBAL_CONF=\"/usr/local/etc/lxc/lxc.conf\" -DLXCINITDIR=\"/usr/local/libexec\" -DLIBEXECDIR=\"/usr/local/libexec\" -DLXCTEMPLATEDIR=\"/usr/local/share/lxc/templates\" -DLXCTEMPLATECONFIG=\"/usr/local/share/lxc/config\" -DLOGPATH=\"/usr/local/var/log/lxc\" -DLXC_DEFAULT_CONFIG=\"/usr/local/etc/lxc/default.conf\" -DLXC_USERNIC_DB=\"/run/lxc/nics\" -DLXC_USERNIC_CONF=\"/usr/local/etc/lxc/lxc-usernet\" -DDEFAULT_CGROUP_PATTERN=\"/lxc/%n\" -DRUNTIME_PATH=\"/run\" -DSBINDIR=\"/usr/local/sbin\" -I ../../src -I ../../src/lxc -I ../../src/lxc/bdev -I ../../src/lxc/cgroups -pthread -g -O2 -Wall -Werror -MT liblxc_la-error.lo -MD -MP -MF .deps/liblxc_la-error.Tpo -c error.c -o liblxc_la-error.o >/dev/null 2>&1
[2026-01-21 06:04:48] [build-stdout] /bin/bash ../../libtool  --tag=CC   --mode=compile clang -DHAVE_CONFIG_H -I. -I../../src    -fPIC -DPIC -DLXCROOTFSMOUNT=\"/usr/local/lib/lxc/rootfs\" -DLXCPATH=\"/usr/local/var/lib/lxc\" -DLXC_GLOBAL_CONF=\"/usr/local/etc/lxc/lxc.conf\" -DLXCINITDIR=\"/usr/local/libexec\" -DLIBEXECDIR=\"/usr/local/libexec\" -DLXCTEMPLATEDIR=\"/usr/local/share/lxc/templates\" -DLXCTEMPLATECONFIG=\"/usr/local/share/lxc/config\" -DLOGPATH=\"/usr/local/var/log/lxc\" -DLXC_DEFAULT_CONFIG=\"/usr/local/etc/lxc/default.conf\" -DLXC_USERNIC_DB=\"/run/lxc/nics\" -DLXC_USERNIC_CONF=\"/usr/local/etc/lxc/lxc-usernet\" -DDEFAULT_CGROUP_PATTERN=\"/lxc/%n\" -DRUNTIME_PATH=\"/run\" -DSBINDIR=\"/usr/local/sbin\" -I ../../src -I ../../src/lxc -I ../../src/lxc/bdev -I ../../src/lxc/cgroups      -pthread  -g -O2 -Wall -Werror -MT liblxc_la-utils.lo -MD -MP -MF .deps/liblxc_la-utils.Tpo -c -o liblxc_la-utils.lo `test -f 'utils.c' || echo './'`utils.c
[2026-01-21 06:04:48] [build-stdout] mv -f .deps/liblxc_la-error.Tpo .deps/liblxc_la-error.Plo
[2026-01-21 06:04:48] [build-stdout] /bin/bash ../../libtool  --tag=CC   --mode=compile clang -DHAVE_CONFIG_H -I. -I../../src    -fPIC -DPIC -DLXCROOTFSMOUNT=\"/usr/local/lib/lxc/rootfs\" -DLXCPATH=\"/usr/local/var/lib/lxc\" -DLXC_GLOBAL_CONF=\"/usr/local/etc/lxc/lxc.conf\" -DLXCINITDIR=\"/usr/local/libexec\" -DLIBEXECDIR=\"/usr/local/libexec\" -DLXCTEMPLATEDIR=\"/usr/local/share/lxc/templates\" -DLXCTEMPLATECONFIG=\"/usr/local/share/lxc/config\" -DLOGPATH=\"/usr/local/var/log/lxc\" -DLXC_DEFAULT_CONFIG=\"/usr/local/etc/lxc/default.conf\" -DLXC_USERNIC_DB=\"/run/lxc/nics\" -DLXC_USERNIC_CONF=\"/usr/local/etc/lxc/lxc-usernet\" -DDEFAULT_CGROUP_PATTERN=\"/lxc/%n\" -DRUNTIME_PATH=\"/run\" -DSBINDIR=\"/usr/local/sbin\" -I ../../src -I ../../src/lxc -I ../../src/lxc/bdev -I ../../src/lxc/cgroups      -pthread  -g -O2 -Wall -Werror -MT liblxc_la-sync.lo -MD -MP -MF .deps/liblxc_la-sync.Tpo -c -o liblxc_la-sync.lo `test -f 'sync.c' || echo './'`sync.c
[2026-01-21 06:04:48] [build-stdout] libtool: compile:  clang -DHAVE_CONFIG_H -I. -I../../src -fPIC -DPIC -DLXCROOTFSMOUNT=\"/usr/local/lib/lxc/rootfs\" -DLXCPATH=\"/usr/local/var/lib/lxc\" -DLXC_GLOBAL_CONF=\"/usr/local/etc/lxc/lxc.conf\" -DLXCINITDIR=\"/usr/local/libexec\" -DLIBEXECDIR=\"/usr/local/libexec\" -DLXCTEMPLATEDIR=\"/usr/local/share/lxc/templates\" -DLXCTEMPLATECONFIG=\"/usr/local/share/lxc/config\" -DLOGPATH=\"/usr/local/var/log/lxc\" -DLXC_DEFAULT_CONFIG=\"/usr/local/etc/lxc/default.conf\" -DLXC_USERNIC_DB=\"/run/lxc/nics\" -DLXC_USERNIC_CONF=\"/usr/local/etc/lxc/lxc-usernet\" -DDEFAULT_CGROUP_PATTERN=\"/lxc/%n\" -DRUNTIME_PATH=\"/run\" -DSBINDIR=\"/usr/local/sbin\" -I ../../src -I ../../src/lxc -I ../../src/lxc/bdev -I ../../src/lxc/cgroups -pthread -g -O2 -Wall -Werror -MT liblxc_la-initutils.lo -MD -MP -MF .deps/liblxc_la-initutils.Tpo -c initutils.c  -fPIC -DPIC -o .libs/liblxc_la-initutils.o
[2026-01-21 06:04:48] [build-stdout] libtool: compile:  clang -DHAVE_CONFIG_H -I. -I../../src -fPIC -DPIC -DLXCROOTFSMOUNT=\"/usr/local/lib/lxc/rootfs\" -DLXCPATH=\"/usr/local/var/lib/lxc\" -DLXC_GLOBAL_CONF=\"/usr/local/etc/lxc/lxc.conf\" -DLXCINITDIR=\"/usr/local/libexec\" -DLIBEXECDIR=\"/usr/local/libexec\" -DLXCTEMPLATEDIR=\"/usr/local/share/lxc/templates\" -DLXCTEMPLATECONFIG=\"/usr/local/share/lxc/config\" -DLOGPATH=\"/usr/local/var/log/lxc\" -DLXC_DEFAULT_CONFIG=\"/usr/local/etc/lxc/default.conf\" -DLXC_USERNIC_DB=\"/run/lxc/nics\" -DLXC_USERNIC_CONF=\"/usr/local/etc/lxc/lxc-usernet\" -DDEFAULT_CGROUP_PATTERN=\"/lxc/%n\" -DRUNTIME_PATH=\"/run\" -DSBINDIR=\"/usr/local/sbin\" -I ../../src -I ../../src/lxc -I ../../src/lxc/bdev -I ../../src/lxc/cgroups -pthread -g -O2 -Wall -Werror -MT liblxc_la-parse.lo -MD -MP -MF .deps/liblxc_la-parse.Tpo -c parse.c  -fPIC -DPIC -o .libs/liblxc_la-parse.o
[2026-01-21 06:04:49] [build-stdout] libtool: compile:  clang -DHAVE_CONFIG_H -I. -I../../src -fPIC -DPIC -DLXCROOTFSMOUNT=\"/usr/local/lib/lxc/rootfs\" -DLXCPATH=\"/usr/local/var/lib/lxc\" -DLXC_GLOBAL_CONF=\"/usr/local/etc/lxc/lxc.conf\" -DLXCINITDIR=\"/usr/local/libexec\" -DLIBEXECDIR=\"/usr/local/libexec\" -DLXCTEMPLATEDIR=\"/usr/local/share/lxc/templates\" -DLXCTEMPLATECONFIG=\"/usr/local/share/lxc/config\" -DLOGPATH=\"/usr/local/var/log/lxc\" -DLXC_DEFAULT_CONFIG=\"/usr/local/etc/lxc/default.conf\" -DLXC_USERNIC_DB=\"/run/lxc/nics\" -DLXC_USERNIC_CONF=\"/usr/local/etc/lxc/lxc-usernet\" -DDEFAULT_CGROUP_PATTERN=\"/lxc/%n\" -DRUNTIME_PATH=\"/run\" -DSBINDIR=\"/usr/local/sbin\" -I ../../src -I ../../src/lxc -I ../../src/lxc/bdev -I ../../src/lxc/cgroups -pthread -g -O2 -Wall -Werror -MT liblxc_la-utils.lo -MD -MP -MF .deps/liblxc_la-utils.Tpo -c utils.c  -fPIC -DPIC -o .libs/liblxc_la-utils.o
[2026-01-21 06:04:49] [build-stdout] libtool: compile:  clang -DHAVE_CONFIG_H -I. -I../../src -fPIC -DPIC -DLXCROOTFSMOUNT=\"/usr/local/lib/lxc/rootfs\" -DLXCPATH=\"/usr/local/var/lib/lxc\" -DLXC_GLOBAL_CONF=\"/usr/local/etc/lxc/lxc.conf\" -DLXCINITDIR=\"/usr/local/libexec\" -DLIBEXECDIR=\"/usr/local/libexec\" -DLXCTEMPLATEDIR=\"/usr/local/share/lxc/templates\" -DLXCTEMPLATECONFIG=\"/usr/local/share/lxc/config\" -DLOGPATH=\"/usr/local/var/log/lxc\" -DLXC_DEFAULT_CONFIG=\"/usr/local/etc/lxc/default.conf\" -DLXC_USERNIC_DB=\"/run/lxc/nics\" -DLXC_USERNIC_CONF=\"/usr/local/etc/lxc/lxc-usernet\" -DDEFAULT_CGROUP_PATTERN=\"/lxc/%n\" -DRUNTIME_PATH=\"/run\" -DSBINDIR=\"/usr/local/sbin\" -I ../../src -I ../../src/lxc -I ../../src/lxc/bdev -I ../../src/lxc/cgroups -pthread -g -O2 -Wall -Werror -MT liblxc_la-parse.lo -MD -MP -MF .deps/liblxc_la-parse.Tpo -c parse.c -o liblxc_la-parse.o >/dev/null 2>&1
[2026-01-21 06:04:49] [build-stdout] libtool: compile:  clang -DHAVE_CONFIG_H -I. -I../../src -fPIC -DPIC -DLXCROOTFSMOUNT=\"/usr/local/lib/lxc/rootfs\" -DLXCPATH=\"/usr/local/var/lib/lxc\" -DLXC_GLOBAL_CONF=\"/usr/local/etc/lxc/lxc.conf\" -DLXCINITDIR=\"/usr/local/libexec\" -DLIBEXECDIR=\"/usr/local/libexec\" -DLXCTEMPLATEDIR=\"/usr/local/share/lxc/templates\" -DLXCTEMPLATECONFIG=\"/usr/local/share/lxc/config\" -DLOGPATH=\"/usr/local/var/log/lxc\" -DLXC_DEFAULT_CONFIG=\"/usr/local/etc/lxc/default.conf\" -DLXC_USERNIC_DB=\"/run/lxc/nics\" -DLXC_USERNIC_CONF=\"/usr/local/etc/lxc/lxc-usernet\" -DDEFAULT_CGROUP_PATTERN=\"/lxc/%n\" -DRUNTIME_PATH=\"/run\" -DSBINDIR=\"/usr/local/sbin\" -I ../../src -I ../../src/lxc -I ../../src/lxc/bdev -I ../../src/lxc/cgroups -pthread -g -O2 -Wall -Werror -MT liblxc_la-initutils.lo -MD -MP -MF .deps/liblxc_la-initutils.Tpo -c initutils.c -o liblxc_la-initutils.o >/dev/null 2>&1
[2026-01-21 06:04:49] [build-stdout] libtool: compile:  clang -DHAVE_CONFIG_H -I. -I../../src -fPIC -DPIC -DLXCROOTFSMOUNT=\"/usr/local/lib/lxc/rootfs\" -DLXCPATH=\"/usr/local/var/lib/lxc\" -DLXC_GLOBAL_CONF=\"/usr/local/etc/lxc/lxc.conf\" -DLXCINITDIR=\"/usr/local/libexec\" -DLIBEXECDIR=\"/usr/local/libexec\" -DLXCTEMPLATEDIR=\"/usr/local/share/lxc/templates\" -DLXCTEMPLATECONFIG=\"/usr/local/share/lxc/config\" -DLOGPATH=\"/usr/local/var/log/lxc\" -DLXC_DEFAULT_CONFIG=\"/usr/local/etc/lxc/default.conf\" -DLXC_USERNIC_DB=\"/run/lxc/nics\" -DLXC_USERNIC_CONF=\"/usr/local/etc/lxc/lxc-usernet\" -DDEFAULT_CGROUP_PATTERN=\"/lxc/%n\" -DRUNTIME_PATH=\"/run\" -DSBINDIR=\"/usr/local/sbin\" -I ../../src -I ../../src/lxc -I ../../src/lxc/bdev -I ../../src/lxc/cgroups -pthread -g -O2 -Wall -Werror -MT liblxc_la-sync.lo -MD -MP -MF .deps/liblxc_la-sync.Tpo -c sync.c  -fPIC -DPIC -o .libs/liblxc_la-sync.o
[2026-01-21 06:04:49] [build-stdout] mv -f .deps/liblxc_la-parse.Tpo .deps/liblxc_la-parse.Plo
[2026-01-21 06:04:49] [build-stdout] /bin/bash ../../libtool  --tag=CC   --mode=compile clang -DHAVE_CONFIG_H -I. -I../../src    -fPIC -DPIC -DLXCROOTFSMOUNT=\"/usr/local/lib/lxc/rootfs\" -DLXCPATH=\"/usr/local/var/lib/lxc\" -DLXC_GLOBAL_CONF=\"/usr/local/etc/lxc/lxc.conf\" -DLXCINITDIR=\"/usr/local/libexec\" -DLIBEXECDIR=\"/usr/local/libexec\" -DLXCTEMPLATEDIR=\"/usr/local/share/lxc/templates\" -DLXCTEMPLATECONFIG=\"/usr/local/share/lxc/config\" -DLOGPATH=\"/usr/local/var/log/lxc\" -DLXC_DEFAULT_CONFIG=\"/usr/local/etc/lxc/default.conf\" -DLXC_USERNIC_DB=\"/run/lxc/nics\" -DLXC_USERNIC_CONF=\"/usr/local/etc/lxc/lxc-usernet\" -DDEFAULT_CGROUP_PATTERN=\"/lxc/%n\" -DRUNTIME_PATH=\"/run\" -DSBINDIR=\"/usr/local/sbin\" -I ../../src -I ../../src/lxc -I ../../src/lxc/bdev -I ../../src/lxc/cgroups      -pthread  -g -O2 -Wall -Werror -MT liblxc_la-namespace.lo -MD -MP -MF .deps/liblxc_la-namespace.Tpo -c -o liblxc_la-namespace.lo `test -f 'namespace.c' || echo './'`namespace.c
[2026-01-21 06:04:49] [build-stdout] mv -f .deps/liblxc_la-initutils.Tpo .deps/liblxc_la-initutils.Plo
[2026-01-21 06:04:49] [build-stdout] /bin/bash ../../libtool  --tag=CC   --mode=compile clang -DHAVE_CONFIG_H -I. -I../../src    -fPIC -DPIC -DLXCROOTFSMOUNT=\"/usr/local/lib/lxc/rootfs\" -DLXCPATH=\"/usr/local/var/lib/lxc\" -DLXC_GLOBAL_CONF=\"/usr/local/etc/lxc/lxc.conf\" -DLXCINITDIR=\"/usr/local/libexec\" -DLIBEXECDIR=\"/usr/local/libexec\" -DLXCTEMPLATEDIR=\"/usr/local/share/lxc/templates\" -DLXCTEMPLATECONFIG=\"/usr/local/share/lxc/config\" -DLOGPATH=\"/usr/local/var/log/lxc\" -DLXC_DEFAULT_CONFIG=\"/usr/local/etc/lxc/default.conf\" -DLXC_USERNIC_DB=\"/run/lxc/nics\" -DLXC_USERNIC_CONF=\"/usr/local/etc/lxc/lxc-usernet\" -DDEFAULT_CGROUP_PATTERN=\"/lxc/%n\" -DRUNTIME_PATH=\"/run\" -DSBINDIR=\"/usr/local/sbin\" -I ../../src -I ../../src/lxc -I ../../src/lxc/bdev -I ../../src/lxc/cgroups      -pthread  -g -O2 -Wall -Werror -MT liblxc_la-conf.lo -MD -MP -MF .deps/liblxc_la-conf.Tpo -c -o liblxc_la-conf.lo `test -f 'conf.c' || echo './'`conf.c
[2026-01-21 06:04:49] [build-stdout] libtool: compile:  clang -DHAVE_CONFIG_H -I. -I../../src -fPIC -DPIC -DLXCROOTFSMOUNT=\"/usr/local/lib/lxc/rootfs\" -DLXCPATH=\"/usr/local/var/lib/lxc\" -DLXC_GLOBAL_CONF=\"/usr/local/etc/lxc/lxc.conf\" -DLXCINITDIR=\"/usr/local/libexec\" -DLIBEXECDIR=\"/usr/local/libexec\" -DLXCTEMPLATEDIR=\"/usr/local/share/lxc/templates\" -DLXCTEMPLATECONFIG=\"/usr/local/share/lxc/config\" -DLOGPATH=\"/usr/local/var/log/lxc\" -DLXC_DEFAULT_CONFIG=\"/usr/local/etc/lxc/default.conf\" -DLXC_USERNIC_DB=\"/run/lxc/nics\" -DLXC_USERNIC_CONF=\"/usr/local/etc/lxc/lxc-usernet\" -DDEFAULT_CGROUP_PATTERN=\"/lxc/%n\" -DRUNTIME_PATH=\"/run\" -DSBINDIR=\"/usr/local/sbin\" -I ../../src -I ../../src/lxc -I ../../src/lxc/bdev -I ../../src/lxc/cgroups -pthread -g -O2 -Wall -Werror -MT liblxc_la-sync.lo -MD -MP -MF .deps/liblxc_la-sync.Tpo -c sync.c -o liblxc_la-sync.o >/dev/null 2>&1
[2026-01-21 06:04:49] [build-stdout] mv -f .deps/liblxc_la-sync.Tpo .deps/liblxc_la-sync.Plo
[2026-01-21 06:04:49] [build-stdout] /bin/bash ../../libtool  --tag=CC   --mode=compile clang -DHAVE_CONFIG_H -I. -I../../src    -fPIC -DPIC -DLXCROOTFSMOUNT=\"/usr/local/lib/lxc/rootfs\" -DLXCPATH=\"/usr/local/var/lib/lxc\" -DLXC_GLOBAL_CONF=\"/usr/local/etc/lxc/lxc.conf\" -DLXCINITDIR=\"/usr/local/libexec\" -DLIBEXECDIR=\"/usr/local/libexec\" -DLXCTEMPLATEDIR=\"/usr/local/share/lxc/templates\" -DLXCTEMPLATECONFIG=\"/usr/local/share/lxc/config\" -DLOGPATH=\"/usr/local/var/log/lxc\" -DLXC_DEFAULT_CONFIG=\"/usr/local/etc/lxc/default.conf\" -DLXC_USERNIC_DB=\"/run/lxc/nics\" -DLXC_USERNIC_CONF=\"/usr/local/etc/lxc/lxc-usernet\" -DDEFAULT_CGROUP_PATTERN=\"/lxc/%n\" -DRUNTIME_PATH=\"/run\" -DSBINDIR=\"/usr/local/sbin\" -I ../../src -I ../../src/lxc -I ../../src/lxc/bdev -I ../../src/lxc/cgroups      -pthread  -g -O2 -Wall -Werror -MT liblxc_la-confile.lo -MD -MP -MF .deps/liblxc_la-confile.Tpo -c -o liblxc_la-confile.lo `test -f 'confile.c' || echo './'`confile.c
[2026-01-21 06:04:49] [build-stdout] libtool: compile:  clang -DHAVE_CONFIG_H -I. -I../../src -fPIC -DPIC -DLXCROOTFSMOUNT=\"/usr/local/lib/lxc/rootfs\" -DLXCPATH=\"/usr/local/var/lib/lxc\" -DLXC_GLOBAL_CONF=\"/usr/local/etc/lxc/lxc.conf\" -DLXCINITDIR=\"/usr/local/libexec\" -DLIBEXECDIR=\"/usr/local/libexec\" -DLXCTEMPLATEDIR=\"/usr/local/share/lxc/templates\" -DLXCTEMPLATECONFIG=\"/usr/local/share/lxc/config\" -DLOGPATH=\"/usr/local/var/log/lxc\" -DLXC_DEFAULT_CONFIG=\"/usr/local/etc/lxc/default.conf\" -DLXC_USERNIC_DB=\"/run/lxc/nics\" -DLXC_USERNIC_CONF=\"/usr/local/etc/lxc/lxc-usernet\" -DDEFAULT_CGROUP_PATTERN=\"/lxc/%n\" -DRUNTIME_PATH=\"/run\" -DSBINDIR=\"/usr/local/sbin\" -I ../../src -I ../../src/lxc -I ../../src/lxc/bdev -I ../../src/lxc/cgroups -pthread -g -O2 -Wall -Werror -MT liblxc_la-utils.lo -MD -MP -MF .deps/liblxc_la-utils.Tpo -c utils.c -o liblxc_la-utils.o >/dev/null 2>&1
[2026-01-21 06:04:50] [build-stdout] libtool: compile:  clang -DHAVE_CONFIG_H -I. -I../../src -fPIC -DPIC -DLXCROOTFSMOUNT=\"/usr/local/lib/lxc/rootfs\" -DLXCPATH=\"/usr/local/var/lib/lxc\" -DLXC_GLOBAL_CONF=\"/usr/local/etc/lxc/lxc.conf\" -DLXCINITDIR=\"/usr/local/libexec\" -DLIBEXECDIR=\"/usr/local/libexec\" -DLXCTEMPLATEDIR=\"/usr/local/share/lxc/templates\" -DLXCTEMPLATECONFIG=\"/usr/local/share/lxc/config\" -DLOGPATH=\"/usr/local/var/log/lxc\" -DLXC_DEFAULT_CONFIG=\"/usr/local/etc/lxc/default.conf\" -DLXC_USERNIC_DB=\"/run/lxc/nics\" -DLXC_USERNIC_CONF=\"/usr/local/etc/lxc/lxc-usernet\" -DDEFAULT_CGROUP_PATTERN=\"/lxc/%n\" -DRUNTIME_PATH=\"/run\" -DSBINDIR=\"/usr/local/sbin\" -I ../../src -I ../../src/lxc -I ../../src/lxc/bdev -I ../../src/lxc/cgroups -pthread -g -O2 -Wall -Werror -MT liblxc_la-conf.lo -MD -MP -MF .deps/liblxc_la-conf.Tpo -c conf.c  -fPIC -DPIC -o .libs/liblxc_la-conf.o
[2026-01-21 06:04:50] [build-stdout] libtool: compile:  clang -DHAVE_CONFIG_H -I. -I../../src -fPIC -DPIC -DLXCROOTFSMOUNT=\"/usr/local/lib/lxc/rootfs\" -DLXCPATH=\"/usr/local/var/lib/lxc\" -DLXC_GLOBAL_CONF=\"/usr/local/etc/lxc/lxc.conf\" -DLXCINITDIR=\"/usr/local/libexec\" -DLIBEXECDIR=\"/usr/local/libexec\" -DLXCTEMPLATEDIR=\"/usr/local/share/lxc/templates\" -DLXCTEMPLATECONFIG=\"/usr/local/share/lxc/config\" -DLOGPATH=\"/usr/local/var/log/lxc\" -DLXC_DEFAULT_CONFIG=\"/usr/local/etc/lxc/default.conf\" -DLXC_USERNIC_DB=\"/run/lxc/nics\" -DLXC_USERNIC_CONF=\"/usr/local/etc/lxc/lxc-usernet\" -DDEFAULT_CGROUP_PATTERN=\"/lxc/%n\" -DRUNTIME_PATH=\"/run\" -DSBINDIR=\"/usr/local/sbin\" -I ../../src -I ../../src/lxc -I ../../src/lxc/bdev -I ../../src/lxc/cgroups -pthread -g -O2 -Wall -Werror -MT liblxc_la-namespace.lo -MD -MP -MF .deps/liblxc_la-namespace.Tpo -c namespace.c  -fPIC -DPIC -o .libs/liblxc_la-namespace.o
[2026-01-21 06:04:50] [build-stdout] libtool: compile:  clang -DHAVE_CONFIG_H -I. -I../../src -fPIC -DPIC -DLXCROOTFSMOUNT=\"/usr/local/lib/lxc/rootfs\" -DLXCPATH=\"/usr/local/var/lib/lxc\" -DLXC_GLOBAL_CONF=\"/usr/local/etc/lxc/lxc.conf\" -DLXCINITDIR=\"/usr/local/libexec\" -DLIBEXECDIR=\"/usr/local/libexec\" -DLXCTEMPLATEDIR=\"/usr/local/share/lxc/templates\" -DLXCTEMPLATECONFIG=\"/usr/local/share/lxc/config\" -DLOGPATH=\"/usr/local/var/log/lxc\" -DLXC_DEFAULT_CONFIG=\"/usr/local/etc/lxc/default.conf\" -DLXC_USERNIC_DB=\"/run/lxc/nics\" -DLXC_USERNIC_CONF=\"/usr/local/etc/lxc/lxc-usernet\" -DDEFAULT_CGROUP_PATTERN=\"/lxc/%n\" -DRUNTIME_PATH=\"/run\" -DSBINDIR=\"/usr/local/sbin\" -I ../../src -I ../../src/lxc -I ../../src/lxc/bdev -I ../../src/lxc/cgroups -pthread -g -O2 -Wall -Werror -MT liblxc_la-namespace.lo -MD -MP -MF .deps/liblxc_la-namespace.Tpo -c namespace.c -o liblxc_la-namespace.o >/dev/null 2>&1
[2026-01-21 06:04:50] [build-stdout] libtool: compile:  clang -DHAVE_CONFIG_H -I. -I../../src -fPIC -DPIC -DLXCROOTFSMOUNT=\"/usr/local/lib/lxc/rootfs\" -DLXCPATH=\"/usr/local/var/lib/lxc\" -DLXC_GLOBAL_CONF=\"/usr/local/etc/lxc/lxc.conf\" -DLXCINITDIR=\"/usr/local/libexec\" -DLIBEXECDIR=\"/usr/local/libexec\" -DLXCTEMPLATEDIR=\"/usr/local/share/lxc/templates\" -DLXCTEMPLATECONFIG=\"/usr/local/share/lxc/config\" -DLOGPATH=\"/usr/local/var/log/lxc\" -DLXC_DEFAULT_CONFIG=\"/usr/local/etc/lxc/default.conf\" -DLXC_USERNIC_DB=\"/run/lxc/nics\" -DLXC_USERNIC_CONF=\"/usr/local/etc/lxc/lxc-usernet\" -DDEFAULT_CGROUP_PATTERN=\"/lxc/%n\" -DRUNTIME_PATH=\"/run\" -DSBINDIR=\"/usr/local/sbin\" -I ../../src -I ../../src/lxc -I ../../src/lxc/bdev -I ../../src/lxc/cgroups -pthread -g -O2 -Wall -Werror -MT liblxc_la-confile.lo -MD -MP -MF .deps/liblxc_la-confile.Tpo -c confile.c  -fPIC -DPIC -o .libs/liblxc_la-confile.o
[2026-01-21 06:04:50] [build-stdout] mv -f .deps/liblxc_la-utils.Tpo .deps/liblxc_la-utils.Plo
[2026-01-21 06:04:50] [build-stdout] mv -f .deps/liblxc_la-namespace.Tpo .deps/liblxc_la-namespace.Plo
[2026-01-21 06:04:50] [build-stdout] /bin/bash ../../libtool  --tag=CC   --mode=compile clang -DHAVE_CONFIG_H -I. -I../../src    -fPIC -DPIC -DLXCROOTFSMOUNT=\"/usr/local/lib/lxc/rootfs\" -DLXCPATH=\"/usr/local/var/lib/lxc\" -DLXC_GLOBAL_CONF=\"/usr/local/etc/lxc/lxc.conf\" -DLXCINITDIR=\"/usr/local/libexec\" -DLIBEXECDIR=\"/usr/local/libexec\" -DLXCTEMPLATEDIR=\"/usr/local/share/lxc/templates\" -DLXCTEMPLATECONFIG=\"/usr/local/share/lxc/config\" -DLOGPATH=\"/usr/local/var/log/lxc\" -DLXC_DEFAULT_CONFIG=\"/usr/local/etc/lxc/default.conf\" -DLXC_USERNIC_DB=\"/run/lxc/nics\" -DLXC_USERNIC_CONF=\"/usr/local/etc/lxc/lxc-usernet\" -DDEFAULT_CGROUP_PATTERN=\"/lxc/%n\" -DRUNTIME_PATH=\"/run\" -DSBINDIR=\"/usr/local/sbin\" -I ../../src -I ../../src/lxc -I ../../src/lxc/bdev -I ../../src/lxc/cgroups      -pthread  -g -O2 -Wall -Werror -MT liblxc_la-confile_network_legacy.lo -MD -MP -MF .deps/liblxc_la-confile_network_legacy.Tpo -c -o liblxc_la-confile_network_legacy.lo `test -f 'confile_network_legacy.c' || echo './'`confile_network_legacy.c
[2026-01-21 06:04:50] [build-stdout] /bin/bash ../../libtool  --tag=CC   --mode=compile clang -DHAVE_CONFIG_H -I. -I../../src    -fPIC -DPIC -DLXCROOTFSMOUNT=\"/usr/local/lib/lxc/rootfs\" -DLXCPATH=\"/usr/local/var/lib/lxc\" -DLXC_GLOBAL_CONF=\"/usr/local/etc/lxc/lxc.conf\" -DLXCINITDIR=\"/usr/local/libexec\" -DLIBEXECDIR=\"/usr/local/libexec\" -DLXCTEMPLATEDIR=\"/usr/local/share/lxc/templates\" -DLXCTEMPLATECONFIG=\"/usr/local/share/lxc/config\" -DLOGPATH=\"/usr/local/var/log/lxc\" -DLXC_DEFAULT_CONFIG=\"/usr/local/etc/lxc/default.conf\" -DLXC_USERNIC_DB=\"/run/lxc/nics\" -DLXC_USERNIC_CONF=\"/usr/local/etc/lxc/lxc-usernet\" -DDEFAULT_CGROUP_PATTERN=\"/lxc/%n\" -DRUNTIME_PATH=\"/run\" -DSBINDIR=\"/usr/local/sbin\" -I ../../src -I ../../src/lxc -I ../../src/lxc/bdev -I ../../src/lxc/cgroups      -pthread  -g -O2 -Wall -Werror -MT liblxc_la-confile_utils.lo -MD -MP -MF .deps/liblxc_la-confile_utils.Tpo -c -o liblxc_la-confile_utils.lo `test -f 'confile_utils.c' || echo './'`confile_utils.c
[2026-01-21 06:04:51] [build-stdout] libtool: compile:  clang -DHAVE_CONFIG_H -I. -I../../src -fPIC -DPIC -DLXCROOTFSMOUNT=\"/usr/local/lib/lxc/rootfs\" -DLXCPATH=\"/usr/local/var/lib/lxc\" -DLXC_GLOBAL_CONF=\"/usr/local/etc/lxc/lxc.conf\" -DLXCINITDIR=\"/usr/local/libexec\" -DLIBEXECDIR=\"/usr/local/libexec\" -DLXCTEMPLATEDIR=\"/usr/local/share/lxc/templates\" -DLXCTEMPLATECONFIG=\"/usr/local/share/lxc/config\" -DLOGPATH=\"/usr/local/var/log/lxc\" -DLXC_DEFAULT_CONFIG=\"/usr/local/etc/lxc/default.conf\" -DLXC_USERNIC_DB=\"/run/lxc/nics\" -DLXC_USERNIC_CONF=\"/usr/local/etc/lxc/lxc-usernet\" -DDEFAULT_CGROUP_PATTERN=\"/lxc/%n\" -DRUNTIME_PATH=\"/run\" -DSBINDIR=\"/usr/local/sbin\" -I ../../src -I ../../src/lxc -I ../../src/lxc/bdev -I ../../src/lxc/cgroups -pthread -g -O2 -Wall -Werror -MT liblxc_la-confile_network_legacy.lo -MD -MP -MF .deps/liblxc_la-confile_network_legacy.Tpo -c confile_network_legacy.c  -fPIC -DPIC -o .libs/liblxc_la-confile_network_legacy.o
[2026-01-21 06:04:51] [build-stdout] libtool: compile:  clang -DHAVE_CONFIG_H -I. -I../../src -fPIC -DPIC -DLXCROOTFSMOUNT=\"/usr/local/lib/lxc/rootfs\" -DLXCPATH=\"/usr/local/var/lib/lxc\" -DLXC_GLOBAL_CONF=\"/usr/local/etc/lxc/lxc.conf\" -DLXCINITDIR=\"/usr/local/libexec\" -DLIBEXECDIR=\"/usr/local/libexec\" -DLXCTEMPLATEDIR=\"/usr/local/share/lxc/templates\" -DLXCTEMPLATECONFIG=\"/usr/local/share/lxc/config\" -DLOGPATH=\"/usr/local/var/log/lxc\" -DLXC_DEFAULT_CONFIG=\"/usr/local/etc/lxc/default.conf\" -DLXC_USERNIC_DB=\"/run/lxc/nics\" -DLXC_USERNIC_CONF=\"/usr/local/etc/lxc/lxc-usernet\" -DDEFAULT_CGROUP_PATTERN=\"/lxc/%n\" -DRUNTIME_PATH=\"/run\" -DSBINDIR=\"/usr/local/sbin\" -I ../../src -I ../../src/lxc -I ../../src/lxc/bdev -I ../../src/lxc/cgroups -pthread -g -O2 -Wall -Werror -MT liblxc_la-confile_utils.lo -MD -MP -MF .deps/liblxc_la-confile_utils.Tpo -c confile_utils.c  -fPIC -DPIC -o .libs/liblxc_la-confile_utils.o
[2026-01-21 06:04:51] [build-stdout] libtool: compile:  clang -DHAVE_CONFIG_H -I. -I../../src -fPIC -DPIC -DLXCROOTFSMOUNT=\"/usr/local/lib/lxc/rootfs\" -DLXCPATH=\"/usr/local/var/lib/lxc\" -DLXC_GLOBAL_CONF=\"/usr/local/etc/lxc/lxc.conf\" -DLXCINITDIR=\"/usr/local/libexec\" -DLIBEXECDIR=\"/usr/local/libexec\" -DLXCTEMPLATEDIR=\"/usr/local/share/lxc/templates\" -DLXCTEMPLATECONFIG=\"/usr/local/share/lxc/config\" -DLOGPATH=\"/usr/local/var/log/lxc\" -DLXC_DEFAULT_CONFIG=\"/usr/local/etc/lxc/default.conf\" -DLXC_USERNIC_DB=\"/run/lxc/nics\" -DLXC_USERNIC_CONF=\"/usr/local/etc/lxc/lxc-usernet\" -DDEFAULT_CGROUP_PATTERN=\"/lxc/%n\" -DRUNTIME_PATH=\"/run\" -DSBINDIR=\"/usr/local/sbin\" -I ../../src -I ../../src/lxc -I ../../src/lxc/bdev -I ../../src/lxc/cgroups -pthread -g -O2 -Wall -Werror -MT liblxc_la-conf.lo -MD -MP -MF .deps/liblxc_la-conf.Tpo -c conf.c -o liblxc_la-conf.o >/dev/null 2>&1
[2026-01-21 06:04:51] [build-stdout] libtool: compile:  clang -DHAVE_CONFIG_H -I. -I../../src -fPIC -DPIC -DLXCROOTFSMOUNT=\"/usr/local/lib/lxc/rootfs\" -DLXCPATH=\"/usr/local/var/lib/lxc\" -DLXC_GLOBAL_CONF=\"/usr/local/etc/lxc/lxc.conf\" -DLXCINITDIR=\"/usr/local/libexec\" -DLIBEXECDIR=\"/usr/local/libexec\" -DLXCTEMPLATEDIR=\"/usr/local/share/lxc/templates\" -DLXCTEMPLATECONFIG=\"/usr/local/share/lxc/config\" -DLOGPATH=\"/usr/local/var/log/lxc\" -DLXC_DEFAULT_CONFIG=\"/usr/local/etc/lxc/default.conf\" -DLXC_USERNIC_DB=\"/run/lxc/nics\" -DLXC_USERNIC_CONF=\"/usr/local/etc/lxc/lxc-usernet\" -DDEFAULT_CGROUP_PATTERN=\"/lxc/%n\" -DRUNTIME_PATH=\"/run\" -DSBINDIR=\"/usr/local/sbin\" -I ../../src -I ../../src/lxc -I ../../src/lxc/bdev -I ../../src/lxc/cgroups -pthread -g -O2 -Wall -Werror -MT liblxc_la-confile_utils.lo -MD -MP -MF .deps/liblxc_la-confile_utils.Tpo -c confile_utils.c -o liblxc_la-confile_utils.o >/dev/null 2>&1
[2026-01-21 06:04:51] [build-stdout] libtool: compile:  clang -DHAVE_CONFIG_H -I. -I../../src -fPIC -DPIC -DLXCROOTFSMOUNT=\"/usr/local/lib/lxc/rootfs\" -DLXCPATH=\"/usr/local/var/lib/lxc\" -DLXC_GLOBAL_CONF=\"/usr/local/etc/lxc/lxc.conf\" -DLXCINITDIR=\"/usr/local/libexec\" -DLIBEXECDIR=\"/usr/local/libexec\" -DLXCTEMPLATEDIR=\"/usr/local/share/lxc/templates\" -DLXCTEMPLATECONFIG=\"/usr/local/share/lxc/config\" -DLOGPATH=\"/usr/local/var/log/lxc\" -DLXC_DEFAULT_CONFIG=\"/usr/local/etc/lxc/default.conf\" -DLXC_USERNIC_DB=\"/run/lxc/nics\" -DLXC_USERNIC_CONF=\"/usr/local/etc/lxc/lxc-usernet\" -DDEFAULT_CGROUP_PATTERN=\"/lxc/%n\" -DRUNTIME_PATH=\"/run\" -DSBINDIR=\"/usr/local/sbin\" -I ../../src -I ../../src/lxc -I ../../src/lxc/bdev -I ../../src/lxc/cgroups -pthread -g -O2 -Wall -Werror -MT liblxc_la-confile.lo -MD -MP -MF .deps/liblxc_la-confile.Tpo -c confile.c -o liblxc_la-confile.o >/dev/null 2>&1
[2026-01-21 06:04:51] [build-stdout] libtool: compile:  clang -DHAVE_CONFIG_H -I. -I../../src -fPIC -DPIC -DLXCROOTFSMOUNT=\"/usr/local/lib/lxc/rootfs\" -DLXCPATH=\"/usr/local/var/lib/lxc\" -DLXC_GLOBAL_CONF=\"/usr/local/etc/lxc/lxc.conf\" -DLXCINITDIR=\"/usr/local/libexec\" -DLIBEXECDIR=\"/usr/local/libexec\" -DLXCTEMPLATEDIR=\"/usr/local/share/lxc/templates\" -DLXCTEMPLATECONFIG=\"/usr/local/share/lxc/config\" -DLOGPATH=\"/usr/local/var/log/lxc\" -DLXC_DEFAULT_CONFIG=\"/usr/local/etc/lxc/default.conf\" -DLXC_USERNIC_DB=\"/run/lxc/nics\" -DLXC_USERNIC_CONF=\"/usr/local/etc/lxc/lxc-usernet\" -DDEFAULT_CGROUP_PATTERN=\"/lxc/%n\" -DRUNTIME_PATH=\"/run\" -DSBINDIR=\"/usr/local/sbin\" -I ../../src -I ../../src/lxc -I ../../src/lxc/bdev -I ../../src/lxc/cgroups -pthread -g -O2 -Wall -Werror -MT liblxc_la-confile_network_legacy.lo -MD -MP -MF .deps/liblxc_la-confile_network_legacy.Tpo -c confile_network_legacy.c -o liblxc_la-confile_network_legacy.o >/dev/null 2>&1
[2026-01-21 06:04:51] [build-stdout] mv -f .deps/liblxc_la-confile_utils.Tpo .deps/liblxc_la-confile_utils.Plo
[2026-01-21 06:04:51] [build-stdout] /bin/bash ../../libtool  --tag=CC   --mode=compile clang -DHAVE_CONFIG_H -I. -I../../src    -fPIC -DPIC -DLXCROOTFSMOUNT=\"/usr/local/lib/lxc/rootfs\" -DLXCPATH=\"/usr/local/var/lib/lxc\" -DLXC_GLOBAL_CONF=\"/usr/local/etc/lxc/lxc.conf\" -DLXCINITDIR=\"/usr/local/libexec\" -DLIBEXECDIR=\"/usr/local/libexec\" -DLXCTEMPLATEDIR=\"/usr/local/share/lxc/templates\" -DLXCTEMPLATECONFIG=\"/usr/local/share/lxc/config\" -DLOGPATH=\"/usr/local/var/log/lxc\" -DLXC_DEFAULT_CONFIG=\"/usr/local/etc/lxc/default.conf\" -DLXC_USERNIC_DB=\"/run/lxc/nics\" -DLXC_USERNIC_CONF=\"/usr/local/etc/lxc/lxc-usernet\" -DDEFAULT_CGROUP_PATTERN=\"/lxc/%n\" -DRUNTIME_PATH=\"/run\" -DSBINDIR=\"/usr/local/sbin\" -I ../../src -I ../../src/lxc -I ../../src/lxc/bdev -I ../../src/lxc/cgroups      -pthread  -g -O2 -Wall -Werror -MT liblxc_la-state.lo -MD -MP -MF .deps/liblxc_la-state.Tpo -c -o liblxc_la-state.lo `test -f 'state.c' || echo './'`state.c
[2026-01-21 06:04:52] [build-stdout] mv -f .deps/liblxc_la-confile_network_legacy.Tpo .deps/liblxc_la-confile_network_legacy.Plo
[2026-01-21 06:04:52] [build-stdout] /bin/bash ../../libtool  --tag=CC   --mode=compile clang -DHAVE_CONFIG_H -I. -I../../src    -fPIC -DPIC -DLXCROOTFSMOUNT=\"/usr/local/lib/lxc/rootfs\" -DLXCPATH=\"/usr/local/var/lib/lxc\" -DLXC_GLOBAL_CONF=\"/usr/local/etc/lxc/lxc.conf\" -DLXCINITDIR=\"/usr/local/libexec\" -DLIBEXECDIR=\"/usr/local/libexec\" -DLXCTEMPLATEDIR=\"/usr/local/share/lxc/templates\" -DLXCTEMPLATECONFIG=\"/usr/local/share/lxc/config\" -DLOGPATH=\"/usr/local/var/log/lxc\" -DLXC_DEFAULT_CONFIG=\"/usr/local/etc/lxc/default.conf\" -DLXC_USERNIC_DB=\"/run/lxc/nics\" -DLXC_USERNIC_CONF=\"/usr/local/etc/lxc/lxc-usernet\" -DDEFAULT_CGROUP_PATTERN=\"/lxc/%n\" -DRUNTIME_PATH=\"/run\" -DSBINDIR=\"/usr/local/sbin\" -I ../../src -I ../../src/lxc -I ../../src/lxc/bdev -I ../../src/lxc/cgroups      -pthread  -g -O2 -Wall -Werror -MT liblxc_la-log.lo -MD -MP -MF .deps/liblxc_la-log.Tpo -c -o liblxc_la-log.lo `test -f 'log.c' || echo './'`log.c
[2026-01-21 06:04:52] [build-stdout] libtool: compile:  clang -DHAVE_CONFIG_H -I. -I../../src -fPIC -DPIC -DLXCROOTFSMOUNT=\"/usr/local/lib/lxc/rootfs\" -DLXCPATH=\"/usr/local/var/lib/lxc\" -DLXC_GLOBAL_CONF=\"/usr/local/etc/lxc/lxc.conf\" -DLXCINITDIR=\"/usr/local/libexec\" -DLIBEXECDIR=\"/usr/local/libexec\" -DLXCTEMPLATEDIR=\"/usr/local/share/lxc/templates\" -DLXCTEMPLATECONFIG=\"/usr/local/share/lxc/config\" -DLOGPATH=\"/usr/local/var/log/lxc\" -DLXC_DEFAULT_CONFIG=\"/usr/local/etc/lxc/default.conf\" -DLXC_USERNIC_DB=\"/run/lxc/nics\" -DLXC_USERNIC_CONF=\"/usr/local/etc/lxc/lxc-usernet\" -DDEFAULT_CGROUP_PATTERN=\"/lxc/%n\" -DRUNTIME_PATH=\"/run\" -DSBINDIR=\"/usr/local/sbin\" -I ../../src -I ../../src/lxc -I ../../src/lxc/bdev -I ../../src/lxc/cgroups -pthread -g -O2 -Wall -Werror -MT liblxc_la-state.lo -MD -MP -MF .deps/liblxc_la-state.Tpo -c state.c  -fPIC -DPIC -o .libs/liblxc_la-state.o
[2026-01-21 06:04:52] [build-stdout] mv -f .deps/liblxc_la-confile.Tpo .deps/liblxc_la-confile.Plo
[2026-01-21 06:04:52] [build-stdout] /bin/bash ../../libtool  --tag=CC   --mode=compile clang -DHAVE_CONFIG_H -I. -I../../src    -fPIC -DPIC -DLXCROOTFSMOUNT=\"/usr/local/lib/lxc/rootfs\" -DLXCPATH=\"/usr/local/var/lib/lxc\" -DLXC_GLOBAL_CONF=\"/usr/local/etc/lxc/lxc.conf\" -DLXCINITDIR=\"/usr/local/libexec\" -DLIBEXECDIR=\"/usr/local/libexec\" -DLXCTEMPLATEDIR=\"/usr/local/share/lxc/templates\" -DLXCTEMPLATECONFIG=\"/usr/local/share/lxc/config\" -DLOGPATH=\"/usr/local/var/log/lxc\" -DLXC_DEFAULT_CONFIG=\"/usr/local/etc/lxc/default.conf\" -DLXC_USERNIC_DB=\"/run/lxc/nics\" -DLXC_USERNIC_CONF=\"/usr/local/etc/lxc/lxc-usernet\" -DDEFAULT_CGROUP_PATTERN=\"/lxc/%n\" -DRUNTIME_PATH=\"/run\" -DSBINDIR=\"/usr/local/sbin\" -I ../../src -I ../../src/lxc -I ../../src/lxc/bdev -I ../../src/lxc/cgroups      -pthread  -g -O2 -Wall -Werror -MT liblxc_la-attach.lo -MD -MP -MF .deps/liblxc_la-attach.Tpo -c -o liblxc_la-attach.lo `test -f 'attach.c' || echo './'`attach.c
[2026-01-21 06:04:52] [build-stdout] mv -f .deps/liblxc_la-conf.Tpo .deps/liblxc_la-conf.Plo
[2026-01-21 06:04:52] [build-stdout] /bin/bash ../../libtool  --tag=CC   --mode=compile clang -DHAVE_CONFIG_H -I. -I../../src    -fPIC -DPIC -DLXCROOTFSMOUNT=\"/usr/local/lib/lxc/rootfs\" -DLXCPATH=\"/usr/local/var/lib/lxc\" -DLXC_GLOBAL_CONF=\"/usr/local/etc/lxc/lxc.conf\" -DLXCINITDIR=\"/usr/local/libexec\" -DLIBEXECDIR=\"/usr/local/libexec\" -DLXCTEMPLATEDIR=\"/usr/local/share/lxc/templates\" -DLXCTEMPLATECONFIG=\"/usr/local/share/lxc/config\" -DLOGPATH=\"/usr/local/var/log/lxc\" -DLXC_DEFAULT_CONFIG=\"/usr/local/etc/lxc/default.conf\" -DLXC_USERNIC_DB=\"/run/lxc/nics\" -DLXC_USERNIC_CONF=\"/usr/local/etc/lxc/lxc-usernet\" -DDEFAULT_CGROUP_PATTERN=\"/lxc/%n\" -DRUNTIME_PATH=\"/run\" -DSBINDIR=\"/usr/local/sbin\" -I ../../src -I ../../src/lxc -I ../../src/lxc/bdev -I ../../src/lxc/cgroups      -pthread  -g -O2 -Wall -Werror -MT liblxc_la-criu.lo -MD -MP -MF .deps/liblxc_la-criu.Tpo -c -o liblxc_la-criu.lo `test -f 'criu.c' || echo './'`criu.c
[2026-01-21 06:04:52] [build-stdout] libtool: compile:  clang -DHAVE_CONFIG_H -I. -I../../src -fPIC -DPIC -DLXCROOTFSMOUNT=\"/usr/local/lib/lxc/rootfs\" -DLXCPATH=\"/usr/local/var/lib/lxc\" -DLXC_GLOBAL_CONF=\"/usr/local/etc/lxc/lxc.conf\" -DLXCINITDIR=\"/usr/local/libexec\" -DLIBEXECDIR=\"/usr/local/libexec\" -DLXCTEMPLATEDIR=\"/usr/local/share/lxc/templates\" -DLXCTEMPLATECONFIG=\"/usr/local/share/lxc/config\" -DLOGPATH=\"/usr/local/var/log/lxc\" -DLXC_DEFAULT_CONFIG=\"/usr/local/etc/lxc/default.conf\" -DLXC_USERNIC_DB=\"/run/lxc/nics\" -DLXC_USERNIC_CONF=\"/usr/local/etc/lxc/lxc-usernet\" -DDEFAULT_CGROUP_PATTERN=\"/lxc/%n\" -DRUNTIME_PATH=\"/run\" -DSBINDIR=\"/usr/local/sbin\" -I ../../src -I ../../src/lxc -I ../../src/lxc/bdev -I ../../src/lxc/cgroups -pthread -g -O2 -Wall -Werror -MT liblxc_la-state.lo -MD -MP -MF .deps/liblxc_la-state.Tpo -c state.c -o liblxc_la-state.o >/dev/null 2>&1
[2026-01-21 06:04:52] [build-stdout] libtool: compile:  clang -DHAVE_CONFIG_H -I. -I../../src -fPIC -DPIC -DLXCROOTFSMOUNT=\"/usr/local/lib/lxc/rootfs\" -DLXCPATH=\"/usr/local/var/lib/lxc\" -DLXC_GLOBAL_CONF=\"/usr/local/etc/lxc/lxc.conf\" -DLXCINITDIR=\"/usr/local/libexec\" -DLIBEXECDIR=\"/usr/local/libexec\" -DLXCTEMPLATEDIR=\"/usr/local/share/lxc/templates\" -DLXCTEMPLATECONFIG=\"/usr/local/share/lxc/config\" -DLOGPATH=\"/usr/local/var/log/lxc\" -DLXC_DEFAULT_CONFIG=\"/usr/local/etc/lxc/default.conf\" -DLXC_USERNIC_DB=\"/run/lxc/nics\" -DLXC_USERNIC_CONF=\"/usr/local/etc/lxc/lxc-usernet\" -DDEFAULT_CGROUP_PATTERN=\"/lxc/%n\" -DRUNTIME_PATH=\"/run\" -DSBINDIR=\"/usr/local/sbin\" -I ../../src -I ../../src/lxc -I ../../src/lxc/bdev -I ../../src/lxc/cgroups -pthread -g -O2 -Wall -Werror -MT liblxc_la-log.lo -MD -MP -MF .deps/liblxc_la-log.Tpo -c log.c  -fPIC -DPIC -o .libs/liblxc_la-log.o
[2026-01-21 06:04:52] [build-stdout] mv -f .deps/liblxc_la-state.Tpo .deps/liblxc_la-state.Plo
[2026-01-21 06:04:52] [build-stdout] /bin/bash ../../libtool  --tag=CC   --mode=compile clang -DHAVE_CONFIG_H -I. -I../../src    -fPIC -DPIC -DLXCROOTFSMOUNT=\"/usr/local/lib/lxc/rootfs\" -DLXCPATH=\"/usr/local/var/lib/lxc\" -DLXC_GLOBAL_CONF=\"/usr/local/etc/lxc/lxc.conf\" -DLXCINITDIR=\"/usr/local/libexec\" -DLIBEXECDIR=\"/usr/local/libexec\" -DLXCTEMPLATEDIR=\"/usr/local/share/lxc/templates\" -DLXCTEMPLATECONFIG=\"/usr/local/share/lxc/config\" -DLOGPATH=\"/usr/local/var/log/lxc\" -DLXC_DEFAULT_CONFIG=\"/usr/local/etc/lxc/default.conf\" -DLXC_USERNIC_DB=\"/run/lxc/nics\" -DLXC_USERNIC_CONF=\"/usr/local/etc/lxc/lxc-usernet\" -DDEFAULT_CGROUP_PATTERN=\"/lxc/%n\" -DRUNTIME_PATH=\"/run\" -DSBINDIR=\"/usr/local/sbin\" -I ../../src -I ../../src/lxc -I ../../src/lxc/bdev -I ../../src/lxc/cgroups      -pthread  -g -O2 -Wall -Werror -MT liblxc_la-network.lo -MD -MP -MF .deps/liblxc_la-network.Tpo -c -o liblxc_la-network.lo `test -f 'network.c' || echo './'`network.c
[2026-01-21 06:04:53] [build-stdout] libtool: compile:  clang -DHAVE_CONFIG_H -I. -I../../src -fPIC -DPIC -DLXCROOTFSMOUNT=\"/usr/local/lib/lxc/rootfs\" -DLXCPATH=\"/usr/local/var/lib/lxc\" -DLXC_GLOBAL_CONF=\"/usr/local/etc/lxc/lxc.conf\" -DLXCINITDIR=\"/usr/local/libexec\" -DLIBEXECDIR=\"/usr/local/libexec\" -DLXCTEMPLATEDIR=\"/usr/local/share/lxc/templates\" -DLXCTEMPLATECONFIG=\"/usr/local/share/lxc/config\" -DLOGPATH=\"/usr/local/var/log/lxc\" -DLXC_DEFAULT_CONFIG=\"/usr/local/etc/lxc/default.conf\" -DLXC_USERNIC_DB=\"/run/lxc/nics\" -DLXC_USERNIC_CONF=\"/usr/local/etc/lxc/lxc-usernet\" -DDEFAULT_CGROUP_PATTERN=\"/lxc/%n\" -DRUNTIME_PATH=\"/run\" -DSBINDIR=\"/usr/local/sbin\" -I ../../src -I ../../src/lxc -I ../../src/lxc/bdev -I ../../src/lxc/cgroups -pthread -g -O2 -Wall -Werror -MT liblxc_la-log.lo -MD -MP -MF .deps/liblxc_la-log.Tpo -c log.c -o liblxc_la-log.o >/dev/null 2>&1
[2026-01-21 06:04:53] [build-stdout] libtool: compile:  clang -DHAVE_CONFIG_H -I. -I../../src -fPIC -DPIC -DLXCROOTFSMOUNT=\"/usr/local/lib/lxc/rootfs\" -DLXCPATH=\"/usr/local/var/lib/lxc\" -DLXC_GLOBAL_CONF=\"/usr/local/etc/lxc/lxc.conf\" -DLXCINITDIR=\"/usr/local/libexec\" -DLIBEXECDIR=\"/usr/local/libexec\" -DLXCTEMPLATEDIR=\"/usr/local/share/lxc/templates\" -DLXCTEMPLATECONFIG=\"/usr/local/share/lxc/config\" -DLOGPATH=\"/usr/local/var/log/lxc\" -DLXC_DEFAULT_CONFIG=\"/usr/local/etc/lxc/default.conf\" -DLXC_USERNIC_DB=\"/run/lxc/nics\" -DLXC_USERNIC_CONF=\"/usr/local/etc/lxc/lxc-usernet\" -DDEFAULT_CGROUP_PATTERN=\"/lxc/%n\" -DRUNTIME_PATH=\"/run\" -DSBINDIR=\"/usr/local/sbin\" -I ../../src -I ../../src/lxc -I ../../src/lxc/bdev -I ../../src/lxc/cgroups -pthread -g -O2 -Wall -Werror -MT liblxc_la-attach.lo -MD -MP -MF .deps/liblxc_la-attach.Tpo -c attach.c  -fPIC -DPIC -o .libs/liblxc_la-attach.o
[2026-01-21 06:04:53] [build-stdout] libtool: compile:  clang -DHAVE_CONFIG_H -I. -I../../src -fPIC -DPIC -DLXCROOTFSMOUNT=\"/usr/local/lib/lxc/rootfs\" -DLXCPATH=\"/usr/local/var/lib/lxc\" -DLXC_GLOBAL_CONF=\"/usr/local/etc/lxc/lxc.conf\" -DLXCINITDIR=\"/usr/local/libexec\" -DLIBEXECDIR=\"/usr/local/libexec\" -DLXCTEMPLATEDIR=\"/usr/local/share/lxc/templates\" -DLXCTEMPLATECONFIG=\"/usr/local/share/lxc/config\" -DLOGPATH=\"/usr/local/var/log/lxc\" -DLXC_DEFAULT_CONFIG=\"/usr/local/etc/lxc/default.conf\" -DLXC_USERNIC_DB=\"/run/lxc/nics\" -DLXC_USERNIC_CONF=\"/usr/local/etc/lxc/lxc-usernet\" -DDEFAULT_CGROUP_PATTERN=\"/lxc/%n\" -DRUNTIME_PATH=\"/run\" -DSBINDIR=\"/usr/local/sbin\" -I ../../src -I ../../src/lxc -I ../../src/lxc/bdev -I ../../src/lxc/cgroups -pthread -g -O2 -Wall -Werror -MT liblxc_la-criu.lo -MD -MP -MF .deps/liblxc_la-criu.Tpo -c criu.c  -fPIC -DPIC -o .libs/liblxc_la-criu.o
[2026-01-21 06:04:53] [build-stdout] mv -f .deps/liblxc_la-log.Tpo .deps/liblxc_la-log.Plo
[2026-01-21 06:04:53] [build-stdout] /bin/bash ../../libtool  --tag=CC   --mode=compile clang -DHAVE_CONFIG_H -I. -I../../src    -fPIC -DPIC -DLXCROOTFSMOUNT=\"/usr/local/lib/lxc/rootfs\" -DLXCPATH=\"/usr/local/var/lib/lxc\" -DLXC_GLOBAL_CONF=\"/usr/local/etc/lxc/lxc.conf\" -DLXCINITDIR=\"/usr/local/libexec\" -DLIBEXECDIR=\"/usr/local/libexec\" -DLXCTEMPLATEDIR=\"/usr/local/share/lxc/templates\" -DLXCTEMPLATECONFIG=\"/usr/local/share/lxc/config\" -DLOGPATH=\"/usr/local/var/log/lxc\" -DLXC_DEFAULT_CONFIG=\"/usr/local/etc/lxc/default.conf\" -DLXC_USERNIC_DB=\"/run/lxc/nics\" -DLXC_USERNIC_CONF=\"/usr/local/etc/lxc/lxc-usernet\" -DDEFAULT_CGROUP_PATTERN=\"/lxc/%n\" -DRUNTIME_PATH=\"/run\" -DSBINDIR=\"/usr/local/sbin\" -I ../../src -I ../../src/lxc -I ../../src/lxc/bdev -I ../../src/lxc/cgroups      -pthread  -g -O2 -Wall -Werror -MT liblxc_la-nl.lo -MD -MP -MF .deps/liblxc_la-nl.Tpo -c -o liblxc_la-nl.lo `test -f 'nl.c' || echo './'`nl.c
[2026-01-21 06:04:53] [build-stdout] libtool: compile:  clang -DHAVE_CONFIG_H -I. -I../../src -fPIC -DPIC -DLXCROOTFSMOUNT=\"/usr/local/lib/lxc/rootfs\" -DLXCPATH=\"/usr/local/var/lib/lxc\" -DLXC_GLOBAL_CONF=\"/usr/local/etc/lxc/lxc.conf\" -DLXCINITDIR=\"/usr/local/libexec\" -DLIBEXECDIR=\"/usr/local/libexec\" -DLXCTEMPLATEDIR=\"/usr/local/share/lxc/templates\" -DLXCTEMPLATECONFIG=\"/usr/local/share/lxc/config\" -DLOGPATH=\"/usr/local/var/log/lxc\" -DLXC_DEFAULT_CONFIG=\"/usr/local/etc/lxc/default.conf\" -DLXC_USERNIC_DB=\"/run/lxc/nics\" -DLXC_USERNIC_CONF=\"/usr/local/etc/lxc/lxc-usernet\" -DDEFAULT_CGROUP_PATTERN=\"/lxc/%n\" -DRUNTIME_PATH=\"/run\" -DSBINDIR=\"/usr/local/sbin\" -I ../../src -I ../../src/lxc -I ../../src/lxc/bdev -I ../../src/lxc/cgroups -pthread -g -O2 -Wall -Werror -MT liblxc_la-network.lo -MD -MP -MF .deps/liblxc_la-network.Tpo -c network.c  -fPIC -DPIC -o .libs/liblxc_la-network.o
[2026-01-21 06:04:53] [build-stdout] libtool: compile:  clang -DHAVE_CONFIG_H -I. -I../../src -fPIC -DPIC -DLXCROOTFSMOUNT=\"/usr/local/lib/lxc/rootfs\" -DLXCPATH=\"/usr/local/var/lib/lxc\" -DLXC_GLOBAL_CONF=\"/usr/local/etc/lxc/lxc.conf\" -DLXCINITDIR=\"/usr/local/libexec\" -DLIBEXECDIR=\"/usr/local/libexec\" -DLXCTEMPLATEDIR=\"/usr/local/share/lxc/templates\" -DLXCTEMPLATECONFIG=\"/usr/local/share/lxc/config\" -DLOGPATH=\"/usr/local/var/log/lxc\" -DLXC_DEFAULT_CONFIG=\"/usr/local/etc/lxc/default.conf\" -DLXC_USERNIC_DB=\"/run/lxc/nics\" -DLXC_USERNIC_CONF=\"/usr/local/etc/lxc/lxc-usernet\" -DDEFAULT_CGROUP_PATTERN=\"/lxc/%n\" -DRUNTIME_PATH=\"/run\" -DSBINDIR=\"/usr/local/sbin\" -I ../../src -I ../../src/lxc -I ../../src/lxc/bdev -I ../../src/lxc/cgroups -pthread -g -O2 -Wall -Werror -MT liblxc_la-attach.lo -MD -MP -MF .deps/liblxc_la-attach.Tpo -c attach.c -o liblxc_la-attach.o >/dev/null 2>&1
[2026-01-21 06:04:53] [build-stdout] libtool: compile:  clang -DHAVE_CONFIG_H -I. -I../../src -fPIC -DPIC -DLXCROOTFSMOUNT=\"/usr/local/lib/lxc/rootfs\" -DLXCPATH=\"/usr/local/var/lib/lxc\" -DLXC_GLOBAL_CONF=\"/usr/local/etc/lxc/lxc.conf\" -DLXCINITDIR=\"/usr/local/libexec\" -DLIBEXECDIR=\"/usr/local/libexec\" -DLXCTEMPLATEDIR=\"/usr/local/share/lxc/templates\" -DLXCTEMPLATECONFIG=\"/usr/local/share/lxc/config\" -DLOGPATH=\"/usr/local/var/log/lxc\" -DLXC_DEFAULT_CONFIG=\"/usr/local/etc/lxc/default.conf\" -DLXC_USERNIC_DB=\"/run/lxc/nics\" -DLXC_USERNIC_CONF=\"/usr/local/etc/lxc/lxc-usernet\" -DDEFAULT_CGROUP_PATTERN=\"/lxc/%n\" -DRUNTIME_PATH=\"/run\" -DSBINDIR=\"/usr/local/sbin\" -I ../../src -I ../../src/lxc -I ../../src/lxc/bdev -I ../../src/lxc/cgroups -pthread -g -O2 -Wall -Werror -MT liblxc_la-criu.lo -MD -MP -MF .deps/liblxc_la-criu.Tpo -c criu.c -o liblxc_la-criu.o >/dev/null 2>&1
[2026-01-21 06:04:54] [build-stdout] libtool: compile:  clang -DHAVE_CONFIG_H -I. -I../../src -fPIC -DPIC -DLXCROOTFSMOUNT=\"/usr/local/lib/lxc/rootfs\" -DLXCPATH=\"/usr/local/var/lib/lxc\" -DLXC_GLOBAL_CONF=\"/usr/local/etc/lxc/lxc.conf\" -DLXCINITDIR=\"/usr/local/libexec\" -DLIBEXECDIR=\"/usr/local/libexec\" -DLXCTEMPLATEDIR=\"/usr/local/share/lxc/templates\" -DLXCTEMPLATECONFIG=\"/usr/local/share/lxc/config\" -DLOGPATH=\"/usr/local/var/log/lxc\" -DLXC_DEFAULT_CONFIG=\"/usr/local/etc/lxc/default.conf\" -DLXC_USERNIC_DB=\"/run/lxc/nics\" -DLXC_USERNIC_CONF=\"/usr/local/etc/lxc/lxc-usernet\" -DDEFAULT_CGROUP_PATTERN=\"/lxc/%n\" -DRUNTIME_PATH=\"/run\" -DSBINDIR=\"/usr/local/sbin\" -I ../../src -I ../../src/lxc -I ../../src/lxc/bdev -I ../../src/lxc/cgroups -pthread -g -O2 -Wall -Werror -MT liblxc_la-network.lo -MD -MP -MF .deps/liblxc_la-network.Tpo -c network.c -o liblxc_la-network.o >/dev/null 2>&1
[2026-01-21 06:04:54] [build-stdout] libtool: compile:  clang -DHAVE_CONFIG_H -I. -I../../src -fPIC -DPIC -DLXCROOTFSMOUNT=\"/usr/local/lib/lxc/rootfs\" -DLXCPATH=\"/usr/local/var/lib/lxc\" -DLXC_GLOBAL_CONF=\"/usr/local/etc/lxc/lxc.conf\" -DLXCINITDIR=\"/usr/local/libexec\" -DLIBEXECDIR=\"/usr/local/libexec\" -DLXCTEMPLATEDIR=\"/usr/local/share/lxc/templates\" -DLXCTEMPLATECONFIG=\"/usr/local/share/lxc/config\" -DLOGPATH=\"/usr/local/var/log/lxc\" -DLXC_DEFAULT_CONFIG=\"/usr/local/etc/lxc/default.conf\" -DLXC_USERNIC_DB=\"/run/lxc/nics\" -DLXC_USERNIC_CONF=\"/usr/local/etc/lxc/lxc-usernet\" -DDEFAULT_CGROUP_PATTERN=\"/lxc/%n\" -DRUNTIME_PATH=\"/run\" -DSBINDIR=\"/usr/local/sbin\" -I ../../src -I ../../src/lxc -I ../../src/lxc/bdev -I ../../src/lxc/cgroups -pthread -g -O2 -Wall -Werror -MT liblxc_la-nl.lo -MD -MP -MF .deps/liblxc_la-nl.Tpo -c nl.c  -fPIC -DPIC -o .libs/liblxc_la-nl.o
[2026-01-21 06:04:54] [build-stdout] mv -f .deps/liblxc_la-attach.Tpo .deps/liblxc_la-attach.Plo
[2026-01-21 06:04:54] [build-stdout] /bin/bash ../../libtool  --tag=CC   --mode=compile clang -DHAVE_CONFIG_H -I. -I../../src    -fPIC -DPIC -DLXCROOTFSMOUNT=\"/usr/local/lib/lxc/rootfs\" -DLXCPATH=\"/usr/local/var/lib/lxc\" -DLXC_GLOBAL_CONF=\"/usr/local/etc/lxc/lxc.conf\" -DLXCINITDIR=\"/usr/local/libexec\" -DLIBEXECDIR=\"/usr/local/libexec\" -DLXCTEMPLATEDIR=\"/usr/local/share/lxc/templates\" -DLXCTEMPLATECONFIG=\"/usr/local/share/lxc/config\" -DLOGPATH=\"/usr/local/var/log/lxc\" -DLXC_DEFAULT_CONFIG=\"/usr/local/etc/lxc/default.conf\" -DLXC_USERNIC_DB=\"/run/lxc/nics\" -DLXC_USERNIC_CONF=\"/usr/local/etc/lxc/lxc-usernet\" -DDEFAULT_CGROUP_PATTERN=\"/lxc/%n\" -DRUNTIME_PATH=\"/run\" -DSBINDIR=\"/usr/local/sbin\" -I ../../src -I ../../src/lxc -I ../../src/lxc/bdev -I ../../src/lxc/cgroups      -pthread  -g -O2 -Wall -Werror -MT liblxc_la-rtnl.lo -MD -MP -MF .deps/liblxc_la-rtnl.Tpo -c -o liblxc_la-rtnl.lo `test -f 'rtnl.c' || echo './'`rtnl.c
[2026-01-21 06:04:54] [build-stdout] mv -f .deps/liblxc_la-criu.Tpo .deps/liblxc_la-criu.Plo
[2026-01-21 06:04:54] [build-stdout] /bin/bash ../../libtool  --tag=CC   --mode=compile clang -DHAVE_CONFIG_H -I. -I../../src    -fPIC -DPIC -DLXCROOTFSMOUNT=\"/usr/local/lib/lxc/rootfs\" -DLXCPATH=\"/usr/local/var/lib/lxc\" -DLXC_GLOBAL_CONF=\"/usr/local/etc/lxc/lxc.conf\" -DLXCINITDIR=\"/usr/local/libexec\" -DLIBEXECDIR=\"/usr/local/libexec\" -DLXCTEMPLATEDIR=\"/usr/local/share/lxc/templates\" -DLXCTEMPLATECONFIG=\"/usr/local/share/lxc/config\" -DLOGPATH=\"/usr/local/var/log/lxc\" -DLXC_DEFAULT_CONFIG=\"/usr/local/etc/lxc/default.conf\" -DLXC_USERNIC_DB=\"/run/lxc/nics\" -DLXC_USERNIC_CONF=\"/usr/local/etc/lxc/lxc-usernet\" -DDEFAULT_CGROUP_PATTERN=\"/lxc/%n\" -DRUNTIME_PATH=\"/run\" -DSBINDIR=\"/usr/local/sbin\" -I ../../src -I ../../src/lxc -I ../../src/lxc/bdev -I ../../src/lxc/cgroups      -pthread  -g -O2 -Wall -Werror -MT liblxc_la-genl.lo -MD -MP -MF .deps/liblxc_la-genl.Tpo -c -o liblxc_la-genl.lo `test -f 'genl.c' || echo './'`genl.c
[2026-01-21 06:04:54] [build-stdout] libtool: compile:  clang -DHAVE_CONFIG_H -I. -I../../src -fPIC -DPIC -DLXCROOTFSMOUNT=\"/usr/local/lib/lxc/rootfs\" -DLXCPATH=\"/usr/local/var/lib/lxc\" -DLXC_GLOBAL_CONF=\"/usr/local/etc/lxc/lxc.conf\" -DLXCINITDIR=\"/usr/local/libexec\" -DLIBEXECDIR=\"/usr/local/libexec\" -DLXCTEMPLATEDIR=\"/usr/local/share/lxc/templates\" -DLXCTEMPLATECONFIG=\"/usr/local/share/lxc/config\" -DLOGPATH=\"/usr/local/var/log/lxc\" -DLXC_DEFAULT_CONFIG=\"/usr/local/etc/lxc/default.conf\" -DLXC_USERNIC_DB=\"/run/lxc/nics\" -DLXC_USERNIC_CONF=\"/usr/local/etc/lxc/lxc-usernet\" -DDEFAULT_CGROUP_PATTERN=\"/lxc/%n\" -DRUNTIME_PATH=\"/run\" -DSBINDIR=\"/usr/local/sbin\" -I ../../src -I ../../src/lxc -I ../../src/lxc/bdev -I ../../src/lxc/cgroups -pthread -g -O2 -Wall -Werror -MT liblxc_la-nl.lo -MD -MP -MF .deps/liblxc_la-nl.Tpo -c nl.c -o liblxc_la-nl.o >/dev/null 2>&1
[2026-01-21 06:04:54] [build-stdout] mv -f .deps/liblxc_la-network.Tpo .deps/liblxc_la-network.Plo
[2026-01-21 06:04:54] [build-stdout] /bin/bash ../../libtool  --tag=CC   --mode=compile clang -DHAVE_CONFIG_H -I. -I../../src    -fPIC -DPIC -DLXCROOTFSMOUNT=\"/usr/local/lib/lxc/rootfs\" -DLXCPATH=\"/usr/local/var/lib/lxc\" -DLXC_GLOBAL_CONF=\"/usr/local/etc/lxc/lxc.conf\" -DLXCINITDIR=\"/usr/local/libexec\" -DLIBEXECDIR=\"/usr/local/libexec\" -DLXCTEMPLATEDIR=\"/usr/local/share/lxc/templates\" -DLXCTEMPLATECONFIG=\"/usr/local/share/lxc/config\" -DLOGPATH=\"/usr/local/var/log/lxc\" -DLXC_DEFAULT_CONFIG=\"/usr/local/etc/lxc/default.conf\" -DLXC_USERNIC_DB=\"/run/lxc/nics\" -DLXC_USERNIC_CONF=\"/usr/local/etc/lxc/lxc-usernet\" -DDEFAULT_CGROUP_PATTERN=\"/lxc/%n\" -DRUNTIME_PATH=\"/run\" -DSBINDIR=\"/usr/local/sbin\" -I ../../src -I ../../src/lxc -I ../../src/lxc/bdev -I ../../src/lxc/cgroups      -pthread  -g -O2 -Wall -Werror -MT liblxc_la-caps.lo -MD -MP -MF .deps/liblxc_la-caps.Tpo -c -o liblxc_la-caps.lo `test -f 'caps.c' || echo './'`caps.c
[2026-01-21 06:04:54] [build-stdout] mv -f .deps/liblxc_la-nl.Tpo .deps/liblxc_la-nl.Plo
[2026-01-21 06:04:54] [build-stdout] /bin/bash ../../libtool  --tag=CC   --mode=compile clang -DHAVE_CONFIG_H -I. -I../../src    -fPIC -DPIC -DLXCROOTFSMOUNT=\"/usr/local/lib/lxc/rootfs\" -DLXCPATH=\"/usr/local/var/lib/lxc\" -DLXC_GLOBAL_CONF=\"/usr/local/etc/lxc/lxc.conf\" -DLXCINITDIR=\"/usr/local/libexec\" -DLIBEXECDIR=\"/usr/local/libexec\" -DLXCTEMPLATEDIR=\"/usr/local/share/lxc/templates\" -DLXCTEMPLATECONFIG=\"/usr/local/share/lxc/config\" -DLOGPATH=\"/usr/local/var/log/lxc\" -DLXC_DEFAULT_CONFIG=\"/usr/local/etc/lxc/default.conf\" -DLXC_USERNIC_DB=\"/run/lxc/nics\" -DLXC_USERNIC_CONF=\"/usr/local/etc/lxc/lxc-usernet\" -DDEFAULT_CGROUP_PATTERN=\"/lxc/%n\" -DRUNTIME_PATH=\"/run\" -DSBINDIR=\"/usr/local/sbin\" -I ../../src -I ../../src/lxc -I ../../src/lxc/bdev -I ../../src/lxc/cgroups      -pthread  -g -O2 -Wall -Werror -MT liblxc_la-mainloop.lo -MD -MP -MF .deps/liblxc_la-mainloop.Tpo -c -o liblxc_la-mainloop.lo `test -f 'mainloop.c' || echo './'`mainloop.c
[2026-01-21 06:04:54] [build-stdout] libtool: compile:  clang -DHAVE_CONFIG_H -I. -I../../src -fPIC -DPIC -DLXCROOTFSMOUNT=\"/usr/local/lib/lxc/rootfs\" -DLXCPATH=\"/usr/local/var/lib/lxc\" -DLXC_GLOBAL_CONF=\"/usr/local/etc/lxc/lxc.conf\" -DLXCINITDIR=\"/usr/local/libexec\" -DLIBEXECDIR=\"/usr/local/libexec\" -DLXCTEMPLATEDIR=\"/usr/local/share/lxc/templates\" -DLXCTEMPLATECONFIG=\"/usr/local/share/lxc/config\" -DLOGPATH=\"/usr/local/var/log/lxc\" -DLXC_DEFAULT_CONFIG=\"/usr/local/etc/lxc/default.conf\" -DLXC_USERNIC_DB=\"/run/lxc/nics\" -DLXC_USERNIC_CONF=\"/usr/local/etc/lxc/lxc-usernet\" -DDEFAULT_CGROUP_PATTERN=\"/lxc/%n\" -DRUNTIME_PATH=\"/run\" -DSBINDIR=\"/usr/local/sbin\" -I ../../src -I ../../src/lxc -I ../../src/lxc/bdev -I ../../src/lxc/cgroups -pthread -g -O2 -Wall -Werror -MT liblxc_la-rtnl.lo -MD -MP -MF .deps/liblxc_la-rtnl.Tpo -c rtnl.c  -fPIC -DPIC -o .libs/liblxc_la-rtnl.o
[2026-01-21 06:04:54] [build-stdout] libtool: compile:  clang -DHAVE_CONFIG_H -I. -I../../src -fPIC -DPIC -DLXCROOTFSMOUNT=\"/usr/local/lib/lxc/rootfs\" -DLXCPATH=\"/usr/local/var/lib/lxc\" -DLXC_GLOBAL_CONF=\"/usr/local/etc/lxc/lxc.conf\" -DLXCINITDIR=\"/usr/local/libexec\" -DLIBEXECDIR=\"/usr/local/libexec\" -DLXCTEMPLATEDIR=\"/usr/local/share/lxc/templates\" -DLXCTEMPLATECONFIG=\"/usr/local/share/lxc/config\" -DLOGPATH=\"/usr/local/var/log/lxc\" -DLXC_DEFAULT_CONFIG=\"/usr/local/etc/lxc/default.conf\" -DLXC_USERNIC_DB=\"/run/lxc/nics\" -DLXC_USERNIC_CONF=\"/usr/local/etc/lxc/lxc-usernet\" -DDEFAULT_CGROUP_PATTERN=\"/lxc/%n\" -DRUNTIME_PATH=\"/run\" -DSBINDIR=\"/usr/local/sbin\" -I ../../src -I ../../src/lxc -I ../../src/lxc/bdev -I ../../src/lxc/cgroups -pthread -g -O2 -Wall -Werror -MT liblxc_la-genl.lo -MD -MP -MF .deps/liblxc_la-genl.Tpo -c genl.c  -fPIC -DPIC -o .libs/liblxc_la-genl.o
[2026-01-21 06:04:55] [build-stdout] libtool: compile:  clang -DHAVE_CONFIG_H -I. -I../../src -fPIC -DPIC -DLXCROOTFSMOUNT=\"/usr/local/lib/lxc/rootfs\" -DLXCPATH=\"/usr/local/var/lib/lxc\" -DLXC_GLOBAL_CONF=\"/usr/local/etc/lxc/lxc.conf\" -DLXCINITDIR=\"/usr/local/libexec\" -DLIBEXECDIR=\"/usr/local/libexec\" -DLXCTEMPLATEDIR=\"/usr/local/share/lxc/templates\" -DLXCTEMPLATECONFIG=\"/usr/local/share/lxc/config\" -DLOGPATH=\"/usr/local/var/log/lxc\" -DLXC_DEFAULT_CONFIG=\"/usr/local/etc/lxc/default.conf\" -DLXC_USERNIC_DB=\"/run/lxc/nics\" -DLXC_USERNIC_CONF=\"/usr/local/etc/lxc/lxc-usernet\" -DDEFAULT_CGROUP_PATTERN=\"/lxc/%n\" -DRUNTIME_PATH=\"/run\" -DSBINDIR=\"/usr/local/sbin\" -I ../../src -I ../../src/lxc -I ../../src/lxc/bdev -I ../../src/lxc/cgroups -pthread -g -O2 -Wall -Werror -MT liblxc_la-rtnl.lo -MD -MP -MF .deps/liblxc_la-rtnl.Tpo -c rtnl.c -o liblxc_la-rtnl.o >/dev/null 2>&1
[2026-01-21 06:04:55] [build-stdout] libtool: compile:  clang -DHAVE_CONFIG_H -I. -I../../src -fPIC -DPIC -DLXCROOTFSMOUNT=\"/usr/local/lib/lxc/rootfs\" -DLXCPATH=\"/usr/local/var/lib/lxc\" -DLXC_GLOBAL_CONF=\"/usr/local/etc/lxc/lxc.conf\" -DLXCINITDIR=\"/usr/local/libexec\" -DLIBEXECDIR=\"/usr/local/libexec\" -DLXCTEMPLATEDIR=\"/usr/local/share/lxc/templates\" -DLXCTEMPLATECONFIG=\"/usr/local/share/lxc/config\" -DLOGPATH=\"/usr/local/var/log/lxc\" -DLXC_DEFAULT_CONFIG=\"/usr/local/etc/lxc/default.conf\" -DLXC_USERNIC_DB=\"/run/lxc/nics\" -DLXC_USERNIC_CONF=\"/usr/local/etc/lxc/lxc-usernet\" -DDEFAULT_CGROUP_PATTERN=\"/lxc/%n\" -DRUNTIME_PATH=\"/run\" -DSBINDIR=\"/usr/local/sbin\" -I ../../src -I ../../src/lxc -I ../../src/lxc/bdev -I ../../src/lxc/cgroups -pthread -g -O2 -Wall -Werror -MT liblxc_la-caps.lo -MD -MP -MF .deps/liblxc_la-caps.Tpo -c caps.c  -fPIC -DPIC -o .libs/liblxc_la-caps.o
[2026-01-21 06:04:55] [build-stdout] libtool: compile:  clang -DHAVE_CONFIG_H -I. -I../../src -fPIC -DPIC -DLXCROOTFSMOUNT=\"/usr/local/lib/lxc/rootfs\" -DLXCPATH=\"/usr/local/var/lib/lxc\" -DLXC_GLOBAL_CONF=\"/usr/local/etc/lxc/lxc.conf\" -DLXCINITDIR=\"/usr/local/libexec\" -DLIBEXECDIR=\"/usr/local/libexec\" -DLXCTEMPLATEDIR=\"/usr/local/share/lxc/templates\" -DLXCTEMPLATECONFIG=\"/usr/local/share/lxc/config\" -DLOGPATH=\"/usr/local/var/log/lxc\" -DLXC_DEFAULT_CONFIG=\"/usr/local/etc/lxc/default.conf\" -DLXC_USERNIC_DB=\"/run/lxc/nics\" -DLXC_USERNIC_CONF=\"/usr/local/etc/lxc/lxc-usernet\" -DDEFAULT_CGROUP_PATTERN=\"/lxc/%n\" -DRUNTIME_PATH=\"/run\" -DSBINDIR=\"/usr/local/sbin\" -I ../../src -I ../../src/lxc -I ../../src/lxc/bdev -I ../../src/lxc/cgroups -pthread -g -O2 -Wall -Werror -MT liblxc_la-genl.lo -MD -MP -MF .deps/liblxc_la-genl.Tpo -c genl.c -o liblxc_la-genl.o >/dev/null 2>&1
[2026-01-21 06:04:55] [build-stdout] mv -f .deps/liblxc_la-rtnl.Tpo .deps/liblxc_la-rtnl.Plo
[2026-01-21 06:04:55] [build-stdout] /bin/bash ../../libtool  --tag=CC   --mode=compile clang -DHAVE_CONFIG_H -I. -I../../src    -fPIC -DPIC -DLXCROOTFSMOUNT=\"/usr/local/lib/lxc/rootfs\" -DLXCPATH=\"/usr/local/var/lib/lxc\" -DLXC_GLOBAL_CONF=\"/usr/local/etc/lxc/lxc.conf\" -DLXCINITDIR=\"/usr/local/libexec\" -DLIBEXECDIR=\"/usr/local/libexec\" -DLXCTEMPLATEDIR=\"/usr/local/share/lxc/templates\" -DLXCTEMPLATECONFIG=\"/usr/local/share/lxc/config\" -DLOGPATH=\"/usr/local/var/log/lxc\" -DLXC_DEFAULT_CONFIG=\"/usr/local/etc/lxc/default.conf\" -DLXC_USERNIC_DB=\"/run/lxc/nics\" -DLXC_USERNIC_CONF=\"/usr/local/etc/lxc/lxc-usernet\" -DDEFAULT_CGROUP_PATTERN=\"/lxc/%n\" -DRUNTIME_PATH=\"/run\" -DSBINDIR=\"/usr/local/sbin\" -I ../../src -I ../../src/lxc -I ../../src/lxc/bdev -I ../../src/lxc/cgroups      -pthread  -g -O2 -Wall -Werror -MT liblxc_la-af_unix.lo -MD -MP -MF .deps/liblxc_la-af_unix.Tpo -c -o liblxc_la-af_unix.lo `test -f 'af_unix.c' || echo './'`af_unix.c
[2026-01-21 06:04:55] [build-stdout] libtool: compile:  clang -DHAVE_CONFIG_H -I. -I../../src -fPIC -DPIC -DLXCROOTFSMOUNT=\"/usr/local/lib/lxc/rootfs\" -DLXCPATH=\"/usr/local/var/lib/lxc\" -DLXC_GLOBAL_CONF=\"/usr/local/etc/lxc/lxc.conf\" -DLXCINITDIR=\"/usr/local/libexec\" -DLIBEXECDIR=\"/usr/local/libexec\" -DLXCTEMPLATEDIR=\"/usr/local/share/lxc/templates\" -DLXCTEMPLATECONFIG=\"/usr/local/share/lxc/config\" -DLOGPATH=\"/usr/local/var/log/lxc\" -DLXC_DEFAULT_CONFIG=\"/usr/local/etc/lxc/default.conf\" -DLXC_USERNIC_DB=\"/run/lxc/nics\" -DLXC_USERNIC_CONF=\"/usr/local/etc/lxc/lxc-usernet\" -DDEFAULT_CGROUP_PATTERN=\"/lxc/%n\" -DRUNTIME_PATH=\"/run\" -DSBINDIR=\"/usr/local/sbin\" -I ../../src -I ../../src/lxc -I ../../src/lxc/bdev -I ../../src/lxc/cgroups -pthread -g -O2 -Wall -Werror -MT liblxc_la-mainloop.lo -MD -MP -MF .deps/liblxc_la-mainloop.Tpo -c mainloop.c  -fPIC -DPIC -o .libs/liblxc_la-mainloop.o
[2026-01-21 06:04:55] [build-stdout] mv -f .deps/liblxc_la-genl.Tpo .deps/liblxc_la-genl.Plo
[2026-01-21 06:04:55] [build-stdout] /bin/bash ../../libtool  --tag=CC   --mode=compile clang -DHAVE_CONFIG_H -I. -I../../src    -fPIC -DPIC -DLXCROOTFSMOUNT=\"/usr/local/lib/lxc/rootfs\" -DLXCPATH=\"/usr/local/var/lib/lxc\" -DLXC_GLOBAL_CONF=\"/usr/local/etc/lxc/lxc.conf\" -DLXCINITDIR=\"/usr/local/libexec\" -DLIBEXECDIR=\"/usr/local/libexec\" -DLXCTEMPLATEDIR=\"/usr/local/share/lxc/templates\" -DLXCTEMPLATECONFIG=\"/usr/local/share/lxc/config\" -DLOGPATH=\"/usr/local/var/log/lxc\" -DLXC_DEFAULT_CONFIG=\"/usr/local/etc/lxc/default.conf\" -DLXC_USERNIC_DB=\"/run/lxc/nics\" -DLXC_USERNIC_CONF=\"/usr/local/etc/lxc/lxc-usernet\" -DDEFAULT_CGROUP_PATTERN=\"/lxc/%n\" -DRUNTIME_PATH=\"/run\" -DSBINDIR=\"/usr/local/sbin\" -I ../../src -I ../../src/lxc -I ../../src/lxc/bdev -I ../../src/lxc/cgroups      -pthread  -g -O2 -Wall -Werror -MT liblxc_la-lxcutmp.lo -MD -MP -MF .deps/liblxc_la-lxcutmp.Tpo -c -o liblxc_la-lxcutmp.lo `test -f 'lxcutmp.c' || echo './'`lxcutmp.c
[2026-01-21 06:04:55] [build-stdout] libtool: compile:  clang -DHAVE_CONFIG_H -I. -I../../src -fPIC -DPIC -DLXCROOTFSMOUNT=\"/usr/local/lib/lxc/rootfs\" -DLXCPATH=\"/usr/local/var/lib/lxc\" -DLXC_GLOBAL_CONF=\"/usr/local/etc/lxc/lxc.conf\" -DLXCINITDIR=\"/usr/local/libexec\" -DLIBEXECDIR=\"/usr/local/libexec\" -DLXCTEMPLATEDIR=\"/usr/local/share/lxc/templates\" -DLXCTEMPLATECONFIG=\"/usr/local/share/lxc/config\" -DLOGPATH=\"/usr/local/var/log/lxc\" -DLXC_DEFAULT_CONFIG=\"/usr/local/etc/lxc/default.conf\" -DLXC_USERNIC_DB=\"/run/lxc/nics\" -DLXC_USERNIC_CONF=\"/usr/local/etc/lxc/lxc-usernet\" -DDEFAULT_CGROUP_PATTERN=\"/lxc/%n\" -DRUNTIME_PATH=\"/run\" -DSBINDIR=\"/usr/local/sbin\" -I ../../src -I ../../src/lxc -I ../../src/lxc/bdev -I ../../src/lxc/cgroups -pthread -g -O2 -Wall -Werror -MT liblxc_la-caps.lo -MD -MP -MF .deps/liblxc_la-caps.Tpo -c caps.c -o liblxc_la-caps.o >/dev/null 2>&1
[2026-01-21 06:04:55] [build-stdout] libtool: compile:  clang -DHAVE_CONFIG_H -I. -I../../src -fPIC -DPIC -DLXCROOTFSMOUNT=\"/usr/local/lib/lxc/rootfs\" -DLXCPATH=\"/usr/local/var/lib/lxc\" -DLXC_GLOBAL_CONF=\"/usr/local/etc/lxc/lxc.conf\" -DLXCINITDIR=\"/usr/local/libexec\" -DLIBEXECDIR=\"/usr/local/libexec\" -DLXCTEMPLATEDIR=\"/usr/local/share/lxc/templates\" -DLXCTEMPLATECONFIG=\"/usr/local/share/lxc/config\" -DLOGPATH=\"/usr/local/var/log/lxc\" -DLXC_DEFAULT_CONFIG=\"/usr/local/etc/lxc/default.conf\" -DLXC_USERNIC_DB=\"/run/lxc/nics\" -DLXC_USERNIC_CONF=\"/usr/local/etc/lxc/lxc-usernet\" -DDEFAULT_CGROUP_PATTERN=\"/lxc/%n\" -DRUNTIME_PATH=\"/run\" -DSBINDIR=\"/usr/local/sbin\" -I ../../src -I ../../src/lxc -I ../../src/lxc/bdev -I ../../src/lxc/cgroups -pthread -g -O2 -Wall -Werror -MT liblxc_la-mainloop.lo -MD -MP -MF .deps/liblxc_la-mainloop.Tpo -c mainloop.c -o liblxc_la-mainloop.o >/dev/null 2>&1
[2026-01-21 06:04:55] [build-stdout] mv -f .deps/liblxc_la-mainloop.Tpo .deps/liblxc_la-mainloop.Plo
[2026-01-21 06:04:55] [build-stdout] mv -f .deps/liblxc_la-caps.Tpo .deps/liblxc_la-caps.Plo
[2026-01-21 06:04:55] [build-stdout] /bin/bash ../../libtool  --tag=CC   --mode=compile clang -DHAVE_CONFIG_H -I. -I../../src    -fPIC -DPIC -DLXCROOTFSMOUNT=\"/usr/local/lib/lxc/rootfs\" -DLXCPATH=\"/usr/local/var/lib/lxc\" -DLXC_GLOBAL_CONF=\"/usr/local/etc/lxc/lxc.conf\" -DLXCINITDIR=\"/usr/local/libexec\" -DLIBEXECDIR=\"/usr/local/libexec\" -DLXCTEMPLATEDIR=\"/usr/local/share/lxc/templates\" -DLXCTEMPLATECONFIG=\"/usr/local/share/lxc/config\" -DLOGPATH=\"/usr/local/var/log/lxc\" -DLXC_DEFAULT_CONFIG=\"/usr/local/etc/lxc/default.conf\" -DLXC_USERNIC_DB=\"/run/lxc/nics\" -DLXC_USERNIC_CONF=\"/usr/local/etc/lxc/lxc-usernet\" -DDEFAULT_CGROUP_PATTERN=\"/lxc/%n\" -DRUNTIME_PATH=\"/run\" -DSBINDIR=\"/usr/local/sbin\" -I ../../src -I ../../src/lxc -I ../../src/lxc/bdev -I ../../src/lxc/cgroups      -pthread  -g -O2 -Wall -Werror -MT liblxc_la-lxclock.lo -MD -MP -MF .deps/liblxc_la-lxclock.Tpo -c -o liblxc_la-lxclock.lo `test -f 'lxclock.c' || echo './'`lxclock.c
[2026-01-21 06:04:55] [build-stdout] /bin/bash ../../libtool  --tag=CC   --mode=compile clang -DHAVE_CONFIG_H -I. -I../../src    -fPIC -DPIC -DLXCROOTFSMOUNT=\"/usr/local/lib/lxc/rootfs\" -DLXCPATH=\"/usr/local/var/lib/lxc\" -DLXC_GLOBAL_CONF=\"/usr/local/etc/lxc/lxc.conf\" -DLXCINITDIR=\"/usr/local/libexec\" -DLIBEXECDIR=\"/usr/local/libexec\" -DLXCTEMPLATEDIR=\"/usr/local/share/lxc/templates\" -DLXCTEMPLATECONFIG=\"/usr/local/share/lxc/config\" -DLOGPATH=\"/usr/local/var/log/lxc\" -DLXC_DEFAULT_CONFIG=\"/usr/local/etc/lxc/default.conf\" -DLXC_USERNIC_DB=\"/run/lxc/nics\" -DLXC_USERNIC_CONF=\"/usr/local/etc/lxc/lxc-usernet\" -DDEFAULT_CGROUP_PATTERN=\"/lxc/%n\" -DRUNTIME_PATH=\"/run\" -DSBINDIR=\"/usr/local/sbin\" -I ../../src -I ../../src/lxc -I ../../src/lxc/bdev -I ../../src/lxc/cgroups      -pthread  -g -O2 -Wall -Werror -MT liblxc_la-lxccontainer.lo -MD -MP -MF .deps/liblxc_la-lxccontainer.Tpo -c -o liblxc_la-lxccontainer.lo `test -f 'lxccontainer.c' || echo './'`lxccontainer.c
[2026-01-21 06:04:56] [build-stdout] libtool: compile:  clang -DHAVE_CONFIG_H -I. -I../../src -fPIC -DPIC -DLXCROOTFSMOUNT=\"/usr/local/lib/lxc/rootfs\" -DLXCPATH=\"/usr/local/var/lib/lxc\" -DLXC_GLOBAL_CONF=\"/usr/local/etc/lxc/lxc.conf\" -DLXCINITDIR=\"/usr/local/libexec\" -DLIBEXECDIR=\"/usr/local/libexec\" -DLXCTEMPLATEDIR=\"/usr/local/share/lxc/templates\" -DLXCTEMPLATECONFIG=\"/usr/local/share/lxc/config\" -DLOGPATH=\"/usr/local/var/log/lxc\" -DLXC_DEFAULT_CONFIG=\"/usr/local/etc/lxc/default.conf\" -DLXC_USERNIC_DB=\"/run/lxc/nics\" -DLXC_USERNIC_CONF=\"/usr/local/etc/lxc/lxc-usernet\" -DDEFAULT_CGROUP_PATTERN=\"/lxc/%n\" -DRUNTIME_PATH=\"/run\" -DSBINDIR=\"/usr/local/sbin\" -I ../../src -I ../../src/lxc -I ../../src/lxc/bdev -I ../../src/lxc/cgroups -pthread -g -O2 -Wall -Werror -MT liblxc_la-af_unix.lo -MD -MP -MF .deps/liblxc_la-af_unix.Tpo -c af_unix.c  -fPIC -DPIC -o .libs/liblxc_la-af_unix.o
[2026-01-21 06:04:56] [build-stdout] libtool: compile:  clang -DHAVE_CONFIG_H -I. -I../../src -fPIC -DPIC -DLXCROOTFSMOUNT=\"/usr/local/lib/lxc/rootfs\" -DLXCPATH=\"/usr/local/var/lib/lxc\" -DLXC_GLOBAL_CONF=\"/usr/local/etc/lxc/lxc.conf\" -DLXCINITDIR=\"/usr/local/libexec\" -DLIBEXECDIR=\"/usr/local/libexec\" -DLXCTEMPLATEDIR=\"/usr/local/share/lxc/templates\" -DLXCTEMPLATECONFIG=\"/usr/local/share/lxc/config\" -DLOGPATH=\"/usr/local/var/log/lxc\" -DLXC_DEFAULT_CONFIG=\"/usr/local/etc/lxc/default.conf\" -DLXC_USERNIC_DB=\"/run/lxc/nics\" -DLXC_USERNIC_CONF=\"/usr/local/etc/lxc/lxc-usernet\" -DDEFAULT_CGROUP_PATTERN=\"/lxc/%n\" -DRUNTIME_PATH=\"/run\" -DSBINDIR=\"/usr/local/sbin\" -I ../../src -I ../../src/lxc -I ../../src/lxc/bdev -I ../../src/lxc/cgroups -pthread -g -O2 -Wall -Werror -MT liblxc_la-lxcutmp.lo -MD -MP -MF .deps/liblxc_la-lxcutmp.Tpo -c lxcutmp.c  -fPIC -DPIC -o .libs/liblxc_la-lxcutmp.o
[2026-01-21 06:04:56] [build-stdout] libtool: compile:  clang -DHAVE_CONFIG_H -I. -I../../src -fPIC -DPIC -DLXCROOTFSMOUNT=\"/usr/local/lib/lxc/rootfs\" -DLXCPATH=\"/usr/local/var/lib/lxc\" -DLXC_GLOBAL_CONF=\"/usr/local/etc/lxc/lxc.conf\" -DLXCINITDIR=\"/usr/local/libexec\" -DLIBEXECDIR=\"/usr/local/libexec\" -DLXCTEMPLATEDIR=\"/usr/local/share/lxc/templates\" -DLXCTEMPLATECONFIG=\"/usr/local/share/lxc/config\" -DLOGPATH=\"/usr/local/var/log/lxc\" -DLXC_DEFAULT_CONFIG=\"/usr/local/etc/lxc/default.conf\" -DLXC_USERNIC_DB=\"/run/lxc/nics\" -DLXC_USERNIC_CONF=\"/usr/local/etc/lxc/lxc-usernet\" -DDEFAULT_CGROUP_PATTERN=\"/lxc/%n\" -DRUNTIME_PATH=\"/run\" -DSBINDIR=\"/usr/local/sbin\" -I ../../src -I ../../src/lxc -I ../../src/lxc/bdev -I ../../src/lxc/cgroups -pthread -g -O2 -Wall -Werror -MT liblxc_la-af_unix.lo -MD -MP -MF .deps/liblxc_la-af_unix.Tpo -c af_unix.c -o liblxc_la-af_unix.o >/dev/null 2>&1
[2026-01-21 06:04:56] [build-stdout] libtool: compile:  clang -DHAVE_CONFIG_H -I. -I../../src -fPIC -DPIC -DLXCROOTFSMOUNT=\"/usr/local/lib/lxc/rootfs\" -DLXCPATH=\"/usr/local/var/lib/lxc\" -DLXC_GLOBAL_CONF=\"/usr/local/etc/lxc/lxc.conf\" -DLXCINITDIR=\"/usr/local/libexec\" -DLIBEXECDIR=\"/usr/local/libexec\" -DLXCTEMPLATEDIR=\"/usr/local/share/lxc/templates\" -DLXCTEMPLATECONFIG=\"/usr/local/share/lxc/config\" -DLOGPATH=\"/usr/local/var/log/lxc\" -DLXC_DEFAULT_CONFIG=\"/usr/local/etc/lxc/default.conf\" -DLXC_USERNIC_DB=\"/run/lxc/nics\" -DLXC_USERNIC_CONF=\"/usr/local/etc/lxc/lxc-usernet\" -DDEFAULT_CGROUP_PATTERN=\"/lxc/%n\" -DRUNTIME_PATH=\"/run\" -DSBINDIR=\"/usr/local/sbin\" -I ../../src -I ../../src/lxc -I ../../src/lxc/bdev -I ../../src/lxc/cgroups -pthread -g -O2 -Wall -Werror -MT liblxc_la-lxccontainer.lo -MD -MP -MF .deps/liblxc_la-lxccontainer.Tpo -c lxccontainer.c  -fPIC -DPIC -o .libs/liblxc_la-lxccontainer.o
[2026-01-21 06:04:56] [build-stdout] libtool: compile:  clang -DHAVE_CONFIG_H -I. -I../../src -fPIC -DPIC -DLXCROOTFSMOUNT=\"/usr/local/lib/lxc/rootfs\" -DLXCPATH=\"/usr/local/var/lib/lxc\" -DLXC_GLOBAL_CONF=\"/usr/local/etc/lxc/lxc.conf\" -DLXCINITDIR=\"/usr/local/libexec\" -DLIBEXECDIR=\"/usr/local/libexec\" -DLXCTEMPLATEDIR=\"/usr/local/share/lxc/templates\" -DLXCTEMPLATECONFIG=\"/usr/local/share/lxc/config\" -DLOGPATH=\"/usr/local/var/log/lxc\" -DLXC_DEFAULT_CONFIG=\"/usr/local/etc/lxc/default.conf\" -DLXC_USERNIC_DB=\"/run/lxc/nics\" -DLXC_USERNIC_CONF=\"/usr/local/etc/lxc/lxc-usernet\" -DDEFAULT_CGROUP_PATTERN=\"/lxc/%n\" -DRUNTIME_PATH=\"/run\" -DSBINDIR=\"/usr/local/sbin\" -I ../../src -I ../../src/lxc -I ../../src/lxc/bdev -I ../../src/lxc/cgroups -pthread -g -O2 -Wall -Werror -MT liblxc_la-lxcutmp.lo -MD -MP -MF .deps/liblxc_la-lxcutmp.Tpo -c lxcutmp.c -o liblxc_la-lxcutmp.o >/dev/null 2>&1
[2026-01-21 06:04:56] [build-stdout] libtool: compile:  clang -DHAVE_CONFIG_H -I. -I../../src -fPIC -DPIC -DLXCROOTFSMOUNT=\"/usr/local/lib/lxc/rootfs\" -DLXCPATH=\"/usr/local/var/lib/lxc\" -DLXC_GLOBAL_CONF=\"/usr/local/etc/lxc/lxc.conf\" -DLXCINITDIR=\"/usr/local/libexec\" -DLIBEXECDIR=\"/usr/local/libexec\" -DLXCTEMPLATEDIR=\"/usr/local/share/lxc/templates\" -DLXCTEMPLATECONFIG=\"/usr/local/share/lxc/config\" -DLOGPATH=\"/usr/local/var/log/lxc\" -DLXC_DEFAULT_CONFIG=\"/usr/local/etc/lxc/default.conf\" -DLXC_USERNIC_DB=\"/run/lxc/nics\" -DLXC_USERNIC_CONF=\"/usr/local/etc/lxc/lxc-usernet\" -DDEFAULT_CGROUP_PATTERN=\"/lxc/%n\" -DRUNTIME_PATH=\"/run\" -DSBINDIR=\"/usr/local/sbin\" -I ../../src -I ../../src/lxc -I ../../src/lxc/bdev -I ../../src/lxc/cgroups -pthread -g -O2 -Wall -Werror -MT liblxc_la-lxclock.lo -MD -MP -MF .deps/liblxc_la-lxclock.Tpo -c lxclock.c  -fPIC -DPIC -o .libs/liblxc_la-lxclock.o
[2026-01-21 06:04:56] [build-stdout] mv -f .deps/liblxc_la-af_unix.Tpo .deps/liblxc_la-af_unix.Plo
[2026-01-21 06:04:56] [build-stdout] depbase=`echo tools/lxc_autostart.o | sed 's|[^/]*$|.deps/&|;s|\.o$||'`;\
[2026-01-21 06:04:56] [build-stdout] clang -DHAVE_CONFIG_H -I. -I../../src    -DLXCROOTFSMOUNT=\"/usr/local/lib/lxc/rootfs\" -DLXCPATH=\"/usr/local/var/lib/lxc\" -DLXC_GLOBAL_CONF=\"/usr/local/etc/lxc/lxc.conf\" -DLXCINITDIR=\"/usr/local/libexec\" -DLIBEXECDIR=\"/usr/local/libexec\" -DLXCTEMPLATEDIR=\"/usr/local/share/lxc/templates\" -DLXCTEMPLATECONFIG=\"/usr/local/share/lxc/config\" -DLOGPATH=\"/usr/local/var/log/lxc\" -DLXC_DEFAULT_CONFIG=\"/usr/local/etc/lxc/default.conf\" -DLXC_USERNIC_DB=\"/run/lxc/nics\" -DLXC_USERNIC_CONF=\"/usr/local/etc/lxc/lxc-usernet\" -DDEFAULT_CGROUP_PATTERN=\"/lxc/%n\" -DRUNTIME_PATH=\"/run\" -DSBINDIR=\"/usr/local/sbin\" -I ../../src -I ../../src/lxc -I ../../src/lxc/bdev -I ../../src/lxc/cgroups      -g -O2 -Wall -Werror -MT tools/lxc_autostart.o -MD -MP -MF $depbase.Tpo -c -o tools/lxc_autostart.o tools/lxc_autostart.c &&\
[2026-01-21 06:04:56] [build-stdout] mv -f $depbase.Tpo $depbase.Po
[2026-01-21 06:04:56] [build-stdout] mv -f .deps/liblxc_la-lxcutmp.Tpo .deps/liblxc_la-lxcutmp.Plo
[2026-01-21 06:04:56] [build-stdout] depbase=`echo tools/lxc_cgroup.o | sed 's|[^/]*$|.deps/&|;s|\.o$||'`;\
[2026-01-21 06:04:56] [build-stdout] clang -DHAVE_CONFIG_H -I. -I../../src    -DLXCROOTFSMOUNT=\"/usr/local/lib/lxc/rootfs\" -DLXCPATH=\"/usr/local/var/lib/lxc\" -DLXC_GLOBAL_CONF=\"/usr/local/etc/lxc/lxc.conf\" -DLXCINITDIR=\"/usr/local/libexec\" -DLIBEXECDIR=\"/usr/local/libexec\" -DLXCTEMPLATEDIR=\"/usr/local/share/lxc/templates\" -DLXCTEMPLATECONFIG=\"/usr/local/share/lxc/config\" -DLOGPATH=\"/usr/local/var/log/lxc\" -DLXC_DEFAULT_CONFIG=\"/usr/local/etc/lxc/default.conf\" -DLXC_USERNIC_DB=\"/run/lxc/nics\" -DLXC_USERNIC_CONF=\"/usr/local/etc/lxc/lxc-usernet\" -DDEFAULT_CGROUP_PATTERN=\"/lxc/%n\" -DRUNTIME_PATH=\"/run\" -DSBINDIR=\"/usr/local/sbin\" -I ../../src -I ../../src/lxc -I ../../src/lxc/bdev -I ../../src/lxc/cgroups      -g -O2 -Wall -Werror -MT tools/lxc_cgroup.o -MD -MP -MF $depbase.Tpo -c -o tools/lxc_cgroup.o tools/lxc_cgroup.c &&\
[2026-01-21 06:04:56] [build-stdout] mv -f $depbase.Tpo $depbase.Po
[2026-01-21 06:04:56] [build-stdout] libtool: compile:  clang -DHAVE_CONFIG_H -I. -I../../src -fPIC -DPIC -DLXCROOTFSMOUNT=\"/usr/local/lib/lxc/rootfs\" -DLXCPATH=\"/usr/local/var/lib/lxc\" -DLXC_GLOBAL_CONF=\"/usr/local/etc/lxc/lxc.conf\" -DLXCINITDIR=\"/usr/local/libexec\" -DLIBEXECDIR=\"/usr/local/libexec\" -DLXCTEMPLATEDIR=\"/usr/local/share/lxc/templates\" -DLXCTEMPLATECONFIG=\"/usr/local/share/lxc/config\" -DLOGPATH=\"/usr/local/var/log/lxc\" -DLXC_DEFAULT_CONFIG=\"/usr/local/etc/lxc/default.conf\" -DLXC_USERNIC_DB=\"/run/lxc/nics\" -DLXC_USERNIC_CONF=\"/usr/local/etc/lxc/lxc-usernet\" -DDEFAULT_CGROUP_PATTERN=\"/lxc/%n\" -DRUNTIME_PATH=\"/run\" -DSBINDIR=\"/usr/local/sbin\" -I ../../src -I ../../src/lxc -I ../../src/lxc/bdev -I ../../src/lxc/cgroups -pthread -g -O2 -Wall -Werror -MT liblxc_la-lxclock.lo -MD -MP -MF .deps/liblxc_la-lxclock.Tpo -c lxclock.c -o liblxc_la-lxclock.o >/dev/null 2>&1
[2026-01-21 06:04:57] [build-stdout] mv -f .deps/liblxc_la-lxclock.Tpo .deps/liblxc_la-lxclock.Plo
[2026-01-21 06:04:57] [build-stdout] depbase=`echo tools/lxc_checkpoint.o | sed 's|[^/]*$|.deps/&|;s|\.o$||'`;\
[2026-01-21 06:04:57] [build-stdout] clang -DHAVE_CONFIG_H -I. -I../../src    -DLXCROOTFSMOUNT=\"/usr/local/lib/lxc/rootfs\" -DLXCPATH=\"/usr/local/var/lib/lxc\" -DLXC_GLOBAL_CONF=\"/usr/local/etc/lxc/lxc.conf\" -DLXCINITDIR=\"/usr/local/libexec\" -DLIBEXECDIR=\"/usr/local/libexec\" -DLXCTEMPLATEDIR=\"/usr/local/share/lxc/templates\" -DLXCTEMPLATECONFIG=\"/usr/local/share/lxc/config\" -DLOGPATH=\"/usr/local/var/log/lxc\" -DLXC_DEFAULT_CONFIG=\"/usr/local/etc/lxc/default.conf\" -DLXC_USERNIC_DB=\"/run/lxc/nics\" -DLXC_USERNIC_CONF=\"/usr/local/etc/lxc/lxc-usernet\" -DDEFAULT_CGROUP_PATTERN=\"/lxc/%n\" -DRUNTIME_PATH=\"/run\" -DSBINDIR=\"/usr/local/sbin\" -I ../../src -I ../../src/lxc -I ../../src/lxc/bdev -I ../../src/lxc/cgroups      -g -O2 -Wall -Werror -MT tools/lxc_checkpoint.o -MD -MP -MF $depbase.Tpo -c -o tools/lxc_checkpoint.o tools/lxc_checkpoint.c &&\
[2026-01-21 06:04:57] [build-stdout] mv -f $depbase.Tpo $depbase.Po
[2026-01-21 06:04:57] [build-stdout] depbase=`echo tools/lxc_copy.o | sed 's|[^/]*$|.deps/&|;s|\.o$||'`;\
[2026-01-21 06:04:57] [build-stdout] clang -DHAVE_CONFIG_H -I. -I../../src    -DLXCROOTFSMOUNT=\"/usr/local/lib/lxc/rootfs\" -DLXCPATH=\"/usr/local/var/lib/lxc\" -DLXC_GLOBAL_CONF=\"/usr/local/etc/lxc/lxc.conf\" -DLXCINITDIR=\"/usr/local/libexec\" -DLIBEXECDIR=\"/usr/local/libexec\" -DLXCTEMPLATEDIR=\"/usr/local/share/lxc/templates\" -DLXCTEMPLATECONFIG=\"/usr/local/share/lxc/config\" -DLOGPATH=\"/usr/local/var/log/lxc\" -DLXC_DEFAULT_CONFIG=\"/usr/local/etc/lxc/default.conf\" -DLXC_USERNIC_DB=\"/run/lxc/nics\" -DLXC_USERNIC_CONF=\"/usr/local/etc/lxc/lxc-usernet\" -DDEFAULT_CGROUP_PATTERN=\"/lxc/%n\" -DRUNTIME_PATH=\"/run\" -DSBINDIR=\"/usr/local/sbin\" -I ../../src -I ../../src/lxc -I ../../src/lxc/bdev -I ../../src/lxc/cgroups      -g -O2 -Wall -Werror -MT tools/lxc_copy.o -MD -MP -MF $depbase.Tpo -c -o tools/lxc_copy.o tools/lxc_copy.c &&\
[2026-01-21 06:04:57] [build-stdout] mv -f $depbase.Tpo $depbase.Po
[2026-01-21 06:04:57] [build-stdout] depbase=`echo tools/lxc_config.o | sed 's|[^/]*$|.deps/&|;s|\.o$||'`;\
[2026-01-21 06:04:57] [build-stdout] clang -DHAVE_CONFIG_H -I. -I../../src    -DLXCROOTFSMOUNT=\"/usr/local/lib/lxc/rootfs\" -DLXCPATH=\"/usr/local/var/lib/lxc\" -DLXC_GLOBAL_CONF=\"/usr/local/etc/lxc/lxc.conf\" -DLXCINITDIR=\"/usr/local/libexec\" -DLIBEXECDIR=\"/usr/local/libexec\" -DLXCTEMPLATEDIR=\"/usr/local/share/lxc/templates\" -DLXCTEMPLATECONFIG=\"/usr/local/share/lxc/config\" -DLOGPATH=\"/usr/local/var/log/lxc\" -DLXC_DEFAULT_CONFIG=\"/usr/local/etc/lxc/default.conf\" -DLXC_USERNIC_DB=\"/run/lxc/nics\" -DLXC_USERNIC_CONF=\"/usr/local/etc/lxc/lxc-usernet\" -DDEFAULT_CGROUP_PATTERN=\"/lxc/%n\" -DRUNTIME_PATH=\"/run\" -DSBINDIR=\"/usr/local/sbin\" -I ../../src -I ../../src/lxc -I ../../src/lxc/bdev -I ../../src/lxc/cgroups      -g -O2 -Wall -Werror -MT tools/lxc_config.o -MD -MP -MF $depbase.Tpo -c -o tools/lxc_config.o tools/lxc_config.c &&\
[2026-01-21 06:04:57] [build-stdout] mv -f $depbase.Tpo $depbase.Po
[2026-01-21 06:04:57] [build-stdout] depbase=`echo tools/lxc_console.o | sed 's|[^/]*$|.deps/&|;s|\.o$||'`;\
[2026-01-21 06:04:57] [build-stdout] clang -DHAVE_CONFIG_H -I. -I../../src    -DLXCROOTFSMOUNT=\"/usr/local/lib/lxc/rootfs\" -DLXCPATH=\"/usr/local/var/lib/lxc\" -DLXC_GLOBAL_CONF=\"/usr/local/etc/lxc/lxc.conf\" -DLXCINITDIR=\"/usr/local/libexec\" -DLIBEXECDIR=\"/usr/local/libexec\" -DLXCTEMPLATEDIR=\"/usr/local/share/lxc/templates\" -DLXCTEMPLATECONFIG=\"/usr/local/share/lxc/config\" -DLOGPATH=\"/usr/local/var/log/lxc\" -DLXC_DEFAULT_CONFIG=\"/usr/local/etc/lxc/default.conf\" -DLXC_USERNIC_DB=\"/run/lxc/nics\" -DLXC_USERNIC_CONF=\"/usr/local/etc/lxc/lxc-usernet\" -DDEFAULT_CGROUP_PATTERN=\"/lxc/%n\" -DRUNTIME_PATH=\"/run\" -DSBINDIR=\"/usr/local/sbin\" -I ../../src -I ../../src/lxc -I ../../src/lxc/bdev -I ../../src/lxc/cgroups      -g -O2 -Wall -Werror -MT tools/lxc_console.o -MD -MP -MF $depbase.Tpo -c -o tools/lxc_console.o tools/lxc_console.c &&\
[2026-01-21 06:04:57] [build-stdout] mv -f $depbase.Tpo $depbase.Po
[2026-01-21 06:04:58] [build-stdout] depbase=`echo tools/lxc_create.o | sed 's|[^/]*$|.deps/&|;s|\.o$||'`;\
[2026-01-21 06:04:58] [build-stdout] clang -DHAVE_CONFIG_H -I. -I../../src    -DLXCROOTFSMOUNT=\"/usr/local/lib/lxc/rootfs\" -DLXCPATH=\"/usr/local/var/lib/lxc\" -DLXC_GLOBAL_CONF=\"/usr/local/etc/lxc/lxc.conf\" -DLXCINITDIR=\"/usr/local/libexec\" -DLIBEXECDIR=\"/usr/local/libexec\" -DLXCTEMPLATEDIR=\"/usr/local/share/lxc/templates\" -DLXCTEMPLATECONFIG=\"/usr/local/share/lxc/config\" -DLOGPATH=\"/usr/local/var/log/lxc\" -DLXC_DEFAULT_CONFIG=\"/usr/local/etc/lxc/default.conf\" -DLXC_USERNIC_DB=\"/run/lxc/nics\" -DLXC_USERNIC_CONF=\"/usr/local/etc/lxc/lxc-usernet\" -DDEFAULT_CGROUP_PATTERN=\"/lxc/%n\" -DRUNTIME_PATH=\"/run\" -DSBINDIR=\"/usr/local/sbin\" -I ../../src -I ../../src/lxc -I ../../src/lxc/bdev -I ../../src/lxc/cgroups      -g -O2 -Wall -Werror -MT tools/lxc_create.o -MD -MP -MF $depbase.Tpo -c -o tools/lxc_create.o tools/lxc_create.c &&\
[2026-01-21 06:04:58] [build-stdout] mv -f $depbase.Tpo $depbase.Po
[2026-01-21 06:04:58] [build-stdout] libtool: compile:  clang -DHAVE_CONFIG_H -I. -I../../src -fPIC -DPIC -DLXCROOTFSMOUNT=\"/usr/local/lib/lxc/rootfs\" -DLXCPATH=\"/usr/local/var/lib/lxc\" -DLXC_GLOBAL_CONF=\"/usr/local/etc/lxc/lxc.conf\" -DLXCINITDIR=\"/usr/local/libexec\" -DLIBEXECDIR=\"/usr/local/libexec\" -DLXCTEMPLATEDIR=\"/usr/local/share/lxc/templates\" -DLXCTEMPLATECONFIG=\"/usr/local/share/lxc/config\" -DLOGPATH=\"/usr/local/var/log/lxc\" -DLXC_DEFAULT_CONFIG=\"/usr/local/etc/lxc/default.conf\" -DLXC_USERNIC_DB=\"/run/lxc/nics\" -DLXC_USERNIC_CONF=\"/usr/local/etc/lxc/lxc-usernet\" -DDEFAULT_CGROUP_PATTERN=\"/lxc/%n\" -DRUNTIME_PATH=\"/run\" -DSBINDIR=\"/usr/local/sbin\" -I ../../src -I ../../src/lxc -I ../../src/lxc/bdev -I ../../src/lxc/cgroups -pthread -g -O2 -Wall -Werror -MT liblxc_la-lxccontainer.lo -MD -MP -MF .deps/liblxc_la-lxccontainer.Tpo -c lxccontainer.c -o liblxc_la-lxccontainer.o >/dev/null 2>&1
[2026-01-21 06:04:58] [build-stdout] depbase=`echo tools/lxc_destroy.o | sed 's|[^/]*$|.deps/&|;s|\.o$||'`;\
[2026-01-21 06:04:58] [build-stdout] clang -DHAVE_CONFIG_H -I. -I../../src    -DLXCROOTFSMOUNT=\"/usr/local/lib/lxc/rootfs\" -DLXCPATH=\"/usr/local/var/lib/lxc\" -DLXC_GLOBAL_CONF=\"/usr/local/etc/lxc/lxc.conf\" -DLXCINITDIR=\"/usr/local/libexec\" -DLIBEXECDIR=\"/usr/local/libexec\" -DLXCTEMPLATEDIR=\"/usr/local/share/lxc/templates\" -DLXCTEMPLATECONFIG=\"/usr/local/share/lxc/config\" -DLOGPATH=\"/usr/local/var/log/lxc\" -DLXC_DEFAULT_CONFIG=\"/usr/local/etc/lxc/default.conf\" -DLXC_USERNIC_DB=\"/run/lxc/nics\" -DLXC_USERNIC_CONF=\"/usr/local/etc/lxc/lxc-usernet\" -DDEFAULT_CGROUP_PATTERN=\"/lxc/%n\" -DRUNTIME_PATH=\"/run\" -DSBINDIR=\"/usr/local/sbin\" -I ../../src -I ../../src/lxc -I ../../src/lxc/bdev -I ../../src/lxc/cgroups      -g -O2 -Wall -Werror -MT tools/lxc_destroy.o -MD -MP -MF $depbase.Tpo -c -o tools/lxc_destroy.o tools/lxc_destroy.c &&\
[2026-01-21 06:04:58] [build-stdout] mv -f $depbase.Tpo $depbase.Po
[2026-01-21 06:04:58] [build-stdout] depbase=`echo tools/lxc_device.o | sed 's|[^/]*$|.deps/&|;s|\.o$||'`;\
[2026-01-21 06:04:58] [build-stdout] clang -DHAVE_CONFIG_H -I. -I../../src    -DLXCROOTFSMOUNT=\"/usr/local/lib/lxc/rootfs\" -DLXCPATH=\"/usr/local/var/lib/lxc\" -DLXC_GLOBAL_CONF=\"/usr/local/etc/lxc/lxc.conf\" -DLXCINITDIR=\"/usr/local/libexec\" -DLIBEXECDIR=\"/usr/local/libexec\" -DLXCTEMPLATEDIR=\"/usr/local/share/lxc/templates\" -DLXCTEMPLATECONFIG=\"/usr/local/share/lxc/config\" -DLOGPATH=\"/usr/local/var/log/lxc\" -DLXC_DEFAULT_CONFIG=\"/usr/local/etc/lxc/default.conf\" -DLXC_USERNIC_DB=\"/run/lxc/nics\" -DLXC_USERNIC_CONF=\"/usr/local/etc/lxc/lxc-usernet\" -DDEFAULT_CGROUP_PATTERN=\"/lxc/%n\" -DRUNTIME_PATH=\"/run\" -DSBINDIR=\"/usr/local/sbin\" -I ../../src -I ../../src/lxc -I ../../src/lxc/bdev -I ../../src/lxc/cgroups      -g -O2 -Wall -Werror -MT tools/lxc_device.o -MD -MP -MF $depbase.Tpo -c -o tools/lxc_device.o tools/lxc_device.c &&\
[2026-01-21 06:04:58] [build-stdout] mv -f $depbase.Tpo $depbase.Po
[2026-01-21 06:04:58] [build-stdout] depbase=`echo tools/lxc_execute.o | sed 's|[^/]*$|.deps/&|;s|\.o$||'`;\
[2026-01-21 06:04:58] [build-stdout] clang -DHAVE_CONFIG_H -I. -I../../src    -DLXCROOTFSMOUNT=\"/usr/local/lib/lxc/rootfs\" -DLXCPATH=\"/usr/local/var/lib/lxc\" -DLXC_GLOBAL_CONF=\"/usr/local/etc/lxc/lxc.conf\" -DLXCINITDIR=\"/usr/local/libexec\" -DLIBEXECDIR=\"/usr/local/libexec\" -DLXCTEMPLATEDIR=\"/usr/local/share/lxc/templates\" -DLXCTEMPLATECONFIG=\"/usr/local/share/lxc/config\" -DLOGPATH=\"/usr/local/var/log/lxc\" -DLXC_DEFAULT_CONFIG=\"/usr/local/etc/lxc/default.conf\" -DLXC_USERNIC_DB=\"/run/lxc/nics\" -DLXC_USERNIC_CONF=\"/usr/local/etc/lxc/lxc-usernet\" -DDEFAULT_CGROUP_PATTERN=\"/lxc/%n\" -DRUNTIME_PATH=\"/run\" -DSBINDIR=\"/usr/local/sbin\" -I ../../src -I ../../src/lxc -I ../../src/lxc/bdev -I ../../src/lxc/cgroups      -g -O2 -Wall -Werror -MT tools/lxc_execute.o -MD -MP -MF $depbase.Tpo -c -o tools/lxc_execute.o tools/lxc_execute.c &&\
[2026-01-21 06:04:58] [build-stdout] mv -f $depbase.Tpo $depbase.Po
[2026-01-21 06:04:58] [build-stdout] depbase=`echo tools/lxc_freeze.o | sed 's|[^/]*$|.deps/&|;s|\.o$||'`;\
[2026-01-21 06:04:58] [build-stdout] clang -DHAVE_CONFIG_H -I. -I../../src    -DLXCROOTFSMOUNT=\"/usr/local/lib/lxc/rootfs\" -DLXCPATH=\"/usr/local/var/lib/lxc\" -DLXC_GLOBAL_CONF=\"/usr/local/etc/lxc/lxc.conf\" -DLXCINITDIR=\"/usr/local/libexec\" -DLIBEXECDIR=\"/usr/local/libexec\" -DLXCTEMPLATEDIR=\"/usr/local/share/lxc/templates\" -DLXCTEMPLATECONFIG=\"/usr/local/share/lxc/config\" -DLOGPATH=\"/usr/local/var/log/lxc\" -DLXC_DEFAULT_CONFIG=\"/usr/local/etc/lxc/default.conf\" -DLXC_USERNIC_DB=\"/run/lxc/nics\" -DLXC_USERNIC_CONF=\"/usr/local/etc/lxc/lxc-usernet\" -DDEFAULT_CGROUP_PATTERN=\"/lxc/%n\" -DRUNTIME_PATH=\"/run\" -DSBINDIR=\"/usr/local/sbin\" -I ../../src -I ../../src/lxc -I ../../src/lxc/bdev -I ../../src/lxc/cgroups      -g -O2 -Wall -Werror -MT tools/lxc_freeze.o -MD -MP -MF $depbase.Tpo -c -o tools/lxc_freeze.o tools/lxc_freeze.c &&\
[2026-01-21 06:04:58] [build-stdout] mv -f $depbase.Tpo $depbase.Po
[2026-01-21 06:04:58] [build-stdout] depbase=`echo tools/lxc_info.o | sed 's|[^/]*$|.deps/&|;s|\.o$||'`;\
[2026-01-21 06:04:58] [build-stdout] clang -DHAVE_CONFIG_H -I. -I../../src    -DLXCROOTFSMOUNT=\"/usr/local/lib/lxc/rootfs\" -DLXCPATH=\"/usr/local/var/lib/lxc\" -DLXC_GLOBAL_CONF=\"/usr/local/etc/lxc/lxc.conf\" -DLXCINITDIR=\"/usr/local/libexec\" -DLIBEXECDIR=\"/usr/local/libexec\" -DLXCTEMPLATEDIR=\"/usr/local/share/lxc/templates\" -DLXCTEMPLATECONFIG=\"/usr/local/share/lxc/config\" -DLOGPATH=\"/usr/local/var/log/lxc\" -DLXC_DEFAULT_CONFIG=\"/usr/local/etc/lxc/default.conf\" -DLXC_USERNIC_DB=\"/run/lxc/nics\" -DLXC_USERNIC_CONF=\"/usr/local/etc/lxc/lxc-usernet\" -DDEFAULT_CGROUP_PATTERN=\"/lxc/%n\" -DRUNTIME_PATH=\"/run\" -DSBINDIR=\"/usr/local/sbin\" -I ../../src -I ../../src/lxc -I ../../src/lxc/bdev -I ../../src/lxc/cgroups      -g -O2 -Wall -Werror -MT tools/lxc_info.o -MD -MP -MF $depbase.Tpo -c -o tools/lxc_info.o tools/lxc_info.c &&\
[2026-01-21 06:04:58] [build-stdout] mv -f $depbase.Tpo $depbase.Po
[2026-01-21 06:04:58] [build-stdout] depbase=`echo tools/lxc_ls.o | sed 's|[^/]*$|.deps/&|;s|\.o$||'`;\
[2026-01-21 06:04:58] [build-stdout] clang -DHAVE_CONFIG_H -I. -I../../src    -DLXCROOTFSMOUNT=\"/usr/local/lib/lxc/rootfs\" -DLXCPATH=\"/usr/local/var/lib/lxc\" -DLXC_GLOBAL_CONF=\"/usr/local/etc/lxc/lxc.conf\" -DLXCINITDIR=\"/usr/local/libexec\" -DLIBEXECDIR=\"/usr/local/libexec\" -DLXCTEMPLATEDIR=\"/usr/local/share/lxc/templates\" -DLXCTEMPLATECONFIG=\"/usr/local/share/lxc/config\" -DLOGPATH=\"/usr/local/var/log/lxc\" -DLXC_DEFAULT_CONFIG=\"/usr/local/etc/lxc/default.conf\" -DLXC_USERNIC_DB=\"/run/lxc/nics\" -DLXC_USERNIC_CONF=\"/usr/local/etc/lxc/lxc-usernet\" -DDEFAULT_CGROUP_PATTERN=\"/lxc/%n\" -DRUNTIME_PATH=\"/run\" -DSBINDIR=\"/usr/local/sbin\" -I ../../src -I ../../src/lxc -I ../../src/lxc/bdev -I ../../src/lxc/cgroups      -g -O2 -Wall -Werror -MT tools/lxc_ls.o -MD -MP -MF $depbase.Tpo -c -o tools/lxc_ls.o tools/lxc_ls.c &&\
[2026-01-21 06:04:58] [build-stdout] mv -f $depbase.Tpo $depbase.Po
[2026-01-21 06:04:58] [build-stdout] depbase=`echo tools/lxc_monitor.o | sed 's|[^/]*$|.deps/&|;s|\.o$||'`;\
[2026-01-21 06:04:58] [build-stdout] clang -DHAVE_CONFIG_H -I. -I../../src    -DLXCROOTFSMOUNT=\"/usr/local/lib/lxc/rootfs\" -DLXCPATH=\"/usr/local/var/lib/lxc\" -DLXC_GLOBAL_CONF=\"/usr/local/etc/lxc/lxc.conf\" -DLXCINITDIR=\"/usr/local/libexec\" -DLIBEXECDIR=\"/usr/local/libexec\" -DLXCTEMPLATEDIR=\"/usr/local/share/lxc/templates\" -DLXCTEMPLATECONFIG=\"/usr/local/share/lxc/config\" -DLOGPATH=\"/usr/local/var/log/lxc\" -DLXC_DEFAULT_CONFIG=\"/usr/local/etc/lxc/default.conf\" -DLXC_USERNIC_DB=\"/run/lxc/nics\" -DLXC_USERNIC_CONF=\"/usr/local/etc/lxc/lxc-usernet\" -DDEFAULT_CGROUP_PATTERN=\"/lxc/%n\" -DRUNTIME_PATH=\"/run\" -DSBINDIR=\"/usr/local/sbin\" -I ../../src -I ../../src/lxc -I ../../src/lxc/bdev -I ../../src/lxc/cgroups      -g -O2 -Wall -Werror -MT tools/lxc_monitor.o -MD -MP -MF $depbase.Tpo -c -o tools/lxc_monitor.o tools/lxc_monitor.c &&\
[2026-01-21 06:04:58] [build-stdout] mv -f $depbase.Tpo $depbase.Po
[2026-01-21 06:04:58] [build-stdout] depbase=`echo tools/lxc_snapshot.o | sed 's|[^/]*$|.deps/&|;s|\.o$||'`;\
[2026-01-21 06:04:58] [build-stdout] clang -DHAVE_CONFIG_H -I. -I../../src    -DLXCROOTFSMOUNT=\"/usr/local/lib/lxc/rootfs\" -DLXCPATH=\"/usr/local/var/lib/lxc\" -DLXC_GLOBAL_CONF=\"/usr/local/etc/lxc/lxc.conf\" -DLXCINITDIR=\"/usr/local/libexec\" -DLIBEXECDIR=\"/usr/local/libexec\" -DLXCTEMPLATEDIR=\"/usr/local/share/lxc/templates\" -DLXCTEMPLATECONFIG=\"/usr/local/share/lxc/config\" -DLOGPATH=\"/usr/local/var/log/lxc\" -DLXC_DEFAULT_CONFIG=\"/usr/local/etc/lxc/default.conf\" -DLXC_USERNIC_DB=\"/run/lxc/nics\" -DLXC_USERNIC_CONF=\"/usr/local/etc/lxc/lxc-usernet\" -DDEFAULT_CGROUP_PATTERN=\"/lxc/%n\" -DRUNTIME_PATH=\"/run\" -DSBINDIR=\"/usr/local/sbin\" -I ../../src -I ../../src/lxc -I ../../src/lxc/bdev -I ../../src/lxc/cgroups      -g -O2 -Wall -Werror -MT tools/lxc_snapshot.o -MD -MP -MF $depbase.Tpo -c -o tools/lxc_snapshot.o tools/lxc_snapshot.c &&\
[2026-01-21 06:04:58] [build-stdout] mv -f $depbase.Tpo $depbase.Po
[2026-01-21 06:04:58] [build-stdout] depbase=`echo tools/lxc_start.o | sed 's|[^/]*$|.deps/&|;s|\.o$||'`;\
[2026-01-21 06:04:58] [build-stdout] clang -DHAVE_CONFIG_H -I. -I../../src    -DLXCROOTFSMOUNT=\"/usr/local/lib/lxc/rootfs\" -DLXCPATH=\"/usr/local/var/lib/lxc\" -DLXC_GLOBAL_CONF=\"/usr/local/etc/lxc/lxc.conf\" -DLXCINITDIR=\"/usr/local/libexec\" -DLIBEXECDIR=\"/usr/local/libexec\" -DLXCTEMPLATEDIR=\"/usr/local/share/lxc/templates\" -DLXCTEMPLATECONFIG=\"/usr/local/share/lxc/config\" -DLOGPATH=\"/usr/local/var/log/lxc\" -DLXC_DEFAULT_CONFIG=\"/usr/local/etc/lxc/default.conf\" -DLXC_USERNIC_DB=\"/run/lxc/nics\" -DLXC_USERNIC_CONF=\"/usr/local/etc/lxc/lxc-usernet\" -DDEFAULT_CGROUP_PATTERN=\"/lxc/%n\" -DRUNTIME_PATH=\"/run\" -DSBINDIR=\"/usr/local/sbin\" -I ../../src -I ../../src/lxc -I ../../src/lxc/bdev -I ../../src/lxc/cgroups      -g -O2 -Wall -Werror -MT tools/lxc_start.o -MD -MP -MF $depbase.Tpo -c -o tools/lxc_start.o tools/lxc_start.c &&\
[2026-01-21 06:04:58] [build-stdout] mv -f $depbase.Tpo $depbase.Po
[2026-01-21 06:04:58] [build-stdout] depbase=`echo tools/lxc_stop.o | sed 's|[^/]*$|.deps/&|;s|\.o$||'`;\
[2026-01-21 06:04:58] [build-stdout] clang -DHAVE_CONFIG_H -I. -I../../src    -DLXCROOTFSMOUNT=\"/usr/local/lib/lxc/rootfs\" -DLXCPATH=\"/usr/local/var/lib/lxc\" -DLXC_GLOBAL_CONF=\"/usr/local/etc/lxc/lxc.conf\" -DLXCINITDIR=\"/usr/local/libexec\" -DLIBEXECDIR=\"/usr/local/libexec\" -DLXCTEMPLATEDIR=\"/usr/local/share/lxc/templates\" -DLXCTEMPLATECONFIG=\"/usr/local/share/lxc/config\" -DLOGPATH=\"/usr/local/var/log/lxc\" -DLXC_DEFAULT_CONFIG=\"/usr/local/etc/lxc/default.conf\" -DLXC_USERNIC_DB=\"/run/lxc/nics\" -DLXC_USERNIC_CONF=\"/usr/local/etc/lxc/lxc-usernet\" -DDEFAULT_CGROUP_PATTERN=\"/lxc/%n\" -DRUNTIME_PATH=\"/run\" -DSBINDIR=\"/usr/local/sbin\" -I ../../src -I ../../src/lxc -I ../../src/lxc/bdev -I ../../src/lxc/cgroups      -g -O2 -Wall -Werror -MT tools/lxc_stop.o -MD -MP -MF $depbase.Tpo -c -o tools/lxc_stop.o tools/lxc_stop.c &&\
[2026-01-21 06:04:58] [build-stdout] mv -f $depbase.Tpo $depbase.Po
[2026-01-21 06:04:59] [build-stdout] depbase=`echo tools/lxc_top.o | sed 's|[^/]*$|.deps/&|;s|\.o$||'`;\
[2026-01-21 06:04:59] [build-stdout] clang -DHAVE_CONFIG_H -I. -I../../src    -DLXCROOTFSMOUNT=\"/usr/local/lib/lxc/rootfs\" -DLXCPATH=\"/usr/local/var/lib/lxc\" -DLXC_GLOBAL_CONF=\"/usr/local/etc/lxc/lxc.conf\" -DLXCINITDIR=\"/usr/local/libexec\" -DLIBEXECDIR=\"/usr/local/libexec\" -DLXCTEMPLATEDIR=\"/usr/local/share/lxc/templates\" -DLXCTEMPLATECONFIG=\"/usr/local/share/lxc/config\" -DLOGPATH=\"/usr/local/var/log/lxc\" -DLXC_DEFAULT_CONFIG=\"/usr/local/etc/lxc/default.conf\" -DLXC_USERNIC_DB=\"/run/lxc/nics\" -DLXC_USERNIC_CONF=\"/usr/local/etc/lxc/lxc-usernet\" -DDEFAULT_CGROUP_PATTERN=\"/lxc/%n\" -DRUNTIME_PATH=\"/run\" -DSBINDIR=\"/usr/local/sbin\" -I ../../src -I ../../src/lxc -I ../../src/lxc/bdev -I ../../src/lxc/cgroups      -g -O2 -Wall -Werror -MT tools/lxc_top.o -MD -MP -MF $depbase.Tpo -c -o tools/lxc_top.o tools/lxc_top.c &&\
[2026-01-21 06:04:59] [build-stdout] mv -f $depbase.Tpo $depbase.Po
[2026-01-21 06:04:59] [build-stdout] depbase=`echo tools/lxc_unfreeze.o | sed 's|[^/]*$|.deps/&|;s|\.o$||'`;\
[2026-01-21 06:04:59] [build-stdout] clang -DHAVE_CONFIG_H -I. -I../../src    -DLXCROOTFSMOUNT=\"/usr/local/lib/lxc/rootfs\" -DLXCPATH=\"/usr/local/var/lib/lxc\" -DLXC_GLOBAL_CONF=\"/usr/local/etc/lxc/lxc.conf\" -DLXCINITDIR=\"/usr/local/libexec\" -DLIBEXECDIR=\"/usr/local/libexec\" -DLXCTEMPLATEDIR=\"/usr/local/share/lxc/templates\" -DLXCTEMPLATECONFIG=\"/usr/local/share/lxc/config\" -DLOGPATH=\"/usr/local/var/log/lxc\" -DLXC_DEFAULT_CONFIG=\"/usr/local/etc/lxc/default.conf\" -DLXC_USERNIC_DB=\"/run/lxc/nics\" -DLXC_USERNIC_CONF=\"/usr/local/etc/lxc/lxc-usernet\" -DDEFAULT_CGROUP_PATTERN=\"/lxc/%n\" -DRUNTIME_PATH=\"/run\" -DSBINDIR=\"/usr/local/sbin\" -I ../../src -I ../../src/lxc -I ../../src/lxc/bdev -I ../../src/lxc/cgroups      -g -O2 -Wall -Werror -MT tools/lxc_unfreeze.o -MD -MP -MF $depbase.Tpo -c -o tools/lxc_unfreeze.o tools/lxc_unfreeze.c &&\
[2026-01-21 06:04:59] [build-stdout] mv -f $depbase.Tpo $depbase.Po
[2026-01-21 06:04:59] [build-stdout] depbase=`echo tools/lxc_unshare.o | sed 's|[^/]*$|.deps/&|;s|\.o$||'`;\
[2026-01-21 06:04:59] [build-stdout] clang -DHAVE_CONFIG_H -I. -I../../src    -DLXCROOTFSMOUNT=\"/usr/local/lib/lxc/rootfs\" -DLXCPATH=\"/usr/local/var/lib/lxc\" -DLXC_GLOBAL_CONF=\"/usr/local/etc/lxc/lxc.conf\" -DLXCINITDIR=\"/usr/local/libexec\" -DLIBEXECDIR=\"/usr/local/libexec\" -DLXCTEMPLATEDIR=\"/usr/local/share/lxc/templates\" -DLXCTEMPLATECONFIG=\"/usr/local/share/lxc/config\" -DLOGPATH=\"/usr/local/var/log/lxc\" -DLXC_DEFAULT_CONFIG=\"/usr/local/etc/lxc/default.conf\" -DLXC_USERNIC_DB=\"/run/lxc/nics\" -DLXC_USERNIC_CONF=\"/usr/local/etc/lxc/lxc-usernet\" -DDEFAULT_CGROUP_PATTERN=\"/lxc/%n\" -DRUNTIME_PATH=\"/run\" -DSBINDIR=\"/usr/local/sbin\" -I ../../src -I ../../src/lxc -I ../../src/lxc/bdev -I ../../src/lxc/cgroups      -g -O2 -Wall -Werror -MT tools/lxc_unshare.o -MD -MP -MF $depbase.Tpo -c -o tools/lxc_unshare.o tools/lxc_unshare.c &&\
[2026-01-21 06:04:59] [build-stdout] mv -f $depbase.Tpo $depbase.Po
[2026-01-21 06:04:59] [build-stdout] depbase=`echo tools/lxc_usernsexec.o | sed 's|[^/]*$|.deps/&|;s|\.o$||'`;\
[2026-01-21 06:04:59] [build-stdout] clang -DHAVE_CONFIG_H -I. -I../../src    -DLXCROOTFSMOUNT=\"/usr/local/lib/lxc/rootfs\" -DLXCPATH=\"/usr/local/var/lib/lxc\" -DLXC_GLOBAL_CONF=\"/usr/local/etc/lxc/lxc.conf\" -DLXCINITDIR=\"/usr/local/libexec\" -DLIBEXECDIR=\"/usr/local/libexec\" -DLXCTEMPLATEDIR=\"/usr/local/share/lxc/templates\" -DLXCTEMPLATECONFIG=\"/usr/local/share/lxc/config\" -DLOGPATH=\"/usr/local/var/log/lxc\" -DLXC_DEFAULT_CONFIG=\"/usr/local/etc/lxc/default.conf\" -DLXC_USERNIC_DB=\"/run/lxc/nics\" -DLXC_USERNIC_CONF=\"/usr/local/etc/lxc/lxc-usernet\" -DDEFAULT_CGROUP_PATTERN=\"/lxc/%n\" -DRUNTIME_PATH=\"/run\" -DSBINDIR=\"/usr/local/sbin\" -I ../../src -I ../../src/lxc -I ../../src/lxc/bdev -I ../../src/lxc/cgroups      -g -O2 -Wall -Werror -MT tools/lxc_usernsexec.o -MD -MP -MF $depbase.Tpo -c -o tools/lxc_usernsexec.o tools/lxc_usernsexec.c &&\
[2026-01-21 06:04:59] [build-stdout] mv -f $depbase.Tpo $depbase.Po
[2026-01-21 06:04:59] [build-stdout] mv -f .deps/liblxc_la-lxccontainer.Tpo .deps/liblxc_la-lxccontainer.Plo
[2026-01-21 06:04:59] [build-stdout] depbase=`echo tools/lxc_wait.o | sed 's|[^/]*$|.deps/&|;s|\.o$||'`;\
[2026-01-21 06:04:59] [build-stdout] clang -DHAVE_CONFIG_H -I. -I../../src    -DLXCROOTFSMOUNT=\"/usr/local/lib/lxc/rootfs\" -DLXCPATH=\"/usr/local/var/lib/lxc\" -DLXC_GLOBAL_CONF=\"/usr/local/etc/lxc/lxc.conf\" -DLXCINITDIR=\"/usr/local/libexec\" -DLIBEXECDIR=\"/usr/local/libexec\" -DLXCTEMPLATEDIR=\"/usr/local/share/lxc/templates\" -DLXCTEMPLATECONFIG=\"/usr/local/share/lxc/config\" -DLOGPATH=\"/usr/local/var/log/lxc\" -DLXC_DEFAULT_CONFIG=\"/usr/local/etc/lxc/default.conf\" -DLXC_USERNIC_DB=\"/run/lxc/nics\" -DLXC_USERNIC_CONF=\"/usr/local/etc/lxc/lxc-usernet\" -DDEFAULT_CGROUP_PATTERN=\"/lxc/%n\" -DRUNTIME_PATH=\"/run\" -DSBINDIR=\"/usr/local/sbin\" -I ../../src -I ../../src/lxc -I ../../src/lxc/bdev -I ../../src/lxc/cgroups      -g -O2 -Wall -Werror -MT tools/lxc_wait.o -MD -MP -MF $depbase.Tpo -c -o tools/lxc_wait.o tools/lxc_wait.c &&\
[2026-01-21 06:04:59] [build-stdout] mv -f $depbase.Tpo $depbase.Po
[2026-01-21 06:04:59] [build-stdout] depbase=`echo lxc_monitord.o | sed 's|[^/]*$|.deps/&|;s|\.o$||'`;\
[2026-01-21 06:04:59] [build-stdout] clang -DHAVE_CONFIG_H -I. -I../../src    -DLXCROOTFSMOUNT=\"/usr/local/lib/lxc/rootfs\" -DLXCPATH=\"/usr/local/var/lib/lxc\" -DLXC_GLOBAL_CONF=\"/usr/local/etc/lxc/lxc.conf\" -DLXCINITDIR=\"/usr/local/libexec\" -DLIBEXECDIR=\"/usr/local/libexec\" -DLXCTEMPLATEDIR=\"/usr/local/share/lxc/templates\" -DLXCTEMPLATECONFIG=\"/usr/local/share/lxc/config\" -DLOGPATH=\"/usr/local/var/log/lxc\" -DLXC_DEFAULT_CONFIG=\"/usr/local/etc/lxc/default.conf\" -DLXC_USERNIC_DB=\"/run/lxc/nics\" -DLXC_USERNIC_CONF=\"/usr/local/etc/lxc/lxc-usernet\" -DDEFAULT_CGROUP_PATTERN=\"/lxc/%n\" -DRUNTIME_PATH=\"/run\" -DSBINDIR=\"/usr/local/sbin\" -I ../../src -I ../../src/lxc -I ../../src/lxc/bdev -I ../../src/lxc/cgroups      -g -O2 -Wall -Werror -MT lxc_monitord.o -MD -MP -MF $depbase.Tpo -c -o lxc_monitord.o lxc_monitord.c &&\
[2026-01-21 06:04:59] [build-stdout] mv -f $depbase.Tpo $depbase.Po
[2026-01-21 06:04:59] [build-stdout] depbase=`echo lxc_user_nic.o | sed 's|[^/]*$|.deps/&|;s|\.o$||'`;\
[2026-01-21 06:04:59] [build-stdout] clang -DHAVE_CONFIG_H -I. -I../../src    -DLXCROOTFSMOUNT=\"/usr/local/lib/lxc/rootfs\" -DLXCPATH=\"/usr/local/var/lib/lxc\" -DLXC_GLOBAL_CONF=\"/usr/local/etc/lxc/lxc.conf\" -DLXCINITDIR=\"/usr/local/libexec\" -DLIBEXECDIR=\"/usr/local/libexec\" -DLXCTEMPLATEDIR=\"/usr/local/share/lxc/templates\" -DLXCTEMPLATECONFIG=\"/usr/local/share/lxc/config\" -DLOGPATH=\"/usr/local/var/log/lxc\" -DLXC_DEFAULT_CONFIG=\"/usr/local/etc/lxc/default.conf\" -DLXC_USERNIC_DB=\"/run/lxc/nics\" -DLXC_USERNIC_CONF=\"/usr/local/etc/lxc/lxc-usernet\" -DDEFAULT_CGROUP_PATTERN=\"/lxc/%n\" -DRUNTIME_PATH=\"/run\" -DSBINDIR=\"/usr/local/sbin\" -I ../../src -I ../../src/lxc -I ../../src/lxc/bdev -I ../../src/lxc/cgroups      -g -O2 -Wall -Werror -MT lxc_user_nic.o -MD -MP -MF $depbase.Tpo -c -o lxc_user_nic.o lxc_user_nic.c &&\
[2026-01-21 06:04:59] [build-stdout] mv -f $depbase.Tpo $depbase.Po
[2026-01-21 06:04:59] [build-stdout] depbase=`echo network.o | sed 's|[^/]*$|.deps/&|;s|\.o$||'`;\
[2026-01-21 06:04:59] [build-stdout] clang -DHAVE_CONFIG_H -I. -I../../src    -DLXCROOTFSMOUNT=\"/usr/local/lib/lxc/rootfs\" -DLXCPATH=\"/usr/local/var/lib/lxc\" -DLXC_GLOBAL_CONF=\"/usr/local/etc/lxc/lxc.conf\" -DLXCINITDIR=\"/usr/local/libexec\" -DLIBEXECDIR=\"/usr/local/libexec\" -DLXCTEMPLATEDIR=\"/usr/local/share/lxc/templates\" -DLXCTEMPLATECONFIG=\"/usr/local/share/lxc/config\" -DLOGPATH=\"/usr/local/var/log/lxc\" -DLXC_DEFAULT_CONFIG=\"/usr/local/etc/lxc/default.conf\" -DLXC_USERNIC_DB=\"/run/lxc/nics\" -DLXC_USERNIC_CONF=\"/usr/local/etc/lxc/lxc-usernet\" -DDEFAULT_CGROUP_PATTERN=\"/lxc/%n\" -DRUNTIME_PATH=\"/run\" -DSBINDIR=\"/usr/local/sbin\" -I ../../src -I ../../src/lxc -I ../../src/lxc/bdev -I ../../src/lxc/cgroups      -g -O2 -Wall -Werror -MT network.o -MD -MP -MF $depbase.Tpo -c -o network.o network.c &&\
[2026-01-21 06:04:59] [build-stdout] mv -f $depbase.Tpo $depbase.Po
[2026-01-21 06:04:59] [build-stdout] depbase=`echo tools/lxc_init.o | sed 's|[^/]*$|.deps/&|;s|\.o$||'`;\
[2026-01-21 06:04:59] [build-stdout] clang -DHAVE_CONFIG_H -I. -I../../src    -DLXCROOTFSMOUNT=\"/usr/local/lib/lxc/rootfs\" -DLXCPATH=\"/usr/local/var/lib/lxc\" -DLXC_GLOBAL_CONF=\"/usr/local/etc/lxc/lxc.conf\" -DLXCINITDIR=\"/usr/local/libexec\" -DLIBEXECDIR=\"/usr/local/libexec\" -DLXCTEMPLATEDIR=\"/usr/local/share/lxc/templates\" -DLXCTEMPLATECONFIG=\"/usr/local/share/lxc/config\" -DLOGPATH=\"/usr/local/var/log/lxc\" -DLXC_DEFAULT_CONFIG=\"/usr/local/etc/lxc/default.conf\" -DLXC_USERNIC_DB=\"/run/lxc/nics\" -DLXC_USERNIC_CONF=\"/usr/local/etc/lxc/lxc-usernet\" -DDEFAULT_CGROUP_PATTERN=\"/lxc/%n\" -DRUNTIME_PATH=\"/run\" -DSBINDIR=\"/usr/local/sbin\" -I ../../src -I ../../src/lxc -I ../../src/lxc/bdev -I ../../src/lxc/cgroups      -g -O2 -Wall -Werror -MT tools/lxc_init.o -MD -MP -MF $depbase.Tpo -c -o tools/lxc_init.o tools/lxc_init.c &&\
[2026-01-21 06:04:59] [build-stdout] mv -f $depbase.Tpo $depbase.Po
[2026-01-21 06:04:59] [build-stdout] depbase=`echo tools/lxc_attach.o | sed 's|[^/]*$|.deps/&|;s|\.o$||'`;\
[2026-01-21 06:04:59] [build-stdout] clang -DHAVE_CONFIG_H -I. -I../../src    -DLXCROOTFSMOUNT=\"/usr/local/lib/lxc/rootfs\" -DLXCPATH=\"/usr/local/var/lib/lxc\" -DLXC_GLOBAL_CONF=\"/usr/local/etc/lxc/lxc.conf\" -DLXCINITDIR=\"/usr/local/libexec\" -DLIBEXECDIR=\"/usr/local/libexec\" -DLXCTEMPLATEDIR=\"/usr/local/share/lxc/templates\" -DLXCTEMPLATECONFIG=\"/usr/local/share/lxc/config\" -DLOGPATH=\"/usr/local/var/log/lxc\" -DLXC_DEFAULT_CONFIG=\"/usr/local/etc/lxc/default.conf\" -DLXC_USERNIC_DB=\"/run/lxc/nics\" -DLXC_USERNIC_CONF=\"/usr/local/etc/lxc/lxc-usernet\" -DDEFAULT_CGROUP_PATTERN=\"/lxc/%n\" -DRUNTIME_PATH=\"/run\" -DSBINDIR=\"/usr/local/sbin\" -I ../../src -I ../../src/lxc -I ../../src/lxc/bdev -I ../../src/lxc/cgroups      -g -O2 -Wall -Werror -MT tools/lxc_attach.o -MD -MP -MF $depbase.Tpo -c -o tools/lxc_attach.o tools/lxc_attach.c &&\
[2026-01-21 06:04:59] [build-stdout] mv -f $depbase.Tpo $depbase.Po
[2026-01-21 06:04:59] [build-stdout] /bin/bash ../../libtool  --tag=CC   --mode=compile clang -DHAVE_CONFIG_H -I. -I../../src    -fPIC -DPIC -DLXCROOTFSMOUNT=\"/usr/local/lib/lxc/rootfs\" -DLXCPATH=\"/usr/local/var/lib/lxc\" -DLXC_GLOBAL_CONF=\"/usr/local/etc/lxc/lxc.conf\" -DLXCINITDIR=\"/usr/local/libexec\" -DLIBEXECDIR=\"/usr/local/libexec\" -DLXCTEMPLATEDIR=\"/usr/local/share/lxc/templates\" -DLXCTEMPLATECONFIG=\"/usr/local/share/lxc/config\" -DLOGPATH=\"/usr/local/var/log/lxc\" -DLXC_DEFAULT_CONFIG=\"/usr/local/etc/lxc/default.conf\" -DLXC_USERNIC_DB=\"/run/lxc/nics\" -DLXC_USERNIC_CONF=\"/usr/local/etc/lxc/lxc-usernet\" -DDEFAULT_CGROUP_PATTERN=\"/lxc/%n\" -DRUNTIME_PATH=\"/run\" -DSBINDIR=\"/usr/local/sbin\" -I ../../src -I ../../src/lxc -I ../../src/lxc/bdev -I ../../src/lxc/cgroups      -pthread  -g -O2 -Wall -Werror -MT bdev/liblxc_la-bdev.lo -MD -MP -MF bdev/.deps/liblxc_la-bdev.Tpo -c -o bdev/liblxc_la-bdev.lo `test -f 'bdev/bdev.c' || echo './'`bdev/bdev.c
[2026-01-21 06:04:59] [build-stdout] /bin/bash ../../libtool  --tag=CC   --mode=compile clang -DHAVE_CONFIG_H -I. -I../../src    -fPIC -DPIC -DLXCROOTFSMOUNT=\"/usr/local/lib/lxc/rootfs\" -DLXCPATH=\"/usr/local/var/lib/lxc\" -DLXC_GLOBAL_CONF=\"/usr/local/etc/lxc/lxc.conf\" -DLXCINITDIR=\"/usr/local/libexec\" -DLIBEXECDIR=\"/usr/local/libexec\" -DLXCTEMPLATEDIR=\"/usr/local/share/lxc/templates\" -DLXCTEMPLATECONFIG=\"/usr/local/share/lxc/config\" -DLOGPATH=\"/usr/local/var/log/lxc\" -DLXC_DEFAULT_CONFIG=\"/usr/local/etc/lxc/default.conf\" -DLXC_USERNIC_DB=\"/run/lxc/nics\" -DLXC_USERNIC_CONF=\"/usr/local/etc/lxc/lxc-usernet\" -DDEFAULT_CGROUP_PATTERN=\"/lxc/%n\" -DRUNTIME_PATH=\"/run\" -DSBINDIR=\"/usr/local/sbin\" -I ../../src -I ../../src/lxc -I ../../src/lxc/bdev -I ../../src/lxc/cgroups      -pthread  -g -O2 -Wall -Werror -MT bdev/liblxc_la-lxcaufs.lo -MD -MP -MF bdev/.deps/liblxc_la-lxcaufs.Tpo -c -o bdev/liblxc_la-lxcaufs.lo `test -f 'bdev/lxcaufs.c' || echo './'`bdev/lxcaufs.c
[2026-01-21 06:04:59] [build-stdout] /bin/bash ../../libtool  --tag=CC   --mode=compile clang -DHAVE_CONFIG_H -I. -I../../src    -fPIC -DPIC -DLXCROOTFSMOUNT=\"/usr/local/lib/lxc/rootfs\" -DLXCPATH=\"/usr/local/var/lib/lxc\" -DLXC_GLOBAL_CONF=\"/usr/local/etc/lxc/lxc.conf\" -DLXCINITDIR=\"/usr/local/libexec\" -DLIBEXECDIR=\"/usr/local/libexec\" -DLXCTEMPLATEDIR=\"/usr/local/share/lxc/templates\" -DLXCTEMPLATECONFIG=\"/usr/local/share/lxc/config\" -DLOGPATH=\"/usr/local/var/log/lxc\" -DLXC_DEFAULT_CONFIG=\"/usr/local/etc/lxc/default.conf\" -DLXC_USERNIC_DB=\"/run/lxc/nics\" -DLXC_USERNIC_CONF=\"/usr/local/etc/lxc/lxc-usernet\" -DDEFAULT_CGROUP_PATTERN=\"/lxc/%n\" -DRUNTIME_PATH=\"/run\" -DSBINDIR=\"/usr/local/sbin\" -I ../../src -I ../../src/lxc -I ../../src/lxc/bdev -I ../../src/lxc/cgroups      -pthread  -g -O2 -Wall -Werror -MT bdev/liblxc_la-lxcbtrfs.lo -MD -MP -MF bdev/.deps/liblxc_la-lxcbtrfs.Tpo -c -o bdev/liblxc_la-lxcbtrfs.lo `test -f 'bdev/lxcbtrfs.c' || echo './'`bdev/lxcbtrfs.c
[2026-01-21 06:05:00] [build-stdout] /bin/bash ../../libtool  --tag=CC   --mode=compile clang -DHAVE_CONFIG_H -I. -I../../src    -fPIC -DPIC -DLXCROOTFSMOUNT=\"/usr/local/lib/lxc/rootfs\" -DLXCPATH=\"/usr/local/var/lib/lxc\" -DLXC_GLOBAL_CONF=\"/usr/local/etc/lxc/lxc.conf\" -DLXCINITDIR=\"/usr/local/libexec\" -DLIBEXECDIR=\"/usr/local/libexec\" -DLXCTEMPLATEDIR=\"/usr/local/share/lxc/templates\" -DLXCTEMPLATECONFIG=\"/usr/local/share/lxc/config\" -DLOGPATH=\"/usr/local/var/log/lxc\" -DLXC_DEFAULT_CONFIG=\"/usr/local/etc/lxc/default.conf\" -DLXC_USERNIC_DB=\"/run/lxc/nics\" -DLXC_USERNIC_CONF=\"/usr/local/etc/lxc/lxc-usernet\" -DDEFAULT_CGROUP_PATTERN=\"/lxc/%n\" -DRUNTIME_PATH=\"/run\" -DSBINDIR=\"/usr/local/sbin\" -I ../../src -I ../../src/lxc -I ../../src/lxc/bdev -I ../../src/lxc/cgroups      -pthread  -g -O2 -Wall -Werror -MT bdev/liblxc_la-lxcdir.lo -MD -MP -MF bdev/.deps/liblxc_la-lxcdir.Tpo -c -o bdev/liblxc_la-lxcdir.lo `test -f 'bdev/lxcdir.c' || echo './'`bdev/lxcdir.c
[2026-01-21 06:05:00] [build-stdout] libtool: compile:  clang -DHAVE_CONFIG_H -I. -I../../src -fPIC -DPIC -DLXCROOTFSMOUNT=\"/usr/local/lib/lxc/rootfs\" -DLXCPATH=\"/usr/local/var/lib/lxc\" -DLXC_GLOBAL_CONF=\"/usr/local/etc/lxc/lxc.conf\" -DLXCINITDIR=\"/usr/local/libexec\" -DLIBEXECDIR=\"/usr/local/libexec\" -DLXCTEMPLATEDIR=\"/usr/local/share/lxc/templates\" -DLXCTEMPLATECONFIG=\"/usr/local/share/lxc/config\" -DLOGPATH=\"/usr/local/var/log/lxc\" -DLXC_DEFAULT_CONFIG=\"/usr/local/etc/lxc/default.conf\" -DLXC_USERNIC_DB=\"/run/lxc/nics\" -DLXC_USERNIC_CONF=\"/usr/local/etc/lxc/lxc-usernet\" -DDEFAULT_CGROUP_PATTERN=\"/lxc/%n\" -DRUNTIME_PATH=\"/run\" -DSBINDIR=\"/usr/local/sbin\" -I ../../src -I ../../src/lxc -I ../../src/lxc/bdev -I ../../src/lxc/cgroups -pthread -g -O2 -Wall -Werror -MT bdev/liblxc_la-bdev.lo -MD -MP -MF bdev/.deps/liblxc_la-bdev.Tpo -c bdev/bdev.c  -fPIC -DPIC -o bdev/.libs/liblxc_la-bdev.o
[2026-01-21 06:05:00] [build-stdout] libtool: compile:  clang -DHAVE_CONFIG_H -I. -I../../src -fPIC -DPIC -DLXCROOTFSMOUNT=\"/usr/local/lib/lxc/rootfs\" -DLXCPATH=\"/usr/local/var/lib/lxc\" -DLXC_GLOBAL_CONF=\"/usr/local/etc/lxc/lxc.conf\" -DLXCINITDIR=\"/usr/local/libexec\" -DLIBEXECDIR=\"/usr/local/libexec\" -DLXCTEMPLATEDIR=\"/usr/local/share/lxc/templates\" -DLXCTEMPLATECONFIG=\"/usr/local/share/lxc/config\" -DLOGPATH=\"/usr/local/var/log/lxc\" -DLXC_DEFAULT_CONFIG=\"/usr/local/etc/lxc/default.conf\" -DLXC_USERNIC_DB=\"/run/lxc/nics\" -DLXC_USERNIC_CONF=\"/usr/local/etc/lxc/lxc-usernet\" -DDEFAULT_CGROUP_PATTERN=\"/lxc/%n\" -DRUNTIME_PATH=\"/run\" -DSBINDIR=\"/usr/local/sbin\" -I ../../src -I ../../src/lxc -I ../../src/lxc/bdev -I ../../src/lxc/cgroups -pthread -g -O2 -Wall -Werror -MT bdev/liblxc_la-lxcaufs.lo -MD -MP -MF bdev/.deps/liblxc_la-lxcaufs.Tpo -c bdev/lxcaufs.c  -fPIC -DPIC -o bdev/.libs/liblxc_la-lxcaufs.o
[2026-01-21 06:05:00] [build-stdout] libtool: compile:  clang -DHAVE_CONFIG_H -I. -I../../src -fPIC -DPIC -DLXCROOTFSMOUNT=\"/usr/local/lib/lxc/rootfs\" -DLXCPATH=\"/usr/local/var/lib/lxc\" -DLXC_GLOBAL_CONF=\"/usr/local/etc/lxc/lxc.conf\" -DLXCINITDIR=\"/usr/local/libexec\" -DLIBEXECDIR=\"/usr/local/libexec\" -DLXCTEMPLATEDIR=\"/usr/local/share/lxc/templates\" -DLXCTEMPLATECONFIG=\"/usr/local/share/lxc/config\" -DLOGPATH=\"/usr/local/var/log/lxc\" -DLXC_DEFAULT_CONFIG=\"/usr/local/etc/lxc/default.conf\" -DLXC_USERNIC_DB=\"/run/lxc/nics\" -DLXC_USERNIC_CONF=\"/usr/local/etc/lxc/lxc-usernet\" -DDEFAULT_CGROUP_PATTERN=\"/lxc/%n\" -DRUNTIME_PATH=\"/run\" -DSBINDIR=\"/usr/local/sbin\" -I ../../src -I ../../src/lxc -I ../../src/lxc/bdev -I ../../src/lxc/cgroups -pthread -g -O2 -Wall -Werror -MT bdev/liblxc_la-lxcbtrfs.lo -MD -MP -MF bdev/.deps/liblxc_la-lxcbtrfs.Tpo -c bdev/lxcbtrfs.c  -fPIC -DPIC -o bdev/.libs/liblxc_la-lxcbtrfs.o
[2026-01-21 06:05:00] [build-stdout] libtool: compile:  clang -DHAVE_CONFIG_H -I. -I../../src -fPIC -DPIC -DLXCROOTFSMOUNT=\"/usr/local/lib/lxc/rootfs\" -DLXCPATH=\"/usr/local/var/lib/lxc\" -DLXC_GLOBAL_CONF=\"/usr/local/etc/lxc/lxc.conf\" -DLXCINITDIR=\"/usr/local/libexec\" -DLIBEXECDIR=\"/usr/local/libexec\" -DLXCTEMPLATEDIR=\"/usr/local/share/lxc/templates\" -DLXCTEMPLATECONFIG=\"/usr/local/share/lxc/config\" -DLOGPATH=\"/usr/local/var/log/lxc\" -DLXC_DEFAULT_CONFIG=\"/usr/local/etc/lxc/default.conf\" -DLXC_USERNIC_DB=\"/run/lxc/nics\" -DLXC_USERNIC_CONF=\"/usr/local/etc/lxc/lxc-usernet\" -DDEFAULT_CGROUP_PATTERN=\"/lxc/%n\" -DRUNTIME_PATH=\"/run\" -DSBINDIR=\"/usr/local/sbin\" -I ../../src -I ../../src/lxc -I ../../src/lxc/bdev -I ../../src/lxc/cgroups -pthread -g -O2 -Wall -Werror -MT bdev/liblxc_la-lxcdir.lo -MD -MP -MF bdev/.deps/liblxc_la-lxcdir.Tpo -c bdev/lxcdir.c  -fPIC -DPIC -o bdev/.libs/liblxc_la-lxcdir.o
[2026-01-21 06:05:00] [build-stdout] libtool: compile:  clang -DHAVE_CONFIG_H -I. -I../../src -fPIC -DPIC -DLXCROOTFSMOUNT=\"/usr/local/lib/lxc/rootfs\" -DLXCPATH=\"/usr/local/var/lib/lxc\" -DLXC_GLOBAL_CONF=\"/usr/local/etc/lxc/lxc.conf\" -DLXCINITDIR=\"/usr/local/libexec\" -DLIBEXECDIR=\"/usr/local/libexec\" -DLXCTEMPLATEDIR=\"/usr/local/share/lxc/templates\" -DLXCTEMPLATECONFIG=\"/usr/local/share/lxc/config\" -DLOGPATH=\"/usr/local/var/log/lxc\" -DLXC_DEFAULT_CONFIG=\"/usr/local/etc/lxc/default.conf\" -DLXC_USERNIC_DB=\"/run/lxc/nics\" -DLXC_USERNIC_CONF=\"/usr/local/etc/lxc/lxc-usernet\" -DDEFAULT_CGROUP_PATTERN=\"/lxc/%n\" -DRUNTIME_PATH=\"/run\" -DSBINDIR=\"/usr/local/sbin\" -I ../../src -I ../../src/lxc -I ../../src/lxc/bdev -I ../../src/lxc/cgroups -pthread -g -O2 -Wall -Werror -MT bdev/liblxc_la-lxcaufs.lo -MD -MP -MF bdev/.deps/liblxc_la-lxcaufs.Tpo -c bdev/lxcaufs.c -o bdev/liblxc_la-lxcaufs.o >/dev/null 2>&1
[2026-01-21 06:05:00] [build-stdout] libtool: compile:  clang -DHAVE_CONFIG_H -I. -I../../src -fPIC -DPIC -DLXCROOTFSMOUNT=\"/usr/local/lib/lxc/rootfs\" -DLXCPATH=\"/usr/local/var/lib/lxc\" -DLXC_GLOBAL_CONF=\"/usr/local/etc/lxc/lxc.conf\" -DLXCINITDIR=\"/usr/local/libexec\" -DLIBEXECDIR=\"/usr/local/libexec\" -DLXCTEMPLATEDIR=\"/usr/local/share/lxc/templates\" -DLXCTEMPLATECONFIG=\"/usr/local/share/lxc/config\" -DLOGPATH=\"/usr/local/var/log/lxc\" -DLXC_DEFAULT_CONFIG=\"/usr/local/etc/lxc/default.conf\" -DLXC_USERNIC_DB=\"/run/lxc/nics\" -DLXC_USERNIC_CONF=\"/usr/local/etc/lxc/lxc-usernet\" -DDEFAULT_CGROUP_PATTERN=\"/lxc/%n\" -DRUNTIME_PATH=\"/run\" -DSBINDIR=\"/usr/local/sbin\" -I ../../src -I ../../src/lxc -I ../../src/lxc/bdev -I ../../src/lxc/cgroups -pthread -g -O2 -Wall -Werror -MT bdev/liblxc_la-bdev.lo -MD -MP -MF bdev/.deps/liblxc_la-bdev.Tpo -c bdev/bdev.c -o bdev/liblxc_la-bdev.o >/dev/null 2>&1
[2026-01-21 06:05:01] [build-stdout] libtool: compile:  clang -DHAVE_CONFIG_H -I. -I../../src -fPIC -DPIC -DLXCROOTFSMOUNT=\"/usr/local/lib/lxc/rootfs\" -DLXCPATH=\"/usr/local/var/lib/lxc\" -DLXC_GLOBAL_CONF=\"/usr/local/etc/lxc/lxc.conf\" -DLXCINITDIR=\"/usr/local/libexec\" -DLIBEXECDIR=\"/usr/local/libexec\" -DLXCTEMPLATEDIR=\"/usr/local/share/lxc/templates\" -DLXCTEMPLATECONFIG=\"/usr/local/share/lxc/config\" -DLOGPATH=\"/usr/local/var/log/lxc\" -DLXC_DEFAULT_CONFIG=\"/usr/local/etc/lxc/default.conf\" -DLXC_USERNIC_DB=\"/run/lxc/nics\" -DLXC_USERNIC_CONF=\"/usr/local/etc/lxc/lxc-usernet\" -DDEFAULT_CGROUP_PATTERN=\"/lxc/%n\" -DRUNTIME_PATH=\"/run\" -DSBINDIR=\"/usr/local/sbin\" -I ../../src -I ../../src/lxc -I ../../src/lxc/bdev -I ../../src/lxc/cgroups -pthread -g -O2 -Wall -Werror -MT bdev/liblxc_la-lxcbtrfs.lo -MD -MP -MF bdev/.deps/liblxc_la-lxcbtrfs.Tpo -c bdev/lxcbtrfs.c -o bdev/liblxc_la-lxcbtrfs.o >/dev/null 2>&1
[2026-01-21 06:05:01] [build-stdout] libtool: compile:  clang -DHAVE_CONFIG_H -I. -I../../src -fPIC -DPIC -DLXCROOTFSMOUNT=\"/usr/local/lib/lxc/rootfs\" -DLXCPATH=\"/usr/local/var/lib/lxc\" -DLXC_GLOBAL_CONF=\"/usr/local/etc/lxc/lxc.conf\" -DLXCINITDIR=\"/usr/local/libexec\" -DLIBEXECDIR=\"/usr/local/libexec\" -DLXCTEMPLATEDIR=\"/usr/local/share/lxc/templates\" -DLXCTEMPLATECONFIG=\"/usr/local/share/lxc/config\" -DLOGPATH=\"/usr/local/var/log/lxc\" -DLXC_DEFAULT_CONFIG=\"/usr/local/etc/lxc/default.conf\" -DLXC_USERNIC_DB=\"/run/lxc/nics\" -DLXC_USERNIC_CONF=\"/usr/local/etc/lxc/lxc-usernet\" -DDEFAULT_CGROUP_PATTERN=\"/lxc/%n\" -DRUNTIME_PATH=\"/run\" -DSBINDIR=\"/usr/local/sbin\" -I ../../src -I ../../src/lxc -I ../../src/lxc/bdev -I ../../src/lxc/cgroups -pthread -g -O2 -Wall -Werror -MT bdev/liblxc_la-lxcdir.lo -MD -MP -MF bdev/.deps/liblxc_la-lxcdir.Tpo -c bdev/lxcdir.c -o bdev/liblxc_la-lxcdir.o >/dev/null 2>&1
[2026-01-21 06:05:01] [build-stdout] mv -f bdev/.deps/liblxc_la-lxcaufs.Tpo bdev/.deps/liblxc_la-lxcaufs.Plo
[2026-01-21 06:05:01] [build-stdout] /bin/bash ../../libtool  --tag=CC   --mode=compile clang -DHAVE_CONFIG_H -I. -I../../src    -fPIC -DPIC -DLXCROOTFSMOUNT=\"/usr/local/lib/lxc/rootfs\" -DLXCPATH=\"/usr/local/var/lib/lxc\" -DLXC_GLOBAL_CONF=\"/usr/local/etc/lxc/lxc.conf\" -DLXCINITDIR=\"/usr/local/libexec\" -DLIBEXECDIR=\"/usr/local/libexec\" -DLXCTEMPLATEDIR=\"/usr/local/share/lxc/templates\" -DLXCTEMPLATECONFIG=\"/usr/local/share/lxc/config\" -DLOGPATH=\"/usr/local/var/log/lxc\" -DLXC_DEFAULT_CONFIG=\"/usr/local/etc/lxc/default.conf\" -DLXC_USERNIC_DB=\"/run/lxc/nics\" -DLXC_USERNIC_CONF=\"/usr/local/etc/lxc/lxc-usernet\" -DDEFAULT_CGROUP_PATTERN=\"/lxc/%n\" -DRUNTIME_PATH=\"/run\" -DSBINDIR=\"/usr/local/sbin\" -I ../../src -I ../../src/lxc -I ../../src/lxc/bdev -I ../../src/lxc/cgroups      -pthread  -g -O2 -Wall -Werror -MT bdev/liblxc_la-lxcloop.lo -MD -MP -MF bdev/.deps/liblxc_la-lxcloop.Tpo -c -o bdev/liblxc_la-lxcloop.lo `test -f 'bdev/lxcloop.c' || echo './'`bdev/lxcloop.c
[2026-01-21 06:05:01] [build-stdout] mv -f bdev/.deps/liblxc_la-lxcdir.Tpo bdev/.deps/liblxc_la-lxcdir.Plo
[2026-01-21 06:05:01] [build-stdout] mv -f bdev/.deps/liblxc_la-bdev.Tpo bdev/.deps/liblxc_la-bdev.Plo
[2026-01-21 06:05:01] [build-stdout] /bin/bash ../../libtool  --tag=CC   --mode=compile clang -DHAVE_CONFIG_H -I. -I../../src    -fPIC -DPIC -DLXCROOTFSMOUNT=\"/usr/local/lib/lxc/rootfs\" -DLXCPATH=\"/usr/local/var/lib/lxc\" -DLXC_GLOBAL_CONF=\"/usr/local/etc/lxc/lxc.conf\" -DLXCINITDIR=\"/usr/local/libexec\" -DLIBEXECDIR=\"/usr/local/libexec\" -DLXCTEMPLATEDIR=\"/usr/local/share/lxc/templates\" -DLXCTEMPLATECONFIG=\"/usr/local/share/lxc/config\" -DLOGPATH=\"/usr/local/var/log/lxc\" -DLXC_DEFAULT_CONFIG=\"/usr/local/etc/lxc/default.conf\" -DLXC_USERNIC_DB=\"/run/lxc/nics\" -DLXC_USERNIC_CONF=\"/usr/local/etc/lxc/lxc-usernet\" -DDEFAULT_CGROUP_PATTERN=\"/lxc/%n\" -DRUNTIME_PATH=\"/run\" -DSBINDIR=\"/usr/local/sbin\" -I ../../src -I ../../src/lxc -I ../../src/lxc/bdev -I ../../src/lxc/cgroups      -pthread  -g -O2 -Wall -Werror -MT bdev/liblxc_la-lxclvm.lo -MD -MP -MF bdev/.deps/liblxc_la-lxclvm.Tpo -c -o bdev/liblxc_la-lxclvm.lo `test -f 'bdev/lxclvm.c' || echo './'`bdev/lxclvm.c
[2026-01-21 06:05:01] [build-stdout] /bin/bash ../../libtool  --tag=CC   --mode=compile clang -DHAVE_CONFIG_H -I. -I../../src    -fPIC -DPIC -DLXCROOTFSMOUNT=\"/usr/local/lib/lxc/rootfs\" -DLXCPATH=\"/usr/local/var/lib/lxc\" -DLXC_GLOBAL_CONF=\"/usr/local/etc/lxc/lxc.conf\" -DLXCINITDIR=\"/usr/local/libexec\" -DLIBEXECDIR=\"/usr/local/libexec\" -DLXCTEMPLATEDIR=\"/usr/local/share/lxc/templates\" -DLXCTEMPLATECONFIG=\"/usr/local/share/lxc/config\" -DLOGPATH=\"/usr/local/var/log/lxc\" -DLXC_DEFAULT_CONFIG=\"/usr/local/etc/lxc/default.conf\" -DLXC_USERNIC_DB=\"/run/lxc/nics\" -DLXC_USERNIC_CONF=\"/usr/local/etc/lxc/lxc-usernet\" -DDEFAULT_CGROUP_PATTERN=\"/lxc/%n\" -DRUNTIME_PATH=\"/run\" -DSBINDIR=\"/usr/local/sbin\" -I ../../src -I ../../src/lxc -I ../../src/lxc/bdev -I ../../src/lxc/cgroups      -pthread  -g -O2 -Wall -Werror -MT bdev/liblxc_la-lxcnbd.lo -MD -MP -MF bdev/.deps/liblxc_la-lxcnbd.Tpo -c -o bdev/liblxc_la-lxcnbd.lo `test -f 'bdev/lxcnbd.c' || echo './'`bdev/lxcnbd.c
[2026-01-21 06:05:01] [build-stdout] mv -f bdev/.deps/liblxc_la-lxcbtrfs.Tpo bdev/.deps/liblxc_la-lxcbtrfs.Plo
[2026-01-21 06:05:01] [build-stdout] /bin/bash ../../libtool  --tag=CC   --mode=compile clang -DHAVE_CONFIG_H -I. -I../../src    -fPIC -DPIC -DLXCROOTFSMOUNT=\"/usr/local/lib/lxc/rootfs\" -DLXCPATH=\"/usr/local/var/lib/lxc\" -DLXC_GLOBAL_CONF=\"/usr/local/etc/lxc/lxc.conf\" -DLXCINITDIR=\"/usr/local/libexec\" -DLIBEXECDIR=\"/usr/local/libexec\" -DLXCTEMPLATEDIR=\"/usr/local/share/lxc/templates\" -DLXCTEMPLATECONFIG=\"/usr/local/share/lxc/config\" -DLOGPATH=\"/usr/local/var/log/lxc\" -DLXC_DEFAULT_CONFIG=\"/usr/local/etc/lxc/default.conf\" -DLXC_USERNIC_DB=\"/run/lxc/nics\" -DLXC_USERNIC_CONF=\"/usr/local/etc/lxc/lxc-usernet\" -DDEFAULT_CGROUP_PATTERN=\"/lxc/%n\" -DRUNTIME_PATH=\"/run\" -DSBINDIR=\"/usr/local/sbin\" -I ../../src -I ../../src/lxc -I ../../src/lxc/bdev -I ../../src/lxc/cgroups      -pthread  -g -O2 -Wall -Werror -MT bdev/liblxc_la-lxcoverlay.lo -MD -MP -MF bdev/.deps/liblxc_la-lxcoverlay.Tpo -c -o bdev/liblxc_la-lxcoverlay.lo `test -f 'bdev/lxcoverlay.c' || echo './'`bdev/lxcoverlay.c
[2026-01-21 06:05:01] [build-stdout] libtool: compile:  clang -DHAVE_CONFIG_H -I. -I../../src -fPIC -DPIC -DLXCROOTFSMOUNT=\"/usr/local/lib/lxc/rootfs\" -DLXCPATH=\"/usr/local/var/lib/lxc\" -DLXC_GLOBAL_CONF=\"/usr/local/etc/lxc/lxc.conf\" -DLXCINITDIR=\"/usr/local/libexec\" -DLIBEXECDIR=\"/usr/local/libexec\" -DLXCTEMPLATEDIR=\"/usr/local/share/lxc/templates\" -DLXCTEMPLATECONFIG=\"/usr/local/share/lxc/config\" -DLOGPATH=\"/usr/local/var/log/lxc\" -DLXC_DEFAULT_CONFIG=\"/usr/local/etc/lxc/default.conf\" -DLXC_USERNIC_DB=\"/run/lxc/nics\" -DLXC_USERNIC_CONF=\"/usr/local/etc/lxc/lxc-usernet\" -DDEFAULT_CGROUP_PATTERN=\"/lxc/%n\" -DRUNTIME_PATH=\"/run\" -DSBINDIR=\"/usr/local/sbin\" -I ../../src -I ../../src/lxc -I ../../src/lxc/bdev -I ../../src/lxc/cgroups -pthread -g -O2 -Wall -Werror -MT bdev/liblxc_la-lxcloop.lo -MD -MP -MF bdev/.deps/liblxc_la-lxcloop.Tpo -c bdev/lxcloop.c  -fPIC -DPIC -o bdev/.libs/liblxc_la-lxcloop.o
[2026-01-21 06:05:02] [build-stdout] libtool: compile:  clang -DHAVE_CONFIG_H -I. -I../../src -fPIC -DPIC -DLXCROOTFSMOUNT=\"/usr/local/lib/lxc/rootfs\" -DLXCPATH=\"/usr/local/var/lib/lxc\" -DLXC_GLOBAL_CONF=\"/usr/local/etc/lxc/lxc.conf\" -DLXCINITDIR=\"/usr/local/libexec\" -DLIBEXECDIR=\"/usr/local/libexec\" -DLXCTEMPLATEDIR=\"/usr/local/share/lxc/templates\" -DLXCTEMPLATECONFIG=\"/usr/local/share/lxc/config\" -DLOGPATH=\"/usr/local/var/log/lxc\" -DLXC_DEFAULT_CONFIG=\"/usr/local/etc/lxc/default.conf\" -DLXC_USERNIC_DB=\"/run/lxc/nics\" -DLXC_USERNIC_CONF=\"/usr/local/etc/lxc/lxc-usernet\" -DDEFAULT_CGROUP_PATTERN=\"/lxc/%n\" -DRUNTIME_PATH=\"/run\" -DSBINDIR=\"/usr/local/sbin\" -I ../../src -I ../../src/lxc -I ../../src/lxc/bdev -I ../../src/lxc/cgroups -pthread -g -O2 -Wall -Werror -MT bdev/liblxc_la-lxcnbd.lo -MD -MP -MF bdev/.deps/liblxc_la-lxcnbd.Tpo -c bdev/lxcnbd.c  -fPIC -DPIC -o bdev/.libs/liblxc_la-lxcnbd.o
[2026-01-21 06:05:02] [build-stdout] libtool: compile:  clang -DHAVE_CONFIG_H -I. -I../../src -fPIC -DPIC -DLXCROOTFSMOUNT=\"/usr/local/lib/lxc/rootfs\" -DLXCPATH=\"/usr/local/var/lib/lxc\" -DLXC_GLOBAL_CONF=\"/usr/local/etc/lxc/lxc.conf\" -DLXCINITDIR=\"/usr/local/libexec\" -DLIBEXECDIR=\"/usr/local/libexec\" -DLXCTEMPLATEDIR=\"/usr/local/share/lxc/templates\" -DLXCTEMPLATECONFIG=\"/usr/local/share/lxc/config\" -DLOGPATH=\"/usr/local/var/log/lxc\" -DLXC_DEFAULT_CONFIG=\"/usr/local/etc/lxc/default.conf\" -DLXC_USERNIC_DB=\"/run/lxc/nics\" -DLXC_USERNIC_CONF=\"/usr/local/etc/lxc/lxc-usernet\" -DDEFAULT_CGROUP_PATTERN=\"/lxc/%n\" -DRUNTIME_PATH=\"/run\" -DSBINDIR=\"/usr/local/sbin\" -I ../../src -I ../../src/lxc -I ../../src/lxc/bdev -I ../../src/lxc/cgroups -pthread -g -O2 -Wall -Werror -MT bdev/liblxc_la-lxclvm.lo -MD -MP -MF bdev/.deps/liblxc_la-lxclvm.Tpo -c bdev/lxclvm.c  -fPIC -DPIC -o bdev/.libs/liblxc_la-lxclvm.o
[2026-01-21 06:05:02] [build-stdout] libtool: compile:  clang -DHAVE_CONFIG_H -I. -I../../src -fPIC -DPIC -DLXCROOTFSMOUNT=\"/usr/local/lib/lxc/rootfs\" -DLXCPATH=\"/usr/local/var/lib/lxc\" -DLXC_GLOBAL_CONF=\"/usr/local/etc/lxc/lxc.conf\" -DLXCINITDIR=\"/usr/local/libexec\" -DLIBEXECDIR=\"/usr/local/libexec\" -DLXCTEMPLATEDIR=\"/usr/local/share/lxc/templates\" -DLXCTEMPLATECONFIG=\"/usr/local/share/lxc/config\" -DLOGPATH=\"/usr/local/var/log/lxc\" -DLXC_DEFAULT_CONFIG=\"/usr/local/etc/lxc/default.conf\" -DLXC_USERNIC_DB=\"/run/lxc/nics\" -DLXC_USERNIC_CONF=\"/usr/local/etc/lxc/lxc-usernet\" -DDEFAULT_CGROUP_PATTERN=\"/lxc/%n\" -DRUNTIME_PATH=\"/run\" -DSBINDIR=\"/usr/local/sbin\" -I ../../src -I ../../src/lxc -I ../../src/lxc/bdev -I ../../src/lxc/cgroups -pthread -g -O2 -Wall -Werror -MT bdev/liblxc_la-lxcoverlay.lo -MD -MP -MF bdev/.deps/liblxc_la-lxcoverlay.Tpo -c bdev/lxcoverlay.c  -fPIC -DPIC -o bdev/.libs/liblxc_la-lxcoverlay.o
[2026-01-21 06:05:02] [build-stdout] libtool: compile:  clang -DHAVE_CONFIG_H -I. -I../../src -fPIC -DPIC -DLXCROOTFSMOUNT=\"/usr/local/lib/lxc/rootfs\" -DLXCPATH=\"/usr/local/var/lib/lxc\" -DLXC_GLOBAL_CONF=\"/usr/local/etc/lxc/lxc.conf\" -DLXCINITDIR=\"/usr/local/libexec\" -DLIBEXECDIR=\"/usr/local/libexec\" -DLXCTEMPLATEDIR=\"/usr/local/share/lxc/templates\" -DLXCTEMPLATECONFIG=\"/usr/local/share/lxc/config\" -DLOGPATH=\"/usr/local/var/log/lxc\" -DLXC_DEFAULT_CONFIG=\"/usr/local/etc/lxc/default.conf\" -DLXC_USERNIC_DB=\"/run/lxc/nics\" -DLXC_USERNIC_CONF=\"/usr/local/etc/lxc/lxc-usernet\" -DDEFAULT_CGROUP_PATTERN=\"/lxc/%n\" -DRUNTIME_PATH=\"/run\" -DSBINDIR=\"/usr/local/sbin\" -I ../../src -I ../../src/lxc -I ../../src/lxc/bdev -I ../../src/lxc/cgroups -pthread -g -O2 -Wall -Werror -MT bdev/liblxc_la-lxcloop.lo -MD -MP -MF bdev/.deps/liblxc_la-lxcloop.Tpo -c bdev/lxcloop.c -o bdev/liblxc_la-lxcloop.o >/dev/null 2>&1
[2026-01-21 06:05:02] [build-stdout] libtool: compile:  clang -DHAVE_CONFIG_H -I. -I../../src -fPIC -DPIC -DLXCROOTFSMOUNT=\"/usr/local/lib/lxc/rootfs\" -DLXCPATH=\"/usr/local/var/lib/lxc\" -DLXC_GLOBAL_CONF=\"/usr/local/etc/lxc/lxc.conf\" -DLXCINITDIR=\"/usr/local/libexec\" -DLIBEXECDIR=\"/usr/local/libexec\" -DLXCTEMPLATEDIR=\"/usr/local/share/lxc/templates\" -DLXCTEMPLATECONFIG=\"/usr/local/share/lxc/config\" -DLOGPATH=\"/usr/local/var/log/lxc\" -DLXC_DEFAULT_CONFIG=\"/usr/local/etc/lxc/default.conf\" -DLXC_USERNIC_DB=\"/run/lxc/nics\" -DLXC_USERNIC_CONF=\"/usr/local/etc/lxc/lxc-usernet\" -DDEFAULT_CGROUP_PATTERN=\"/lxc/%n\" -DRUNTIME_PATH=\"/run\" -DSBINDIR=\"/usr/local/sbin\" -I ../../src -I ../../src/lxc -I ../../src/lxc/bdev -I ../../src/lxc/cgroups -pthread -g -O2 -Wall -Werror -MT bdev/liblxc_la-lxcnbd.lo -MD -MP -MF bdev/.deps/liblxc_la-lxcnbd.Tpo -c bdev/lxcnbd.c -o bdev/liblxc_la-lxcnbd.o >/dev/null 2>&1
[2026-01-21 06:05:02] [build-stdout] libtool: compile:  clang -DHAVE_CONFIG_H -I. -I../../src -fPIC -DPIC -DLXCROOTFSMOUNT=\"/usr/local/lib/lxc/rootfs\" -DLXCPATH=\"/usr/local/var/lib/lxc\" -DLXC_GLOBAL_CONF=\"/usr/local/etc/lxc/lxc.conf\" -DLXCINITDIR=\"/usr/local/libexec\" -DLIBEXECDIR=\"/usr/local/libexec\" -DLXCTEMPLATEDIR=\"/usr/local/share/lxc/templates\" -DLXCTEMPLATECONFIG=\"/usr/local/share/lxc/config\" -DLOGPATH=\"/usr/local/var/log/lxc\" -DLXC_DEFAULT_CONFIG=\"/usr/local/etc/lxc/default.conf\" -DLXC_USERNIC_DB=\"/run/lxc/nics\" -DLXC_USERNIC_CONF=\"/usr/local/etc/lxc/lxc-usernet\" -DDEFAULT_CGROUP_PATTERN=\"/lxc/%n\" -DRUNTIME_PATH=\"/run\" -DSBINDIR=\"/usr/local/sbin\" -I ../../src -I ../../src/lxc -I ../../src/lxc/bdev -I ../../src/lxc/cgroups -pthread -g -O2 -Wall -Werror -MT bdev/liblxc_la-lxclvm.lo -MD -MP -MF bdev/.deps/liblxc_la-lxclvm.Tpo -c bdev/lxclvm.c -o bdev/liblxc_la-lxclvm.o >/dev/null 2>&1
[2026-01-21 06:05:02] [build-stdout] mv -f bdev/.deps/liblxc_la-lxcloop.Tpo bdev/.deps/liblxc_la-lxcloop.Plo
[2026-01-21 06:05:02] [build-stdout] /bin/bash ../../libtool  --tag=CC   --mode=compile clang -DHAVE_CONFIG_H -I. -I../../src    -fPIC -DPIC -DLXCROOTFSMOUNT=\"/usr/local/lib/lxc/rootfs\" -DLXCPATH=\"/usr/local/var/lib/lxc\" -DLXC_GLOBAL_CONF=\"/usr/local/etc/lxc/lxc.conf\" -DLXCINITDIR=\"/usr/local/libexec\" -DLIBEXECDIR=\"/usr/local/libexec\" -DLXCTEMPLATEDIR=\"/usr/local/share/lxc/templates\" -DLXCTEMPLATECONFIG=\"/usr/local/share/lxc/config\" -DLOGPATH=\"/usr/local/var/log/lxc\" -DLXC_DEFAULT_CONFIG=\"/usr/local/etc/lxc/default.conf\" -DLXC_USERNIC_DB=\"/run/lxc/nics\" -DLXC_USERNIC_CONF=\"/usr/local/etc/lxc/lxc-usernet\" -DDEFAULT_CGROUP_PATTERN=\"/lxc/%n\" -DRUNTIME_PATH=\"/run\" -DSBINDIR=\"/usr/local/sbin\" -I ../../src -I ../../src/lxc -I ../../src/lxc/bdev -I ../../src/lxc/cgroups      -pthread  -g -O2 -Wall -Werror -MT bdev/liblxc_la-lxcrbd.lo -MD -MP -MF bdev/.deps/liblxc_la-lxcrbd.Tpo -c -o bdev/liblxc_la-lxcrbd.lo `test -f 'bdev/lxcrbd.c' || echo './'`bdev/lxcrbd.c
[2026-01-21 06:05:02] [build-stdout] libtool: compile:  clang -DHAVE_CONFIG_H -I. -I../../src -fPIC -DPIC -DLXCROOTFSMOUNT=\"/usr/local/lib/lxc/rootfs\" -DLXCPATH=\"/usr/local/var/lib/lxc\" -DLXC_GLOBAL_CONF=\"/usr/local/etc/lxc/lxc.conf\" -DLXCINITDIR=\"/usr/local/libexec\" -DLIBEXECDIR=\"/usr/local/libexec\" -DLXCTEMPLATEDIR=\"/usr/local/share/lxc/templates\" -DLXCTEMPLATECONFIG=\"/usr/local/share/lxc/config\" -DLOGPATH=\"/usr/local/var/log/lxc\" -DLXC_DEFAULT_CONFIG=\"/usr/local/etc/lxc/default.conf\" -DLXC_USERNIC_DB=\"/run/lxc/nics\" -DLXC_USERNIC_CONF=\"/usr/local/etc/lxc/lxc-usernet\" -DDEFAULT_CGROUP_PATTERN=\"/lxc/%n\" -DRUNTIME_PATH=\"/run\" -DSBINDIR=\"/usr/local/sbin\" -I ../../src -I ../../src/lxc -I ../../src/lxc/bdev -I ../../src/lxc/cgroups -pthread -g -O2 -Wall -Werror -MT bdev/liblxc_la-lxcoverlay.lo -MD -MP -MF bdev/.deps/liblxc_la-lxcoverlay.Tpo -c bdev/lxcoverlay.c -o bdev/liblxc_la-lxcoverlay.o >/dev/null 2>&1
[2026-01-21 06:05:02] [build-stdout] mv -f bdev/.deps/liblxc_la-lxcnbd.Tpo bdev/.deps/liblxc_la-lxcnbd.Plo
[2026-01-21 06:05:02] [build-stdout] /bin/bash ../../libtool  --tag=CC   --mode=compile clang -DHAVE_CONFIG_H -I. -I../../src    -fPIC -DPIC -DLXCROOTFSMOUNT=\"/usr/local/lib/lxc/rootfs\" -DLXCPATH=\"/usr/local/var/lib/lxc\" -DLXC_GLOBAL_CONF=\"/usr/local/etc/lxc/lxc.conf\" -DLXCINITDIR=\"/usr/local/libexec\" -DLIBEXECDIR=\"/usr/local/libexec\" -DLXCTEMPLATEDIR=\"/usr/local/share/lxc/templates\" -DLXCTEMPLATECONFIG=\"/usr/local/share/lxc/config\" -DLOGPATH=\"/usr/local/var/log/lxc\" -DLXC_DEFAULT_CONFIG=\"/usr/local/etc/lxc/default.conf\" -DLXC_USERNIC_DB=\"/run/lxc/nics\" -DLXC_USERNIC_CONF=\"/usr/local/etc/lxc/lxc-usernet\" -DDEFAULT_CGROUP_PATTERN=\"/lxc/%n\" -DRUNTIME_PATH=\"/run\" -DSBINDIR=\"/usr/local/sbin\" -I ../../src -I ../../src/lxc -I ../../src/lxc/bdev -I ../../src/lxc/cgroups      -pthread  -g -O2 -Wall -Werror -MT bdev/liblxc_la-lxcrsync.lo -MD -MP -MF bdev/.deps/liblxc_la-lxcrsync.Tpo -c -o bdev/liblxc_la-lxcrsync.lo `test -f 'bdev/lxcrsync.c' || echo './'`bdev/lxcrsync.c
[2026-01-21 06:05:02] [build-stdout] mv -f bdev/.deps/liblxc_la-lxclvm.Tpo bdev/.deps/liblxc_la-lxclvm.Plo
[2026-01-21 06:05:02] [build-stdout] /bin/bash ../../libtool  --tag=CC   --mode=compile clang -DHAVE_CONFIG_H -I. -I../../src    -fPIC -DPIC -DLXCROOTFSMOUNT=\"/usr/local/lib/lxc/rootfs\" -DLXCPATH=\"/usr/local/var/lib/lxc\" -DLXC_GLOBAL_CONF=\"/usr/local/etc/lxc/lxc.conf\" -DLXCINITDIR=\"/usr/local/libexec\" -DLIBEXECDIR=\"/usr/local/libexec\" -DLXCTEMPLATEDIR=\"/usr/local/share/lxc/templates\" -DLXCTEMPLATECONFIG=\"/usr/local/share/lxc/config\" -DLOGPATH=\"/usr/local/var/log/lxc\" -DLXC_DEFAULT_CONFIG=\"/usr/local/etc/lxc/default.conf\" -DLXC_USERNIC_DB=\"/run/lxc/nics\" -DLXC_USERNIC_CONF=\"/usr/local/etc/lxc/lxc-usernet\" -DDEFAULT_CGROUP_PATTERN=\"/lxc/%n\" -DRUNTIME_PATH=\"/run\" -DSBINDIR=\"/usr/local/sbin\" -I ../../src -I ../../src/lxc -I ../../src/lxc/bdev -I ../../src/lxc/cgroups      -pthread  -g -O2 -Wall -Werror -MT bdev/liblxc_la-lxczfs.lo -MD -MP -MF bdev/.deps/liblxc_la-lxczfs.Tpo -c -o bdev/liblxc_la-lxczfs.lo `test -f 'bdev/lxczfs.c' || echo './'`bdev/lxczfs.c
[2026-01-21 06:05:02] [build-stdout] mv -f bdev/.deps/liblxc_la-lxcoverlay.Tpo bdev/.deps/liblxc_la-lxcoverlay.Plo
[2026-01-21 06:05:02] [build-stdout] /bin/bash ../../libtool  --tag=CC   --mode=compile clang -DHAVE_CONFIG_H -I. -I../../src    -fPIC -DPIC -DLXCROOTFSMOUNT=\"/usr/local/lib/lxc/rootfs\" -DLXCPATH=\"/usr/local/var/lib/lxc\" -DLXC_GLOBAL_CONF=\"/usr/local/etc/lxc/lxc.conf\" -DLXCINITDIR=\"/usr/local/libexec\" -DLIBEXECDIR=\"/usr/local/libexec\" -DLXCTEMPLATEDIR=\"/usr/local/share/lxc/templates\" -DLXCTEMPLATECONFIG=\"/usr/local/share/lxc/config\" -DLOGPATH=\"/usr/local/var/log/lxc\" -DLXC_DEFAULT_CONFIG=\"/usr/local/etc/lxc/default.conf\" -DLXC_USERNIC_DB=\"/run/lxc/nics\" -DLXC_USERNIC_CONF=\"/usr/local/etc/lxc/lxc-usernet\" -DDEFAULT_CGROUP_PATTERN=\"/lxc/%n\" -DRUNTIME_PATH=\"/run\" -DSBINDIR=\"/usr/local/sbin\" -I ../../src -I ../../src/lxc -I ../../src/lxc/bdev -I ../../src/lxc/cgroups      -pthread  -g -O2 -Wall -Werror -MT cgroups/liblxc_la-cgfs.lo -MD -MP -MF cgroups/.deps/liblxc_la-cgfs.Tpo -c -o cgroups/liblxc_la-cgfs.lo `test -f 'cgroups/cgfs.c' || echo './'`cgroups/cgfs.c
[2026-01-21 06:05:03] [build-stdout] libtool: compile:  clang -DHAVE_CONFIG_H -I. -I../../src -fPIC -DPIC -DLXCROOTFSMOUNT=\"/usr/local/lib/lxc/rootfs\" -DLXCPATH=\"/usr/local/var/lib/lxc\" -DLXC_GLOBAL_CONF=\"/usr/local/etc/lxc/lxc.conf\" -DLXCINITDIR=\"/usr/local/libexec\" -DLIBEXECDIR=\"/usr/local/libexec\" -DLXCTEMPLATEDIR=\"/usr/local/share/lxc/templates\" -DLXCTEMPLATECONFIG=\"/usr/local/share/lxc/config\" -DLOGPATH=\"/usr/local/var/log/lxc\" -DLXC_DEFAULT_CONFIG=\"/usr/local/etc/lxc/default.conf\" -DLXC_USERNIC_DB=\"/run/lxc/nics\" -DLXC_USERNIC_CONF=\"/usr/local/etc/lxc/lxc-usernet\" -DDEFAULT_CGROUP_PATTERN=\"/lxc/%n\" -DRUNTIME_PATH=\"/run\" -DSBINDIR=\"/usr/local/sbin\" -I ../../src -I ../../src/lxc -I ../../src/lxc/bdev -I ../../src/lxc/cgroups -pthread -g -O2 -Wall -Werror -MT bdev/liblxc_la-lxcrbd.lo -MD -MP -MF bdev/.deps/liblxc_la-lxcrbd.Tpo -c bdev/lxcrbd.c  -fPIC -DPIC -o bdev/.libs/liblxc_la-lxcrbd.o
[2026-01-21 06:05:03] [build-stdout] libtool: compile:  clang -DHAVE_CONFIG_H -I. -I../../src -fPIC -DPIC -DLXCROOTFSMOUNT=\"/usr/local/lib/lxc/rootfs\" -DLXCPATH=\"/usr/local/var/lib/lxc\" -DLXC_GLOBAL_CONF=\"/usr/local/etc/lxc/lxc.conf\" -DLXCINITDIR=\"/usr/local/libexec\" -DLIBEXECDIR=\"/usr/local/libexec\" -DLXCTEMPLATEDIR=\"/usr/local/share/lxc/templates\" -DLXCTEMPLATECONFIG=\"/usr/local/share/lxc/config\" -DLOGPATH=\"/usr/local/var/log/lxc\" -DLXC_DEFAULT_CONFIG=\"/usr/local/etc/lxc/default.conf\" -DLXC_USERNIC_DB=\"/run/lxc/nics\" -DLXC_USERNIC_CONF=\"/usr/local/etc/lxc/lxc-usernet\" -DDEFAULT_CGROUP_PATTERN=\"/lxc/%n\" -DRUNTIME_PATH=\"/run\" -DSBINDIR=\"/usr/local/sbin\" -I ../../src -I ../../src/lxc -I ../../src/lxc/bdev -I ../../src/lxc/cgroups -pthread -g -O2 -Wall -Werror -MT bdev/liblxc_la-lxcrsync.lo -MD -MP -MF bdev/.deps/liblxc_la-lxcrsync.Tpo -c bdev/lxcrsync.c  -fPIC -DPIC -o bdev/.libs/liblxc_la-lxcrsync.o
[2026-01-21 06:05:03] [build-stdout] libtool: compile:  clang -DHAVE_CONFIG_H -I. -I../../src -fPIC -DPIC -DLXCROOTFSMOUNT=\"/usr/local/lib/lxc/rootfs\" -DLXCPATH=\"/usr/local/var/lib/lxc\" -DLXC_GLOBAL_CONF=\"/usr/local/etc/lxc/lxc.conf\" -DLXCINITDIR=\"/usr/local/libexec\" -DLIBEXECDIR=\"/usr/local/libexec\" -DLXCTEMPLATEDIR=\"/usr/local/share/lxc/templates\" -DLXCTEMPLATECONFIG=\"/usr/local/share/lxc/config\" -DLOGPATH=\"/usr/local/var/log/lxc\" -DLXC_DEFAULT_CONFIG=\"/usr/local/etc/lxc/default.conf\" -DLXC_USERNIC_DB=\"/run/lxc/nics\" -DLXC_USERNIC_CONF=\"/usr/local/etc/lxc/lxc-usernet\" -DDEFAULT_CGROUP_PATTERN=\"/lxc/%n\" -DRUNTIME_PATH=\"/run\" -DSBINDIR=\"/usr/local/sbin\" -I ../../src -I ../../src/lxc -I ../../src/lxc/bdev -I ../../src/lxc/cgroups -pthread -g -O2 -Wall -Werror -MT bdev/liblxc_la-lxczfs.lo -MD -MP -MF bdev/.deps/liblxc_la-lxczfs.Tpo -c bdev/lxczfs.c  -fPIC -DPIC -o bdev/.libs/liblxc_la-lxczfs.o
[2026-01-21 06:05:03] [build-stdout] libtool: compile:  clang -DHAVE_CONFIG_H -I. -I../../src -fPIC -DPIC -DLXCROOTFSMOUNT=\"/usr/local/lib/lxc/rootfs\" -DLXCPATH=\"/usr/local/var/lib/lxc\" -DLXC_GLOBAL_CONF=\"/usr/local/etc/lxc/lxc.conf\" -DLXCINITDIR=\"/usr/local/libexec\" -DLIBEXECDIR=\"/usr/local/libexec\" -DLXCTEMPLATEDIR=\"/usr/local/share/lxc/templates\" -DLXCTEMPLATECONFIG=\"/usr/local/share/lxc/config\" -DLOGPATH=\"/usr/local/var/log/lxc\" -DLXC_DEFAULT_CONFIG=\"/usr/local/etc/lxc/default.conf\" -DLXC_USERNIC_DB=\"/run/lxc/nics\" -DLXC_USERNIC_CONF=\"/usr/local/etc/lxc/lxc-usernet\" -DDEFAULT_CGROUP_PATTERN=\"/lxc/%n\" -DRUNTIME_PATH=\"/run\" -DSBINDIR=\"/usr/local/sbin\" -I ../../src -I ../../src/lxc -I ../../src/lxc/bdev -I ../../src/lxc/cgroups -pthread -g -O2 -Wall -Werror -MT bdev/liblxc_la-lxcrbd.lo -MD -MP -MF bdev/.deps/liblxc_la-lxcrbd.Tpo -c bdev/lxcrbd.c -o bdev/liblxc_la-lxcrbd.o >/dev/null 2>&1
[2026-01-21 06:05:03] [build-stdout] libtool: compile:  clang -DHAVE_CONFIG_H -I. -I../../src -fPIC -DPIC -DLXCROOTFSMOUNT=\"/usr/local/lib/lxc/rootfs\" -DLXCPATH=\"/usr/local/var/lib/lxc\" -DLXC_GLOBAL_CONF=\"/usr/local/etc/lxc/lxc.conf\" -DLXCINITDIR=\"/usr/local/libexec\" -DLIBEXECDIR=\"/usr/local/libexec\" -DLXCTEMPLATEDIR=\"/usr/local/share/lxc/templates\" -DLXCTEMPLATECONFIG=\"/usr/local/share/lxc/config\" -DLOGPATH=\"/usr/local/var/log/lxc\" -DLXC_DEFAULT_CONFIG=\"/usr/local/etc/lxc/default.conf\" -DLXC_USERNIC_DB=\"/run/lxc/nics\" -DLXC_USERNIC_CONF=\"/usr/local/etc/lxc/lxc-usernet\" -DDEFAULT_CGROUP_PATTERN=\"/lxc/%n\" -DRUNTIME_PATH=\"/run\" -DSBINDIR=\"/usr/local/sbin\" -I ../../src -I ../../src/lxc -I ../../src/lxc/bdev -I ../../src/lxc/cgroups -pthread -g -O2 -Wall -Werror -MT cgroups/liblxc_la-cgfs.lo -MD -MP -MF cgroups/.deps/liblxc_la-cgfs.Tpo -c cgroups/cgfs.c  -fPIC -DPIC -o cgroups/.libs/liblxc_la-cgfs.o
[2026-01-21 06:05:03] [build-stdout] libtool: compile:  clang -DHAVE_CONFIG_H -I. -I../../src -fPIC -DPIC -DLXCROOTFSMOUNT=\"/usr/local/lib/lxc/rootfs\" -DLXCPATH=\"/usr/local/var/lib/lxc\" -DLXC_GLOBAL_CONF=\"/usr/local/etc/lxc/lxc.conf\" -DLXCINITDIR=\"/usr/local/libexec\" -DLIBEXECDIR=\"/usr/local/libexec\" -DLXCTEMPLATEDIR=\"/usr/local/share/lxc/templates\" -DLXCTEMPLATECONFIG=\"/usr/local/share/lxc/config\" -DLOGPATH=\"/usr/local/var/log/lxc\" -DLXC_DEFAULT_CONFIG=\"/usr/local/etc/lxc/default.conf\" -DLXC_USERNIC_DB=\"/run/lxc/nics\" -DLXC_USERNIC_CONF=\"/usr/local/etc/lxc/lxc-usernet\" -DDEFAULT_CGROUP_PATTERN=\"/lxc/%n\" -DRUNTIME_PATH=\"/run\" -DSBINDIR=\"/usr/local/sbin\" -I ../../src -I ../../src/lxc -I ../../src/lxc/bdev -I ../../src/lxc/cgroups -pthread -g -O2 -Wall -Werror -MT bdev/liblxc_la-lxcrsync.lo -MD -MP -MF bdev/.deps/liblxc_la-lxcrsync.Tpo -c bdev/lxcrsync.c -o bdev/liblxc_la-lxcrsync.o >/dev/null 2>&1
[2026-01-21 06:05:03] [build-stdout] libtool: compile:  clang -DHAVE_CONFIG_H -I. -I../../src -fPIC -DPIC -DLXCROOTFSMOUNT=\"/usr/local/lib/lxc/rootfs\" -DLXCPATH=\"/usr/local/var/lib/lxc\" -DLXC_GLOBAL_CONF=\"/usr/local/etc/lxc/lxc.conf\" -DLXCINITDIR=\"/usr/local/libexec\" -DLIBEXECDIR=\"/usr/local/libexec\" -DLXCTEMPLATEDIR=\"/usr/local/share/lxc/templates\" -DLXCTEMPLATECONFIG=\"/usr/local/share/lxc/config\" -DLOGPATH=\"/usr/local/var/log/lxc\" -DLXC_DEFAULT_CONFIG=\"/usr/local/etc/lxc/default.conf\" -DLXC_USERNIC_DB=\"/run/lxc/nics\" -DLXC_USERNIC_CONF=\"/usr/local/etc/lxc/lxc-usernet\" -DDEFAULT_CGROUP_PATTERN=\"/lxc/%n\" -DRUNTIME_PATH=\"/run\" -DSBINDIR=\"/usr/local/sbin\" -I ../../src -I ../../src/lxc -I ../../src/lxc/bdev -I ../../src/lxc/cgroups -pthread -g -O2 -Wall -Werror -MT bdev/liblxc_la-lxczfs.lo -MD -MP -MF bdev/.deps/liblxc_la-lxczfs.Tpo -c bdev/lxczfs.c -o bdev/liblxc_la-lxczfs.o >/dev/null 2>&1
[2026-01-21 06:05:03] [build-stdout] mv -f bdev/.deps/liblxc_la-lxcrbd.Tpo bdev/.deps/liblxc_la-lxcrbd.Plo
[2026-01-21 06:05:03] [build-stdout] /bin/bash ../../libtool  --tag=CC   --mode=compile clang -DHAVE_CONFIG_H -I. -I../../src    -fPIC -DPIC -DLXCROOTFSMOUNT=\"/usr/local/lib/lxc/rootfs\" -DLXCPATH=\"/usr/local/var/lib/lxc\" -DLXC_GLOBAL_CONF=\"/usr/local/etc/lxc/lxc.conf\" -DLXCINITDIR=\"/usr/local/libexec\" -DLIBEXECDIR=\"/usr/local/libexec\" -DLXCTEMPLATEDIR=\"/usr/local/share/lxc/templates\" -DLXCTEMPLATECONFIG=\"/usr/local/share/lxc/config\" -DLOGPATH=\"/usr/local/var/log/lxc\" -DLXC_DEFAULT_CONFIG=\"/usr/local/etc/lxc/default.conf\" -DLXC_USERNIC_DB=\"/run/lxc/nics\" -DLXC_USERNIC_CONF=\"/usr/local/etc/lxc/lxc-usernet\" -DDEFAULT_CGROUP_PATTERN=\"/lxc/%n\" -DRUNTIME_PATH=\"/run\" -DSBINDIR=\"/usr/local/sbin\" -I ../../src -I ../../src/lxc -I ../../src/lxc/bdev -I ../../src/lxc/cgroups      -pthread  -g -O2 -Wall -Werror -MT cgroups/liblxc_la-cgfsng.lo -MD -MP -MF cgroups/.deps/liblxc_la-cgfsng.Tpo -c -o cgroups/liblxc_la-cgfsng.lo `test -f 'cgroups/cgfsng.c' || echo './'`cgroups/cgfsng.c
[2026-01-21 06:05:03] [build-stdout] mv -f bdev/.deps/liblxc_la-lxcrsync.Tpo bdev/.deps/liblxc_la-lxcrsync.Plo
[2026-01-21 06:05:03] [build-stdout] /bin/bash ../../libtool  --tag=CC   --mode=compile clang -DHAVE_CONFIG_H -I. -I../../src    -fPIC -DPIC -DLXCROOTFSMOUNT=\"/usr/local/lib/lxc/rootfs\" -DLXCPATH=\"/usr/local/var/lib/lxc\" -DLXC_GLOBAL_CONF=\"/usr/local/etc/lxc/lxc.conf\" -DLXCINITDIR=\"/usr/local/libexec\" -DLIBEXECDIR=\"/usr/local/libexec\" -DLXCTEMPLATEDIR=\"/usr/local/share/lxc/templates\" -DLXCTEMPLATECONFIG=\"/usr/local/share/lxc/config\" -DLOGPATH=\"/usr/local/var/log/lxc\" -DLXC_DEFAULT_CONFIG=\"/usr/local/etc/lxc/default.conf\" -DLXC_USERNIC_DB=\"/run/lxc/nics\" -DLXC_USERNIC_CONF=\"/usr/local/etc/lxc/lxc-usernet\" -DDEFAULT_CGROUP_PATTERN=\"/lxc/%n\" -DRUNTIME_PATH=\"/run\" -DSBINDIR=\"/usr/local/sbin\" -I ../../src -I ../../src/lxc -I ../../src/lxc/bdev -I ../../src/lxc/cgroups      -pthread  -g -O2 -Wall -Werror -MT cgroups/liblxc_la-cgroup.lo -MD -MP -MF cgroups/.deps/liblxc_la-cgroup.Tpo -c -o cgroups/liblxc_la-cgroup.lo `test -f 'cgroups/cgroup.c' || echo './'`cgroups/cgroup.c
[2026-01-21 06:05:04] [build-stdout] mv -f bdev/.deps/liblxc_la-lxczfs.Tpo bdev/.deps/liblxc_la-lxczfs.Plo
[2026-01-21 06:05:04] [build-stdout] /bin/bash ../../libtool  --tag=CC   --mode=compile clang -DHAVE_CONFIG_H -I. -I../../src    -fPIC -DPIC -DLXCROOTFSMOUNT=\"/usr/local/lib/lxc/rootfs\" -DLXCPATH=\"/usr/local/var/lib/lxc\" -DLXC_GLOBAL_CONF=\"/usr/local/etc/lxc/lxc.conf\" -DLXCINITDIR=\"/usr/local/libexec\" -DLIBEXECDIR=\"/usr/local/libexec\" -DLXCTEMPLATEDIR=\"/usr/local/share/lxc/templates\" -DLXCTEMPLATECONFIG=\"/usr/local/share/lxc/config\" -DLOGPATH=\"/usr/local/var/log/lxc\" -DLXC_DEFAULT_CONFIG=\"/usr/local/etc/lxc/default.conf\" -DLXC_USERNIC_DB=\"/run/lxc/nics\" -DLXC_USERNIC_CONF=\"/usr/local/etc/lxc/lxc-usernet\" -DDEFAULT_CGROUP_PATTERN=\"/lxc/%n\" -DRUNTIME_PATH=\"/run\" -DSBINDIR=\"/usr/local/sbin\" -I ../../src -I ../../src/lxc -I ../../src/lxc/bdev -I ../../src/lxc/cgroups      -pthread  -g -O2 -Wall -Werror -MT lsm/liblxc_la-nop.lo -MD -MP -MF lsm/.deps/liblxc_la-nop.Tpo -c -o lsm/liblxc_la-nop.lo `test -f 'lsm/nop.c' || echo './'`lsm/nop.c
[2026-01-21 06:05:04] [build-stdout] libtool: compile:  clang -DHAVE_CONFIG_H -I. -I../../src -fPIC -DPIC -DLXCROOTFSMOUNT=\"/usr/local/lib/lxc/rootfs\" -DLXCPATH=\"/usr/local/var/lib/lxc\" -DLXC_GLOBAL_CONF=\"/usr/local/etc/lxc/lxc.conf\" -DLXCINITDIR=\"/usr/local/libexec\" -DLIBEXECDIR=\"/usr/local/libexec\" -DLXCTEMPLATEDIR=\"/usr/local/share/lxc/templates\" -DLXCTEMPLATECONFIG=\"/usr/local/share/lxc/config\" -DLOGPATH=\"/usr/local/var/log/lxc\" -DLXC_DEFAULT_CONFIG=\"/usr/local/etc/lxc/default.conf\" -DLXC_USERNIC_DB=\"/run/lxc/nics\" -DLXC_USERNIC_CONF=\"/usr/local/etc/lxc/lxc-usernet\" -DDEFAULT_CGROUP_PATTERN=\"/lxc/%n\" -DRUNTIME_PATH=\"/run\" -DSBINDIR=\"/usr/local/sbin\" -I ../../src -I ../../src/lxc -I ../../src/lxc/bdev -I ../../src/lxc/cgroups -pthread -g -O2 -Wall -Werror -MT cgroups/liblxc_la-cgfsng.lo -MD -MP -MF cgroups/.deps/liblxc_la-cgfsng.Tpo -c cgroups/cgfsng.c  -fPIC -DPIC -o cgroups/.libs/liblxc_la-cgfsng.o
[2026-01-21 06:05:04] [build-stdout] libtool: compile:  clang -DHAVE_CONFIG_H -I. -I../../src -fPIC -DPIC -DLXCROOTFSMOUNT=\"/usr/local/lib/lxc/rootfs\" -DLXCPATH=\"/usr/local/var/lib/lxc\" -DLXC_GLOBAL_CONF=\"/usr/local/etc/lxc/lxc.conf\" -DLXCINITDIR=\"/usr/local/libexec\" -DLIBEXECDIR=\"/usr/local/libexec\" -DLXCTEMPLATEDIR=\"/usr/local/share/lxc/templates\" -DLXCTEMPLATECONFIG=\"/usr/local/share/lxc/config\" -DLOGPATH=\"/usr/local/var/log/lxc\" -DLXC_DEFAULT_CONFIG=\"/usr/local/etc/lxc/default.conf\" -DLXC_USERNIC_DB=\"/run/lxc/nics\" -DLXC_USERNIC_CONF=\"/usr/local/etc/lxc/lxc-usernet\" -DDEFAULT_CGROUP_PATTERN=\"/lxc/%n\" -DRUNTIME_PATH=\"/run\" -DSBINDIR=\"/usr/local/sbin\" -I ../../src -I ../../src/lxc -I ../../src/lxc/bdev -I ../../src/lxc/cgroups -pthread -g -O2 -Wall -Werror -MT cgroups/liblxc_la-cgfs.lo -MD -MP -MF cgroups/.deps/liblxc_la-cgfs.Tpo -c cgroups/cgfs.c -o cgroups/liblxc_la-cgfs.o >/dev/null 2>&1
[2026-01-21 06:05:04] [build-stdout] libtool: compile:  clang -DHAVE_CONFIG_H -I. -I../../src -fPIC -DPIC -DLXCROOTFSMOUNT=\"/usr/local/lib/lxc/rootfs\" -DLXCPATH=\"/usr/local/var/lib/lxc\" -DLXC_GLOBAL_CONF=\"/usr/local/etc/lxc/lxc.conf\" -DLXCINITDIR=\"/usr/local/libexec\" -DLIBEXECDIR=\"/usr/local/libexec\" -DLXCTEMPLATEDIR=\"/usr/local/share/lxc/templates\" -DLXCTEMPLATECONFIG=\"/usr/local/share/lxc/config\" -DLOGPATH=\"/usr/local/var/log/lxc\" -DLXC_DEFAULT_CONFIG=\"/usr/local/etc/lxc/default.conf\" -DLXC_USERNIC_DB=\"/run/lxc/nics\" -DLXC_USERNIC_CONF=\"/usr/local/etc/lxc/lxc-usernet\" -DDEFAULT_CGROUP_PATTERN=\"/lxc/%n\" -DRUNTIME_PATH=\"/run\" -DSBINDIR=\"/usr/local/sbin\" -I ../../src -I ../../src/lxc -I ../../src/lxc/bdev -I ../../src/lxc/cgroups -pthread -g -O2 -Wall -Werror -MT cgroups/liblxc_la-cgroup.lo -MD -MP -MF cgroups/.deps/liblxc_la-cgroup.Tpo -c cgroups/cgroup.c  -fPIC -DPIC -o cgroups/.libs/liblxc_la-cgroup.o
[2026-01-21 06:05:04] [build-stdout] libtool: compile:  clang -DHAVE_CONFIG_H -I. -I../../src -fPIC -DPIC -DLXCROOTFSMOUNT=\"/usr/local/lib/lxc/rootfs\" -DLXCPATH=\"/usr/local/var/lib/lxc\" -DLXC_GLOBAL_CONF=\"/usr/local/etc/lxc/lxc.conf\" -DLXCINITDIR=\"/usr/local/libexec\" -DLIBEXECDIR=\"/usr/local/libexec\" -DLXCTEMPLATEDIR=\"/usr/local/share/lxc/templates\" -DLXCTEMPLATECONFIG=\"/usr/local/share/lxc/config\" -DLOGPATH=\"/usr/local/var/log/lxc\" -DLXC_DEFAULT_CONFIG=\"/usr/local/etc/lxc/default.conf\" -DLXC_USERNIC_DB=\"/run/lxc/nics\" -DLXC_USERNIC_CONF=\"/usr/local/etc/lxc/lxc-usernet\" -DDEFAULT_CGROUP_PATTERN=\"/lxc/%n\" -DRUNTIME_PATH=\"/run\" -DSBINDIR=\"/usr/local/sbin\" -I ../../src -I ../../src/lxc -I ../../src/lxc/bdev -I ../../src/lxc/cgroups -pthread -g -O2 -Wall -Werror -MT lsm/liblxc_la-nop.lo -MD -MP -MF lsm/.deps/liblxc_la-nop.Tpo -c lsm/nop.c  -fPIC -DPIC -o lsm/.libs/liblxc_la-nop.o
[2026-01-21 06:05:04] [build-stdout] libtool: compile:  clang -DHAVE_CONFIG_H -I. -I../../src -fPIC -DPIC -DLXCROOTFSMOUNT=\"/usr/local/lib/lxc/rootfs\" -DLXCPATH=\"/usr/local/var/lib/lxc\" -DLXC_GLOBAL_CONF=\"/usr/local/etc/lxc/lxc.conf\" -DLXCINITDIR=\"/usr/local/libexec\" -DLIBEXECDIR=\"/usr/local/libexec\" -DLXCTEMPLATEDIR=\"/usr/local/share/lxc/templates\" -DLXCTEMPLATECONFIG=\"/usr/local/share/lxc/config\" -DLOGPATH=\"/usr/local/var/log/lxc\" -DLXC_DEFAULT_CONFIG=\"/usr/local/etc/lxc/default.conf\" -DLXC_USERNIC_DB=\"/run/lxc/nics\" -DLXC_USERNIC_CONF=\"/usr/local/etc/lxc/lxc-usernet\" -DDEFAULT_CGROUP_PATTERN=\"/lxc/%n\" -DRUNTIME_PATH=\"/run\" -DSBINDIR=\"/usr/local/sbin\" -I ../../src -I ../../src/lxc -I ../../src/lxc/bdev -I ../../src/lxc/cgroups -pthread -g -O2 -Wall -Werror -MT cgroups/liblxc_la-cgroup.lo -MD -MP -MF cgroups/.deps/liblxc_la-cgroup.Tpo -c cgroups/cgroup.c -o cgroups/liblxc_la-cgroup.o >/dev/null 2>&1
[2026-01-21 06:05:04] [build-stdout] libtool: compile:  clang -DHAVE_CONFIG_H -I. -I../../src -fPIC -DPIC -DLXCROOTFSMOUNT=\"/usr/local/lib/lxc/rootfs\" -DLXCPATH=\"/usr/local/var/lib/lxc\" -DLXC_GLOBAL_CONF=\"/usr/local/etc/lxc/lxc.conf\" -DLXCINITDIR=\"/usr/local/libexec\" -DLIBEXECDIR=\"/usr/local/libexec\" -DLXCTEMPLATEDIR=\"/usr/local/share/lxc/templates\" -DLXCTEMPLATECONFIG=\"/usr/local/share/lxc/config\" -DLOGPATH=\"/usr/local/var/log/lxc\" -DLXC_DEFAULT_CONFIG=\"/usr/local/etc/lxc/default.conf\" -DLXC_USERNIC_DB=\"/run/lxc/nics\" -DLXC_USERNIC_CONF=\"/usr/local/etc/lxc/lxc-usernet\" -DDEFAULT_CGROUP_PATTERN=\"/lxc/%n\" -DRUNTIME_PATH=\"/run\" -DSBINDIR=\"/usr/local/sbin\" -I ../../src -I ../../src/lxc -I ../../src/lxc/bdev -I ../../src/lxc/cgroups -pthread -g -O2 -Wall -Werror -MT lsm/liblxc_la-nop.lo -MD -MP -MF lsm/.deps/liblxc_la-nop.Tpo -c lsm/nop.c -o lsm/liblxc_la-nop.o >/dev/null 2>&1
[2026-01-21 06:05:04] [build-stdout] mv -f lsm/.deps/liblxc_la-nop.Tpo lsm/.deps/liblxc_la-nop.Plo
[2026-01-21 06:05:04] [build-stdout] /bin/bash ../../libtool  --tag=CC   --mode=compile clang -DHAVE_CONFIG_H -I. -I../../src    -fPIC -DPIC -DLXCROOTFSMOUNT=\"/usr/local/lib/lxc/rootfs\" -DLXCPATH=\"/usr/local/var/lib/lxc\" -DLXC_GLOBAL_CONF=\"/usr/local/etc/lxc/lxc.conf\" -DLXCINITDIR=\"/usr/local/libexec\" -DLIBEXECDIR=\"/usr/local/libexec\" -DLXCTEMPLATEDIR=\"/usr/local/share/lxc/templates\" -DLXCTEMPLATECONFIG=\"/usr/local/share/lxc/config\" -DLOGPATH=\"/usr/local/var/log/lxc\" -DLXC_DEFAULT_CONFIG=\"/usr/local/etc/lxc/default.conf\" -DLXC_USERNIC_DB=\"/run/lxc/nics\" -DLXC_USERNIC_CONF=\"/usr/local/etc/lxc/lxc-usernet\" -DDEFAULT_CGROUP_PATTERN=\"/lxc/%n\" -DRUNTIME_PATH=\"/run\" -DSBINDIR=\"/usr/local/sbin\" -I ../../src -I ../../src/lxc -I ../../src/lxc/bdev -I ../../src/lxc/cgroups      -pthread  -g -O2 -Wall -Werror -MT lsm/liblxc_la-lsm.lo -MD -MP -MF lsm/.deps/liblxc_la-lsm.Tpo -c -o lsm/liblxc_la-lsm.lo `test -f 'lsm/lsm.c' || echo './'`lsm/lsm.c
[2026-01-21 06:05:04] [build-stdout] mv -f cgroups/.deps/liblxc_la-cgroup.Tpo cgroups/.deps/liblxc_la-cgroup.Plo
[2026-01-21 06:05:05] [build-stdout] libtool: compile:  clang -DHAVE_CONFIG_H -I. -I../../src -fPIC -DPIC -DLXCROOTFSMOUNT=\"/usr/local/lib/lxc/rootfs\" -DLXCPATH=\"/usr/local/var/lib/lxc\" -DLXC_GLOBAL_CONF=\"/usr/local/etc/lxc/lxc.conf\" -DLXCINITDIR=\"/usr/local/libexec\" -DLIBEXECDIR=\"/usr/local/libexec\" -DLXCTEMPLATEDIR=\"/usr/local/share/lxc/templates\" -DLXCTEMPLATECONFIG=\"/usr/local/share/lxc/config\" -DLOGPATH=\"/usr/local/var/log/lxc\" -DLXC_DEFAULT_CONFIG=\"/usr/local/etc/lxc/default.conf\" -DLXC_USERNIC_DB=\"/run/lxc/nics\" -DLXC_USERNIC_CONF=\"/usr/local/etc/lxc/lxc-usernet\" -DDEFAULT_CGROUP_PATTERN=\"/lxc/%n\" -DRUNTIME_PATH=\"/run\" -DSBINDIR=\"/usr/local/sbin\" -I ../../src -I ../../src/lxc -I ../../src/lxc/bdev -I ../../src/lxc/cgroups -pthread -g -O2 -Wall -Werror -MT cgroups/liblxc_la-cgfsng.lo -MD -MP -MF cgroups/.deps/liblxc_la-cgfsng.Tpo -c cgroups/cgfsng.c -o cgroups/liblxc_la-cgfsng.o >/dev/null 2>&1
[2026-01-21 06:05:05] [build-stdout] mv -f cgroups/.deps/liblxc_la-cgfs.Tpo cgroups/.deps/liblxc_la-cgfs.Plo
[2026-01-21 06:05:05] [build-stdout] libtool: compile:  clang -DHAVE_CONFIG_H -I. -I../../src -fPIC -DPIC -DLXCROOTFSMOUNT=\"/usr/local/lib/lxc/rootfs\" -DLXCPATH=\"/usr/local/var/lib/lxc\" -DLXC_GLOBAL_CONF=\"/usr/local/etc/lxc/lxc.conf\" -DLXCINITDIR=\"/usr/local/libexec\" -DLIBEXECDIR=\"/usr/local/libexec\" -DLXCTEMPLATEDIR=\"/usr/local/share/lxc/templates\" -DLXCTEMPLATECONFIG=\"/usr/local/share/lxc/config\" -DLOGPATH=\"/usr/local/var/log/lxc\" -DLXC_DEFAULT_CONFIG=\"/usr/local/etc/lxc/default.conf\" -DLXC_USERNIC_DB=\"/run/lxc/nics\" -DLXC_USERNIC_CONF=\"/usr/local/etc/lxc/lxc-usernet\" -DDEFAULT_CGROUP_PATTERN=\"/lxc/%n\" -DRUNTIME_PATH=\"/run\" -DSBINDIR=\"/usr/local/sbin\" -I ../../src -I ../../src/lxc -I ../../src/lxc/bdev -I ../../src/lxc/cgroups -pthread -g -O2 -Wall -Werror -MT lsm/liblxc_la-lsm.lo -MD -MP -MF lsm/.deps/liblxc_la-lsm.Tpo -c lsm/lsm.c  -fPIC -DPIC -o lsm/.libs/liblxc_la-lsm.o
[2026-01-21 06:05:05] [build-stdout] libtool: compile:  clang -DHAVE_CONFIG_H -I. -I../../src -fPIC -DPIC -DLXCROOTFSMOUNT=\"/usr/local/lib/lxc/rootfs\" -DLXCPATH=\"/usr/local/var/lib/lxc\" -DLXC_GLOBAL_CONF=\"/usr/local/etc/lxc/lxc.conf\" -DLXCINITDIR=\"/usr/local/libexec\" -DLIBEXECDIR=\"/usr/local/libexec\" -DLXCTEMPLATEDIR=\"/usr/local/share/lxc/templates\" -DLXCTEMPLATECONFIG=\"/usr/local/share/lxc/config\" -DLOGPATH=\"/usr/local/var/log/lxc\" -DLXC_DEFAULT_CONFIG=\"/usr/local/etc/lxc/default.conf\" -DLXC_USERNIC_DB=\"/run/lxc/nics\" -DLXC_USERNIC_CONF=\"/usr/local/etc/lxc/lxc-usernet\" -DDEFAULT_CGROUP_PATTERN=\"/lxc/%n\" -DRUNTIME_PATH=\"/run\" -DSBINDIR=\"/usr/local/sbin\" -I ../../src -I ../../src/lxc -I ../../src/lxc/bdev -I ../../src/lxc/cgroups -pthread -g -O2 -Wall -Werror -MT lsm/liblxc_la-lsm.lo -MD -MP -MF lsm/.deps/liblxc_la-lsm.Tpo -c lsm/lsm.c -o lsm/liblxc_la-lsm.o >/dev/null 2>&1
[2026-01-21 06:05:05] [build-stdout] mv -f lsm/.deps/liblxc_la-lsm.Tpo lsm/.deps/liblxc_la-lsm.Plo
[2026-01-21 06:05:05] [build-stdout] mv -f cgroups/.deps/liblxc_la-cgfsng.Tpo cgroups/.deps/liblxc_la-cgfsng.Plo
[2026-01-21 06:05:05] [build-stdout] /bin/bash ../../libtool  --tag=CC   --mode=link clang -fPIC -DPIC -DLXCROOTFSMOUNT=\"/usr/local/lib/lxc/rootfs\" -DLXCPATH=\"/usr/local/var/lib/lxc\" -DLXC_GLOBAL_CONF=\"/usr/local/etc/lxc/lxc.conf\" -DLXCINITDIR=\"/usr/local/libexec\" -DLIBEXECDIR=\"/usr/local/libexec\" -DLXCTEMPLATEDIR=\"/usr/local/share/lxc/templates\" -DLXCTEMPLATECONFIG=\"/usr/local/share/lxc/config\" -DLOGPATH=\"/usr/local/var/log/lxc\" -DLXC_DEFAULT_CONFIG=\"/usr/local/etc/lxc/default.conf\" -DLXC_USERNIC_DB=\"/run/lxc/nics\" -DLXC_USERNIC_CONF=\"/usr/local/etc/lxc/lxc-usernet\" -DDEFAULT_CGROUP_PATTERN=\"/lxc/%n\" -DRUNTIME_PATH=\"/run\" -DSBINDIR=\"/usr/local/sbin\" -I ../../src -I ../../src/lxc -I ../../src/lxc/bdev -I ../../src/lxc/cgroups      -pthread  -g -O2 -Wall -Werror -pthread -shared -Wl,-soname,liblxc.so.1 -version-info 1  -o liblxc.la -rpath /usr/local/lib liblxc_la-arguments.lo bdev/liblxc_la-bdev.lo bdev/liblxc_la-lxcaufs.lo bdev/liblxc_la-lxcbtrfs.lo bdev/liblxc_la-lxcdir.lo bdev/liblxc_la-lxcloop.lo bdev/liblxc_la-lxclvm.lo bdev/liblxc_la-lxcnbd.lo bdev/liblxc_la-lxcoverlay.lo bdev/liblxc_la-lxcrbd.lo bdev/liblxc_la-lxcrsync.lo bdev/liblxc_la-lxczfs.lo cgroups/liblxc_la-cgfs.lo cgroups/liblxc_la-cgfsng.lo cgroups/liblxc_la-cgroup.lo liblxc_la-commands.lo liblxc_la-start.lo liblxc_la-execute.lo liblxc_la-monitor.lo liblxc_la-console.lo liblxc_la-freezer.lo liblxc_la-error.lo liblxc_la-parse.lo liblxc_la-initutils.lo liblxc_la-utils.lo liblxc_la-sync.lo liblxc_la-namespace.lo liblxc_la-conf.lo liblxc_la-confile.lo liblxc_la-confile_network_legacy.lo liblxc_la-confile_utils.lo liblxc_la-state.lo liblxc_la-log.lo liblxc_la-attach.lo liblxc_la-criu.lo liblxc_la-network.lo liblxc_la-nl.lo liblxc_la-rtnl.lo liblxc_la-genl.lo liblxc_la-caps.lo liblxc_la-mainloop.lo liblxc_la-af_unix.lo liblxc_la-lxcutmp.lo liblxc_la-lxclock.lo liblxc_la-lxccontainer.lo lsm/liblxc_la-nop.lo lsm/liblxc_la-lsm.lo             -lutil -lpthread 
[2026-01-21 06:05:06] [build-stdout] libtool: link: clang -shared  -fPIC -DPIC  .libs/liblxc_la-arguments.o bdev/.libs/liblxc_la-bdev.o bdev/.libs/liblxc_la-lxcaufs.o bdev/.libs/liblxc_la-lxcbtrfs.o bdev/.libs/liblxc_la-lxcdir.o bdev/.libs/liblxc_la-lxcloop.o bdev/.libs/liblxc_la-lxclvm.o bdev/.libs/liblxc_la-lxcnbd.o bdev/.libs/liblxc_la-lxcoverlay.o bdev/.libs/liblxc_la-lxcrbd.o bdev/.libs/liblxc_la-lxcrsync.o bdev/.libs/liblxc_la-lxczfs.o cgroups/.libs/liblxc_la-cgfs.o cgroups/.libs/liblxc_la-cgfsng.o cgroups/.libs/liblxc_la-cgroup.o .libs/liblxc_la-commands.o .libs/liblxc_la-start.o .libs/liblxc_la-execute.o .libs/liblxc_la-monitor.o .libs/liblxc_la-console.o .libs/liblxc_la-freezer.o .libs/liblxc_la-error.o .libs/liblxc_la-parse.o .libs/liblxc_la-initutils.o .libs/liblxc_la-utils.o .libs/liblxc_la-sync.o .libs/liblxc_la-namespace.o .libs/liblxc_la-conf.o .libs/liblxc_la-confile.o .libs/liblxc_la-confile_network_legacy.o .libs/liblxc_la-confile_utils.o .libs/liblxc_la-state.o .libs/liblxc_la-log.o .libs/liblxc_la-attach.o .libs/liblxc_la-criu.o .libs/liblxc_la-network.o .libs/liblxc_la-nl.o .libs/liblxc_la-rtnl.o .libs/liblxc_la-genl.o .libs/liblxc_la-caps.o .libs/liblxc_la-mainloop.o .libs/liblxc_la-af_unix.o .libs/liblxc_la-lxcutmp.o .libs/liblxc_la-lxclock.o .libs/liblxc_la-lxccontainer.o lsm/.libs/liblxc_la-nop.o lsm/.libs/liblxc_la-lsm.o   -lutil -lpthread  -pthread -g -O2 -pthread -Wl,-soname -Wl,liblxc.so.1   -pthread -Wl,-soname -Wl,liblxc.so.1 -o .libs/liblxc.so.1.0.0
[2026-01-21 06:05:06] [build-stdout] libtool: link: (cd ".libs" && rm -f "liblxc.so.1" && ln -s "liblxc.so.1.0.0" "liblxc.so.1")
[2026-01-21 06:05:06] [build-stdout] libtool: link: (cd ".libs" && rm -f "liblxc.so" && ln -s "liblxc.so.1.0.0" "liblxc.so")
[2026-01-21 06:05:06] [build-stdout] libtool: link: ( cd ".libs" && rm -f "liblxc.la" && ln -s "../liblxc.la" "liblxc.la" )
[2026-01-21 06:05:06] [build-stdout] /bin/bash ../../libtool  --tag=CC   --mode=link clang -DLXCROOTFSMOUNT=\"/usr/local/lib/lxc/rootfs\" -DLXCPATH=\"/usr/local/var/lib/lxc\" -DLXC_GLOBAL_CONF=\"/usr/local/etc/lxc/lxc.conf\" -DLXCINITDIR=\"/usr/local/libexec\" -DLIBEXECDIR=\"/usr/local/libexec\" -DLXCTEMPLATEDIR=\"/usr/local/share/lxc/templates\" -DLXCTEMPLATECONFIG=\"/usr/local/share/lxc/config\" -DLOGPATH=\"/usr/local/var/log/lxc\" -DLXC_DEFAULT_CONFIG=\"/usr/local/etc/lxc/default.conf\" -DLXC_USERNIC_DB=\"/run/lxc/nics\" -DLXC_USERNIC_CONF=\"/usr/local/etc/lxc/lxc-usernet\" -DDEFAULT_CGROUP_PATTERN=\"/lxc/%n\" -DRUNTIME_PATH=\"/run\" -DSBINDIR=\"/usr/local/sbin\" -I ../../src -I ../../src/lxc -I ../../src/lxc/bdev -I ../../src/lxc/cgroups      -g -O2 -Wall -Werror -Wl,-E   -o lxc-attach tools/lxc_attach.o liblxc.la     -lutil -lpthread 
[2026-01-21 06:05:06] [build-stdout] /bin/bash ../../libtool  --tag=CC   --mode=link clang -DLXCROOTFSMOUNT=\"/usr/local/lib/lxc/rootfs\" -DLXCPATH=\"/usr/local/var/lib/lxc\" -DLXC_GLOBAL_CONF=\"/usr/local/etc/lxc/lxc.conf\" -DLXCINITDIR=\"/usr/local/libexec\" -DLIBEXECDIR=\"/usr/local/libexec\" -DLXCTEMPLATEDIR=\"/usr/local/share/lxc/templates\" -DLXCTEMPLATECONFIG=\"/usr/local/share/lxc/config\" -DLOGPATH=\"/usr/local/var/log/lxc\" -DLXC_DEFAULT_CONFIG=\"/usr/local/etc/lxc/default.conf\" -DLXC_USERNIC_DB=\"/run/lxc/nics\" -DLXC_USERNIC_CONF=\"/usr/local/etc/lxc/lxc-usernet\" -DDEFAULT_CGROUP_PATTERN=\"/lxc/%n\" -DRUNTIME_PATH=\"/run\" -DSBINDIR=\"/usr/local/sbin\" -I ../../src -I ../../src/lxc -I ../../src/lxc/bdev -I ../../src/lxc/cgroups      -g -O2 -Wall -Werror -Wl,-E   -o lxc-autostart tools/lxc_autostart.o liblxc.la     -lutil -lpthread 
[2026-01-21 06:05:06] [build-stdout] /bin/bash ../../libtool  --tag=CC   --mode=link clang -DLXCROOTFSMOUNT=\"/usr/local/lib/lxc/rootfs\" -DLXCPATH=\"/usr/local/var/lib/lxc\" -DLXC_GLOBAL_CONF=\"/usr/local/etc/lxc/lxc.conf\" -DLXCINITDIR=\"/usr/local/libexec\" -DLIBEXECDIR=\"/usr/local/libexec\" -DLXCTEMPLATEDIR=\"/usr/local/share/lxc/templates\" -DLXCTEMPLATECONFIG=\"/usr/local/share/lxc/config\" -DLOGPATH=\"/usr/local/var/log/lxc\" -DLXC_DEFAULT_CONFIG=\"/usr/local/etc/lxc/default.conf\" -DLXC_USERNIC_DB=\"/run/lxc/nics\" -DLXC_USERNIC_CONF=\"/usr/local/etc/lxc/lxc-usernet\" -DDEFAULT_CGROUP_PATTERN=\"/lxc/%n\" -DRUNTIME_PATH=\"/run\" -DSBINDIR=\"/usr/local/sbin\" -I ../../src -I ../../src/lxc -I ../../src/lxc/bdev -I ../../src/lxc/cgroups      -g -O2 -Wall -Werror -Wl,-E   -o lxc-cgroup tools/lxc_cgroup.o liblxc.la     -lutil -lpthread 
[2026-01-21 06:05:06] [build-stdout] /bin/bash ../../libtool  --tag=CC   --mode=link clang -DLXCROOTFSMOUNT=\"/usr/local/lib/lxc/rootfs\" -DLXCPATH=\"/usr/local/var/lib/lxc\" -DLXC_GLOBAL_CONF=\"/usr/local/etc/lxc/lxc.conf\" -DLXCINITDIR=\"/usr/local/libexec\" -DLIBEXECDIR=\"/usr/local/libexec\" -DLXCTEMPLATEDIR=\"/usr/local/share/lxc/templates\" -DLXCTEMPLATECONFIG=\"/usr/local/share/lxc/config\" -DLOGPATH=\"/usr/local/var/log/lxc\" -DLXC_DEFAULT_CONFIG=\"/usr/local/etc/lxc/default.conf\" -DLXC_USERNIC_DB=\"/run/lxc/nics\" -DLXC_USERNIC_CONF=\"/usr/local/etc/lxc/lxc-usernet\" -DDEFAULT_CGROUP_PATTERN=\"/lxc/%n\" -DRUNTIME_PATH=\"/run\" -DSBINDIR=\"/usr/local/sbin\" -I ../../src -I ../../src/lxc -I ../../src/lxc/bdev -I ../../src/lxc/cgroups      -g -O2 -Wall -Werror -Wl,-E   -o lxc-checkpoint tools/lxc_checkpoint.o liblxc.la     -lutil -lpthread 
[2026-01-21 06:05:07] [build-stdout] libtool: link: clang -DLXCROOTFSMOUNT=\"/usr/local/lib/lxc/rootfs\" -DLXCPATH=\"/usr/local/var/lib/lxc\" -DLXC_GLOBAL_CONF=\"/usr/local/etc/lxc/lxc.conf\" -DLXCINITDIR=\"/usr/local/libexec\" -DLIBEXECDIR=\"/usr/local/libexec\" -DLXCTEMPLATEDIR=\"/usr/local/share/lxc/templates\" -DLXCTEMPLATECONFIG=\"/usr/local/share/lxc/config\" -DLOGPATH=\"/usr/local/var/log/lxc\" -DLXC_DEFAULT_CONFIG=\"/usr/local/etc/lxc/default.conf\" -DLXC_USERNIC_DB=\"/run/lxc/nics\" -DLXC_USERNIC_CONF=\"/usr/local/etc/lxc/lxc-usernet\" -DDEFAULT_CGROUP_PATTERN=\"/lxc/%n\" -DRUNTIME_PATH=\"/run\" -DSBINDIR=\"/usr/local/sbin\" -I ../../src -I ../../src/lxc -I ../../src/lxc/bdev -I ../../src/lxc/cgroups -g -O2 -Wall -Werror -Wl,-E -o .libs/lxc-cgroup tools/lxc_cgroup.o  ./.libs/liblxc.so -lutil -lpthread -pthread
[2026-01-21 06:05:07] [build-stdout] libtool: link: clang -DLXCROOTFSMOUNT=\"/usr/local/lib/lxc/rootfs\" -DLXCPATH=\"/usr/local/var/lib/lxc\" -DLXC_GLOBAL_CONF=\"/usr/local/etc/lxc/lxc.conf\" -DLXCINITDIR=\"/usr/local/libexec\" -DLIBEXECDIR=\"/usr/local/libexec\" -DLXCTEMPLATEDIR=\"/usr/local/share/lxc/templates\" -DLXCTEMPLATECONFIG=\"/usr/local/share/lxc/config\" -DLOGPATH=\"/usr/local/var/log/lxc\" -DLXC_DEFAULT_CONFIG=\"/usr/local/etc/lxc/default.conf\" -DLXC_USERNIC_DB=\"/run/lxc/nics\" -DLXC_USERNIC_CONF=\"/usr/local/etc/lxc/lxc-usernet\" -DDEFAULT_CGROUP_PATTERN=\"/lxc/%n\" -DRUNTIME_PATH=\"/run\" -DSBINDIR=\"/usr/local/sbin\" -I ../../src -I ../../src/lxc -I ../../src/lxc/bdev -I ../../src/lxc/cgroups -g -O2 -Wall -Werror -Wl,-E -o .libs/lxc-attach tools/lxc_attach.o  ./.libs/liblxc.so -lutil -lpthread -pthread
[2026-01-21 06:05:07] [build-stdout] libtool: link: clang -DLXCROOTFSMOUNT=\"/usr/local/lib/lxc/rootfs\" -DLXCPATH=\"/usr/local/var/lib/lxc\" -DLXC_GLOBAL_CONF=\"/usr/local/etc/lxc/lxc.conf\" -DLXCINITDIR=\"/usr/local/libexec\" -DLIBEXECDIR=\"/usr/local/libexec\" -DLXCTEMPLATEDIR=\"/usr/local/share/lxc/templates\" -DLXCTEMPLATECONFIG=\"/usr/local/share/lxc/config\" -DLOGPATH=\"/usr/local/var/log/lxc\" -DLXC_DEFAULT_CONFIG=\"/usr/local/etc/lxc/default.conf\" -DLXC_USERNIC_DB=\"/run/lxc/nics\" -DLXC_USERNIC_CONF=\"/usr/local/etc/lxc/lxc-usernet\" -DDEFAULT_CGROUP_PATTERN=\"/lxc/%n\" -DRUNTIME_PATH=\"/run\" -DSBINDIR=\"/usr/local/sbin\" -I ../../src -I ../../src/lxc -I ../../src/lxc/bdev -I ../../src/lxc/cgroups -g -O2 -Wall -Werror -Wl,-E -o .libs/lxc-checkpoint tools/lxc_checkpoint.o  ./.libs/liblxc.so -lutil -lpthread -pthread
[2026-01-21 06:05:07] [build-stdout] libtool: link: clang -DLXCROOTFSMOUNT=\"/usr/local/lib/lxc/rootfs\" -DLXCPATH=\"/usr/local/var/lib/lxc\" -DLXC_GLOBAL_CONF=\"/usr/local/etc/lxc/lxc.conf\" -DLXCINITDIR=\"/usr/local/libexec\" -DLIBEXECDIR=\"/usr/local/libexec\" -DLXCTEMPLATEDIR=\"/usr/local/share/lxc/templates\" -DLXCTEMPLATECONFIG=\"/usr/local/share/lxc/config\" -DLOGPATH=\"/usr/local/var/log/lxc\" -DLXC_DEFAULT_CONFIG=\"/usr/local/etc/lxc/default.conf\" -DLXC_USERNIC_DB=\"/run/lxc/nics\" -DLXC_USERNIC_CONF=\"/usr/local/etc/lxc/lxc-usernet\" -DDEFAULT_CGROUP_PATTERN=\"/lxc/%n\" -DRUNTIME_PATH=\"/run\" -DSBINDIR=\"/usr/local/sbin\" -I ../../src -I ../../src/lxc -I ../../src/lxc/bdev -I ../../src/lxc/cgroups -g -O2 -Wall -Werror -Wl,-E -o .libs/lxc-autostart tools/lxc_autostart.o  ./.libs/liblxc.so -lutil -lpthread -pthread
[2026-01-21 06:05:07] [build-stdout] /bin/bash ../../libtool  --tag=CC   --mode=link clang -DLXCROOTFSMOUNT=\"/usr/local/lib/lxc/rootfs\" -DLXCPATH=\"/usr/local/var/lib/lxc\" -DLXC_GLOBAL_CONF=\"/usr/local/etc/lxc/lxc.conf\" -DLXCINITDIR=\"/usr/local/libexec\" -DLIBEXECDIR=\"/usr/local/libexec\" -DLXCTEMPLATEDIR=\"/usr/local/share/lxc/templates\" -DLXCTEMPLATECONFIG=\"/usr/local/share/lxc/config\" -DLOGPATH=\"/usr/local/var/log/lxc\" -DLXC_DEFAULT_CONFIG=\"/usr/local/etc/lxc/default.conf\" -DLXC_USERNIC_DB=\"/run/lxc/nics\" -DLXC_USERNIC_CONF=\"/usr/local/etc/lxc/lxc-usernet\" -DDEFAULT_CGROUP_PATTERN=\"/lxc/%n\" -DRUNTIME_PATH=\"/run\" -DSBINDIR=\"/usr/local/sbin\" -I ../../src -I ../../src/lxc -I ../../src/lxc/bdev -I ../../src/lxc/cgroups      -g -O2 -Wall -Werror -Wl,-E   -o lxc-config tools/lxc_config.o liblxc.la     -lutil -lpthread 
[2026-01-21 06:05:07] [build-stdout] /bin/bash ../../libtool  --tag=CC   --mode=link clang -DLXCROOTFSMOUNT=\"/usr/local/lib/lxc/rootfs\" -DLXCPATH=\"/usr/local/var/lib/lxc\" -DLXC_GLOBAL_CONF=\"/usr/local/etc/lxc/lxc.conf\" -DLXCINITDIR=\"/usr/local/libexec\" -DLIBEXECDIR=\"/usr/local/libexec\" -DLXCTEMPLATEDIR=\"/usr/local/share/lxc/templates\" -DLXCTEMPLATECONFIG=\"/usr/local/share/lxc/config\" -DLOGPATH=\"/usr/local/var/log/lxc\" -DLXC_DEFAULT_CONFIG=\"/usr/local/etc/lxc/default.conf\" -DLXC_USERNIC_DB=\"/run/lxc/nics\" -DLXC_USERNIC_CONF=\"/usr/local/etc/lxc/lxc-usernet\" -DDEFAULT_CGROUP_PATTERN=\"/lxc/%n\" -DRUNTIME_PATH=\"/run\" -DSBINDIR=\"/usr/local/sbin\" -I ../../src -I ../../src/lxc -I ../../src/lxc/bdev -I ../../src/lxc/cgroups      -g -O2 -Wall -Werror -Wl,-E   -o lxc-copy tools/lxc_copy.o  liblxc.la     -lutil -lpthread 
[2026-01-21 06:05:07] [build-stdout] /bin/bash ../../libtool  --tag=CC   --mode=link clang -DLXCROOTFSMOUNT=\"/usr/local/lib/lxc/rootfs\" -DLXCPATH=\"/usr/local/var/lib/lxc\" -DLXC_GLOBAL_CONF=\"/usr/local/etc/lxc/lxc.conf\" -DLXCINITDIR=\"/usr/local/libexec\" -DLIBEXECDIR=\"/usr/local/libexec\" -DLXCTEMPLATEDIR=\"/usr/local/share/lxc/templates\" -DLXCTEMPLATECONFIG=\"/usr/local/share/lxc/config\" -DLOGPATH=\"/usr/local/var/log/lxc\" -DLXC_DEFAULT_CONFIG=\"/usr/local/etc/lxc/default.conf\" -DLXC_USERNIC_DB=\"/run/lxc/nics\" -DLXC_USERNIC_CONF=\"/usr/local/etc/lxc/lxc-usernet\" -DDEFAULT_CGROUP_PATTERN=\"/lxc/%n\" -DRUNTIME_PATH=\"/run\" -DSBINDIR=\"/usr/local/sbin\" -I ../../src -I ../../src/lxc -I ../../src/lxc/bdev -I ../../src/lxc/cgroups      -g -O2 -Wall -Werror -Wl,-E   -o lxc-console tools/lxc_console.o liblxc.la     -lutil -lpthread 
[2026-01-21 06:05:07] [build-stdout] /bin/bash ../../libtool  --tag=CC   --mode=link clang -DLXCROOTFSMOUNT=\"/usr/local/lib/lxc/rootfs\" -DLXCPATH=\"/usr/local/var/lib/lxc\" -DLXC_GLOBAL_CONF=\"/usr/local/etc/lxc/lxc.conf\" -DLXCINITDIR=\"/usr/local/libexec\" -DLIBEXECDIR=\"/usr/local/libexec\" -DLXCTEMPLATEDIR=\"/usr/local/share/lxc/templates\" -DLXCTEMPLATECONFIG=\"/usr/local/share/lxc/config\" -DLOGPATH=\"/usr/local/var/log/lxc\" -DLXC_DEFAULT_CONFIG=\"/usr/local/etc/lxc/default.conf\" -DLXC_USERNIC_DB=\"/run/lxc/nics\" -DLXC_USERNIC_CONF=\"/usr/local/etc/lxc/lxc-usernet\" -DDEFAULT_CGROUP_PATTERN=\"/lxc/%n\" -DRUNTIME_PATH=\"/run\" -DSBINDIR=\"/usr/local/sbin\" -I ../../src -I ../../src/lxc -I ../../src/lxc/bdev -I ../../src/lxc/cgroups      -g -O2 -Wall -Werror -Wl,-E   -o lxc-create tools/lxc_create.o liblxc.la     -lutil -lpthread 
[2026-01-21 06:05:08] [build-stdout] libtool: link: clang -DLXCROOTFSMOUNT=\"/usr/local/lib/lxc/rootfs\" -DLXCPATH=\"/usr/local/var/lib/lxc\" -DLXC_GLOBAL_CONF=\"/usr/local/etc/lxc/lxc.conf\" -DLXCINITDIR=\"/usr/local/libexec\" -DLIBEXECDIR=\"/usr/local/libexec\" -DLXCTEMPLATEDIR=\"/usr/local/share/lxc/templates\" -DLXCTEMPLATECONFIG=\"/usr/local/share/lxc/config\" -DLOGPATH=\"/usr/local/var/log/lxc\" -DLXC_DEFAULT_CONFIG=\"/usr/local/etc/lxc/default.conf\" -DLXC_USERNIC_DB=\"/run/lxc/nics\" -DLXC_USERNIC_CONF=\"/usr/local/etc/lxc/lxc-usernet\" -DDEFAULT_CGROUP_PATTERN=\"/lxc/%n\" -DRUNTIME_PATH=\"/run\" -DSBINDIR=\"/usr/local/sbin\" -I ../../src -I ../../src/lxc -I ../../src/lxc/bdev -I ../../src/lxc/cgroups -g -O2 -Wall -Werror -Wl,-E -o .libs/lxc-copy tools/lxc_copy.o  ./.libs/liblxc.so -lutil -lpthread -pthread
[2026-01-21 06:05:08] [build-stdout] libtool: link: clang -DLXCROOTFSMOUNT=\"/usr/local/lib/lxc/rootfs\" -DLXCPATH=\"/usr/local/var/lib/lxc\" -DLXC_GLOBAL_CONF=\"/usr/local/etc/lxc/lxc.conf\" -DLXCINITDIR=\"/usr/local/libexec\" -DLIBEXECDIR=\"/usr/local/libexec\" -DLXCTEMPLATEDIR=\"/usr/local/share/lxc/templates\" -DLXCTEMPLATECONFIG=\"/usr/local/share/lxc/config\" -DLOGPATH=\"/usr/local/var/log/lxc\" -DLXC_DEFAULT_CONFIG=\"/usr/local/etc/lxc/default.conf\" -DLXC_USERNIC_DB=\"/run/lxc/nics\" -DLXC_USERNIC_CONF=\"/usr/local/etc/lxc/lxc-usernet\" -DDEFAULT_CGROUP_PATTERN=\"/lxc/%n\" -DRUNTIME_PATH=\"/run\" -DSBINDIR=\"/usr/local/sbin\" -I ../../src -I ../../src/lxc -I ../../src/lxc/bdev -I ../../src/lxc/cgroups -g -O2 -Wall -Werror -Wl,-E -o .libs/lxc-console tools/lxc_console.o  ./.libs/liblxc.so -lutil -lpthread -pthread
[2026-01-21 06:05:08] [build-stdout] libtool: link: clang -DLXCROOTFSMOUNT=\"/usr/local/lib/lxc/rootfs\" -DLXCPATH=\"/usr/local/var/lib/lxc\" -DLXC_GLOBAL_CONF=\"/usr/local/etc/lxc/lxc.conf\" -DLXCINITDIR=\"/usr/local/libexec\" -DLIBEXECDIR=\"/usr/local/libexec\" -DLXCTEMPLATEDIR=\"/usr/local/share/lxc/templates\" -DLXCTEMPLATECONFIG=\"/usr/local/share/lxc/config\" -DLOGPATH=\"/usr/local/var/log/lxc\" -DLXC_DEFAULT_CONFIG=\"/usr/local/etc/lxc/default.conf\" -DLXC_USERNIC_DB=\"/run/lxc/nics\" -DLXC_USERNIC_CONF=\"/usr/local/etc/lxc/lxc-usernet\" -DDEFAULT_CGROUP_PATTERN=\"/lxc/%n\" -DRUNTIME_PATH=\"/run\" -DSBINDIR=\"/usr/local/sbin\" -I ../../src -I ../../src/lxc -I ../../src/lxc/bdev -I ../../src/lxc/cgroups -g -O2 -Wall -Werror -Wl,-E -o .libs/lxc-config tools/lxc_config.o  ./.libs/liblxc.so -lutil -lpthread -pthread
[2026-01-21 06:05:08] [build-stdout] libtool: link: clang -DLXCROOTFSMOUNT=\"/usr/local/lib/lxc/rootfs\" -DLXCPATH=\"/usr/local/var/lib/lxc\" -DLXC_GLOBAL_CONF=\"/usr/local/etc/lxc/lxc.conf\" -DLXCINITDIR=\"/usr/local/libexec\" -DLIBEXECDIR=\"/usr/local/libexec\" -DLXCTEMPLATEDIR=\"/usr/local/share/lxc/templates\" -DLXCTEMPLATECONFIG=\"/usr/local/share/lxc/config\" -DLOGPATH=\"/usr/local/var/log/lxc\" -DLXC_DEFAULT_CONFIG=\"/usr/local/etc/lxc/default.conf\" -DLXC_USERNIC_DB=\"/run/lxc/nics\" -DLXC_USERNIC_CONF=\"/usr/local/etc/lxc/lxc-usernet\" -DDEFAULT_CGROUP_PATTERN=\"/lxc/%n\" -DRUNTIME_PATH=\"/run\" -DSBINDIR=\"/usr/local/sbin\" -I ../../src -I ../../src/lxc -I ../../src/lxc/bdev -I ../../src/lxc/cgroups -g -O2 -Wall -Werror -Wl,-E -o .libs/lxc-create tools/lxc_create.o  ./.libs/liblxc.so -lutil -lpthread -pthread
[2026-01-21 06:05:08] [build-stdout] /bin/bash ../../libtool  --tag=CC   --mode=link clang -DLXCROOTFSMOUNT=\"/usr/local/lib/lxc/rootfs\" -DLXCPATH=\"/usr/local/var/lib/lxc\" -DLXC_GLOBAL_CONF=\"/usr/local/etc/lxc/lxc.conf\" -DLXCINITDIR=\"/usr/local/libexec\" -DLIBEXECDIR=\"/usr/local/libexec\" -DLXCTEMPLATEDIR=\"/usr/local/share/lxc/templates\" -DLXCTEMPLATECONFIG=\"/usr/local/share/lxc/config\" -DLOGPATH=\"/usr/local/var/log/lxc\" -DLXC_DEFAULT_CONFIG=\"/usr/local/etc/lxc/default.conf\" -DLXC_USERNIC_DB=\"/run/lxc/nics\" -DLXC_USERNIC_CONF=\"/usr/local/etc/lxc/lxc-usernet\" -DDEFAULT_CGROUP_PATTERN=\"/lxc/%n\" -DRUNTIME_PATH=\"/run\" -DSBINDIR=\"/usr/local/sbin\" -I ../../src -I ../../src/lxc -I ../../src/lxc/bdev -I ../../src/lxc/cgroups      -g -O2 -Wall -Werror -Wl,-E   -o lxc-destroy tools/lxc_destroy.o liblxc.la     -lutil -lpthread 
[2026-01-21 06:05:08] [build-stdout] /bin/bash ../../libtool  --tag=CC   --mode=link clang -DLXCROOTFSMOUNT=\"/usr/local/lib/lxc/rootfs\" -DLXCPATH=\"/usr/local/var/lib/lxc\" -DLXC_GLOBAL_CONF=\"/usr/local/etc/lxc/lxc.conf\" -DLXCINITDIR=\"/usr/local/libexec\" -DLIBEXECDIR=\"/usr/local/libexec\" -DLXCTEMPLATEDIR=\"/usr/local/share/lxc/templates\" -DLXCTEMPLATECONFIG=\"/usr/local/share/lxc/config\" -DLOGPATH=\"/usr/local/var/log/lxc\" -DLXC_DEFAULT_CONFIG=\"/usr/local/etc/lxc/default.conf\" -DLXC_USERNIC_DB=\"/run/lxc/nics\" -DLXC_USERNIC_CONF=\"/usr/local/etc/lxc/lxc-usernet\" -DDEFAULT_CGROUP_PATTERN=\"/lxc/%n\" -DRUNTIME_PATH=\"/run\" -DSBINDIR=\"/usr/local/sbin\" -I ../../src -I ../../src/lxc -I ../../src/lxc/bdev -I ../../src/lxc/cgroups      -g -O2 -Wall -Werror -Wl,-E   -o lxc-device tools/lxc_device.o liblxc.la     -lutil -lpthread 
[2026-01-21 06:05:08] [build-stdout] /bin/bash ../../libtool  --tag=CC   --mode=link clang -DLXCROOTFSMOUNT=\"/usr/local/lib/lxc/rootfs\" -DLXCPATH=\"/usr/local/var/lib/lxc\" -DLXC_GLOBAL_CONF=\"/usr/local/etc/lxc/lxc.conf\" -DLXCINITDIR=\"/usr/local/libexec\" -DLIBEXECDIR=\"/usr/local/libexec\" -DLXCTEMPLATEDIR=\"/usr/local/share/lxc/templates\" -DLXCTEMPLATECONFIG=\"/usr/local/share/lxc/config\" -DLOGPATH=\"/usr/local/var/log/lxc\" -DLXC_DEFAULT_CONFIG=\"/usr/local/etc/lxc/default.conf\" -DLXC_USERNIC_DB=\"/run/lxc/nics\" -DLXC_USERNIC_CONF=\"/usr/local/etc/lxc/lxc-usernet\" -DDEFAULT_CGROUP_PATTERN=\"/lxc/%n\" -DRUNTIME_PATH=\"/run\" -DSBINDIR=\"/usr/local/sbin\" -I ../../src -I ../../src/lxc -I ../../src/lxc/bdev -I ../../src/lxc/cgroups      -g -O2 -Wall -Werror -Wl,-E   -o lxc-execute tools/lxc_execute.o liblxc.la     -lutil -lpthread 
[2026-01-21 06:05:08] [build-stdout] /bin/bash ../../libtool  --tag=CC   --mode=link clang -DLXCROOTFSMOUNT=\"/usr/local/lib/lxc/rootfs\" -DLXCPATH=\"/usr/local/var/lib/lxc\" -DLXC_GLOBAL_CONF=\"/usr/local/etc/lxc/lxc.conf\" -DLXCINITDIR=\"/usr/local/libexec\" -DLIBEXECDIR=\"/usr/local/libexec\" -DLXCTEMPLATEDIR=\"/usr/local/share/lxc/templates\" -DLXCTEMPLATECONFIG=\"/usr/local/share/lxc/config\" -DLOGPATH=\"/usr/local/var/log/lxc\" -DLXC_DEFAULT_CONFIG=\"/usr/local/etc/lxc/default.conf\" -DLXC_USERNIC_DB=\"/run/lxc/nics\" -DLXC_USERNIC_CONF=\"/usr/local/etc/lxc/lxc-usernet\" -DDEFAULT_CGROUP_PATTERN=\"/lxc/%n\" -DRUNTIME_PATH=\"/run\" -DSBINDIR=\"/usr/local/sbin\" -I ../../src -I ../../src/lxc -I ../../src/lxc/bdev -I ../../src/lxc/cgroups      -g -O2 -Wall -Werror -Wl,-E   -o lxc-freeze tools/lxc_freeze.o liblxc.la     -lutil -lpthread 
[2026-01-21 06:05:09] [build-stdout] libtool: link: clang -DLXCROOTFSMOUNT=\"/usr/local/lib/lxc/rootfs\" -DLXCPATH=\"/usr/local/var/lib/lxc\" -DLXC_GLOBAL_CONF=\"/usr/local/etc/lxc/lxc.conf\" -DLXCINITDIR=\"/usr/local/libexec\" -DLIBEXECDIR=\"/usr/local/libexec\" -DLXCTEMPLATEDIR=\"/usr/local/share/lxc/templates\" -DLXCTEMPLATECONFIG=\"/usr/local/share/lxc/config\" -DLOGPATH=\"/usr/local/var/log/lxc\" -DLXC_DEFAULT_CONFIG=\"/usr/local/etc/lxc/default.conf\" -DLXC_USERNIC_DB=\"/run/lxc/nics\" -DLXC_USERNIC_CONF=\"/usr/local/etc/lxc/lxc-usernet\" -DDEFAULT_CGROUP_PATTERN=\"/lxc/%n\" -DRUNTIME_PATH=\"/run\" -DSBINDIR=\"/usr/local/sbin\" -I ../../src -I ../../src/lxc -I ../../src/lxc/bdev -I ../../src/lxc/cgroups -g -O2 -Wall -Werror -Wl,-E -o .libs/lxc-destroy tools/lxc_destroy.o  ./.libs/liblxc.so -lutil -lpthread -pthread
[2026-01-21 06:05:09] [build-stdout] libtool: link: clang -DLXCROOTFSMOUNT=\"/usr/local/lib/lxc/rootfs\" -DLXCPATH=\"/usr/local/var/lib/lxc\" -DLXC_GLOBAL_CONF=\"/usr/local/etc/lxc/lxc.conf\" -DLXCINITDIR=\"/usr/local/libexec\" -DLIBEXECDIR=\"/usr/local/libexec\" -DLXCTEMPLATEDIR=\"/usr/local/share/lxc/templates\" -DLXCTEMPLATECONFIG=\"/usr/local/share/lxc/config\" -DLOGPATH=\"/usr/local/var/log/lxc\" -DLXC_DEFAULT_CONFIG=\"/usr/local/etc/lxc/default.conf\" -DLXC_USERNIC_DB=\"/run/lxc/nics\" -DLXC_USERNIC_CONF=\"/usr/local/etc/lxc/lxc-usernet\" -DDEFAULT_CGROUP_PATTERN=\"/lxc/%n\" -DRUNTIME_PATH=\"/run\" -DSBINDIR=\"/usr/local/sbin\" -I ../../src -I ../../src/lxc -I ../../src/lxc/bdev -I ../../src/lxc/cgroups -g -O2 -Wall -Werror -Wl,-E -o .libs/lxc-execute tools/lxc_execute.o  ./.libs/liblxc.so -lutil -lpthread -pthread
[2026-01-21 06:05:09] [build-stdout] libtool: link: clang -DLXCROOTFSMOUNT=\"/usr/local/lib/lxc/rootfs\" -DLXCPATH=\"/usr/local/var/lib/lxc\" -DLXC_GLOBAL_CONF=\"/usr/local/etc/lxc/lxc.conf\" -DLXCINITDIR=\"/usr/local/libexec\" -DLIBEXECDIR=\"/usr/local/libexec\" -DLXCTEMPLATEDIR=\"/usr/local/share/lxc/templates\" -DLXCTEMPLATECONFIG=\"/usr/local/share/lxc/config\" -DLOGPATH=\"/usr/local/var/log/lxc\" -DLXC_DEFAULT_CONFIG=\"/usr/local/etc/lxc/default.conf\" -DLXC_USERNIC_DB=\"/run/lxc/nics\" -DLXC_USERNIC_CONF=\"/usr/local/etc/lxc/lxc-usernet\" -DDEFAULT_CGROUP_PATTERN=\"/lxc/%n\" -DRUNTIME_PATH=\"/run\" -DSBINDIR=\"/usr/local/sbin\" -I ../../src -I ../../src/lxc -I ../../src/lxc/bdev -I ../../src/lxc/cgroups -g -O2 -Wall -Werror -Wl,-E -o .libs/lxc-device tools/lxc_device.o  ./.libs/liblxc.so -lutil -lpthread -pthread
[2026-01-21 06:05:09] [build-stdout] libtool: link: clang -DLXCROOTFSMOUNT=\"/usr/local/lib/lxc/rootfs\" -DLXCPATH=\"/usr/local/var/lib/lxc\" -DLXC_GLOBAL_CONF=\"/usr/local/etc/lxc/lxc.conf\" -DLXCINITDIR=\"/usr/local/libexec\" -DLIBEXECDIR=\"/usr/local/libexec\" -DLXCTEMPLATEDIR=\"/usr/local/share/lxc/templates\" -DLXCTEMPLATECONFIG=\"/usr/local/share/lxc/config\" -DLOGPATH=\"/usr/local/var/log/lxc\" -DLXC_DEFAULT_CONFIG=\"/usr/local/etc/lxc/default.conf\" -DLXC_USERNIC_DB=\"/run/lxc/nics\" -DLXC_USERNIC_CONF=\"/usr/local/etc/lxc/lxc-usernet\" -DDEFAULT_CGROUP_PATTERN=\"/lxc/%n\" -DRUNTIME_PATH=\"/run\" -DSBINDIR=\"/usr/local/sbin\" -I ../../src -I ../../src/lxc -I ../../src/lxc/bdev -I ../../src/lxc/cgroups -g -O2 -Wall -Werror -Wl,-E -o .libs/lxc-freeze tools/lxc_freeze.o  ./.libs/liblxc.so -lutil -lpthread -pthread
[2026-01-21 06:05:09] [build-stdout] /bin/bash ../../libtool  --tag=CC   --mode=link clang -DLXCROOTFSMOUNT=\"/usr/local/lib/lxc/rootfs\" -DLXCPATH=\"/usr/local/var/lib/lxc\" -DLXC_GLOBAL_CONF=\"/usr/local/etc/lxc/lxc.conf\" -DLXCINITDIR=\"/usr/local/libexec\" -DLIBEXECDIR=\"/usr/local/libexec\" -DLXCTEMPLATEDIR=\"/usr/local/share/lxc/templates\" -DLXCTEMPLATECONFIG=\"/usr/local/share/lxc/config\" -DLOGPATH=\"/usr/local/var/log/lxc\" -DLXC_DEFAULT_CONFIG=\"/usr/local/etc/lxc/default.conf\" -DLXC_USERNIC_DB=\"/run/lxc/nics\" -DLXC_USERNIC_CONF=\"/usr/local/etc/lxc/lxc-usernet\" -DDEFAULT_CGROUP_PATTERN=\"/lxc/%n\" -DRUNTIME_PATH=\"/run\" -DSBINDIR=\"/usr/local/sbin\" -I ../../src -I ../../src/lxc -I ../../src/lxc/bdev -I ../../src/lxc/cgroups      -g -O2 -Wall -Werror -Wl,-E   -o lxc-ls tools/lxc_ls.o liblxc.la     -lutil -lpthread 
[2026-01-21 06:05:09] [build-stdout] /bin/bash ../../libtool  --tag=CC   --mode=link clang -DLXCROOTFSMOUNT=\"/usr/local/lib/lxc/rootfs\" -DLXCPATH=\"/usr/local/var/lib/lxc\" -DLXC_GLOBAL_CONF=\"/usr/local/etc/lxc/lxc.conf\" -DLXCINITDIR=\"/usr/local/libexec\" -DLIBEXECDIR=\"/usr/local/libexec\" -DLXCTEMPLATEDIR=\"/usr/local/share/lxc/templates\" -DLXCTEMPLATECONFIG=\"/usr/local/share/lxc/config\" -DLOGPATH=\"/usr/local/var/log/lxc\" -DLXC_DEFAULT_CONFIG=\"/usr/local/etc/lxc/default.conf\" -DLXC_USERNIC_DB=\"/run/lxc/nics\" -DLXC_USERNIC_CONF=\"/usr/local/etc/lxc/lxc-usernet\" -DDEFAULT_CGROUP_PATTERN=\"/lxc/%n\" -DRUNTIME_PATH=\"/run\" -DSBINDIR=\"/usr/local/sbin\" -I ../../src -I ../../src/lxc -I ../../src/lxc/bdev -I ../../src/lxc/cgroups      -g -O2 -Wall -Werror -Wl,-E   -o lxc-info tools/lxc_info.o liblxc.la     -lutil -lpthread 
[2026-01-21 06:05:09] [build-stdout] /bin/bash ../../libtool  --tag=CC   --mode=link clang -DLXCROOTFSMOUNT=\"/usr/local/lib/lxc/rootfs\" -DLXCPATH=\"/usr/local/var/lib/lxc\" -DLXC_GLOBAL_CONF=\"/usr/local/etc/lxc/lxc.conf\" -DLXCINITDIR=\"/usr/local/libexec\" -DLIBEXECDIR=\"/usr/local/libexec\" -DLXCTEMPLATEDIR=\"/usr/local/share/lxc/templates\" -DLXCTEMPLATECONFIG=\"/usr/local/share/lxc/config\" -DLOGPATH=\"/usr/local/var/log/lxc\" -DLXC_DEFAULT_CONFIG=\"/usr/local/etc/lxc/default.conf\" -DLXC_USERNIC_DB=\"/run/lxc/nics\" -DLXC_USERNIC_CONF=\"/usr/local/etc/lxc/lxc-usernet\" -DDEFAULT_CGROUP_PATTERN=\"/lxc/%n\" -DRUNTIME_PATH=\"/run\" -DSBINDIR=\"/usr/local/sbin\" -I ../../src -I ../../src/lxc -I ../../src/lxc/bdev -I ../../src/lxc/cgroups      -g -O2 -Wall -Werror -Wl,-E   -o lxc-monitor tools/lxc_monitor.o liblxc.la     -lutil -lpthread 
[2026-01-21 06:05:09] [build-stdout] /bin/bash ../../libtool  --tag=CC   --mode=link clang -DLXCROOTFSMOUNT=\"/usr/local/lib/lxc/rootfs\" -DLXCPATH=\"/usr/local/var/lib/lxc\" -DLXC_GLOBAL_CONF=\"/usr/local/etc/lxc/lxc.conf\" -DLXCINITDIR=\"/usr/local/libexec\" -DLIBEXECDIR=\"/usr/local/libexec\" -DLXCTEMPLATEDIR=\"/usr/local/share/lxc/templates\" -DLXCTEMPLATECONFIG=\"/usr/local/share/lxc/config\" -DLOGPATH=\"/usr/local/var/log/lxc\" -DLXC_DEFAULT_CONFIG=\"/usr/local/etc/lxc/default.conf\" -DLXC_USERNIC_DB=\"/run/lxc/nics\" -DLXC_USERNIC_CONF=\"/usr/local/etc/lxc/lxc-usernet\" -DDEFAULT_CGROUP_PATTERN=\"/lxc/%n\" -DRUNTIME_PATH=\"/run\" -DSBINDIR=\"/usr/local/sbin\" -I ../../src -I ../../src/lxc -I ../../src/lxc/bdev -I ../../src/lxc/cgroups      -g -O2 -Wall -Werror -Wl,-E   -o lxc-snapshot tools/lxc_snapshot.o liblxc.la     -lutil -lpthread 
[2026-01-21 06:05:10] [build-stdout] libtool: link: clang -DLXCROOTFSMOUNT=\"/usr/local/lib/lxc/rootfs\" -DLXCPATH=\"/usr/local/var/lib/lxc\" -DLXC_GLOBAL_CONF=\"/usr/local/etc/lxc/lxc.conf\" -DLXCINITDIR=\"/usr/local/libexec\" -DLIBEXECDIR=\"/usr/local/libexec\" -DLXCTEMPLATEDIR=\"/usr/local/share/lxc/templates\" -DLXCTEMPLATECONFIG=\"/usr/local/share/lxc/config\" -DLOGPATH=\"/usr/local/var/log/lxc\" -DLXC_DEFAULT_CONFIG=\"/usr/local/etc/lxc/default.conf\" -DLXC_USERNIC_DB=\"/run/lxc/nics\" -DLXC_USERNIC_CONF=\"/usr/local/etc/lxc/lxc-usernet\" -DDEFAULT_CGROUP_PATTERN=\"/lxc/%n\" -DRUNTIME_PATH=\"/run\" -DSBINDIR=\"/usr/local/sbin\" -I ../../src -I ../../src/lxc -I ../../src/lxc/bdev -I ../../src/lxc/cgroups -g -O2 -Wall -Werror -Wl,-E -o .libs/lxc-ls tools/lxc_ls.o  ./.libs/liblxc.so -lutil -lpthread -pthread
[2026-01-21 06:05:10] [build-stdout] libtool: link: clang -DLXCROOTFSMOUNT=\"/usr/local/lib/lxc/rootfs\" -DLXCPATH=\"/usr/local/var/lib/lxc\" -DLXC_GLOBAL_CONF=\"/usr/local/etc/lxc/lxc.conf\" -DLXCINITDIR=\"/usr/local/libexec\" -DLIBEXECDIR=\"/usr/local/libexec\" -DLXCTEMPLATEDIR=\"/usr/local/share/lxc/templates\" -DLXCTEMPLATECONFIG=\"/usr/local/share/lxc/config\" -DLOGPATH=\"/usr/local/var/log/lxc\" -DLXC_DEFAULT_CONFIG=\"/usr/local/etc/lxc/default.conf\" -DLXC_USERNIC_DB=\"/run/lxc/nics\" -DLXC_USERNIC_CONF=\"/usr/local/etc/lxc/lxc-usernet\" -DDEFAULT_CGROUP_PATTERN=\"/lxc/%n\" -DRUNTIME_PATH=\"/run\" -DSBINDIR=\"/usr/local/sbin\" -I ../../src -I ../../src/lxc -I ../../src/lxc/bdev -I ../../src/lxc/cgroups -g -O2 -Wall -Werror -Wl,-E -o .libs/lxc-info tools/lxc_info.o  ./.libs/liblxc.so -lutil -lpthread -pthread
[2026-01-21 06:05:10] [build-stdout] libtool: link: clang -DLXCROOTFSMOUNT=\"/usr/local/lib/lxc/rootfs\" -DLXCPATH=\"/usr/local/var/lib/lxc\" -DLXC_GLOBAL_CONF=\"/usr/local/etc/lxc/lxc.conf\" -DLXCINITDIR=\"/usr/local/libexec\" -DLIBEXECDIR=\"/usr/local/libexec\" -DLXCTEMPLATEDIR=\"/usr/local/share/lxc/templates\" -DLXCTEMPLATECONFIG=\"/usr/local/share/lxc/config\" -DLOGPATH=\"/usr/local/var/log/lxc\" -DLXC_DEFAULT_CONFIG=\"/usr/local/etc/lxc/default.conf\" -DLXC_USERNIC_DB=\"/run/lxc/nics\" -DLXC_USERNIC_CONF=\"/usr/local/etc/lxc/lxc-usernet\" -DDEFAULT_CGROUP_PATTERN=\"/lxc/%n\" -DRUNTIME_PATH=\"/run\" -DSBINDIR=\"/usr/local/sbin\" -I ../../src -I ../../src/lxc -I ../../src/lxc/bdev -I ../../src/lxc/cgroups -g -O2 -Wall -Werror -Wl,-E -o .libs/lxc-snapshot tools/lxc_snapshot.o  ./.libs/liblxc.so -lutil -lpthread -pthread
[2026-01-21 06:05:10] [build-stdout] libtool: link: clang -DLXCROOTFSMOUNT=\"/usr/local/lib/lxc/rootfs\" -DLXCPATH=\"/usr/local/var/lib/lxc\" -DLXC_GLOBAL_CONF=\"/usr/local/etc/lxc/lxc.conf\" -DLXCINITDIR=\"/usr/local/libexec\" -DLIBEXECDIR=\"/usr/local/libexec\" -DLXCTEMPLATEDIR=\"/usr/local/share/lxc/templates\" -DLXCTEMPLATECONFIG=\"/usr/local/share/lxc/config\" -DLOGPATH=\"/usr/local/var/log/lxc\" -DLXC_DEFAULT_CONFIG=\"/usr/local/etc/lxc/default.conf\" -DLXC_USERNIC_DB=\"/run/lxc/nics\" -DLXC_USERNIC_CONF=\"/usr/local/etc/lxc/lxc-usernet\" -DDEFAULT_CGROUP_PATTERN=\"/lxc/%n\" -DRUNTIME_PATH=\"/run\" -DSBINDIR=\"/usr/local/sbin\" -I ../../src -I ../../src/lxc -I ../../src/lxc/bdev -I ../../src/lxc/cgroups -g -O2 -Wall -Werror -Wl,-E -o .libs/lxc-monitor tools/lxc_monitor.o  ./.libs/liblxc.so -lutil -lpthread -pthread
[2026-01-21 06:05:10] [build-stdout] /bin/bash ../../libtool  --tag=CC   --mode=link clang -DLXCROOTFSMOUNT=\"/usr/local/lib/lxc/rootfs\" -DLXCPATH=\"/usr/local/var/lib/lxc\" -DLXC_GLOBAL_CONF=\"/usr/local/etc/lxc/lxc.conf\" -DLXCINITDIR=\"/usr/local/libexec\" -DLIBEXECDIR=\"/usr/local/libexec\" -DLXCTEMPLATEDIR=\"/usr/local/share/lxc/templates\" -DLXCTEMPLATECONFIG=\"/usr/local/share/lxc/config\" -DLOGPATH=\"/usr/local/var/log/lxc\" -DLXC_DEFAULT_CONFIG=\"/usr/local/etc/lxc/default.conf\" -DLXC_USERNIC_DB=\"/run/lxc/nics\" -DLXC_USERNIC_CONF=\"/usr/local/etc/lxc/lxc-usernet\" -DDEFAULT_CGROUP_PATTERN=\"/lxc/%n\" -DRUNTIME_PATH=\"/run\" -DSBINDIR=\"/usr/local/sbin\" -I ../../src -I ../../src/lxc -I ../../src/lxc/bdev -I ../../src/lxc/cgroups      -g -O2 -Wall -Werror -Wl,-E   -o lxc-start tools/lxc_start.o liblxc.la     -lutil -lpthread 
[2026-01-21 06:05:10] [build-stdout] /bin/bash ../../libtool  --tag=CC   --mode=link clang -DLXCROOTFSMOUNT=\"/usr/local/lib/lxc/rootfs\" -DLXCPATH=\"/usr/local/var/lib/lxc\" -DLXC_GLOBAL_CONF=\"/usr/local/etc/lxc/lxc.conf\" -DLXCINITDIR=\"/usr/local/libexec\" -DLIBEXECDIR=\"/usr/local/libexec\" -DLXCTEMPLATEDIR=\"/usr/local/share/lxc/templates\" -DLXCTEMPLATECONFIG=\"/usr/local/share/lxc/config\" -DLOGPATH=\"/usr/local/var/log/lxc\" -DLXC_DEFAULT_CONFIG=\"/usr/local/etc/lxc/default.conf\" -DLXC_USERNIC_DB=\"/run/lxc/nics\" -DLXC_USERNIC_CONF=\"/usr/local/etc/lxc/lxc-usernet\" -DDEFAULT_CGROUP_PATTERN=\"/lxc/%n\" -DRUNTIME_PATH=\"/run\" -DSBINDIR=\"/usr/local/sbin\" -I ../../src -I ../../src/lxc -I ../../src/lxc/bdev -I ../../src/lxc/cgroups      -g -O2 -Wall -Werror -Wl,-E   -o lxc-stop tools/lxc_stop.o liblxc.la     -lutil -lpthread 
[2026-01-21 06:05:10] [build-stdout] /bin/bash ../../libtool  --tag=CC   --mode=link clang -DLXCROOTFSMOUNT=\"/usr/local/lib/lxc/rootfs\" -DLXCPATH=\"/usr/local/var/lib/lxc\" -DLXC_GLOBAL_CONF=\"/usr/local/etc/lxc/lxc.conf\" -DLXCINITDIR=\"/usr/local/libexec\" -DLIBEXECDIR=\"/usr/local/libexec\" -DLXCTEMPLATEDIR=\"/usr/local/share/lxc/templates\" -DLXCTEMPLATECONFIG=\"/usr/local/share/lxc/config\" -DLOGPATH=\"/usr/local/var/log/lxc\" -DLXC_DEFAULT_CONFIG=\"/usr/local/etc/lxc/default.conf\" -DLXC_USERNIC_DB=\"/run/lxc/nics\" -DLXC_USERNIC_CONF=\"/usr/local/etc/lxc/lxc-usernet\" -DDEFAULT_CGROUP_PATTERN=\"/lxc/%n\" -DRUNTIME_PATH=\"/run\" -DSBINDIR=\"/usr/local/sbin\" -I ../../src -I ../../src/lxc -I ../../src/lxc/bdev -I ../../src/lxc/cgroups      -g -O2 -Wall -Werror -Wl,-E   -o lxc-top tools/lxc_top.o liblxc.la     -lutil -lpthread 
[2026-01-21 06:05:10] [build-stdout] /bin/bash ../../libtool  --tag=CC   --mode=link clang -DLXCROOTFSMOUNT=\"/usr/local/lib/lxc/rootfs\" -DLXCPATH=\"/usr/local/var/lib/lxc\" -DLXC_GLOBAL_CONF=\"/usr/local/etc/lxc/lxc.conf\" -DLXCINITDIR=\"/usr/local/libexec\" -DLIBEXECDIR=\"/usr/local/libexec\" -DLXCTEMPLATEDIR=\"/usr/local/share/lxc/templates\" -DLXCTEMPLATECONFIG=\"/usr/local/share/lxc/config\" -DLOGPATH=\"/usr/local/var/log/lxc\" -DLXC_DEFAULT_CONFIG=\"/usr/local/etc/lxc/default.conf\" -DLXC_USERNIC_DB=\"/run/lxc/nics\" -DLXC_USERNIC_CONF=\"/usr/local/etc/lxc/lxc-usernet\" -DDEFAULT_CGROUP_PATTERN=\"/lxc/%n\" -DRUNTIME_PATH=\"/run\" -DSBINDIR=\"/usr/local/sbin\" -I ../../src -I ../../src/lxc -I ../../src/lxc/bdev -I ../../src/lxc/cgroups      -g -O2 -Wall -Werror -Wl,-E   -o lxc-unfreeze tools/lxc_unfreeze.o liblxc.la     -lutil -lpthread 
[2026-01-21 06:05:11] [build-stdout] libtool: link: clang -DLXCROOTFSMOUNT=\"/usr/local/lib/lxc/rootfs\" -DLXCPATH=\"/usr/local/var/lib/lxc\" -DLXC_GLOBAL_CONF=\"/usr/local/etc/lxc/lxc.conf\" -DLXCINITDIR=\"/usr/local/libexec\" -DLIBEXECDIR=\"/usr/local/libexec\" -DLXCTEMPLATEDIR=\"/usr/local/share/lxc/templates\" -DLXCTEMPLATECONFIG=\"/usr/local/share/lxc/config\" -DLOGPATH=\"/usr/local/var/log/lxc\" -DLXC_DEFAULT_CONFIG=\"/usr/local/etc/lxc/default.conf\" -DLXC_USERNIC_DB=\"/run/lxc/nics\" -DLXC_USERNIC_CONF=\"/usr/local/etc/lxc/lxc-usernet\" -DDEFAULT_CGROUP_PATTERN=\"/lxc/%n\" -DRUNTIME_PATH=\"/run\" -DSBINDIR=\"/usr/local/sbin\" -I ../../src -I ../../src/lxc -I ../../src/lxc/bdev -I ../../src/lxc/cgroups -g -O2 -Wall -Werror -Wl,-E -o .libs/lxc-start tools/lxc_start.o  ./.libs/liblxc.so -lutil -lpthread -pthread
[2026-01-21 06:05:11] [build-stdout] libtool: link: clang -DLXCROOTFSMOUNT=\"/usr/local/lib/lxc/rootfs\" -DLXCPATH=\"/usr/local/var/lib/lxc\" -DLXC_GLOBAL_CONF=\"/usr/local/etc/lxc/lxc.conf\" -DLXCINITDIR=\"/usr/local/libexec\" -DLIBEXECDIR=\"/usr/local/libexec\" -DLXCTEMPLATEDIR=\"/usr/local/share/lxc/templates\" -DLXCTEMPLATECONFIG=\"/usr/local/share/lxc/config\" -DLOGPATH=\"/usr/local/var/log/lxc\" -DLXC_DEFAULT_CONFIG=\"/usr/local/etc/lxc/default.conf\" -DLXC_USERNIC_DB=\"/run/lxc/nics\" -DLXC_USERNIC_CONF=\"/usr/local/etc/lxc/lxc-usernet\" -DDEFAULT_CGROUP_PATTERN=\"/lxc/%n\" -DRUNTIME_PATH=\"/run\" -DSBINDIR=\"/usr/local/sbin\" -I ../../src -I ../../src/lxc -I ../../src/lxc/bdev -I ../../src/lxc/cgroups -g -O2 -Wall -Werror -Wl,-E -o .libs/lxc-stop tools/lxc_stop.o  ./.libs/liblxc.so -lutil -lpthread -pthread
[2026-01-21 06:05:12] [build-stdout] libtool: link: clang -DLXCROOTFSMOUNT=\"/usr/local/lib/lxc/rootfs\" -DLXCPATH=\"/usr/local/var/lib/lxc\" -DLXC_GLOBAL_CONF=\"/usr/local/etc/lxc/lxc.conf\" -DLXCINITDIR=\"/usr/local/libexec\" -DLIBEXECDIR=\"/usr/local/libexec\" -DLXCTEMPLATEDIR=\"/usr/local/share/lxc/templates\" -DLXCTEMPLATECONFIG=\"/usr/local/share/lxc/config\" -DLOGPATH=\"/usr/local/var/log/lxc\" -DLXC_DEFAULT_CONFIG=\"/usr/local/etc/lxc/default.conf\" -DLXC_USERNIC_DB=\"/run/lxc/nics\" -DLXC_USERNIC_CONF=\"/usr/local/etc/lxc/lxc-usernet\" -DDEFAULT_CGROUP_PATTERN=\"/lxc/%n\" -DRUNTIME_PATH=\"/run\" -DSBINDIR=\"/usr/local/sbin\" -I ../../src -I ../../src/lxc -I ../../src/lxc/bdev -I ../../src/lxc/cgroups -g -O2 -Wall -Werror -Wl,-E -o .libs/lxc-unfreeze tools/lxc_unfreeze.o  ./.libs/liblxc.so -lutil -lpthread -pthread
[2026-01-21 06:05:12] [build-stdout] libtool: link: clang -DLXCROOTFSMOUNT=\"/usr/local/lib/lxc/rootfs\" -DLXCPATH=\"/usr/local/var/lib/lxc\" -DLXC_GLOBAL_CONF=\"/usr/local/etc/lxc/lxc.conf\" -DLXCINITDIR=\"/usr/local/libexec\" -DLIBEXECDIR=\"/usr/local/libexec\" -DLXCTEMPLATEDIR=\"/usr/local/share/lxc/templates\" -DLXCTEMPLATECONFIG=\"/usr/local/share/lxc/config\" -DLOGPATH=\"/usr/local/var/log/lxc\" -DLXC_DEFAULT_CONFIG=\"/usr/local/etc/lxc/default.conf\" -DLXC_USERNIC_DB=\"/run/lxc/nics\" -DLXC_USERNIC_CONF=\"/usr/local/etc/lxc/lxc-usernet\" -DDEFAULT_CGROUP_PATTERN=\"/lxc/%n\" -DRUNTIME_PATH=\"/run\" -DSBINDIR=\"/usr/local/sbin\" -I ../../src -I ../../src/lxc -I ../../src/lxc/bdev -I ../../src/lxc/cgroups -g -O2 -Wall -Werror -Wl,-E -o .libs/lxc-top tools/lxc_top.o  ./.libs/liblxc.so -lutil -lpthread -pthread
[2026-01-21 06:05:12] [build-stdout] /bin/bash ../../libtool  --tag=CC   --mode=link clang -DLXCROOTFSMOUNT=\"/usr/local/lib/lxc/rootfs\" -DLXCPATH=\"/usr/local/var/lib/lxc\" -DLXC_GLOBAL_CONF=\"/usr/local/etc/lxc/lxc.conf\" -DLXCINITDIR=\"/usr/local/libexec\" -DLIBEXECDIR=\"/usr/local/libexec\" -DLXCTEMPLATEDIR=\"/usr/local/share/lxc/templates\" -DLXCTEMPLATECONFIG=\"/usr/local/share/lxc/config\" -DLOGPATH=\"/usr/local/var/log/lxc\" -DLXC_DEFAULT_CONFIG=\"/usr/local/etc/lxc/default.conf\" -DLXC_USERNIC_DB=\"/run/lxc/nics\" -DLXC_USERNIC_CONF=\"/usr/local/etc/lxc/lxc-usernet\" -DDEFAULT_CGROUP_PATTERN=\"/lxc/%n\" -DRUNTIME_PATH=\"/run\" -DSBINDIR=\"/usr/local/sbin\" -I ../../src -I ../../src/lxc -I ../../src/lxc/bdev -I ../../src/lxc/cgroups      -g -O2 -Wall -Werror -Wl,-E   -o lxc-unshare tools/lxc_unshare.o liblxc.la     -lutil -lpthread 
[2026-01-21 06:05:12] [build-stdout] /bin/bash ../../libtool  --tag=CC   --mode=link clang -DLXCROOTFSMOUNT=\"/usr/local/lib/lxc/rootfs\" -DLXCPATH=\"/usr/local/var/lib/lxc\" -DLXC_GLOBAL_CONF=\"/usr/local/etc/lxc/lxc.conf\" -DLXCINITDIR=\"/usr/local/libexec\" -DLIBEXECDIR=\"/usr/local/libexec\" -DLXCTEMPLATEDIR=\"/usr/local/share/lxc/templates\" -DLXCTEMPLATECONFIG=\"/usr/local/share/lxc/config\" -DLOGPATH=\"/usr/local/var/log/lxc\" -DLXC_DEFAULT_CONFIG=\"/usr/local/etc/lxc/default.conf\" -DLXC_USERNIC_DB=\"/run/lxc/nics\" -DLXC_USERNIC_CONF=\"/usr/local/etc/lxc/lxc-usernet\" -DDEFAULT_CGROUP_PATTERN=\"/lxc/%n\" -DRUNTIME_PATH=\"/run\" -DSBINDIR=\"/usr/local/sbin\" -I ../../src -I ../../src/lxc -I ../../src/lxc/bdev -I ../../src/lxc/cgroups      -g -O2 -Wall -Werror -Wl,-E   -o lxc-usernsexec tools/lxc_usernsexec.o liblxc.la     -lutil -lpthread 
[2026-01-21 06:05:12] [build-stdout] /bin/bash ../../libtool  --tag=CC   --mode=link clang -DLXCROOTFSMOUNT=\"/usr/local/lib/lxc/rootfs\" -DLXCPATH=\"/usr/local/var/lib/lxc\" -DLXC_GLOBAL_CONF=\"/usr/local/etc/lxc/lxc.conf\" -DLXCINITDIR=\"/usr/local/libexec\" -DLIBEXECDIR=\"/usr/local/libexec\" -DLXCTEMPLATEDIR=\"/usr/local/share/lxc/templates\" -DLXCTEMPLATECONFIG=\"/usr/local/share/lxc/config\" -DLOGPATH=\"/usr/local/var/log/lxc\" -DLXC_DEFAULT_CONFIG=\"/usr/local/etc/lxc/default.conf\" -DLXC_USERNIC_DB=\"/run/lxc/nics\" -DLXC_USERNIC_CONF=\"/usr/local/etc/lxc/lxc-usernet\" -DDEFAULT_CGROUP_PATTERN=\"/lxc/%n\" -DRUNTIME_PATH=\"/run\" -DSBINDIR=\"/usr/local/sbin\" -I ../../src -I ../../src/lxc -I ../../src/lxc/bdev -I ../../src/lxc/cgroups      -g -O2 -Wall -Werror -Wl,-E   -o lxc-wait tools/lxc_wait.o liblxc.la     -lutil -lpthread 
[2026-01-21 06:05:12] [build-stdout] /bin/bash ../../libtool  --tag=CC   --mode=link clang -DLXCROOTFSMOUNT=\"/usr/local/lib/lxc/rootfs\" -DLXCPATH=\"/usr/local/var/lib/lxc\" -DLXC_GLOBAL_CONF=\"/usr/local/etc/lxc/lxc.conf\" -DLXCINITDIR=\"/usr/local/libexec\" -DLIBEXECDIR=\"/usr/local/libexec\" -DLXCTEMPLATEDIR=\"/usr/local/share/lxc/templates\" -DLXCTEMPLATECONFIG=\"/usr/local/share/lxc/config\" -DLOGPATH=\"/usr/local/var/log/lxc\" -DLXC_DEFAULT_CONFIG=\"/usr/local/etc/lxc/default.conf\" -DLXC_USERNIC_DB=\"/run/lxc/nics\" -DLXC_USERNIC_CONF=\"/usr/local/etc/lxc/lxc-usernet\" -DDEFAULT_CGROUP_PATTERN=\"/lxc/%n\" -DRUNTIME_PATH=\"/run\" -DSBINDIR=\"/usr/local/sbin\" -I ../../src -I ../../src/lxc -I ../../src/lxc/bdev -I ../../src/lxc/cgroups      -g -O2 -Wall -Werror -Wl,-E   -o lxc-monitord lxc_monitord.o liblxc.la     -lutil -lpthread 
[2026-01-21 06:05:12] [build-stdout] libtool: link: clang -DLXCROOTFSMOUNT=\"/usr/local/lib/lxc/rootfs\" -DLXCPATH=\"/usr/local/var/lib/lxc\" -DLXC_GLOBAL_CONF=\"/usr/local/etc/lxc/lxc.conf\" -DLXCINITDIR=\"/usr/local/libexec\" -DLIBEXECDIR=\"/usr/local/libexec\" -DLXCTEMPLATEDIR=\"/usr/local/share/lxc/templates\" -DLXCTEMPLATECONFIG=\"/usr/local/share/lxc/config\" -DLOGPATH=\"/usr/local/var/log/lxc\" -DLXC_DEFAULT_CONFIG=\"/usr/local/etc/lxc/default.conf\" -DLXC_USERNIC_DB=\"/run/lxc/nics\" -DLXC_USERNIC_CONF=\"/usr/local/etc/lxc/lxc-usernet\" -DDEFAULT_CGROUP_PATTERN=\"/lxc/%n\" -DRUNTIME_PATH=\"/run\" -DSBINDIR=\"/usr/local/sbin\" -I ../../src -I ../../src/lxc -I ../../src/lxc/bdev -I ../../src/lxc/cgroups -g -O2 -Wall -Werror -Wl,-E -o .libs/lxc-unshare tools/lxc_unshare.o  ./.libs/liblxc.so -lutil -lpthread -pthread
[2026-01-21 06:05:13] [build-stdout] libtool: link: clang -DLXCROOTFSMOUNT=\"/usr/local/lib/lxc/rootfs\" -DLXCPATH=\"/usr/local/var/lib/lxc\" -DLXC_GLOBAL_CONF=\"/usr/local/etc/lxc/lxc.conf\" -DLXCINITDIR=\"/usr/local/libexec\" -DLIBEXECDIR=\"/usr/local/libexec\" -DLXCTEMPLATEDIR=\"/usr/local/share/lxc/templates\" -DLXCTEMPLATECONFIG=\"/usr/local/share/lxc/config\" -DLOGPATH=\"/usr/local/var/log/lxc\" -DLXC_DEFAULT_CONFIG=\"/usr/local/etc/lxc/default.conf\" -DLXC_USERNIC_DB=\"/run/lxc/nics\" -DLXC_USERNIC_CONF=\"/usr/local/etc/lxc/lxc-usernet\" -DDEFAULT_CGROUP_PATTERN=\"/lxc/%n\" -DRUNTIME_PATH=\"/run\" -DSBINDIR=\"/usr/local/sbin\" -I ../../src -I ../../src/lxc -I ../../src/lxc/bdev -I ../../src/lxc/cgroups -g -O2 -Wall -Werror -Wl,-E -o .libs/lxc-usernsexec tools/lxc_usernsexec.o  ./.libs/liblxc.so -lutil -lpthread -pthread
[2026-01-21 06:05:13] [build-stdout] libtool: link: clang -DLXCROOTFSMOUNT=\"/usr/local/lib/lxc/rootfs\" -DLXCPATH=\"/usr/local/var/lib/lxc\" -DLXC_GLOBAL_CONF=\"/usr/local/etc/lxc/lxc.conf\" -DLXCINITDIR=\"/usr/local/libexec\" -DLIBEXECDIR=\"/usr/local/libexec\" -DLXCTEMPLATEDIR=\"/usr/local/share/lxc/templates\" -DLXCTEMPLATECONFIG=\"/usr/local/share/lxc/config\" -DLOGPATH=\"/usr/local/var/log/lxc\" -DLXC_DEFAULT_CONFIG=\"/usr/local/etc/lxc/default.conf\" -DLXC_USERNIC_DB=\"/run/lxc/nics\" -DLXC_USERNIC_CONF=\"/usr/local/etc/lxc/lxc-usernet\" -DDEFAULT_CGROUP_PATTERN=\"/lxc/%n\" -DRUNTIME_PATH=\"/run\" -DSBINDIR=\"/usr/local/sbin\" -I ../../src -I ../../src/lxc -I ../../src/lxc/bdev -I ../../src/lxc/cgroups -g -O2 -Wall -Werror -Wl,-E -o .libs/lxc-wait tools/lxc_wait.o  ./.libs/liblxc.so -lutil -lpthread -pthread
[2026-01-21 06:05:13] [build-stdout] libtool: link: clang -DLXCROOTFSMOUNT=\"/usr/local/lib/lxc/rootfs\" -DLXCPATH=\"/usr/local/var/lib/lxc\" -DLXC_GLOBAL_CONF=\"/usr/local/etc/lxc/lxc.conf\" -DLXCINITDIR=\"/usr/local/libexec\" -DLIBEXECDIR=\"/usr/local/libexec\" -DLXCTEMPLATEDIR=\"/usr/local/share/lxc/templates\" -DLXCTEMPLATECONFIG=\"/usr/local/share/lxc/config\" -DLOGPATH=\"/usr/local/var/log/lxc\" -DLXC_DEFAULT_CONFIG=\"/usr/local/etc/lxc/default.conf\" -DLXC_USERNIC_DB=\"/run/lxc/nics\" -DLXC_USERNIC_CONF=\"/usr/local/etc/lxc/lxc-usernet\" -DDEFAULT_CGROUP_PATTERN=\"/lxc/%n\" -DRUNTIME_PATH=\"/run\" -DSBINDIR=\"/usr/local/sbin\" -I ../../src -I ../../src/lxc -I ../../src/lxc/bdev -I ../../src/lxc/cgroups -g -O2 -Wall -Werror -Wl,-E -o .libs/lxc-monitord lxc_monitord.o  ./.libs/liblxc.so -lutil -lpthread -pthread
[2026-01-21 06:05:13] [build-stdout] /bin/bash ../../libtool  --tag=CC   --mode=link clang -DLXCROOTFSMOUNT=\"/usr/local/lib/lxc/rootfs\" -DLXCPATH=\"/usr/local/var/lib/lxc\" -DLXC_GLOBAL_CONF=\"/usr/local/etc/lxc/lxc.conf\" -DLXCINITDIR=\"/usr/local/libexec\" -DLIBEXECDIR=\"/usr/local/libexec\" -DLXCTEMPLATEDIR=\"/usr/local/share/lxc/templates\" -DLXCTEMPLATECONFIG=\"/usr/local/share/lxc/config\" -DLOGPATH=\"/usr/local/var/log/lxc\" -DLXC_DEFAULT_CONFIG=\"/usr/local/etc/lxc/default.conf\" -DLXC_USERNIC_DB=\"/run/lxc/nics\" -DLXC_USERNIC_CONF=\"/usr/local/etc/lxc/lxc-usernet\" -DDEFAULT_CGROUP_PATTERN=\"/lxc/%n\" -DRUNTIME_PATH=\"/run\" -DSBINDIR=\"/usr/local/sbin\" -I ../../src -I ../../src/lxc -I ../../src/lxc/bdev -I ../../src/lxc/cgroups      -g -O2 -Wall -Werror -Wl,-E   -o lxc-user-nic lxc_user_nic.o network.o liblxc.la     -lutil -lpthread 
[2026-01-21 06:05:13] [build-stdout] /bin/bash ../../libtool  --tag=CC   --mode=link clang -DLXCROOTFSMOUNT=\"/usr/local/lib/lxc/rootfs\" -DLXCPATH=\"/usr/local/var/lib/lxc\" -DLXC_GLOBAL_CONF=\"/usr/local/etc/lxc/lxc.conf\" -DLXCINITDIR=\"/usr/local/libexec\" -DLIBEXECDIR=\"/usr/local/libexec\" -DLXCTEMPLATEDIR=\"/usr/local/share/lxc/templates\" -DLXCTEMPLATECONFIG=\"/usr/local/share/lxc/config\" -DLOGPATH=\"/usr/local/var/log/lxc\" -DLXC_DEFAULT_CONFIG=\"/usr/local/etc/lxc/default.conf\" -DLXC_USERNIC_DB=\"/run/lxc/nics\" -DLXC_USERNIC_CONF=\"/usr/local/etc/lxc/lxc-usernet\" -DDEFAULT_CGROUP_PATTERN=\"/lxc/%n\" -DRUNTIME_PATH=\"/run\" -DSBINDIR=\"/usr/local/sbin\" -I ../../src -I ../../src/lxc -I ../../src/lxc/bdev -I ../../src/lxc/cgroups      -g -O2 -Wall -Werror -Wl,-E   -o init.lxc tools/lxc_init.o liblxc.la     -lutil -lpthread 
[2026-01-21 06:05:13] [build-stdout] libtool: link: clang -DLXCROOTFSMOUNT=\"/usr/local/lib/lxc/rootfs\" -DLXCPATH=\"/usr/local/var/lib/lxc\" -DLXC_GLOBAL_CONF=\"/usr/local/etc/lxc/lxc.conf\" -DLXCINITDIR=\"/usr/local/libexec\" -DLIBEXECDIR=\"/usr/local/libexec\" -DLXCTEMPLATEDIR=\"/usr/local/share/lxc/templates\" -DLXCTEMPLATECONFIG=\"/usr/local/share/lxc/config\" -DLOGPATH=\"/usr/local/var/log/lxc\" -DLXC_DEFAULT_CONFIG=\"/usr/local/etc/lxc/default.conf\" -DLXC_USERNIC_DB=\"/run/lxc/nics\" -DLXC_USERNIC_CONF=\"/usr/local/etc/lxc/lxc-usernet\" -DDEFAULT_CGROUP_PATTERN=\"/lxc/%n\" -DRUNTIME_PATH=\"/run\" -DSBINDIR=\"/usr/local/sbin\" -I ../../src -I ../../src/lxc -I ../../src/lxc/bdev -I ../../src/lxc/cgroups -g -O2 -Wall -Werror -Wl,-E -o .libs/lxc-user-nic lxc_user_nic.o network.o  ./.libs/liblxc.so -lutil -lpthread -pthread
[2026-01-21 06:05:13] [build-stdout] libtool: link: clang -DLXCROOTFSMOUNT=\"/usr/local/lib/lxc/rootfs\" -DLXCPATH=\"/usr/local/var/lib/lxc\" -DLXC_GLOBAL_CONF=\"/usr/local/etc/lxc/lxc.conf\" -DLXCINITDIR=\"/usr/local/libexec\" -DLIBEXECDIR=\"/usr/local/libexec\" -DLXCTEMPLATEDIR=\"/usr/local/share/lxc/templates\" -DLXCTEMPLATECONFIG=\"/usr/local/share/lxc/config\" -DLOGPATH=\"/usr/local/var/log/lxc\" -DLXC_DEFAULT_CONFIG=\"/usr/local/etc/lxc/default.conf\" -DLXC_USERNIC_DB=\"/run/lxc/nics\" -DLXC_USERNIC_CONF=\"/usr/local/etc/lxc/lxc-usernet\" -DDEFAULT_CGROUP_PATTERN=\"/lxc/%n\" -DRUNTIME_PATH=\"/run\" -DSBINDIR=\"/usr/local/sbin\" -I ../../src -I ../../src/lxc -I ../../src/lxc/bdev -I ../../src/lxc/cgroups -g -O2 -Wall -Werror -Wl,-E -o .libs/init.lxc tools/lxc_init.o  ./.libs/liblxc.so -lutil -lpthread -pthread
[2026-01-21 06:05:14] [build-stdout] make[3]: Leaving directory '/effFix-experiment/effFix-benchmark/lxc/null-ptr-9-lxc/src/src/lxc'
[2026-01-21 06:05:14] [build-stdout] Making all in tests
[2026-01-21 06:05:14] [build-stdout] make[3]: Entering directory '/effFix-experiment/effFix-benchmark/lxc/null-ptr-9-lxc/src/src/tests'
[2026-01-21 06:05:14] [build-stdout] make[3]: Nothing to be done for 'all'.
[2026-01-21 06:05:14] [build-stdout] make[3]: Leaving directory '/effFix-experiment/effFix-benchmark/lxc/null-ptr-9-lxc/src/src/tests'
[2026-01-21 06:05:14] [build-stdout] Making all in python-lxc
[2026-01-21 06:05:14] [build-stdout] make[3]: Entering directory '/effFix-experiment/effFix-benchmark/lxc/null-ptr-9-lxc/src/src/python-lxc'
[2026-01-21 06:05:14] [build-stdout] make[3]: Nothing to be done for 'all'.
[2026-01-21 06:05:14] [build-stdout] make[3]: Leaving directory '/effFix-experiment/effFix-benchmark/lxc/null-ptr-9-lxc/src/src/python-lxc'
[2026-01-21 06:05:14] [build-stdout] Making all in lua-lxc
[2026-01-21 06:05:14] [build-stdout] make[3]: Entering directory '/effFix-experiment/effFix-benchmark/lxc/null-ptr-9-lxc/src/src/lua-lxc'
[2026-01-21 06:05:14] [build-stdout] make[3]: Nothing to be done for 'all'.
[2026-01-21 06:05:14] [build-stdout] make[3]: Leaving directory '/effFix-experiment/effFix-benchmark/lxc/null-ptr-9-lxc/src/src/lua-lxc'
[2026-01-21 06:05:14] [build-stdout] make[3]: Entering directory '/effFix-experiment/effFix-benchmark/lxc/null-ptr-9-lxc/src/src'
[2026-01-21 06:05:14] [build-stdout] make[3]: Leaving directory '/effFix-experiment/effFix-benchmark/lxc/null-ptr-9-lxc/src/src'
[2026-01-21 06:05:14] [build-stdout] make[2]: Leaving directory '/effFix-experiment/effFix-benchmark/lxc/null-ptr-9-lxc/src/src'
[2026-01-21 06:05:14] [build-stdout] make[1]: Leaving directory '/effFix-experiment/effFix-benchmark/lxc/null-ptr-9-lxc/src/src'
[2026-01-21 06:05:14] [build-stdout] Making all in templates
[2026-01-21 06:05:14] [build-stdout] make[1]: Entering directory '/effFix-experiment/effFix-benchmark/lxc/null-ptr-9-lxc/src/templates'
[2026-01-21 06:05:14] [build-stdout] make[1]: Nothing to be done for 'all'.
[2026-01-21 06:05:14] [build-stdout] make[1]: Leaving directory '/effFix-experiment/effFix-benchmark/lxc/null-ptr-9-lxc/src/templates'
[2026-01-21 06:05:14] [build-stdout] Making all in doc
[2026-01-21 06:05:14] [build-stdout] make[1]: Entering directory '/effFix-experiment/effFix-benchmark/lxc/null-ptr-9-lxc/src/doc'
[2026-01-21 06:05:14] [build-stdout] Making all in examples
[2026-01-21 06:05:14] [build-stdout] make[2]: Entering directory '/effFix-experiment/effFix-benchmark/lxc/null-ptr-9-lxc/src/doc/examples'
[2026-01-21 06:05:14] [build-stdout] make[2]: Nothing to be done for 'all'.
[2026-01-21 06:05:14] [build-stdout] make[2]: Leaving directory '/effFix-experiment/effFix-benchmark/lxc/null-ptr-9-lxc/src/doc/examples'
[2026-01-21 06:05:14] [build-stdout] Making all in rootfs
[2026-01-21 06:05:14] [build-stdout] make[2]: Entering directory '/effFix-experiment/effFix-benchmark/lxc/null-ptr-9-lxc/src/doc/rootfs'
[2026-01-21 06:05:14] [build-stdout] make[2]: Nothing to be done for 'all'.
[2026-01-21 06:05:14] [build-stdout] make[2]: Leaving directory '/effFix-experiment/effFix-benchmark/lxc/null-ptr-9-lxc/src/doc/rootfs'
[2026-01-21 06:05:14] [build-stdout] Making all in ja
[2026-01-21 06:05:14] [build-stdout] make[2]: Entering directory '/effFix-experiment/effFix-benchmark/lxc/null-ptr-9-lxc/src/doc/ja'
[2026-01-21 06:05:14] [build-stdout] make[3]: Entering directory '/effFix-experiment/effFix-benchmark/lxc/null-ptr-9-lxc/src/doc/ja'
[2026-01-21 06:05:14] [build-stdout] make[3]: Nothing to be done for 'all-am'.
[2026-01-21 06:05:14] [build-stdout] make[3]: Leaving directory '/effFix-experiment/effFix-benchmark/lxc/null-ptr-9-lxc/src/doc/ja'
[2026-01-21 06:05:14] [build-stdout] make[2]: Leaving directory '/effFix-experiment/effFix-benchmark/lxc/null-ptr-9-lxc/src/doc/ja'
[2026-01-21 06:05:14] [build-stdout] Making all in ko
[2026-01-21 06:05:14] [build-stdout] make[2]: Entering directory '/effFix-experiment/effFix-benchmark/lxc/null-ptr-9-lxc/src/doc/ko'
[2026-01-21 06:05:14] [build-stdout] make[3]: Entering directory '/effFix-experiment/effFix-benchmark/lxc/null-ptr-9-lxc/src/doc/ko'
[2026-01-21 06:05:14] [build-stdout] make[3]: Nothing to be done for 'all-am'.
[2026-01-21 06:05:14] [build-stdout] make[3]: Leaving directory '/effFix-experiment/effFix-benchmark/lxc/null-ptr-9-lxc/src/doc/ko'
[2026-01-21 06:05:14] [build-stdout] make[2]: Leaving directory '/effFix-experiment/effFix-benchmark/lxc/null-ptr-9-lxc/src/doc/ko'
[2026-01-21 06:05:14] [build-stdout] make[2]: Entering directory '/effFix-experiment/effFix-benchmark/lxc/null-ptr-9-lxc/src/doc'
[2026-01-21 06:05:14] [build-stdout] make[2]: Nothing to be done for 'all-am'.
[2026-01-21 06:05:14] [build-stdout] make[2]: Leaving directory '/effFix-experiment/effFix-benchmark/lxc/null-ptr-9-lxc/src/doc'
[2026-01-21 06:05:14] [build-stdout] make[1]: Leaving directory '/effFix-experiment/effFix-benchmark/lxc/null-ptr-9-lxc/src/doc'
[2026-01-21 06:05:14] [build-stdout] Making all in hooks
[2026-01-21 06:05:14] [build-stdout] make[1]: Entering directory '/effFix-experiment/effFix-benchmark/lxc/null-ptr-9-lxc/src/hooks'
[2026-01-21 06:05:14] [build-stdout] depbase=`echo unmount-namespace.o | sed 's|[^/]*$|.deps/&|;s|\.o$||'`;\
[2026-01-21 06:05:14] [build-stdout] clang -DHAVE_CONFIG_H -I. -I../src     -g -O2 -Wall -Werror -MT unmount-namespace.o -MD -MP -MF $depbase.Tpo -c -o unmount-namespace.o unmount-namespace.c &&\
[2026-01-21 06:05:14] [build-stdout] mv -f $depbase.Tpo $depbase.Po
[2026-01-21 06:05:14] [build-stdout] /bin/bash ../libtool  --tag=CC   --mode=link clang  -g -O2 -Wall -Werror   -o unmount-namespace unmount-namespace.o   -lutil -lpthread 
[2026-01-21 06:05:14] [build-stdout] libtool: link: clang -g -O2 -Wall -Werror -o unmount-namespace unmount-namespace.o  -lutil -lpthread
[2026-01-21 06:05:14] [build-stdout] make[1]: Leaving directory '/effFix-experiment/effFix-benchmark/lxc/null-ptr-9-lxc/src/hooks'
[2026-01-21 06:05:14] [build-stdout] make[1]: Entering directory '/effFix-experiment/effFix-benchmark/lxc/null-ptr-9-lxc/src'
[2026-01-21 06:05:14] [build-stdout] make[1]: Nothing to be done for 'all-am'.
[2026-01-21 06:05:14] [build-stdout] make[1]: Leaving directory '/effFix-experiment/effFix-benchmark/lxc/null-ptr-9-lxc/src'
[2026-01-21 06:05:14] Plumbing command codeql database trace-command completed.
[2026-01-21 06:05:14] [PROGRESS] database create> Finalizing database at /effFix-experiment/effFix-benchmark/lxc/null-ptr-9-lxc/pre/codeql-db.
[2026-01-21 06:05:14] Running plumbing command: codeql database finalize --threads=16 --mode=normal --no-db-cluster -- /effFix-experiment/effFix-benchmark/lxc/null-ptr-9-lxc/pre/codeql-db
[2026-01-21 06:05:14] [PROGRESS] database finalize> Running TRAP import for CodeQL database at /effFix-experiment/effFix-benchmark/lxc/null-ptr-9-lxc/pre/codeql-db...
[2026-01-21 06:05:14] Running plumbing command: codeql dataset import --dbscheme=/opt/codeql/cpp/semmlecode.cpp.dbscheme --threads=16 -- /effFix-experiment/effFix-benchmark/lxc/null-ptr-9-lxc/pre/codeql-db/db-cpp /effFix-experiment/effFix-benchmark/lxc/null-ptr-9-lxc/pre/codeql-db/trap/cpp
[2026-01-21 06:05:14] Clearing disk cache since the version file /effFix-experiment/effFix-benchmark/lxc/null-ptr-9-lxc/pre/codeql-db/db-cpp/default/cache/version does not exist
[2026-01-21 06:05:14] Tuple pool not found. Clearing relations with cached strings
[2026-01-21 06:05:14] Trimming disk cache at /effFix-experiment/effFix-benchmark/lxc/null-ptr-9-lxc/pre/codeql-db/db-cpp/default/cache in mode brutal.
[2026-01-21 06:05:14] Sequence stamp origin is -5956194011020778138
[2026-01-21 06:05:14] Pausing evaluation to hard-clear memory at sequence stamp o+0
[2026-01-21 06:05:14] Unpausing evaluation
[2026-01-21 06:05:14] Pausing evaluation to quickly trim disk at sequence stamp o+1
[2026-01-21 06:05:14] Unpausing evaluation
[2026-01-21 06:05:14] Pausing evaluation to zealously trim disk at sequence stamp o+2
[2026-01-21 06:05:14] Unpausing evaluation
[2026-01-21 06:05:14] Trimming completed (10ms): Purged everything.
[2026-01-21 06:05:14] Scanning for files in /effFix-experiment/effFix-benchmark/lxc/null-ptr-9-lxc/pre/codeql-db/trap/cpp
[2026-01-21 06:05:14] Grouping TRAPs by link target
[2026-01-21 06:05:15] Scanning af_unix.c.0e5fff55.trap (af_unix.c.0e5fff55_0.trap.tar.br) (1 of 1074)
[2026-01-21 06:05:15] Scanning features.h.3f3894ef.trap (lxclvm.c.fc6f6e1c_0.trap.tar.br) (2 of 1074)
[2026-01-21 06:05:15] Scanning features.h.8b425692.trap (lxcrbd.c.de4d5dfa_0.trap.tar.br) (3 of 1074)
[2026-01-21 06:05:15] Scanning features.h.b1380a8b.trap (unmount-namespace.c.e2a9a48e_0.trap.tar.br) (4 of 1074)
[2026-01-21 06:05:15] Scanning features.h.41aec355.trap (lxcbtrfs.c.8a2145e9_0.trap.tar.br) (5 of 1074)
[2026-01-21 06:05:15] Scanning cpp_predefined.acb19af8.trap (arguments.c.c55cfc9d_0.trap.tar.br) (6 of 1074)
[2026-01-21 06:05:15] Scanning features.h.14572964.trap (bdev.c.ffc8a8a7_0.trap.tar.br) (7 of 1074)
[2026-01-21 06:05:15] Scanning features.h.7b17bddf.trap (lxczfs.c.cbbc049e_0.trap.tar.br) (8 of 1074)
[2026-01-21 06:05:15] Scanning features.h.66d31b3c.trap (lxcloop.c.e003a35a_0.trap.tar.br) (9 of 1074)
[2026-01-21 06:05:15] Scanning features.h.ea519bbd.trap (lxcdir.c.56dc0a34_0.trap.tar.br) (10 of 1074)
[2026-01-21 06:05:15] Scanning features.h.341bf727.trap (lxcnbd.c.fa00018a_0.trap.tar.br) (11 of 1074)
[2026-01-21 06:05:15] Scanning types.h.aa13adc8.trap (lxcloop.c.e003a35a_0.trap.tar.br) (12 of 1074)
[2026-01-21 06:05:15] Scanning unistd.h.3b96c05f.trap (lxclvm.c.fc6f6e1c_0.trap.tar.br) (13 of 1074)
[2026-01-21 06:05:15] Scanning features.h.ffb6a7c7.trap (lxcrsync.c.b1b0256d_0.trap.tar.br) (14 of 1074)
[2026-01-21 06:05:15] Scanning features.h.99e841ff.trap (lxcoverlay.c.5eb18197_0.trap.tar.br) (15 of 1074)
[2026-01-21 06:05:15] Scanning config.h.749f909f.trap (lxcrbd.c.de4d5dfa_0.trap.tar.br) (16 of 1074)
[2026-01-21 06:05:15] Scanning types.h.368dbad4.trap (lxcbtrfs.c.8a2145e9_0.trap.tar.br) (17 of 1074)
[2026-01-21 06:05:15] Scanning config.h.12b501af.trap (lxcoverlay.c.5eb18197_0.trap.tar.br) (18 of 1074)
[2026-01-21 06:05:15] Scanning stddef.h.d49b2833.trap (lxcrsync.c.b1b0256d_0.trap.tar.br) (19 of 1074)
[2026-01-21 06:05:15] Scanning config.h.ead211cb.trap (lxcrbd.c.de4d5dfa_0.trap.tar.br) (20 of 1074)
[2026-01-21 06:05:15] Scanning stat.h.1910ce40.trap (lxcbtrfs.c.8a2145e9_0.trap.tar.br) (21 of 1074)
[2026-01-21 06:05:15] Scanning types.h.2d800e07.trap (lxcrsync.c.b1b0256d_0.trap.tar.br) (22 of 1074)
[2026-01-21 06:05:15] Scanning config.h.06a9413a.trap (lxcoverlay.c.5eb18197_0.trap.tar.br) (23 of 1074)
[2026-01-21 06:05:15] Scanning lxcrbd.c.de4d5dfa.trap (lxcrbd.c.de4d5dfa_0.trap.tar.br) (24 of 1074)
[2026-01-21 06:05:15] Scanning unistd.h.61071d82.trap (lxcrsync.c.b1b0256d_0.trap.tar.br) (25 of 1074)
[2026-01-21 06:05:15] Scanning conf.h.bc24a75d.trap (lxcoverlay.c.5eb18197_0.trap.tar.br) (26 of 1074)
[2026-01-21 06:05:15] Scanning stdc-predef.h.1e96a5e3.trap (arguments.c.c55cfc9d_0.trap.tar.br) (27 of 1074)
[2026-01-21 06:05:15] Scanning config.h.1b803f17.trap (caps.c.3dbef240_0.trap.tar.br) (28 of 1074)
[2026-01-21 06:05:15] Scanning unistd.h.b8c2c9b6.trap (lxcloop.c.e003a35a_0.trap.tar.br) (29 of 1074)
[2026-01-21 06:05:15] Scanning wordsize.h.0a5d81b3.trap (arguments.c.c55cfc9d_0.trap.tar.br) (30 of 1074)
[2026-01-21 06:05:15] Scanning long-double.h.c86d65af.trap (arguments.c.c55cfc9d_0.trap.tar.br) (31 of 1074)
[2026-01-21 06:05:15] Scanning config.h.7abaeeb2.trap (lxczfs.c.cbbc049e_0.trap.tar.br) (32 of 1074)
[2026-01-21 06:05:15] Scanning config.h.d1023d87.trap (bdev.c.ffc8a8a7_0.trap.tar.br) (33 of 1074)
[2026-01-21 06:05:15] Scanning features.h.e952b68e.trap (caps.c.3dbef240_0.trap.tar.br) (34 of 1074)
[2026-01-21 06:05:15] Scanning cdefs.h.8a9e01fe.trap (arguments.c.c55cfc9d_0.trap.tar.br) (35 of 1074)
[2026-01-21 06:05:15] Scanning features.h.6d13a55e.trap (attach.c.e3f983d3_0.trap.tar.br) (37 of 1074)
[2026-01-21 06:05:15] Scanning config.h.faecbc6c.trap (lxclvm.c.fc6f6e1c_0.trap.tar.br) (36 of 1074)
[2026-01-21 06:05:15] Scanning config.h.84834d6b.trap (lxcnbd.c.fa00018a_0.trap.tar.br) (38 of 1074)
[2026-01-21 06:05:15] Scanning features.h.68396839.trap (lxcaufs.c.75c737cf_0.trap.tar.br) (39 of 1074)
[2026-01-21 06:05:15] Scanning lxccontainer.h.14564da5.trap (bdev.c.ffc8a8a7_0.trap.tar.br) (40 of 1074)
[2026-01-21 06:05:15] Scanning config.h.6f2953b3.trap (unmount-namespace.c.e2a9a48e_0.trap.tar.br) (41 of 1074)
[2026-01-21 06:05:15] Scanning config.h.d31097ff.trap (lxclvm.c.fc6f6e1c_0.trap.tar.br) (42 of 1074)
[2026-01-21 06:05:15] Scanning config.h.1eb8ee9d.trap (lxcdir.c.56dc0a34_0.trap.tar.br) (43 of 1074)
[2026-01-21 06:05:15] Scanning config.h.b3639337.trap (lxclvm.c.fc6f6e1c_0.trap.tar.br) (44 of 1074)
[2026-01-21 06:05:15] Scanning config.h.dfa25501.trap (lxcdir.c.56dc0a34_0.trap.tar.br) (45 of 1074)
[2026-01-21 06:05:15] Scanning stubs-64.h.3efb7735.trap (arguments.c.c55cfc9d_0.trap.tar.br) (46 of 1074)
[2026-01-21 06:05:15] Scanning lxclvm.c.fc6f6e1c.trap (lxclvm.c.fc6f6e1c_0.trap.tar.br) (47 of 1074)
[2026-01-21 06:05:15] Scanning unistd.h.eff1d4fb.trap (lxcdir.c.56dc0a34_0.trap.tar.br) (48 of 1074)
[2026-01-21 06:05:15] Scanning stubs.h.d28181f8.trap (arguments.c.c55cfc9d_0.trap.tar.br) (49 of 1074)
[2026-01-21 06:05:15] Scanning unmount-namespace.c.e2a9a48e.trap (unmount-namespace.c.e2a9a48e_0.trap.tar.br) (50 of 1074)
[2026-01-21 06:05:15] Scanning getopt_posix.h.7bfa932e.trap (attach.c.e3f983d3_0.trap.tar.br) (51 of 1074)
[2026-01-21 06:05:15] Scanning config.h.a6c6a94b.trap (lxcnbd.c.fa00018a_0.trap.tar.br) (52 of 1074)
[2026-01-21 06:05:15] Scanning unistd.h.b067479a.trap (attach.c.e3f983d3_0.trap.tar.br) (53 of 1074)
[2026-01-21 06:05:15] Scanning config.h.0679c1f3.trap (lxcnbd.c.fa00018a_0.trap.tar.br) (54 of 1074)
[2026-01-21 06:05:15] Scanning bdev.h.cf42515b.trap (bdev.c.ffc8a8a7_0.trap.tar.br) (55 of 1074)
[2026-01-21 06:05:15] Scanning stat.h.40aad040.trap (lxcloop.c.e003a35a_0.trap.tar.br) (56 of 1074)
[2026-01-21 06:05:15] Scanning stat.h.2970abe7.trap (lxcaufs.c.75c737cf_0.trap.tar.br) (57 of 1074)
[2026-01-21 06:05:15] Scanning config.h.826a0825.trap (bdev.c.ffc8a8a7_0.trap.tar.br) (58 of 1074)
[2026-01-21 06:05:15] Scanning stddef.h.24edf7eb.trap (lxcoverlay.c.5eb18197_0.trap.tar.br) (59 of 1074)
[2026-01-21 06:05:15] Scanning stddef.h.7893a5e7.trap (lxcoverlay.c.5eb18197_0.trap.tar.br) (60 of 1074)
[2026-01-21 06:05:15] Scanning config.h.19ba1908.trap (lxczfs.c.cbbc049e_0.trap.tar.br) (61 of 1074)
[2026-01-21 06:05:15] Scanning features.h.34072d97.trap (arguments.c.c55cfc9d_0.trap.tar.br) (62 of 1074)
[2026-01-21 06:05:15] Scanning lxcnbd.c.fa00018a.trap (lxcnbd.c.fa00018a_0.trap.tar.br) (63 of 1074)
[2026-01-21 06:05:15] Scanning config.h.df3b3840.trap (lxcbtrfs.c.8a2145e9_0.trap.tar.br) (64 of 1074)
[2026-01-21 06:05:15] Scanning types.h.5555f131.trap (caps.c.3dbef240_0.trap.tar.br) (65 of 1074)
[2026-01-21 06:05:15] Scanning lxcoverlay.c.5eb18197.trap (lxcoverlay.c.5eb18197_0.trap.tar.br) (66 of 1074)
[2026-01-21 06:05:15] Scanning conf.h.dad5b3b4.trap (bdev.c.ffc8a8a7_0.trap.tar.br) (67 of 1074)
[2026-01-21 06:05:15] Scanning config.h.c2bd5860.trap (lxcbtrfs.c.8a2145e9_0.trap.tar.br) (68 of 1074)
[2026-01-21 06:05:15] Scanning unistd.h.070c0541.trap (caps.c.3dbef240_0.trap.tar.br) (69 of 1074)
[2026-01-21 06:05:15] Scanning lxcbtrfs.c.8a2145e9.trap (lxcbtrfs.c.8a2145e9_0.trap.tar.br) (70 of 1074)
[2026-01-21 06:05:15] Scanning commands.h.618b1259.trap (cgfs.c.9c249fc6_0.trap.tar.br) (71 of 1074)
[2026-01-21 06:05:15] Scanning conf.h.c57650bc.trap (cgfs.c.9c249fc6_0.trap.tar.br) (72 of 1074)
[2026-01-21 06:05:15] Scanning lxc.h.93e94916.trap (bdev.c.ffc8a8a7_0.trap.tar.br) (73 of 1074)
[2026-01-21 06:05:15] Scanning config.h.b9010115.trap (lxcloop.c.e003a35a_0.trap.tar.br) (74 of 1074)
[2026-01-21 06:05:15] Scanning lxczfs.c.cbbc049e.trap (lxczfs.c.cbbc049e_0.trap.tar.br) (75 of 1074)
[2026-01-21 06:05:15] Scanning libc-header-start.h.ef0262b5.trap (arguments.c.c55cfc9d_0.trap.tar.br) (76 of 1074)
[2026-01-21 06:05:15] Scanning stdio.h.0e03584f.trap (lxcloop.c.e003a35a_0.trap.tar.br) (77 of 1074)
[2026-01-21 06:05:15] Scanning stddef.h.190b136d.trap (arguments.c.c55cfc9d_0.trap.tar.br) (78 of 1074)
[2026-01-21 06:05:15] Scanning stdarg.h.f89380f2.trap (arguments.c.c55cfc9d_0.trap.tar.br) (79 of 1074)
[2026-01-21 06:05:15] Scanning timesize.h.4bc5b25a.trap (arguments.c.c55cfc9d_0.trap.tar.br) (80 of 1074)
[2026-01-21 06:05:15] Scanning typesizes.h.710fd7d4.trap (arguments.c.c55cfc9d_0.trap.tar.br) (81 of 1074)
[2026-01-21 06:05:15] Scanning cgfs.c.9c249fc6.trap (cgfs.c.9c249fc6_0.trap.tar.br) (82 of 1074)
[2026-01-21 06:05:15] Scanning types.h.57d0648e.trap (lxcaufs.c.75c737cf_0.trap.tar.br) (83 of 1074)
[2026-01-21 06:05:15] Scanning time64.h.44fad59b.trap (arguments.c.c55cfc9d_0.trap.tar.br) (84 of 1074)
[2026-01-21 06:05:15] Scanning types.h.1590e287.trap (arguments.c.c55cfc9d_0.trap.tar.br) (85 of 1074)
[2026-01-21 06:05:15] Scanning config.h.1d42ec3b.trap (lxcloop.c.e003a35a_0.trap.tar.br) (86 of 1074)
[2026-01-21 06:05:15] Scanning __mbstate_t.h.ce8652d1.trap (arguments.c.c55cfc9d_0.trap.tar.br) (87 of 1074)
[2026-01-21 06:05:15] Scanning __fpos_t.h.cb3e0523.trap (arguments.c.c55cfc9d_0.trap.tar.br) (88 of 1074)
[2026-01-21 06:05:15] Scanning __fpos64_t.h.c87d7bdd.trap (arguments.c.c55cfc9d_0.trap.tar.br) (89 of 1074)
[2026-01-21 06:05:15] Scanning config.h.7cedff03.trap (lxcloop.c.e003a35a_0.trap.tar.br) (90 of 1074)
[2026-01-21 06:05:15] Scanning __FILE.h.916d4b36.trap (arguments.c.c55cfc9d_0.trap.tar.br) (91 of 1074)
[2026-01-21 06:05:15] Scanning FILE.h.ab31225d.trap (arguments.c.c55cfc9d_0.trap.tar.br) (92 of 1074)
[2026-01-21 06:05:15] Scanning struct_FILE.h.3b259277.trap (arguments.c.c55cfc9d_0.trap.tar.br) (93 of 1074)
[2026-01-21 06:05:15] Scanning lxcloop.c.e003a35a.trap (lxcloop.c.e003a35a_0.trap.tar.br) (94 of 1074)
[2026-01-21 06:05:15] Scanning stdio_lim.h.956cae89.trap (arguments.c.c55cfc9d_0.trap.tar.br) (95 of 1074)
[2026-01-21 06:05:15] Scanning sys_errlist.h.760eb801.trap (arguments.c.c55cfc9d_0.trap.tar.br) (96 of 1074)
[2026-01-21 06:05:15] Scanning stdio.h.dd363820.trap (arguments.c.c55cfc9d_0.trap.tar.br) (97 of 1074)
[2026-01-21 06:05:15] Scanning stdio.h.4601a9c6.trap (arguments.c.c55cfc9d_0.trap.tar.br) (98 of 1074)
[2026-01-21 06:05:15] Scanning libc-header-start.h.a9d3e18b.trap (arguments.c.c55cfc9d_0.trap.tar.br) (99 of 1074)
[2026-01-21 06:05:15] Scanning stddef.h.d5f33419.trap (arguments.c.c55cfc9d_0.trap.tar.br) (100 of 1074)
[2026-01-21 06:05:15] Scanning waitflags.h.82d366d7.trap (arguments.c.c55cfc9d_0.trap.tar.br) (101 of 1074)
[2026-01-21 06:05:15] Scanning waitstatus.h.e87d3a54.trap (arguments.c.c55cfc9d_0.trap.tar.br) (102 of 1074)
[2026-01-21 06:05:15] Scanning floatn-common.h.6fd18595.trap (arguments.c.c55cfc9d_0.trap.tar.br) (103 of 1074)
[2026-01-21 06:05:15] Scanning types.h.758e62f8.trap (cgfsng.c.41011ac1_0.trap.tar.br) (104 of 1074)
[2026-01-21 06:05:15] Scanning floatn.h.ad326663.trap (arguments.c.c55cfc9d_0.trap.tar.br) (105 of 1074)
[2026-01-21 06:05:15] Scanning clock_t.h.d57b4bd7.trap (arguments.c.c55cfc9d_0.trap.tar.br) (106 of 1074)
[2026-01-21 06:05:15] Scanning clockid_t.h.4f4e2e61.trap (arguments.c.c55cfc9d_0.trap.tar.br) (107 of 1074)
[2026-01-21 06:05:15] Scanning unistd.h.3b606f20.trap (cgfsng.c.41011ac1_0.trap.tar.br) (108 of 1074)
[2026-01-21 06:05:15] Scanning time_t.h.622de3ae.trap (arguments.c.c55cfc9d_0.trap.tar.br) (109 of 1074)
[2026-01-21 06:05:15] Scanning timer_t.h.39506049.trap (arguments.c.c55cfc9d_0.trap.tar.br) (110 of 1074)
[2026-01-21 06:05:15] Scanning stddef.h.39820f43.trap (arguments.c.c55cfc9d_0.trap.tar.br) (111 of 1074)
[2026-01-21 06:05:15] Scanning stdint-intn.h.3a2bc0a5.trap (arguments.c.c55cfc9d_0.trap.tar.br) (112 of 1074)
[2026-01-21 06:05:15] Scanning cgroup.c.c3046583.trap (cgroup.c.c3046583_0.trap.tar.br) (113 of 1074)
[2026-01-21 06:05:15] Scanning endianness.h.91b0a2c0.trap (arguments.c.c55cfc9d_0.trap.tar.br) (114 of 1074)
[2026-01-21 06:05:15] Scanning endian.h.197889e3.trap (arguments.c.c55cfc9d_0.trap.tar.br) (115 of 1074)
[2026-01-21 06:05:15] Scanning byteswap.h.6420dc79.trap (arguments.c.c55cfc9d_0.trap.tar.br) (116 of 1074)
[2026-01-21 06:05:15] Scanning uintn-identity.h.bf65810a.trap (arguments.c.c55cfc9d_0.trap.tar.br) (117 of 1074)
[2026-01-21 06:05:15] Scanning endian.h.ae417b55.trap (arguments.c.c55cfc9d_0.trap.tar.br) (118 of 1074)
[2026-01-21 06:05:15] Scanning select.h.67ec46fb.trap (arguments.c.c55cfc9d_0.trap.tar.br) (119 of 1074)
[2026-01-21 06:05:15] Scanning __sigset_t.h.58b82540.trap (arguments.c.c55cfc9d_0.trap.tar.br) (120 of 1074)
[2026-01-21 06:05:15] Scanning sigset_t.h.f286b014.trap (arguments.c.c55cfc9d_0.trap.tar.br) (121 of 1074)
[2026-01-21 06:05:15] Scanning struct_timeval.h.9ca227e3.trap (arguments.c.c55cfc9d_0.trap.tar.br) (122 of 1074)
[2026-01-21 06:05:15] Scanning struct_timespec.h.07032d39.trap (arguments.c.c55cfc9d_0.trap.tar.br) (123 of 1074)
[2026-01-21 06:05:15] Scanning select.h.5d5ddb85.trap (arguments.c.c55cfc9d_0.trap.tar.br) (124 of 1074)
[2026-01-21 06:05:15] Scanning pthreadtypes-arch.h.47e558dd.trap (arguments.c.c55cfc9d_0.trap.tar.br) (125 of 1074)
[2026-01-21 06:05:15] Scanning struct_mutex.h.bdae4b9a.trap (arguments.c.c55cfc9d_0.trap.tar.br) (126 of 1074)
[2026-01-21 06:05:15] Scanning struct_rwlock.h.5550c404.trap (arguments.c.c55cfc9d_0.trap.tar.br) (127 of 1074)
[2026-01-21 06:05:15] Scanning thread-shared-types.h.b8e19b46.trap (arguments.c.c55cfc9d_0.trap.tar.br) (128 of 1074)
[2026-01-21 06:05:15] Scanning pthreadtypes.h.a2eb9027.trap (arguments.c.c55cfc9d_0.trap.tar.br) (129 of 1074)
[2026-01-21 06:05:15] Scanning types.h.a6efe58b.trap (arguments.c.c55cfc9d_0.trap.tar.br) (130 of 1074)
[2026-01-21 06:05:15] Scanning start.h.dd618b35.trap (cgfsng.c.41011ac1_0.trap.tar.br) (131 of 1074)
[2026-01-21 06:05:15] Scanning lxcdir.h.b65d5625.trap (bdev.c.ffc8a8a7_0.trap.tar.br) (132 of 1074)
[2026-01-21 06:05:15] Scanning lxclvm.h.7e898e30.trap (bdev.c.ffc8a8a7_0.trap.tar.br) (133 of 1074)
[2026-01-21 06:05:15] Scanning lxcloop.h.b65d5625.trap (bdev.c.ffc8a8a7_0.trap.tar.br) (134 of 1074)
[2026-01-21 06:05:15] Scanning lxcnbd.h.8bbceae5.trap (bdev.c.ffc8a8a7_0.trap.tar.br) (135 of 1074)
[2026-01-21 06:05:15] Scanning lxcrbd.h.b65d5625.trap (bdev.c.ffc8a8a7_0.trap.tar.br) (136 of 1074)
[2026-01-21 06:05:15] Scanning config.h.ea516baf.trap (lxcaufs.c.75c737cf_0.trap.tar.br) (137 of 1074)
[2026-01-21 06:05:15] Scanning lxczfs.h.b6b053bf.trap (bdev.c.ffc8a8a7_0.trap.tar.br) (138 of 1074)
[2026-01-21 06:05:15] Scanning stdio.h.402f3d73.trap (lxcaufs.c.75c737cf_0.trap.tar.br) (139 of 1074)
[2026-01-21 06:05:15] Scanning config.h.79871230.trap (bdev.c.ffc8a8a7_0.trap.tar.br) (140 of 1074)
[2026-01-21 06:05:15] Scanning lxccontainer.h.381debfd.trap (lxcaufs.c.75c737cf_0.trap.tar.br) (141 of 1074)
[2026-01-21 06:05:15] Scanning bdev.c.ffc8a8a7.trap (bdev.c.ffc8a8a7_0.trap.tar.br) (142 of 1074)
[2026-01-21 06:05:15] Scanning bdev.h.dc5068ca.trap (lxcaufs.c.75c737cf_0.trap.tar.br) (143 of 1074)
[2026-01-21 06:05:15] Scanning lxcdir.c.56dc0a34.trap (lxcdir.c.56dc0a34_0.trap.tar.br) (144 of 1074)
[2026-01-21 06:05:15] Scanning config.h.a1671b6d.trap (lxcaufs.c.75c737cf_0.trap.tar.br) (145 of 1074)
[2026-01-21 06:05:15] Scanning signal.h.d1f95158.trap (lxcaufs.c.75c737cf_0.trap.tar.br) (146 of 1074)
[2026-01-21 06:05:15] Scanning config.h.1f21da9b.trap (caps.c.3dbef240_0.trap.tar.br) (147 of 1074)
[2026-01-21 06:05:15] Scanning conf.h.8d4849cc.trap (lxcaufs.c.75c737cf_0.trap.tar.br) (148 of 1074)
[2026-01-21 06:05:15] Scanning stdio.h.6cee38c4.trap (caps.c.3dbef240_0.trap.tar.br) (149 of 1074)
[2026-01-21 06:05:15] Scanning caps.c.3dbef240.trap (caps.c.3dbef240_0.trap.tar.br) (150 of 1074)
[2026-01-21 06:05:15] Scanning lxcrsync.h.04aa2791.trap (lxcaufs.c.75c737cf_0.trap.tar.br) (151 of 1074)
[2026-01-21 06:05:15] Scanning config.h.353f56fa.trap (lxcaufs.c.75c737cf_0.trap.tar.br) (152 of 1074)
[2026-01-21 06:05:15] Scanning unistd.h.6ef67b7f.trap (lxcaufs.c.75c737cf_0.trap.tar.br) (153 of 1074)
[2026-01-21 06:05:15] Scanning conf.h.9449ef36.trap (cgfsng.c.41011ac1_0.trap.tar.br) (154 of 1074)
[2026-01-21 06:05:15] Scanning stat.h.8fde87ce.trap (cgfsng.c.41011ac1_0.trap.tar.br) (155 of 1074)
[2026-01-21 06:05:15] Scanning stddef.h.b348278c.trap (arguments.c.c55cfc9d_0.trap.tar.br) (156 of 1074)
[2026-01-21 06:05:15] Scanning fcntl.h.1415eb7f.trap (lxcaufs.c.75c737cf_0.trap.tar.br) (157 of 1074)
[2026-01-21 06:05:15] Scanning alloca.h.e1b4df35.trap (arguments.c.c55cfc9d_0.trap.tar.br) (158 of 1074)
[2026-01-21 06:05:15] Scanning stdlib-bsearch.h.7861ad8d.trap (arguments.c.c55cfc9d_0.trap.tar.br) (159 of 1074)
[2026-01-21 06:05:15] Scanning lxcaufs.c.75c737cf.trap (lxcaufs.c.75c737cf_0.trap.tar.br) (160 of 1074)
[2026-01-21 06:05:15] Scanning stdlib-float.h.df6b7eec.trap (arguments.c.c55cfc9d_0.trap.tar.br) (161 of 1074)
[2026-01-21 06:05:15] Scanning stdlib.h.a9f28581.trap (arguments.c.c55cfc9d_0.trap.tar.br) (162 of 1074)
[2026-01-21 06:05:15] Scanning libc-header-start.h.94a3f9bf.trap (arguments.c.c55cfc9d_0.trap.tar.br) (163 of 1074)
[2026-01-21 06:05:15] Scanning limits.h.38028676.trap (arguments.c.c55cfc9d_0.trap.tar.br) (164 of 1074)
[2026-01-21 06:05:15] Scanning local_lim.h.47a5e7f2.trap (arguments.c.c55cfc9d_0.trap.tar.br) (165 of 1074)
[2026-01-21 06:05:15] Scanning posix1_lim.h.5d62a857.trap (arguments.c.c55cfc9d_0.trap.tar.br) (166 of 1074)
[2026-01-21 06:05:15] Scanning posix2_lim.h.a5019e09.trap (arguments.c.c55cfc9d_0.trap.tar.br) (167 of 1074)
[2026-01-21 06:05:15] Scanning limits.h.c6f19dec.trap (arguments.c.c55cfc9d_0.trap.tar.br) (168 of 1074)
[2026-01-21 06:05:15] Scanning limits.h.ed1d057e.trap (arguments.c.c55cfc9d_0.trap.tar.br) (169 of 1074)
[2026-01-21 06:05:15] Scanning libc-header-start.h.4104181d.trap (arguments.c.c55cfc9d_0.trap.tar.br) (170 of 1074)
[2026-01-21 06:05:15] Scanning stddef.h.63d61078.trap (arguments.c.c55cfc9d_0.trap.tar.br) (171 of 1074)
[2026-01-21 06:05:15] Scanning __locale_t.h.5dfb312e.trap (arguments.c.c55cfc9d_0.trap.tar.br) (172 of 1074)
[2026-01-21 06:05:15] Scanning locale_t.h.102088b1.trap (arguments.c.c55cfc9d_0.trap.tar.br) (173 of 1074)
[2026-01-21 06:05:15] Scanning stddef.h.a6dc9b8d.trap (arguments.c.c55cfc9d_0.trap.tar.br) (174 of 1074)
[2026-01-21 06:05:15] Scanning strings.h.162e4ad9.trap (arguments.c.c55cfc9d_0.trap.tar.br) (175 of 1074)
[2026-01-21 06:05:15] Scanning string.h.a0330442.trap (arguments.c.c55cfc9d_0.trap.tar.br) (176 of 1074)
[2026-01-21 06:05:15] Scanning cgfsng.c.41011ac1.trap (cgfsng.c.41011ac1_0.trap.tar.br) (177 of 1074)
[2026-01-21 06:05:15] Scanning ctype.h.9bf5485f.trap (arguments.c.c55cfc9d_0.trap.tar.br) (178 of 1074)
[2026-01-21 06:05:15] Scanning wait.h.13ebf4e5.trap (error.c.32cd459a_0.trap.tar.br) (179 of 1074)
[2026-01-21 06:05:15] Scanning errno-base.h.38028676.trap (arguments.c.c55cfc9d_0.trap.tar.br) (180 of 1074)
[2026-01-21 06:05:15] Scanning errno.h.1b01fae0.trap (arguments.c.c55cfc9d_0.trap.tar.br) (181 of 1074)
[2026-01-21 06:05:15] Scanning socket.h.385d6836.trap (error.c.32cd459a_0.trap.tar.br) (182 of 1074)
[2026-01-21 06:05:15] Scanning errno.h.9175ccbd.trap (arguments.c.c55cfc9d_0.trap.tar.br) (183 of 1074)
[2026-01-21 06:05:15] Scanning errno.h.5f69a894.trap (arguments.c.c55cfc9d_0.trap.tar.br) (184 of 1074)
[2026-01-21 06:05:15] Scanning error.c.32cd459a.trap (error.c.32cd459a_0.trap.tar.br) (185 of 1074)
[2026-01-21 06:05:15] Scanning errno.h.d3dae079.trap (arguments.c.c55cfc9d_0.trap.tar.br) (186 of 1074)
[2026-01-21 06:05:15] Scanning errno.h.af2d311e.trap (arguments.c.c55cfc9d_0.trap.tar.br) (187 of 1074)
[2026-01-21 06:05:15] Scanning stat.h.31befb21.trap (arguments.c.c55cfc9d_0.trap.tar.br) (188 of 1074)
[2026-01-21 06:05:15] Scanning stat.h.a90e5da2.trap (arguments.c.c55cfc9d_0.trap.tar.br) (189 of 1074)
[2026-01-21 06:05:15] Scanning config.h.bc53eac2.trap (lxcrsync.c.b1b0256d_0.trap.tar.br) (190 of 1074)
[2026-01-21 06:05:15] Scanning posix_opt.h.2962e496.trap (arguments.c.c55cfc9d_0.trap.tar.br) (191 of 1074)
[2026-01-21 06:05:15] Scanning environments.h.aa8f16d7.trap (arguments.c.c55cfc9d_0.trap.tar.br) (192 of 1074)
[2026-01-21 06:05:15] Scanning stddef.h.c258a5c0.trap (arguments.c.c55cfc9d_0.trap.tar.br) (193 of 1074)
[2026-01-21 06:05:15] Scanning confname.h.d50c3237.trap (arguments.c.c55cfc9d_0.trap.tar.br) (194 of 1074)
[2026-01-21 06:05:15] Scanning getopt_core.h.404f19ab.trap (arguments.c.c55cfc9d_0.trap.tar.br) (195 of 1074)
[2026-01-21 06:05:15] Scanning getopt_posix.h.10f7e757.trap (arguments.c.c55cfc9d_0.trap.tar.br) (196 of 1074)
[2026-01-21 06:05:15] Scanning unistd_ext.h.d7e24265.trap (arguments.c.c55cfc9d_0.trap.tar.br) (197 of 1074)
[2026-01-21 06:05:15] Scanning unistd.h.6e4ab544.trap (arguments.c.c55cfc9d_0.trap.tar.br) (198 of 1074)
[2026-01-21 06:05:15] Scanning stddef.h.c43e6516.trap (execute.c.5500c617_0.trap.tar.br) (199 of 1074)
[2026-01-21 06:05:15] Scanning types.h.19caa469.trap (execute.c.5500c617_0.trap.tar.br) (200 of 1074)
[2026-01-21 06:05:15] Scanning stat.h.36e7ee48.trap (execute.c.5500c617_0.trap.tar.br) (201 of 1074)
[2026-01-21 06:05:15] Scanning features.h.cf9f1d56.trap (criu.c.e34de99d_0.trap.tar.br) (202 of 1074)
[2026-01-21 06:05:15] Scanning getopt_posix.h.40b1824c.trap (execute.c.5500c617_0.trap.tar.br) (203 of 1074)
[2026-01-21 06:05:15] Scanning unistd.h.fd6bfd29.trap (execute.c.5500c617_0.trap.tar.br) (204 of 1074)
[2026-01-21 06:05:15] Scanning stddef.h.bc2d20d3.trap (criu.c.e34de99d_0.trap.tar.br) (205 of 1074)
[2026-01-21 06:05:15] Scanning sched.h.377be139.trap (criu.c.e34de99d_0.trap.tar.br) (206 of 1074)
[2026-01-21 06:05:15] Scanning types.h.6da9ae52.trap (criu.c.e34de99d_0.trap.tar.br) (207 of 1074)
[2026-01-21 06:05:15] Scanning signal.h.495b6893.trap (criu.c.e34de99d_0.trap.tar.br) (208 of 1074)
[2026-01-21 06:05:15] Scanning stddef.h.df44002b.trap (execute.c.5500c617_0.trap.tar.br) (209 of 1074)
[2026-01-21 06:05:15] Scanning stdio.h.2d045db7.trap (execute.c.5500c617_0.trap.tar.br) (210 of 1074)
[2026-01-21 06:05:15] Scanning wait.h.2f6ec0bf.trap (criu.c.e34de99d_0.trap.tar.br) (211 of 1074)
[2026-01-21 06:05:15] Scanning unistd.h.f1d214ad.trap (criu.c.e34de99d_0.trap.tar.br) (212 of 1074)
[2026-01-21 06:05:15] Scanning stddef.h.7a680bce.trap (execute.c.5500c617_0.trap.tar.br) (213 of 1074)
[2026-01-21 06:05:15] Scanning struct_iovec.h.b49dd56e.trap (execute.c.5500c617_0.trap.tar.br) (214 of 1074)
[2026-01-21 06:05:15] Scanning stddef.h.8e72e7a4.trap (execute.c.5500c617_0.trap.tar.br) (215 of 1074)
[2026-01-21 06:05:15] Scanning config.h.241b129f.trap (criu.c.e34de99d_0.trap.tar.br) (216 of 1074)
[2026-01-21 06:05:15] Scanning stddef.h.fc298ece.trap (execute.c.5500c617_0.trap.tar.br) (217 of 1074)
[2026-01-21 06:05:15] Scanning config.h.09e9fa43.trap (criu.c.e34de99d_0.trap.tar.br) (218 of 1074)
[2026-01-21 06:05:15] Scanning socket_type.h.8136f73b.trap (execute.c.5500c617_0.trap.tar.br) (219 of 1074)
[2026-01-21 06:05:15] Scanning sockaddr.h.4178f4b4.trap (execute.c.5500c617_0.trap.tar.br) (220 of 1074)
[2026-01-21 06:05:15] Scanning lxccontainer.h.6148df01.trap (criu.c.e34de99d_0.trap.tar.br) (221 of 1074)
[2026-01-21 06:05:15] Scanning sockios.h.38028676.trap (execute.c.5500c617_0.trap.tar.br) (222 of 1074)
[2026-01-21 06:05:15] Scanning sockios.h.fb2ce5d5.trap (execute.c.5500c617_0.trap.tar.br) (223 of 1074)
[2026-01-21 06:05:15] Scanning socket.h.5fdde3f3.trap (execute.c.5500c617_0.trap.tar.br) (224 of 1074)
[2026-01-21 06:05:15] Scanning socket.h.73ad9a4e.trap (execute.c.5500c617_0.trap.tar.br) (225 of 1074)
[2026-01-21 06:05:15] Scanning socket.h.0bbd2f24.trap (execute.c.5500c617_0.trap.tar.br) (226 of 1074)
[2026-01-21 06:05:15] Scanning local_lim.h.e615770e.trap (criu.c.e34de99d_0.trap.tar.br) (227 of 1074)
[2026-01-21 06:05:15] Scanning param.h.00b4462b.trap (criu.c.e34de99d_0.trap.tar.br) (228 of 1074)
[2026-01-21 06:05:15] Scanning start.h.2c460779.trap (criu.c.e34de99d_0.trap.tar.br) (229 of 1074)
[2026-01-21 06:05:15] Scanning conf.h.2f8fc648.trap (criu.c.e34de99d_0.trap.tar.br) (230 of 1074)
[2026-01-21 06:05:15] Scanning struct_osockaddr.h.a868f7d7.trap (execute.c.5500c617_0.trap.tar.br) (231 of 1074)
[2026-01-21 06:05:15] Scanning socket.h.2eeb5e58.trap (execute.c.5500c617_0.trap.tar.br) (232 of 1074)
[2026-01-21 06:05:15] Scanning in.h.9c1d1420.trap (execute.c.5500c617_0.trap.tar.br) (233 of 1074)
[2026-01-21 06:05:15] Scanning criu.h.88f6e18a.trap (criu.c.e34de99d_0.trap.tar.br) (234 of 1074)
[2026-01-21 06:05:15] Scanning byteswap.h.417a0ea9.trap (execute.c.5500c617_0.trap.tar.br) (235 of 1074)
[2026-01-21 06:05:15] Scanning time.h.1489cf1f.trap (criu.c.e34de99d_0.trap.tar.br) (236 of 1074)
[2026-01-21 06:05:15] Scanning uintn-identity.h.fbdc7436.trap (execute.c.5500c617_0.trap.tar.br) (237 of 1074)
[2026-01-21 06:05:15] Scanning in.h.8b731f00.trap (execute.c.5500c617_0.trap.tar.br) (238 of 1074)
[2026-01-21 06:05:15] Scanning lxc.h.3b64c8c6.trap (criu.c.e34de99d_0.trap.tar.br) (239 of 1074)
[2026-01-21 06:05:15] Scanning fcntl.h.fa30934a.trap (criu.c.e34de99d_0.trap.tar.br) (240 of 1074)
[2026-01-21 06:05:15] Scanning if.h.3146b267.trap (execute.c.5500c617_0.trap.tar.br) (241 of 1074)
[2026-01-21 06:05:15] Scanning criu.c.e34de99d.trap (criu.c.e34de99d_0.trap.tar.br) (242 of 1074)
[2026-01-21 06:05:15] Scanning stddef.h.8dbf43bf.trap (execute.c.5500c617_0.trap.tar.br) (243 of 1074)
[2026-01-21 06:05:15] Scanning signum-generic.h.67952149.trap (execute.c.5500c617_0.trap.tar.br) (244 of 1074)
[2026-01-21 06:05:15] Scanning signum.h.26b02e78.trap (execute.c.5500c617_0.trap.tar.br) (245 of 1074)
[2026-01-21 06:05:15] Scanning sig_atomic_t.h.f103a9a8.trap (execute.c.5500c617_0.trap.tar.br) (246 of 1074)
[2026-01-21 06:05:15] Scanning __sigval_t.h.b3df2d3b.trap (execute.c.5500c617_0.trap.tar.br) (247 of 1074)
[2026-01-21 06:05:15] Scanning siginfo-arch.h.17a2d2b3.trap (execute.c.5500c617_0.trap.tar.br) (248 of 1074)
[2026-01-21 06:05:15] Scanning siginfo_t.h.19505307.trap (execute.c.5500c617_0.trap.tar.br) (249 of 1074)
[2026-01-21 06:05:15] Scanning siginfo-consts.h.6e123325.trap (execute.c.5500c617_0.trap.tar.br) (250 of 1074)
[2026-01-21 06:05:15] Scanning sigval_t.h.ddd4c6ea.trap (execute.c.5500c617_0.trap.tar.br) (251 of 1074)
[2026-01-21 06:05:15] Scanning sigevent_t.h.bf4fda45.trap (execute.c.5500c617_0.trap.tar.br) (252 of 1074)
[2026-01-21 06:05:15] Scanning sigevent-consts.h.3c4e91d6.trap (execute.c.5500c617_0.trap.tar.br) (253 of 1074)
[2026-01-21 06:05:15] Scanning sigaction.h.d7fd9f41.trap (execute.c.5500c617_0.trap.tar.br) (254 of 1074)
[2026-01-21 06:05:15] Scanning sigcontext.h.f9d05bb2.trap (execute.c.5500c617_0.trap.tar.br) (255 of 1074)
[2026-01-21 06:05:15] Scanning stddef.h.55bc72a4.trap (execute.c.5500c617_0.trap.tar.br) (256 of 1074)
[2026-01-21 06:05:15] Scanning stddef.h.86fab0f0.trap (execute.c.5500c617_0.trap.tar.br) (257 of 1074)
[2026-01-21 06:05:15] Scanning stack_t.h.0570da72.trap (execute.c.5500c617_0.trap.tar.br) (258 of 1074)
[2026-01-21 06:05:15] Scanning ucontext.h.1c1c330a.trap (execute.c.5500c617_0.trap.tar.br) (259 of 1074)
[2026-01-21 06:05:15] Scanning features.h.e093a5d1.trap (freezer.c.80af7f0d_0.trap.tar.br) (260 of 1074)
[2026-01-21 06:05:15] Scanning sigstack.h.22f53dfb.trap (execute.c.5500c617_0.trap.tar.br) (261 of 1074)
[2026-01-21 06:05:15] Scanning ss_flags.h.cf95367c.trap (execute.c.5500c617_0.trap.tar.br) (262 of 1074)
[2026-01-21 06:05:15] Scanning stdio.h.219e6d5e.trap (freezer.c.80af7f0d_0.trap.tar.br) (263 of 1074)
[2026-01-21 06:05:15] Scanning struct_sigstack.h.61558db2.trap (execute.c.5500c617_0.trap.tar.br) (264 of 1074)
[2026-01-21 06:05:15] Scanning sigthread.h.ff9c0b2b.trap (execute.c.5500c617_0.trap.tar.br) (265 of 1074)
[2026-01-21 06:05:15] Scanning signal_ext.h.01138eb7.trap (execute.c.5500c617_0.trap.tar.br) (266 of 1074)
[2026-01-21 06:05:15] Scanning signal.h.6a19aad4.trap (execute.c.5500c617_0.trap.tar.br) (267 of 1074)
[2026-01-21 06:05:15] Scanning param.h.4b0376ef.trap (execute.c.5500c617_0.trap.tar.br) (268 of 1074)
[2026-01-21 06:05:15] Scanning pthreadtypes.h.f506a23c.trap (freezer.c.80af7f0d_0.trap.tar.br) (269 of 1074)
[2026-01-21 06:05:15] Scanning param.h.4ba9e6f7.trap (execute.c.5500c617_0.trap.tar.br) (270 of 1074)
[2026-01-21 06:05:15] Scanning types.h.da5f01b6.trap (freezer.c.80af7f0d_0.trap.tar.br) (271 of 1074)
[2026-01-21 06:05:15] Scanning param.h.76e062cf.trap (execute.c.5500c617_0.trap.tar.br) (272 of 1074)
[2026-01-21 06:05:15] Scanning param.h.1f8d7009.trap (execute.c.5500c617_0.trap.tar.br) (273 of 1074)
[2026-01-21 06:05:15] Scanning param.h.89c4254c.trap (execute.c.5500c617_0.trap.tar.br) (274 of 1074)
[2026-01-21 06:05:15] Scanning unistd.h.1224b725.trap (freezer.c.80af7f0d_0.trap.tar.br) (275 of 1074)
[2026-01-21 06:05:15] Scanning struct_rusage.h.32114d9d.trap (execute.c.5500c617_0.trap.tar.br) (276 of 1074)
[2026-01-21 06:05:15] Scanning resource.h.e21aa4e6.trap (execute.c.5500c617_0.trap.tar.br) (277 of 1074)
[2026-01-21 06:05:15] Scanning fcntl.h.6ef1bd1d.trap (freezer.c.80af7f0d_0.trap.tar.br) (278 of 1074)
[2026-01-21 06:05:15] Scanning stdio.h.cc49beb7.trap (attach.c.e3f983d3_0.trap.tar.br) (279 of 1074)
[2026-01-21 06:05:15] Scanning signal.h.98142b36.trap (freezer.c.80af7f0d_0.trap.tar.br) (280 of 1074)
[2026-01-21 06:05:15] Scanning monitor.h.09d494ba.trap (freezer.c.80af7f0d_0.trap.tar.br) (281 of 1074)
[2026-01-21 06:05:15] Scanning resource.h.6e6919db.trap (execute.c.5500c617_0.trap.tar.br) (282 of 1074)
[2026-01-21 06:05:15] Scanning config.h.54f25442.trap (lxcrsync.c.b1b0256d_0.trap.tar.br) (283 of 1074)
[2026-01-21 06:05:15] Scanning stat.h.1e498a93.trap (lxcrsync.c.b1b0256d_0.trap.tar.br) (284 of 1074)
[2026-01-21 06:05:15] Scanning lxcrsync.c.b1b0256d.trap (lxcrsync.c.b1b0256d_0.trap.tar.br) (285 of 1074)
[2026-01-21 06:05:15] Scanning genetlink.h.a0813184.trap (genl.c.14356333_0.trap.tar.br) (286 of 1074)
[2026-01-21 06:05:15] Scanning types.h.6cb8d1f7.trap (attach.c.e3f983d3_0.trap.tar.br) (287 of 1074)
[2026-01-21 06:05:15] Scanning list.h.e4a30c18.trap (execute.c.5500c617_0.trap.tar.br) (288 of 1074)
[2026-01-21 06:05:15] Scanning fcntl.h.2e6f0ec9.trap (attach.c.e3f983d3_0.trap.tar.br) (289 of 1074)
[2026-01-21 06:05:15] Scanning conf.h.752085c7.trap (execute.c.5500c617_0.trap.tar.br) (290 of 1074)
[2026-01-21 06:05:15] Scanning grp.h.8a064b52.trap (attach.c.e3f983d3_0.trap.tar.br) (291 of 1074)
[2026-01-21 06:05:15] Scanning state.h.d0a83132.trap (execute.c.5500c617_0.trap.tar.br) (292 of 1074)
[2026-01-21 06:05:15] Scanning wait.h.583551c3.trap (attach.c.e3f983d3_0.trap.tar.br) (293 of 1074)
[2026-01-21 06:05:15] Scanning stddef.h.c567cbc2.trap (execute.c.5500c617_0.trap.tar.br) (294 of 1074)
[2026-01-21 06:05:15] Scanning stddef.h.41f14f4c.trap (console.c.98460c06_0.trap.tar.br) (295 of 1074)
[2026-01-21 06:05:15] Scanning signal.h.17108cd1.trap (console.c.98460c06_0.trap.tar.br) (296 of 1074)
[2026-01-21 06:05:15] Scanning unistd.h.da464237.trap (attach.c.e3f983d3_0.trap.tar.br) (297 of 1074)
[2026-01-21 06:05:15] Scanning pwd.h.6c8a65f5.trap (attach.c.e3f983d3_0.trap.tar.br) (298 of 1074)
[2026-01-21 06:05:15] Scanning lsm.c.392e5ce7.trap (lsm.c.392e5ce7_0.trap.tar.br) (299 of 1074)
[2026-01-21 06:05:15] Scanning struct_sched_param.h.d8bd07b3.trap (execute.c.5500c617_0.trap.tar.br) (300 of 1074)
[2026-01-21 06:05:15] Scanning sched.h.e8fabca7.trap (execute.c.5500c617_0.trap.tar.br) (301 of 1074)
[2026-01-21 06:05:15] Scanning types.h.5e125144.trap (console.c.98460c06_0.trap.tar.br) (302 of 1074)
[2026-01-21 06:05:15] Scanning cpu-set.h.a94f93a3.trap (execute.c.5500c617_0.trap.tar.br) (303 of 1074)
[2026-01-21 06:05:15] Scanning sched.h.b036ab60.trap (execute.c.5500c617_0.trap.tar.br) (304 of 1074)
[2026-01-21 06:05:15] Scanning termios-struct.h.0773905c.trap (console.c.98460c06_0.trap.tar.br) (305 of 1074)
[2026-01-21 06:05:15] Scanning termios-c_cc.h.6e6bcb91.trap (console.c.98460c06_0.trap.tar.br) (306 of 1074)
[2026-01-21 06:05:15] Scanning genl.h.c70974eb.trap (genl.c.14356333_0.trap.tar.br) (307 of 1074)
[2026-01-21 06:05:15] Scanning genl.c.14356333.trap (genl.c.14356333_0.trap.tar.br) (308 of 1074)
[2026-01-21 06:05:15] Scanning features.h.51b653b5.trap (confile.c.d8cef5b7_0.trap.tar.br) (309 of 1074)
[2026-01-21 06:05:15] Scanning config.h.febb9d96.trap (confile.c.d8cef5b7_0.trap.tar.br) (310 of 1074)
[2026-01-21 06:05:15] Scanning lxccontainer.h.73db52a1.trap (confile.c.d8cef5b7_0.trap.tar.br) (311 of 1074)
[2026-01-21 06:05:15] Scanning config.h.7e126ee1.trap (confile.c.d8cef5b7_0.trap.tar.br) (312 of 1074)
[2026-01-21 06:05:15] Scanning confile_network_legacy.h.189726a4.trap (confile.c.d8cef5b7_0.trap.tar.br) (313 of 1074)
[2026-01-21 06:05:15] Scanning list.h.bc252973.trap (confile.c.d8cef5b7_0.trap.tar.br) (314 of 1074)
[2026-01-21 06:05:15] Scanning start.h.91875d54.trap (confile.c.d8cef5b7_0.trap.tar.br) (315 of 1074)
[2026-01-21 06:05:15] Scanning conf.h.2626df8f.trap (confile.c.d8cef5b7_0.trap.tar.br) (316 of 1074)
[2026-01-21 06:05:15] Scanning stddef.h.7ad253ed.trap (nop.c.c0dd1fc8_0.trap.tar.br) (317 of 1074)
[2026-01-21 06:05:15] Scanning namespace.h.555cac94.trap (execute.c.5500c617_0.trap.tar.br) (318 of 1074)
[2026-01-21 06:05:15] Scanning start.h.10dfbc2b.trap (execute.c.5500c617_0.trap.tar.br) (319 of 1074)
[2026-01-21 06:05:15] Scanning termios-c_iflag.h.6e6bcb91.trap (console.c.98460c06_0.trap.tar.br) (320 of 1074)
[2026-01-21 06:05:15] Scanning conf.h.65ce074d.trap (execute.c.5500c617_0.trap.tar.br) (321 of 1074)
[2026-01-21 06:05:15] Scanning termios-c_oflag.h.974aa325.trap (console.c.98460c06_0.trap.tar.br) (322 of 1074)
[2026-01-21 06:05:15] Scanning time.h.d188b03f.trap (execute.c.5500c617_0.trap.tar.br) (323 of 1074)
[2026-01-21 06:05:15] Scanning config.h.e7a9763d.trap (attach.c.e3f983d3_0.trap.tar.br) (324 of 1074)
[2026-01-21 06:05:15] Scanning termios-baud.h.b18788a7.trap (console.c.98460c06_0.trap.tar.br) (325 of 1074)
[2026-01-21 06:05:15] Scanning syslog-path.h.fbe257ab.trap (execute.c.5500c617_0.trap.tar.br) (326 of 1074)
[2026-01-21 06:05:15] Scanning termios-c_cflag.h.6e6bcb91.trap (console.c.98460c06_0.trap.tar.br) (327 of 1074)
[2026-01-21 06:05:15] Scanning config.h.00670777.trap (attach.c.e3f983d3_0.trap.tar.br) (328 of 1074)
[2026-01-21 06:05:15] Scanning syslog.h.1b8b4e8a.trap (execute.c.5500c617_0.trap.tar.br) (329 of 1074)
[2026-01-21 06:05:15] Scanning termios-c_lflag.h.1b559a24.trap (console.c.98460c06_0.trap.tar.br) (330 of 1074)
[2026-01-21 06:05:15] Scanning start.h.11baa5ea.trap (attach.c.e3f983d3_0.trap.tar.br) (331 of 1074)
[2026-01-21 06:05:15] Scanning syslog.h.5ea6012c.trap (execute.c.5500c617_0.trap.tar.br) (332 of 1074)
[2026-01-21 06:05:15] Scanning termios-tcflow.h.6e6bcb91.trap (console.c.98460c06_0.trap.tar.br) (333 of 1074)
[2026-01-21 06:05:15] Scanning stddef.h.ab30ee58.trap (execute.c.5500c617_0.trap.tar.br) (334 of 1074)
[2026-01-21 06:05:15] Scanning time.h.8fc73510.trap (execute.c.5500c617_0.trap.tar.br) (335 of 1074)
[2026-01-21 06:05:15] Scanning termios-misc.h.6e6bcb91.trap (console.c.98460c06_0.trap.tar.br) (336 of 1074)
[2026-01-21 06:05:15] Scanning conf.h.57c53ca1.trap (attach.c.e3f983d3_0.trap.tar.br) (337 of 1074)
[2026-01-21 06:05:15] Scanning struct_tm.h.e97c587f.trap (execute.c.5500c617_0.trap.tar.br) (338 of 1074)
[2026-01-21 06:05:15] Scanning termios.h.093607b7.trap (console.c.98460c06_0.trap.tar.br) (339 of 1074)
[2026-01-21 06:05:15] Scanning struct_itimerspec.h.df770c81.trap (execute.c.5500c617_0.trap.tar.br) (340 of 1074)
[2026-01-21 06:05:15] Scanning ttydefaults.h.8780fe49.trap (console.c.98460c06_0.trap.tar.br) (341 of 1074)
[2026-01-21 06:05:15] Scanning time.h.d3e3d11f.trap (execute.c.5500c617_0.trap.tar.br) (342 of 1074)
[2026-01-21 06:05:15] Scanning termios.h.9460255c.trap (console.c.98460c06_0.trap.tar.br) (343 of 1074)
[2026-01-21 06:05:15] Scanning unistd.h.c5acc4f0.trap (console.c.98460c06_0.trap.tar.br) (344 of 1074)
[2026-01-21 06:05:15] Scanning log.h.a1d9fd5e.trap (execute.c.5500c617_0.trap.tar.br) (345 of 1074)
[2026-01-21 06:05:15] Scanning attach.h.5e35a012.trap (attach.c.e3f983d3_0.trap.tar.br) (346 of 1074)
[2026-01-21 06:05:15] Scanning stat.h.bfefab3b.trap (attach.c.e3f983d3_0.trap.tar.br) (347 of 1074)
[2026-01-21 06:05:15] Scanning fcntl.h.94b31bd8.trap (execute.c.5500c617_0.trap.tar.br) (348 of 1074)
[2026-01-21 06:05:15] Scanning execute.c.5500c617.trap (execute.c.5500c617_0.trap.tar.br) (349 of 1074)
[2026-01-21 06:05:15] Scanning epoll.h.b4c1221f.trap (console.c.98460c06_0.trap.tar.br) (350 of 1074)
[2026-01-21 06:05:15] Scanning lxclock.h.c0cf933e.trap (attach.c.e3f983d3_0.trap.tar.br) (351 of 1074)
[2026-01-21 06:05:15] Scanning epoll.h.320b57bd.trap (console.c.98460c06_0.trap.tar.br) (352 of 1074)
[2026-01-21 06:05:15] Scanning lxccontainer.h.46032109.trap (attach.c.e3f983d3_0.trap.tar.br) (353 of 1074)
[2026-01-21 06:05:15] Scanning start.h.69cb04e1.trap (console.c.98460c06_0.trap.tar.br) (354 of 1074)
[2026-01-21 06:05:15] Scanning conf.h.2b4fe94c.trap (console.c.98460c06_0.trap.tar.br) (355 of 1074)
[2026-01-21 06:05:15] Scanning attach.c.e3f983d3.trap (attach.c.e3f983d3_0.trap.tar.br) (356 of 1074)
[2026-01-21 06:05:15] Scanning stat.h.ea5bd1fd.trap (console.c.98460c06_0.trap.tar.br) (357 of 1074)
[2026-01-21 06:05:15] Scanning mainloop.h.94e70fa6.trap (console.c.98460c06_0.trap.tar.br) (358 of 1074)
[2026-01-21 06:05:15] Scanning ioctl-types.h.754f3542.trap (console.c.98460c06_0.trap.tar.br) (359 of 1074)
[2026-01-21 06:05:15] Scanning ttydefaults.h.f8b3074e.trap (console.c.98460c06_0.trap.tar.br) (360 of 1074)
[2026-01-21 06:05:15] Scanning pty.h.8360e904.trap (console.c.98460c06_0.trap.tar.br) (361 of 1074)
[2026-01-21 06:05:15] Scanning console.c.98460c06.trap (console.c.98460c06_0.trap.tar.br) (362 of 1074)
[2026-01-21 06:05:15] Scanning ifaddrs.h.fee3c3ad.trap (confile.c.d8cef5b7_0.trap.tar.br) (363 of 1074)
[2026-01-21 06:05:15] Scanning confile.c.d8cef5b7.trap (confile.c.d8cef5b7_0.trap.tar.br) (364 of 1074)
[2026-01-21 06:05:15] Scanning socket.h.99f116f7.trap (confile_utils.c.7118869f_0.trap.tar.br) (365 of 1074)
[2026-01-21 06:05:15] Scanning lsm.h.fcbb4a09.trap (nop.c.c0dd1fc8_0.trap.tar.br) (366 of 1074)
[2026-01-21 06:05:15] Scanning nop.c.c0dd1fc8.trap (nop.c.c0dd1fc8_0.trap.tar.br) (367 of 1074)
[2026-01-21 06:05:15] Scanning features.h.32413dad.trap (confile_network_legacy.c.a6f31a03_0.trap.tar.br) (368 of 1074)
[2026-01-21 06:05:15] Scanning time.h.95aaf611.trap (freezer.c.80af7f0d_0.trap.tar.br) (369 of 1074)
[2026-01-21 06:05:15] Scanning config.h.6709671b.trap (confile_network_legacy.c.a6f31a03_0.trap.tar.br) (370 of 1074)
[2026-01-21 06:05:15] Scanning socket.h.16b94d26.trap (freezer.c.80af7f0d_0.trap.tar.br) (371 of 1074)
[2026-01-21 06:05:15] Scanning config.h.777b549f.trap (confile_network_legacy.c.a6f31a03_0.trap.tar.br) (372 of 1074)
[2026-01-21 06:05:15] Scanning sched.h.61f70005.trap (freezer.c.80af7f0d_0.trap.tar.br) (373 of 1074)
[2026-01-21 06:05:15] Scanning list.h.536e2b64.trap (confile_network_legacy.c.a6f31a03_0.trap.tar.br) (374 of 1074)
[2026-01-21 06:05:15] Scanning start.h.a5bbe50f.trap (freezer.c.80af7f0d_0.trap.tar.br) (375 of 1074)
[2026-01-21 06:05:15] Scanning conf.h.70a4d784.trap (confile_network_legacy.c.a6f31a03_0.trap.tar.br) (376 of 1074)
[2026-01-21 06:05:15] Scanning conf.h.fc11b1c1.trap (freezer.c.80af7f0d_0.trap.tar.br) (377 of 1074)
[2026-01-21 06:05:15] Scanning lxc.h.954816f5.trap (freezer.c.80af7f0d_0.trap.tar.br) (378 of 1074)
[2026-01-21 06:05:15] Scanning confile_network_legacy.c.a6f31a03.trap (confile_network_legacy.c.a6f31a03_0.trap.tar.br) (379 of 1074)
[2026-01-21 06:05:15] Scanning freezer.c.80af7f0d.trap (freezer.c.80af7f0d_0.trap.tar.br) (380 of 1074)
[2026-01-21 06:05:15] Scanning stat.h.a28d5092.trap (initutils.c.a8fb4aa7_0.trap.tar.br) (381 of 1074)
[2026-01-21 06:05:15] Scanning inet.h.eea46802.trap (confile_utils.c.7118869f_0.trap.tar.br) (382 of 1074)
[2026-01-21 06:05:15] Scanning list.h.f39c5fae.trap (confile_utils.c.7118869f_0.trap.tar.br) (383 of 1074)
[2026-01-21 06:05:15] Scanning unistd.h.e9e9383b.trap (confile_utils.c.7118869f_0.trap.tar.br) (384 of 1074)
[2026-01-21 06:05:15] Scanning types.h.1b0a9fe7.trap (initutils.c.a8fb4aa7_0.trap.tar.br) (385 of 1074)
[2026-01-21 06:05:15] Scanning unistd.h.22d3c3a9.trap (initutils.c.a8fb4aa7_0.trap.tar.br) (386 of 1074)
[2026-01-21 06:05:15] Scanning fcntl.h.5a6039e6.trap (initutils.c.a8fb4aa7_0.trap.tar.br) (387 of 1074)
[2026-01-21 06:05:15] Scanning signal.h.0bbb7710.trap (initutils.c.a8fb4aa7_0.trap.tar.br) (388 of 1074)
[2026-01-21 06:05:15] Scanning initutils.c.a8fb4aa7.trap (initutils.c.a8fb4aa7_0.trap.tar.br) (389 of 1074)
[2026-01-21 06:05:15] Scanning unistd.h.555caa15.trap (commands.c.f5ec7303_0.trap.tar.br) (390 of 1074)
[2026-01-21 06:05:15] Scanning sigevent_t.h.bcd811df.trap (commands.c.f5ec7303_0.trap.tar.br) (391 of 1074)
[2026-01-21 06:05:15] Scanning pthreadtypes.h.e2a36595.trap (commands.c.f5ec7303_0.trap.tar.br) (392 of 1074)
[2026-01-21 06:05:15] Scanning signal.h.d19a48e2.trap (commands.c.f5ec7303_0.trap.tar.br) (393 of 1074)
[2026-01-21 06:05:15] Scanning stat.h.fb8f7dc4.trap (commands.c.f5ec7303_0.trap.tar.br) (394 of 1074)
[2026-01-21 06:05:15] Scanning fcntl.h.ed83d779.trap (commands.c.f5ec7303_0.trap.tar.br) (395 of 1074)
[2026-01-21 06:05:15] Scanning poll.h.1cecb72b.trap (commands.c.f5ec7303_0.trap.tar.br) (396 of 1074)
[2026-01-21 06:05:15] Scanning poll.h.7e4e7440.trap (commands.c.f5ec7303_0.trap.tar.br) (397 of 1074)
[2026-01-21 06:05:15] Scanning poll.h.dccd2fc5.trap (commands.c.f5ec7303_0.trap.tar.br) (398 of 1074)
[2026-01-21 06:05:15] Scanning confile_utils.c.7118869f.trap (confile_utils.c.7118869f_0.trap.tar.br) (399 of 1074)
[2026-01-21 06:05:15] Scanning types.h.b382b2b4.trap (commands.c.f5ec7303_0.trap.tar.br) (400 of 1074)
[2026-01-21 06:05:15] Scanning inttypes.h.b3dbf777.trap (commands.c.f5ec7303_0.trap.tar.br) (401 of 1074)
[2026-01-21 06:05:15] Scanning inttypes.h.541ae4e7.trap (commands.c.f5ec7303_0.trap.tar.br) (402 of 1074)
[2026-01-21 06:05:15] Scanning un.h.c5581cbe.trap (commands.c.f5ec7303_0.trap.tar.br) (403 of 1074)
[2026-01-21 06:05:15] Scanning __stddef_max_align_t.h.2111250f.trap (commands.c.f5ec7303_0.trap.tar.br) (404 of 1074)
[2026-01-21 06:05:15] Scanning stddef.h.69f609d1.trap (commands.c.f5ec7303_0.trap.tar.br) (405 of 1074)
[2026-01-21 06:05:15] Scanning config.h.e4e2da96.trap (conf.c.2e45a0ac_0.trap.tar.br) (406 of 1074)
[2026-01-21 06:05:15] Scanning fcntl.h.e6252290.trap (mainloop.c.5497fb4f_0.trap.tar.br) (407 of 1074)
[2026-01-21 06:05:15] Scanning getopt_ext.h.76ee742c.trap (arguments.c.c55cfc9d_0.trap.tar.br) (408 of 1074)
[2026-01-21 06:05:15] Scanning getopt.h.1ecec6aa.trap (arguments.c.c55cfc9d_0.trap.tar.br) (409 of 1074)
[2026-01-21 06:05:15] Scanning stdbool.h.35e717bd.trap (arguments.c.c55cfc9d_0.trap.tar.br) (410 of 1074)
[2026-01-21 06:05:15] Scanning libc-header-start.h.60e038c6.trap (arguments.c.c55cfc9d_0.trap.tar.br) (411 of 1074)
[2026-01-21 06:05:15] Scanning wchar.h.193f5953.trap (arguments.c.c55cfc9d_0.trap.tar.br) (412 of 1074)
[2026-01-21 06:05:15] Scanning stdint-uintn.h.b1098e1e.trap (arguments.c.c55cfc9d_0.trap.tar.br) (413 of 1074)
[2026-01-21 06:05:15] Scanning stdint.h.1b95b0e7.trap (arguments.c.c55cfc9d_0.trap.tar.br) (414 of 1074)
[2026-01-21 06:05:15] Scanning stdint.h.12bb9c69.trap (arguments.c.c55cfc9d_0.trap.tar.br) (415 of 1074)
[2026-01-21 06:05:15] Scanning arguments.h.766cd6d9.trap (arguments.c.c55cfc9d_0.trap.tar.br) (416 of 1074)
[2026-01-21 06:05:15] Scanning unistd.h.615e4301.trap (mainloop.c.5497fb4f_0.trap.tar.br) (417 of 1074)
[2026-01-21 06:05:15] Scanning config.h.9635e3dc.trap (arguments.c.c55cfc9d_0.trap.tar.br) (418 of 1074)
[2026-01-21 06:05:15] Scanning mainloop.h.3bb6ba52.trap (mainloop.c.5497fb4f_0.trap.tar.br) (419 of 1074)
[2026-01-21 06:05:15] Scanning mainloop.c.5497fb4f.trap (mainloop.c.5497fb4f_0.trap.tar.br) (421 of 1074)
[2026-01-21 06:05:15] Scanning features.h.c782dd0a.trap (conf.c.2e45a0ac_0.trap.tar.br) (420 of 1074)
[2026-01-21 06:05:15] Scanning stdint.h.8ff2e79b.trap (conf.c.2e45a0ac_0.trap.tar.br) (422 of 1074)
[2026-01-21 06:05:15] Scanning stddef.h.eda0f8f4.trap (conf.c.2e45a0ac_0.trap.tar.br) (423 of 1074)
[2026-01-21 06:05:15] Scanning unistd.h.2f42dbfd.trap (lxcutmp.c.794bd5b2_0.trap.tar.br) (424 of 1074)
[2026-01-21 06:05:15] Scanning pwd.h.899c5189.trap (conf.c.2e45a0ac_0.trap.tar.br) (425 of 1074)
[2026-01-21 06:05:15] Scanning types.h.018703c1.trap (conf.c.2e45a0ac_0.trap.tar.br) (426 of 1074)
[2026-01-21 06:05:15] Scanning unistd.h.bc4b99a6.trap (conf.c.2e45a0ac_0.trap.tar.br) (427 of 1074)
[2026-01-21 06:05:15] Scanning timerfd.h.1250a35b.trap (lxcutmp.c.794bd5b2_0.trap.tar.br) (428 of 1074)
[2026-01-21 06:05:15] Scanning features.h.92e560ec.trap (lxc_monitord.c.72c8cefa_0.trap.tar.br) (429 of 1074)
[2026-01-21 06:05:15] Scanning types.h.ca0e2f99.trap (lxc_monitord.c.72c8cefa_0.trap.tar.br) (430 of 1074)
[2026-01-21 06:05:15] Scanning unistd.h.e3b26c81.trap (lxc_monitord.c.72c8cefa_0.trap.tar.br) (431 of 1074)
[2026-01-21 06:05:15] Scanning setjmp.h.47a1b5c8.trap (lxc_monitord.c.72c8cefa_0.trap.tar.br) (432 of 1074)
[2026-01-21 06:05:15] Scanning setjmp.h.3d7f68ce.trap (lxc_monitord.c.72c8cefa_0.trap.tar.br) (433 of 1074)
[2026-01-21 06:05:15] Scanning features.h.4095738b.trap (lxclock.c.008d37bd_0.trap.tar.br) (434 of 1074)
[2026-01-21 06:05:15] Scanning timerfd.h.bbf889c1.trap (lxcutmp.c.794bd5b2_0.trap.tar.br) (435 of 1074)
[2026-01-21 06:05:15] Scanning conf.h.03f61a79.trap (lxcutmp.c.794bd5b2_0.trap.tar.br) (436 of 1074)
[2026-01-21 06:05:15] Scanning bitsperlong.h.98c44fb1.trap (arguments.c.c55cfc9d_0.trap.tar.br) (437 of 1074)
[2026-01-21 06:05:15] Scanning bitsperlong.h.71084641.trap (arguments.c.c55cfc9d_0.trap.tar.br) (438 of 1074)
[2026-01-21 06:05:15] Scanning posix_types.h.d94c45b8.trap (arguments.c.c55cfc9d_0.trap.tar.br) (439 of 1074)
[2026-01-21 06:05:15] Scanning posix_types_64.h.21d07489.trap (arguments.c.c55cfc9d_0.trap.tar.br) (440 of 1074)
[2026-01-21 06:05:15] Scanning posix_types.h.7e08ec81.trap (arguments.c.c55cfc9d_0.trap.tar.br) (441 of 1074)
[2026-01-21 06:05:15] Scanning int-ll64.h.73cc334a.trap (arguments.c.c55cfc9d_0.trap.tar.br) (442 of 1074)
[2026-01-21 06:05:15] Scanning types.h.49c9df86.trap (arguments.c.c55cfc9d_0.trap.tar.br) (443 of 1074)
[2026-01-21 06:05:15] Scanning types.h.2436e02b.trap (arguments.c.c55cfc9d_0.trap.tar.br) (444 of 1074)
[2026-01-21 06:05:15] Scanning stddef.h.cffb1f4d.trap (arguments.c.c55cfc9d_0.trap.tar.br) (445 of 1074)
[2026-01-21 06:05:15] Scanning mainloop.h.d1aee05e.trap (lxcutmp.c.794bd5b2_0.trap.tar.br) (446 of 1074)
[2026-01-21 06:05:15] Scanning posix_types.h.66aed0d8.trap (arguments.c.c55cfc9d_0.trap.tar.br) (447 of 1074)
[2026-01-21 06:05:15] Scanning lxc.h.81b1c9d2.trap (lxcutmp.c.794bd5b2_0.trap.tar.br) (448 of 1074)
[2026-01-21 06:05:15] Scanning types.h.ea06a113.trap (arguments.c.c55cfc9d_0.trap.tar.br) (449 of 1074)
[2026-01-21 06:05:15] Scanning utmpx.h.58da2898.trap (lxcutmp.c.794bd5b2_0.trap.tar.br) (450 of 1074)
[2026-01-21 06:05:15] Scanning loop.h.275a90ee.trap (arguments.c.c55cfc9d_0.trap.tar.br) (451 of 1074)
[2026-01-21 06:05:15] Scanning utmpx.h.4fa5a41f.trap (lxcutmp.c.794bd5b2_0.trap.tar.br) (452 of 1074)
[2026-01-21 06:05:15] Scanning unistd_64.h.38028676.trap (arguments.c.c55cfc9d_0.trap.tar.br) (453 of 1074)
[2026-01-21 06:05:15] Scanning lxcutmp.c.794bd5b2.trap (lxcutmp.c.794bd5b2_0.trap.tar.br) (454 of 1074)
[2026-01-21 06:05:15] Scanning stat.h.f76a9aaa.trap (lxclock.c.008d37bd_0.trap.tar.br) (455 of 1074)
[2026-01-21 06:05:15] Scanning file.h.9c6aa102.trap (lxclock.c.008d37bd_0.trap.tar.br) (456 of 1074)
[2026-01-21 06:05:15] Scanning select.h.debab8e9.trap (lxclock.c.008d37bd_0.trap.tar.br) (457 of 1074)
[2026-01-21 06:05:15] Scanning types.h.2fcc3e39.trap (lxclock.c.008d37bd_0.trap.tar.br) (458 of 1074)
[2026-01-21 06:05:15] Scanning unistd.h.3ddc31cf.trap (lxclock.c.008d37bd_0.trap.tar.br) (459 of 1074)
[2026-01-21 06:05:15] Scanning inet.h.e278d728.trap (conf.c.2e45a0ac_0.trap.tar.br) (460 of 1074)
[2026-01-21 06:05:15] Scanning lxccontainer.h.5d2a965b.trap (lxclock.c.008d37bd_0.trap.tar.br) (461 of 1074)
[2026-01-21 06:05:15] Scanning config.h.3892297c.trap (lxclock.c.008d37bd_0.trap.tar.br) (462 of 1074)
[2026-01-21 06:05:15] Scanning config.h.37bef28f.trap (lxclock.c.008d37bd_0.trap.tar.br) (463 of 1074)
[2026-01-21 06:05:15] Scanning signal.h.3995f91c.trap (lxclock.c.008d37bd_0.trap.tar.br) (464 of 1074)
[2026-01-21 06:05:15] Scanning lxclock.c.008d37bd.trap (lxclock.c.008d37bd_0.trap.tar.br) (465 of 1074)
[2026-01-21 06:05:15] Scanning stddef.h.ae714f1c.trap (conf.c.2e45a0ac_0.trap.tar.br) (466 of 1074)
[2026-01-21 06:05:15] Scanning signal.h.006e4783.trap (conf.c.2e45a0ac_0.trap.tar.br) (467 of 1074)
[2026-01-21 06:05:15] Scanning unistd.h.907204ae.trap (arguments.c.c55cfc9d_0.trap.tar.br) (468 of 1074)
[2026-01-21 06:05:15] Scanning syscall.h.60cbc2ad.trap (arguments.c.c55cfc9d_0.trap.tar.br) (469 of 1074)
[2026-01-21 06:05:15] Scanning features.h.ece03014.trap (log.c.4ae942d5_0.trap.tar.br) (470 of 1074)
[2026-01-21 06:05:15] Scanning unistd.h.22896b07.trap (log.c.4ae942d5_0.trap.tar.br) (471 of 1074)
[2026-01-21 06:05:15] Scanning syscall.h.35b147a0.trap (arguments.c.c55cfc9d_0.trap.tar.br) (472 of 1074)
[2026-01-21 06:05:15] Scanning ioctl.h.4dc256e4.trap (arguments.c.c55cfc9d_0.trap.tar.br) (473 of 1074)
[2026-01-21 06:05:15] Scanning stat.h.56a2287a.trap (conf.c.2e45a0ac_0.trap.tar.br) (474 of 1074)
[2026-01-21 06:05:15] Scanning ioctl.h.312ee46b.trap (arguments.c.c55cfc9d_0.trap.tar.br) (475 of 1074)
[2026-01-21 06:05:15] Scanning ioctl.h.0dfc6883.trap (arguments.c.c55cfc9d_0.trap.tar.br) (476 of 1074)
[2026-01-21 06:05:15] Scanning ioctls.h.5bd0e3f9.trap (arguments.c.c55cfc9d_0.trap.tar.br) (477 of 1074)
[2026-01-21 06:05:15] Scanning ioctls.h.b9567ca5.trap (arguments.c.c55cfc9d_0.trap.tar.br) (478 of 1074)
[2026-01-21 06:05:15] Scanning ioctls.h.409bb349.trap (arguments.c.c55cfc9d_0.trap.tar.br) (479 of 1074)
[2026-01-21 06:05:15] Scanning ioctl-types.h.41f26e5c.trap (arguments.c.c55cfc9d_0.trap.tar.br) (480 of 1074)
[2026-01-21 06:05:15] Scanning ttydefaults.h.9836499b.trap (arguments.c.c55cfc9d_0.trap.tar.br) (481 of 1074)
[2026-01-21 06:05:15] Scanning ioctl.h.6503a242.trap (arguments.c.c55cfc9d_0.trap.tar.br) (482 of 1074)
[2026-01-21 06:05:15] Scanning mount.h.44b45d6f.trap (arguments.c.c55cfc9d_0.trap.tar.br) (483 of 1074)
[2026-01-21 06:05:15] Scanning types.h.20ca148b.trap (log.c.4ae942d5_0.trap.tar.br) (484 of 1074)
[2026-01-21 06:05:15] Scanning fcntl-linux.h.a62fc61c.trap (arguments.c.c55cfc9d_0.trap.tar.br) (485 of 1074)
[2026-01-21 06:05:15] Scanning stat.h.70eb651c.trap (log.c.4ae942d5_0.trap.tar.br) (486 of 1074)
[2026-01-21 06:05:15] Scanning fcntl.h.0365f818.trap (arguments.c.c55cfc9d_0.trap.tar.br) (487 of 1074)
[2026-01-21 06:05:15] Scanning stat.h.a374c7fa.trap (arguments.c.c55cfc9d_0.trap.tar.br) (488 of 1074)
[2026-01-21 06:05:15] Scanning fcntl.h.4e136434.trap (arguments.c.c55cfc9d_0.trap.tar.br) (489 of 1074)
[2026-01-21 06:05:15] Scanning stddef.h.2d29e95b.trap (nl.c.8c511d83_0.trap.tar.br) (490 of 1074)
[2026-01-21 06:05:15] Scanning time.h.98847de2.trap (nl.c.8c511d83_0.trap.tar.br) (491 of 1074)
[2026-01-21 06:05:15] Scanning unistd.h.603b4215.trap (nl.c.8c511d83_0.trap.tar.br) (492 of 1074)
[2026-01-21 06:05:15] Scanning nl.c.8c511d83.trap (nl.c.8c511d83_0.trap.tar.br) (493 of 1074)
[2026-01-21 06:05:15] Scanning features.h.c954edc2.trap (network.c.7fbccdb6_0.trap.tar.br) (494 of 1074)
[2026-01-21 06:05:15] Scanning network.c.7fbccdb6.trap (network.c.7fbccdb6_0.trap.tar.br) (495 of 1074)
[2026-01-21 06:05:15] Scanning config.h.5c9d6384.trap (arguments.c.c55cfc9d_0.trap.tar.br) (496 of 1074)
[2026-01-21 06:05:15] Scanning initutils.h.fed92853.trap (arguments.c.c55cfc9d_0.trap.tar.br) (497 of 1074)
[2026-01-21 06:05:15] Scanning signalfd.h.573a7cbf.trap (arguments.c.c55cfc9d_0.trap.tar.br) (498 of 1074)
[2026-01-21 06:05:15] Scanning signalfd.h.4e949c62.trap (arguments.c.c55cfc9d_0.trap.tar.br) (499 of 1074)
[2026-01-21 06:05:15] Scanning utils.h.58745b1b.trap (arguments.c.c55cfc9d_0.trap.tar.br) (500 of 1074)
[2026-01-21 06:05:15] Scanning version.h.38028676.trap (arguments.c.c55cfc9d_0.trap.tar.br) (501 of 1074)
[2026-01-21 06:05:15] Scanning arguments.c.c55cfc9d.trap (arguments.c.c55cfc9d_0.trap.tar.br) (502 of 1074)
[2026-01-21 06:05:15] Scanning stat.h.bc27ccf0.trap (lxc_monitord.c.72c8cefa_0.trap.tar.br) (503 of 1074)
[2026-01-21 06:05:15] Scanning features.h.3ae8f740.trap (lxccontainer.c.6855757f_0.trap.tar.br) (504 of 1074)
[2026-01-21 06:05:15] Scanning fcntl.h.5ecc059d.trap (monitor.c.ebbd1b42_0.trap.tar.br) (505 of 1074)
[2026-01-21 06:05:15] Scanning stdint.h.0059e47f.trap (monitor.c.ebbd1b42_0.trap.tar.br) (506 of 1074)
[2026-01-21 06:05:15] Scanning sysmacros.h.e6ffbd7e.trap (conf.c.2e45a0ac_0.trap.tar.br) (507 of 1074)
[2026-01-21 06:05:15] Scanning features.h.671948ae.trap (lxc_user_nic.c.d5036b9a_0.trap.tar.br) (508 of 1074)
[2026-01-21 06:05:15] Scanning types.h.9198824c.trap (lxc_user_nic.c.d5036b9a_0.trap.tar.br) (509 of 1074)
[2026-01-21 06:05:15] Scanning sysmacros.h.4ac56214.trap (conf.c.2e45a0ac_0.trap.tar.br) (510 of 1074)
[2026-01-21 06:05:15] Scanning stddef.h.7f32b753.trap (monitor.c.ebbd1b42_0.trap.tar.br) (511 of 1074)
[2026-01-21 06:05:16] Scanning unistd.h.6c33bee4.trap (lxc_user_nic.c.d5036b9a_0.trap.tar.br) (512 of 1074)
[2026-01-21 06:05:16] Scanning stddef.h.7eb78dbd.trap (monitor.c.ebbd1b42_0.trap.tar.br) (513 of 1074)
[2026-01-21 06:05:16] Scanning stdio.h.a839fce7.trap (monitor.c.ebbd1b42_0.trap.tar.br) (514 of 1074)
[2026-01-21 06:05:16] Scanning utsname.h.7c32ef24.trap (conf.c.2e45a0ac_0.trap.tar.br) (515 of 1074)
[2026-01-21 06:05:16] Scanning utsname.h.1bbec225.trap (conf.c.2e45a0ac_0.trap.tar.br) (516 of 1074)
[2026-01-21 06:05:16] Scanning statvfs.h.48de91cf.trap (conf.c.2e45a0ac_0.trap.tar.br) (517 of 1074)
[2026-01-21 06:05:16] Scanning stat.h.3fa22726.trap (lxc_user_nic.c.d5036b9a_0.trap.tar.br) (518 of 1074)
[2026-01-21 06:05:16] Scanning statvfs.h.617c2a4b.trap (conf.c.2e45a0ac_0.trap.tar.br) (519 of 1074)
[2026-01-21 06:05:16] Scanning termios-c_oflag.h.d3e78352.trap (conf.c.2e45a0ac_0.trap.tar.br) (520 of 1074)
[2026-01-21 06:05:16] Scanning termios-c_lflag.h.a068fde5.trap (conf.c.2e45a0ac_0.trap.tar.br) (521 of 1074)
[2026-01-21 06:05:16] Scanning termios.h.6868b7b6.trap (conf.c.2e45a0ac_0.trap.tar.br) (522 of 1074)
[2026-01-21 06:05:16] Scanning config.h.ffcd210e.trap (lxc_user_nic.c.d5036b9a_0.trap.tar.br) (523 of 1074)
[2026-01-21 06:05:16] Scanning config.h.73c63690.trap (lxc_monitord.c.72c8cefa_0.trap.tar.br) (524 of 1074)
[2026-01-21 06:05:16] Scanning config.h.eda5cbfc.trap (conf.c.2e45a0ac_0.trap.tar.br) (525 of 1074)
[2026-01-21 06:05:16] Scanning config.h.5a209cb0.trap (lxc_monitord.c.72c8cefa_0.trap.tar.br) (526 of 1074)
[2026-01-21 06:05:16] Scanning stddef.h.6261edf3.trap (namespace.c.c37ac378_0.trap.tar.br) (527 of 1074)
[2026-01-21 06:05:16] Scanning unistd.h.21cb8cb3.trap (namespace.c.c37ac378_0.trap.tar.br) (528 of 1074)
[2026-01-21 06:05:16] Scanning lxccontainer.h.d0a6cd59.trap (conf.c.2e45a0ac_0.trap.tar.br) (529 of 1074)
[2026-01-21 06:05:16] Scanning conf.h.a70a4d3f.trap (lxc_monitord.c.72c8cefa_0.trap.tar.br) (530 of 1074)
[2026-01-21 06:05:16] Scanning bdev.h.ba150b4e.trap (conf.c.2e45a0ac_0.trap.tar.br) (531 of 1074)
[2026-01-21 06:05:16] Scanning conf.h.623d06b1.trap (conf.c.2e45a0ac_0.trap.tar.br) (532 of 1074)
[2026-01-21 06:05:16] Scanning types.h.3cd73ad3.trap (namespace.c.c37ac378_0.trap.tar.br) (534 of 1074)
[2026-01-21 06:05:16] Scanning lxc_monitord.c.72c8cefa.trap (lxc_monitord.c.72c8cefa_0.trap.tar.br) (533 of 1074)
[2026-01-21 06:05:16] Scanning stat.h.133d925e.trap (namespace.c.c37ac378_0.trap.tar.br) (535 of 1074)
[2026-01-21 06:05:16] Scanning unistd.h.68bbad1f.trap (sync.c.40d97417_0.trap.tar.br) (536 of 1074)
[2026-01-21 06:05:16] Scanning confile_utils.h.3811b969.trap (conf.c.2e45a0ac_0.trap.tar.br) (537 of 1074)
[2026-01-21 06:05:16] Scanning fcntl.h.a7faa665.trap (namespace.c.c37ac378_0.trap.tar.br) (538 of 1074)
[2026-01-21 06:05:16] Scanning stdio.h.9730a49d.trap (namespace.c.c37ac378_0.trap.tar.br) (539 of 1074)
[2026-01-21 06:05:16] Scanning start.h.104062dd.trap (sync.c.40d97417_0.trap.tar.br) (540 of 1074)
[2026-01-21 06:05:16] Scanning sync.c.40d97417.trap (sync.c.40d97417_0.trap.tar.br) (541 of 1074)
[2026-01-21 06:05:16] Scanning namespace.c.c37ac378.trap (namespace.c.c37ac378_0.trap.tar.br) (542 of 1074)
[2026-01-21 06:05:16] Scanning confile_utils.h.ae0673c7.trap (conf.c.2e45a0ac_0.trap.tar.br) (543 of 1074)
[2026-01-21 06:05:16] Scanning paths.h.38028676.trap (conf.c.2e45a0ac_0.trap.tar.br) (544 of 1074)
[2026-01-21 06:05:16] Scanning mntent.h.904f43e3.trap (conf.c.2e45a0ac_0.trap.tar.br) (545 of 1074)
[2026-01-21 06:05:16] Scanning lxcaufs.h.b4056c11.trap (conf.c.2e45a0ac_0.trap.tar.br) (546 of 1074)
[2026-01-21 06:05:16] Scanning lxcoverlay.h.5b0f0966.trap (conf.c.2e45a0ac_0.trap.tar.br) (547 of 1074)
[2026-01-21 06:05:16] Scanning network.h.0f161217.trap (conf.c.2e45a0ac_0.trap.tar.br) (548 of 1074)
[2026-01-21 06:05:16] Scanning config.h.011a1015.trap (conf.c.2e45a0ac_0.trap.tar.br) (549 of 1074)
[2026-01-21 06:05:16] Scanning personality.h.182211d3.trap (conf.c.2e45a0ac_0.trap.tar.br) (550 of 1074)
[2026-01-21 06:05:16] Scanning conf.c.2e45a0ac.trap (conf.c.2e45a0ac_0.trap.tar.br) (551 of 1074)
[2026-01-21 06:05:16] Scanning malloc.h.bb3fb3a7.trap (commands.c.f5ec7303_0.trap.tar.br) (552 of 1074)
[2026-01-21 06:05:16] Scanning config.h.a2fc77b8.trap (lxc_user_nic.c.d5036b9a_0.trap.tar.br) (553 of 1074)
[2026-01-21 06:05:16] Scanning lxc_user_nic.c.d5036b9a.trap (lxc_user_nic.c.d5036b9a_0.trap.tar.br) (554 of 1074)
[2026-01-21 06:05:16] Scanning stddef.h.f0aef9e8.trap (commands.c.f5ec7303_0.trap.tar.br) (555 of 1074)
[2026-01-21 06:05:16] Scanning stddef.h.e4f27599.trap (commands.c.f5ec7303_0.trap.tar.br) (556 of 1074)
[2026-01-21 06:05:16] Scanning stddef.h.16c745fd.trap (commands.c.f5ec7303_0.trap.tar.br) (557 of 1074)
[2026-01-21 06:05:16] Scanning time.h.2f4b7a91.trap (commands.c.f5ec7303_0.trap.tar.br) (558 of 1074)
[2026-01-21 06:05:16] Scanning list.h.f08ea4d1.trap (commands.c.f5ec7303_0.trap.tar.br) (559 of 1074)
[2026-01-21 06:05:16] Scanning stddef.h.24d43a10.trap (commands.c.f5ec7303_0.trap.tar.br) (560 of 1074)
[2026-01-21 06:05:16] Scanning sched.h.e94e438f.trap (commands.c.f5ec7303_0.trap.tar.br) (561 of 1074)
[2026-01-21 06:05:16] Scanning start.h.574b5404.trap (commands.c.f5ec7303_0.trap.tar.br) (562 of 1074)
[2026-01-21 06:05:16] Scanning conf.h.1d6162d7.trap (commands.c.f5ec7303_0.trap.tar.br) (563 of 1074)
[2026-01-21 06:05:16] Scanning log.h.5158be26.trap (commands.c.f5ec7303_0.trap.tar.br) (564 of 1074)
[2026-01-21 06:05:16] Scanning lxccontainer.h.5df6ab81.trap (lxc_attach.c.80fd1b8a_0.trap.tar.br) (565 of 1074)
[2026-01-21 06:05:16] Scanning stddef.h.34ec51fd.trap (commands.c.f5ec7303_0.trap.tar.br) (566 of 1074)
[2026-01-21 06:05:16] Scanning lxc.h.e6ea1a8e.trap (commands.c.f5ec7303_0.trap.tar.br) (567 of 1074)
[2026-01-21 06:05:16] Scanning stat.h.b276ed2e.trap (commands.c.f5ec7303_0.trap.tar.br) (568 of 1074)
[2026-01-21 06:05:16] Scanning conf.h.a0f1fdcc.trap (lxc_attach.c.80fd1b8a_0.trap.tar.br) (569 of 1074)
[2026-01-21 06:05:16] Scanning console.h.4f274173.trap (lxc_attach.c.80fd1b8a_0.trap.tar.br) (570 of 1074)
[2026-01-21 06:05:16] Scanning mainloop.h.b069b560.trap (lxc_attach.c.80fd1b8a_0.trap.tar.br) (571 of 1074)
[2026-01-21 06:05:16] Scanning lxc_attach.c.80fd1b8a.trap (lxc_attach.c.80fd1b8a_0.trap.tar.br) (572 of 1074)
[2026-01-21 06:05:16] Scanning stddef.h.c9f35908.trap (rtnl.c.578e7046_0.trap.tar.br) (573 of 1074)
[2026-01-21 06:05:16] Scanning unistd.h.6d9129f5.trap (rtnl.c.578e7046_0.trap.tar.br) (574 of 1074)
[2026-01-21 06:05:16] Scanning features.h.e02024eb.trap (network.c.230a75fe_0.trap.tar.br) (575 of 1074)
[2026-01-21 06:05:16] Scanning inotify.h.75494bb0.trap (network.c.230a75fe_0.trap.tar.br) (577 of 1074)
[2026-01-21 06:05:16] Scanning inotify.h.0f425354.trap (network.c.230a75fe_0.trap.tar.br) (578 of 1074)
[2026-01-21 06:05:16] Scanning if_arp.h.278187ad.trap (network.c.230a75fe_0.trap.tar.br) (579 of 1074)
[2026-01-21 06:05:16] Scanning stddef.h.b803a72d.trap (monitor.c.ebbd1b42_0.trap.tar.br) (580 of 1074)
[2026-01-21 06:05:16] Scanning if_ether.h.61cdec49.trap (network.c.230a75fe_0.trap.tar.br) (581 of 1074)
[2026-01-21 06:05:16] Scanning types.h.b112262e.trap (monitor.c.ebbd1b42_0.trap.tar.br) (582 of 1074)
[2026-01-21 06:05:16] Scanning unistd.h.b0a7c149.trap (lxccontainer.c.6855757f_0.trap.tar.br) (583 of 1074)
[2026-01-21 06:05:16] Scanning unistd.h.3893ada8.trap (state.c.eb23587d_0.trap.tar.br) (584 of 1074)
[2026-01-21 06:05:16] Scanning byteswap.h.67303cdb.trap (lxccontainer.c.6855757f_0.trap.tar.br) (585 of 1074)
[2026-01-21 06:05:16] Scanning commands.h.c06c5a87.trap (state.c.eb23587d_0.trap.tar.br) (586 of 1074)
[2026-01-21 06:05:16] Scanning start.h.6e0e437e.trap (state.c.eb23587d_0.trap.tar.br) (587 of 1074)
[2026-01-21 06:05:16] Scanning uintn-identity.h.03e63cda.trap (lxccontainer.c.6855757f_0.trap.tar.br) (588 of 1074)
[2026-01-21 06:05:16] Scanning types.h.207f294d.trap (lxccontainer.c.6855757f_0.trap.tar.br) (589 of 1074)
[2026-01-21 06:05:16] Scanning conf.h.2597d1a2.trap (state.c.eb23587d_0.trap.tar.br) (590 of 1074)
[2026-01-21 06:05:16] Scanning signal.h.ef2f5e50.trap (lxccontainer.c.6855757f_0.trap.tar.br) (591 of 1074)
[2026-01-21 06:05:16] Scanning state.c.eb23587d.trap (state.c.eb23587d_0.trap.tar.br) (592 of 1074)
[2026-01-21 06:05:16] Scanning waitflags.h.27543c08.trap (lxccontainer.c.6855757f_0.trap.tar.br) (593 of 1074)
[2026-01-21 06:05:16] Scanning waitstatus.h.b830d2a7.trap (lxccontainer.c.6855757f_0.trap.tar.br) (594 of 1074)
[2026-01-21 06:05:16] Scanning wait.h.76aba2ec.trap (lxccontainer.c.6855757f_0.trap.tar.br) (595 of 1074)
[2026-01-21 06:05:16] Scanning config.h.466e0b7e.trap (lxccontainer.c.6855757f_0.trap.tar.br) (596 of 1074)
[2026-01-21 06:05:16] Scanning stdlib.h.978127de.trap (lxccontainer.c.6855757f_0.trap.tar.br) (597 of 1074)
[2026-01-21 06:05:16] Scanning features.h.b3227360.trap (parse.c.e0cdb6da_0.trap.tar.br) (598 of 1074)
[2026-01-21 06:05:16] Scanning dirent.h.84be9114.trap (parse.c.e0cdb6da_0.trap.tar.br) (599 of 1074)
[2026-01-21 06:05:16] Scanning parse.h.1269175c.trap (parse.c.e0cdb6da_0.trap.tar.br) (600 of 1074)
[2026-01-21 06:05:16] Scanning stat.h.bd7b5687.trap (parse.c.e0cdb6da_0.trap.tar.br) (601 of 1074)
[2026-01-21 06:05:16] Scanning ethernet.h.8012c022.trap (network.c.230a75fe_0.trap.tar.br) (602 of 1074)
[2026-01-21 06:05:16] Scanning const.h.3ccfe8fe.trap (network.c.230a75fe_0.trap.tar.br) (603 of 1074)
[2026-01-21 06:05:16] Scanning socket.h.9322e77c.trap (network.c.230a75fe_0.trap.tar.br) (604 of 1074)
[2026-01-21 06:05:16] Scanning netlink.h.ee63fb24.trap (network.c.230a75fe_0.trap.tar.br) (605 of 1074)
[2026-01-21 06:05:16] Scanning if_link.h.786b10ec.trap (network.c.230a75fe_0.trap.tar.br) (606 of 1074)
[2026-01-21 06:05:16] Scanning config.h.1916ef64.trap (start.c.c101387d_0.trap.tar.br) (607 of 1074)
[2026-01-21 06:05:16] Scanning features.h.3b29d3fe.trap (start.c.c101387d_0.trap.tar.br) (608 of 1074)
[2026-01-21 06:05:16] Scanning rtnl.h.988aa80c.trap (rtnl.c.578e7046_0.trap.tar.br) (576 of 1074)
[2026-01-21 06:05:16] Scanning rtnl.c.578e7046.trap (rtnl.c.578e7046_0.trap.tar.br) (609 of 1074)
[2026-01-21 06:05:16] Scanning stddef.h.61d8c3ba.trap (monitor.c.ebbd1b42_0.trap.tar.br) (610 of 1074)
[2026-01-21 06:05:16] Scanning stddef.h.1a53d647.trap (monitor.c.ebbd1b42_0.trap.tar.br) (611 of 1074)
[2026-01-21 06:05:16] Scanning stddef.h.c4561a82.trap (monitor.c.ebbd1b42_0.trap.tar.br) (612 of 1074)
[2026-01-21 06:05:16] Scanning unistd.h.ab99df61.trap (monitor.c.ebbd1b42_0.trap.tar.br) (613 of 1074)
[2026-01-21 06:05:16] Scanning if_addr.h.ba2b9186.trap (network.c.230a75fe_0.trap.tar.br) (614 of 1074)
[2026-01-21 06:05:16] Scanning neighbour.h.a6e6d928.trap (network.c.230a75fe_0.trap.tar.br) (615 of 1074)
[2026-01-21 06:05:16] Scanning rtnetlink.h.1d6b6946.trap (network.c.230a75fe_0.trap.tar.br) (616 of 1074)
[2026-01-21 06:05:16] Scanning features.h.4b4a1b3e.trap (lxc_autostart.c.9514959e_0.trap.tar.br) (618 of 1074)
[2026-01-21 06:05:16] Scanning lxccontainer.h.9aaf1c07.trap (lxccontainer.c.6855757f_0.trap.tar.br) (617 of 1074)
[2026-01-21 06:05:16] Scanning start.h.c87c9f0a.trap (lxc_autostart.c.9514959e_0.trap.tar.br) (619 of 1074)
[2026-01-21 06:05:16] Scanning sched.h.d196d9ff.trap (log.c.4ae942d5_0.trap.tar.br) (620 of 1074)
[2026-01-21 06:05:16] Scanning conf.h.03fe64de.trap (lxc_autostart.c.9514959e_0.trap.tar.br) (621 of 1074)
[2026-01-21 06:05:16] Scanning time.h.e5f4072b.trap (log.c.4ae942d5_0.trap.tar.br) (622 of 1074)
[2026-01-21 06:05:16] Scanning byteswap.h.dc356fe0.trap (lxccontainer.c.6855757f_0.trap.tar.br) (623 of 1074)
[2026-01-21 06:05:16] Scanning log.h.19a24ea7.trap (lxc_autostart.c.9514959e_0.trap.tar.br) (624 of 1074)
[2026-01-21 06:05:16] Scanning setjmp.h.703ffd1a.trap (log.c.4ae942d5_0.trap.tar.br) (625 of 1074)
[2026-01-21 06:05:16] Scanning pthread.h.f3d48394.trap (log.c.4ae942d5_0.trap.tar.br) (626 of 1074)
[2026-01-21 06:05:16] Scanning utils.h.4108020a.trap (lxc_autostart.c.9514959e_0.trap.tar.br) (627 of 1074)
[2026-01-21 06:05:16] Scanning stddef.h.e828628e.trap (monitor.c.ebbd1b42_0.trap.tar.br) (628 of 1074)
[2026-01-21 06:05:16] Scanning stddef.h.bfceb5a4.trap (monitor.c.ebbd1b42_0.trap.tar.br) (629 of 1074)
[2026-01-21 06:05:16] Scanning stddef.h.f487dc5e.trap (monitor.c.ebbd1b42_0.trap.tar.br) (630 of 1074)
[2026-01-21 06:05:16] Scanning lxc_autostart.c.9514959e.trap (lxc_autostart.c.9514959e_0.trap.tar.br) (631 of 1074)
[2026-01-21 06:05:16] Scanning cgroup.h.40115b28.trap (commands.c.f5ec7303_0.trap.tar.br) (632 of 1074)
[2026-01-21 06:05:16] Scanning stddef.h.13aae0f9.trap (monitor.c.ebbd1b42_0.trap.tar.br) (633 of 1074)
[2026-01-21 06:05:16] Scanning stddef.h.437e2871.trap (monitor.c.ebbd1b42_0.trap.tar.br) (634 of 1074)
[2026-01-21 06:05:16] Scanning stddef.h.c8942d92.trap (monitor.c.ebbd1b42_0.trap.tar.br) (635 of 1074)
[2026-01-21 06:05:16] Scanning commands.h.ddc98024.trap (commands.c.f5ec7303_0.trap.tar.br) (636 of 1074)
[2026-01-21 06:05:16] Scanning signal.h.2a9c6dd5.trap (monitor.c.ebbd1b42_0.trap.tar.br) (637 of 1074)
[2026-01-21 06:05:16] Scanning types.h.d49d16fc.trap (lxc_cgroup.c.72ddc7e3_0.trap.tar.br) (638 of 1074)
[2026-01-21 06:05:16] Scanning console.h.93b534d8.trap (commands.c.f5ec7303_0.trap.tar.br) (639 of 1074)
[2026-01-21 06:05:16] Scanning lxc.h.792798d7.trap (lxc_cgroup.c.72ddc7e3_0.trap.tar.br) (640 of 1074)
[2026-01-21 06:05:16] Scanning stat.h.66d72e59.trap (monitor.c.ebbd1b42_0.trap.tar.br) (641 of 1074)
[2026-01-21 06:05:16] Scanning attach_options.h.ca7e055b.trap (commands.c.f5ec7303_0.trap.tar.br) (642 of 1074)
[2026-01-21 06:05:16] Scanning start.h.a0c04697.trap (lxc_cgroup.c.72ddc7e3_0.trap.tar.br) (643 of 1074)
[2026-01-21 06:05:16] Scanning confile.h.9c09fc72.trap (commands.c.f5ec7303_0.trap.tar.br) (644 of 1074)
[2026-01-21 06:05:16] Scanning conf.h.8124981d.trap (lxc_cgroup.c.72ddc7e3_0.trap.tar.br) (645 of 1074)
[2026-01-21 06:05:16] Scanning file.h.bba3d557.trap (commands.c.f5ec7303_0.trap.tar.br) (646 of 1074)
[2026-01-21 06:05:16] Scanning semaphore.h.7bf4bec9.trap (commands.c.f5ec7303_0.trap.tar.br) (647 of 1074)
[2026-01-21 06:05:16] Scanning semaphore.h.52c8de26.trap (commands.c.f5ec7303_0.trap.tar.br) (648 of 1074)
[2026-01-21 06:05:16] Scanning wait.h.babea0cd.trap (monitor.c.ebbd1b42_0.trap.tar.br) (649 of 1074)
[2026-01-21 06:05:16] Scanning lxclock.h.8ca8cd9c.trap (commands.c.f5ec7303_0.trap.tar.br) (650 of 1074)
[2026-01-21 06:05:16] Scanning arguments.h.28770038.trap (lxc_cgroup.c.72ddc7e3_0.trap.tar.br) (651 of 1074)
[2026-01-21 06:05:16] Scanning time.h.15ecace9.trap (monitor.c.ebbd1b42_0.trap.tar.br) (652 of 1074)
[2026-01-21 06:05:16] Scanning mainloop.h.197a6975.trap (commands.c.f5ec7303_0.trap.tar.br) (653 of 1074)
[2026-01-21 06:05:16] Scanning limits.h.e3b102db.trap (commands.c.f5ec7303_0.trap.tar.br) (654 of 1074)
[2026-01-21 06:05:16] Scanning lxc_cgroup.c.72ddc7e3.trap (lxc_cgroup.c.72ddc7e3_0.trap.tar.br) (655 of 1074)
[2026-01-21 06:05:16] Scanning sched.h.f2536e0f.trap (monitor.c.ebbd1b42_0.trap.tar.br) (656 of 1074)
[2026-01-21 06:05:16] Scanning monitor.h.1c413266.trap (commands.c.f5ec7303_0.trap.tar.br) (657 of 1074)
[2026-01-21 06:05:16] Scanning af_unix.h.2eac3da6.trap (commands.c.f5ec7303_0.trap.tar.br) (658 of 1074)
[2026-01-21 06:05:16] Scanning lxclock.h.358cf6ff.trap (monitor.c.ebbd1b42_0.trap.tar.br) (659 of 1074)
[2026-01-21 06:05:16] Scanning stddef.h.f564c739.trap (start.c.c101387d_0.trap.tar.br) (660 of 1074)
[2026-01-21 06:05:16] Scanning commands.c.f5ec7303.trap (commands.c.f5ec7303_0.trap.tar.br) (661 of 1074)
[2026-01-21 06:05:16] Scanning monitor.c.ebbd1b42.trap (monitor.c.ebbd1b42_0.trap.tar.br) (662 of 1074)
[2026-01-21 06:05:16] Scanning dirent.h.f174ffbc.trap (start.c.c101387d_0.trap.tar.br) (663 of 1074)
[2026-01-21 06:05:16] Scanning posix1_lim.h.2e148293.trap (start.c.c101387d_0.trap.tar.br) (664 of 1074)
[2026-01-21 06:05:16] Scanning stddef.h.f7d3873c.trap (start.c.c101387d_0.trap.tar.br) (665 of 1074)
[2026-01-21 06:05:16] Scanning dirent_ext.h.ab4d4d87.trap (start.c.c101387d_0.trap.tar.br) (666 of 1074)
[2026-01-21 06:05:16] Scanning dirent.h.12ed5c0b.trap (start.c.c101387d_0.trap.tar.br) (667 of 1074)
[2026-01-21 06:05:16] Scanning byteswap.h.0ed4aa46.trap (lxccontainer.c.6855757f_0.trap.tar.br) (668 of 1074)
[2026-01-21 06:05:16] Scanning lxcbtrfs.h.53d32f37.trap (lxccontainer.c.6855757f_0.trap.tar.br) (669 of 1074)
[2026-01-21 06:05:16] Scanning error_t.h.318d79a3.trap (start.c.c101387d_0.trap.tar.br) (670 of 1074)
[2026-01-21 06:05:16] Scanning errno.h.6822b3ad.trap (start.c.c101387d_0.trap.tar.br) (671 of 1074)
[2026-01-21 06:05:16] Scanning falloc.h.38028676.trap (start.c.c101387d_0.trap.tar.br) (672 of 1074)
[2026-01-21 06:05:16] Scanning fcntl-linux.h.85f1d84a.trap (start.c.c101387d_0.trap.tar.br) (673 of 1074)
[2026-01-21 06:05:16] Scanning config.h.e2885318.trap (lxccontainer.c.6855757f_0.trap.tar.br) (674 of 1074)
[2026-01-21 06:05:16] Scanning list.h.1e48794b.trap (lxccontainer.c.6855757f_0.trap.tar.br) (675 of 1074)
[2026-01-21 06:05:16] Scanning start.h.327dec8e.trap (lxccontainer.c.6855757f_0.trap.tar.br) (676 of 1074)
[2026-01-21 06:05:16] Scanning conf.h.f4fd4f30.trap (lxccontainer.c.6855757f_0.trap.tar.br) (677 of 1074)
[2026-01-21 06:05:16] Scanning sockios.h.b6dac2c6.trap (network.c.230a75fe_0.trap.tar.br) (678 of 1074)
[2026-01-21 06:05:16] Scanning nl.h.9c28c21c.trap (network.c.230a75fe_0.trap.tar.br) (679 of 1074)
[2026-01-21 06:05:16] Scanning config.h.7b0fe75f.trap (network.c.230a75fe_0.trap.tar.br) (680 of 1074)
[2026-01-21 06:05:16] Scanning lxc.h.833bdae1.trap (lxccontainer.c.6855757f_0.trap.tar.br) (681 of 1074)
[2026-01-21 06:05:16] Scanning stat.h.827a2c27.trap (parse.c.e0cdb6da_0.trap.tar.br) (682 of 1074)
[2026-01-21 06:05:16] Scanning stat.h.bed6da8a.trap (lxccontainer.c.6855757f_0.trap.tar.br) (683 of 1074)
[2026-01-21 06:05:16] Scanning lxccontainer.c.6855757f.trap (lxccontainer.c.6855757f_0.trap.tar.br) (684 of 1074)
[2026-01-21 06:05:16] Scanning fcntl.h.2dc3b9e4.trap (start.c.c101387d_0.trap.tar.br) (685 of 1074)
[2026-01-21 06:05:16] Scanning stat.h.3d951a01.trap (start.c.c101387d_0.trap.tar.br) (686 of 1074)
[2026-01-21 06:05:16] Scanning fcntl.h.34c15dd8.trap (start.c.c101387d_0.trap.tar.br) (687 of 1074)
[2026-01-21 06:05:16] Scanning stddef.h.fbd4946d.trap (start.c.c101387d_0.trap.tar.br) (688 of 1074)
[2026-01-21 06:05:16] Scanning stddef.h.a82f6269.trap (start.c.c101387d_0.trap.tar.br) (689 of 1074)
[2026-01-21 06:05:16] Scanning grp.h.f4b2d21d.trap (start.c.c101387d_0.trap.tar.br) (690 of 1074)
[2026-01-21 06:05:16] Scanning poll.h.2bf96afd.trap (start.c.c101387d_0.trap.tar.br) (691 of 1074)
[2026-01-21 06:05:16] Scanning config.h.3581c233.trap (network.c.230a75fe_0.trap.tar.br) (692 of 1074)
[2026-01-21 06:05:16] Scanning poll.h.6aa2b5df.trap (start.c.c101387d_0.trap.tar.br) (693 of 1074)
[2026-01-21 06:05:16] Scanning network.c.230a75fe.trap (network.c.230a75fe_0.trap.tar.br) (694 of 1074)
[2026-01-21 06:05:16] Scanning signum-generic.h.585fb1ac.trap (start.c.c101387d_0.trap.tar.br) (695 of 1074)
[2026-01-21 06:05:16] Scanning siginfo-consts-arch.h.38028676.trap (start.c.c101387d_0.trap.tar.br) (696 of 1074)
[2026-01-21 06:05:16] Scanning siginfo-consts.h.2e5547e0.trap (start.c.c101387d_0.trap.tar.br) (697 of 1074)
[2026-01-21 06:05:16] Scanning sigaction.h.578a9810.trap (start.c.c101387d_0.trap.tar.br) (698 of 1074)
[2026-01-21 06:05:16] Scanning fcntl.h.18fb5d70.trap (log.c.4ae942d5_0.trap.tar.br) (699 of 1074)
[2026-01-21 06:05:16] Scanning ucontext.h.3fa63ea3.trap (start.c.c101387d_0.trap.tar.br) (700 of 1074)
[2026-01-21 06:05:16] Scanning pthreadtypes.h.a5529ac3.trap (start.c.c101387d_0.trap.tar.br) (701 of 1074)
[2026-01-21 06:05:16] Scanning sigthread.h.8377504b.trap (start.c.c101387d_0.trap.tar.br) (702 of 1074)
[2026-01-21 06:05:16] Scanning signal_ext.h.092b82de.trap (start.c.c101387d_0.trap.tar.br) (703 of 1074)
[2026-01-21 06:05:16] Scanning signal.h.b659aec7.trap (start.c.c101387d_0.trap.tar.br) (704 of 1074)
[2026-01-21 06:05:16] Scanning libc-header-start.h.f02a2e6d.trap (start.c.c101387d_0.trap.tar.br) (705 of 1074)
[2026-01-21 06:05:16] Scanning cookie_io_functions_t.h.338c2fc8.trap (start.c.c101387d_0.trap.tar.br) (706 of 1074)
[2026-01-21 06:05:16] Scanning stdio_lim.h.92b68805.trap (start.c.c101387d_0.trap.tar.br) (707 of 1074)
[2026-01-21 06:05:16] Scanning sys_errlist.h.ad994c85.trap (start.c.c101387d_0.trap.tar.br) (708 of 1074)
[2026-01-21 06:05:16] Scanning stdio.h.41d60b28.trap (start.c.c101387d_0.trap.tar.br) (709 of 1074)
[2026-01-21 06:05:16] Scanning stdio.h.8fa65215.trap (start.c.c101387d_0.trap.tar.br) (710 of 1074)
[2026-01-21 06:05:16] Scanning libc-header-start.h.fe929725.trap (start.c.c101387d_0.trap.tar.br) (711 of 1074)
[2026-01-21 06:05:16] Scanning waitflags.h.b5c48526.trap (start.c.c101387d_0.trap.tar.br) (712 of 1074)
[2026-01-21 06:05:16] Scanning config.h.a0796d84.trap (log.c.4ae942d5_0.trap.tar.br) (713 of 1074)
[2026-01-21 06:05:16] Scanning select.h.d76c50c4.trap (start.c.c101387d_0.trap.tar.br) (714 of 1074)
[2026-01-21 06:05:16] Scanning types.h.245bd157.trap (start.c.c101387d_0.trap.tar.br) (715 of 1074)
[2026-01-21 06:05:16] Scanning lxccontainer.h.e92444a5.trap (lxc_config.c.4805264e_0.trap.tar.br) (716 of 1074)
[2026-01-21 06:05:16] Scanning stdlib.h.1af66d5a.trap (start.c.c101387d_0.trap.tar.br) (717 of 1074)
[2026-01-21 06:05:16] Scanning lxc_config.c.4805264e.trap (lxc_config.c.4805264e_0.trap.tar.br) (718 of 1074)
[2026-01-21 06:05:16] Scanning lxc_device.c.432eb966.trap (lxc_device.c.432eb966_0.trap.tar.br) (719 of 1074)
[2026-01-21 06:05:16] Scanning libc-header-start.h.b4e16bdb.trap (start.c.c101387d_0.trap.tar.br) (720 of 1074)
[2026-01-21 06:05:16] Scanning strings.h.94e57971.trap (start.c.c101387d_0.trap.tar.br) (721 of 1074)
[2026-01-21 06:05:16] Scanning string.h.fd85e7e4.trap (start.c.c101387d_0.trap.tar.br) (722 of 1074)
[2026-01-21 06:05:16] Scanning waitflags.h.edfaf676.trap (lxc_checkpoint.c.4765d62f_0.trap.tar.br) (723 of 1074)
[2026-01-21 06:05:16] Scanning wait.h.9d47fb42.trap (lxc_checkpoint.c.4765d62f_0.trap.tar.br) (724 of 1074)
[2026-01-21 06:05:16] Scanning stdlib.h.52315995.trap (lxc_checkpoint.c.4765d62f_0.trap.tar.br) (725 of 1074)
[2026-01-21 06:05:16] Scanning posix_opt.h.e08b21cf.trap (start.c.c101387d_0.trap.tar.br) (726 of 1074)
[2026-01-21 06:05:16] Scanning getopt_posix.h.4bb115f9.trap (start.c.c101387d_0.trap.tar.br) (727 of 1074)
[2026-01-21 06:05:16] Scanning unistd_ext.h.6ca07c08.trap (start.c.c101387d_0.trap.tar.br) (728 of 1074)
[2026-01-21 06:05:16] Scanning unistd.h.b87ae480.trap (start.c.c101387d_0.trap.tar.br) (729 of 1074)
[2026-01-21 06:05:16] Scanning config.h.63059675.trap (log.c.4ae942d5_0.trap.tar.br) (730 of 1074)
[2026-01-21 06:05:16] Scanning sigthread.h.18fb54c6.trap (log.c.4ae942d5_0.trap.tar.br) (731 of 1074)
[2026-01-21 06:05:16] Scanning signal.h.8679d20e.trap (log.c.4ae942d5_0.trap.tar.br) (732 of 1074)
[2026-01-21 06:05:16] Scanning libc-header-start.h.6e24b3e7.trap (start.c.c101387d_0.trap.tar.br) (733 of 1074)
[2026-01-21 06:05:16] Scanning lxccontainer.h.ef214080.trap (log.c.4ae942d5_0.trap.tar.br) (734 of 1074)
[2026-01-21 06:05:16] Scanning uio_lim.h.38028676.trap (start.c.c101387d_0.trap.tar.br) (735 of 1074)
[2026-01-21 06:05:16] Scanning xopen_lim.h.d6ac9609.trap (start.c.c101387d_0.trap.tar.br) (736 of 1074)
[2026-01-21 06:05:16] Scanning limits.h.82444f58.trap (start.c.c101387d_0.trap.tar.br) (737 of 1074)
[2026-01-21 06:05:16] Scanning limits.h.a99ebffa.trap (start.c.c101387d_0.trap.tar.br) (738 of 1074)
[2026-01-21 06:05:16] Scanning prctl.h.5d7c6980.trap (start.c.c101387d_0.trap.tar.br) (739 of 1074)
[2026-01-21 06:05:16] Scanning prctl.h.2d18dbe1.trap (start.c.c101387d_0.trap.tar.br) (740 of 1074)
[2026-01-21 06:05:16] Scanning socket.h.b4ed60c5.trap (start.c.c101387d_0.trap.tar.br) (741 of 1074)
[2026-01-21 06:05:16] Scanning socket.h.f145e395.trap (start.c.c101387d_0.trap.tar.br) (742 of 1074)
[2026-01-21 06:05:16] Scanning features.h.8f15dbb9.trap (lxc_execute.c.85a7fe9c_0.trap.tar.br) (743 of 1074)
[2026-01-21 06:05:16] Scanning log.c.4ae942d5.trap (log.c.4ae942d5_0.trap.tar.br) (744 of 1074)
[2026-01-21 06:05:16] Scanning config.h.7ef545e7.trap (lxc_execute.c.85a7fe9c_0.trap.tar.br) (745 of 1074)
[2026-01-21 06:05:16] Scanning config.h.d30ba812.trap (lxc_execute.c.85a7fe9c_0.trap.tar.br) (746 of 1074)
[2026-01-21 06:05:16] Scanning stat.h.0f3ce1f6.trap (start.c.c101387d_0.trap.tar.br) (747 of 1074)
[2026-01-21 06:05:16] Scanning config.h.6a05deaf.trap (lxc_destroy.c.fed14073_0.trap.tar.br) (748 of 1074)
[2026-01-21 06:05:16] Scanning conf.h.6a499708.trap (lxc_execute.c.85a7fe9c_0.trap.tar.br) (749 of 1074)
[2026-01-21 06:05:16] Scanning features.h.4418b1c4.trap (lxc_destroy.c.fed14073_0.trap.tar.br) (750 of 1074)
[2026-01-21 06:05:16] Scanning config.h.2b9c349e.trap (lxc_destroy.c.fed14073_0.trap.tar.br) (751 of 1074)
[2026-01-21 06:05:16] Scanning lxc_destroy.c.fed14073.trap (lxc_destroy.c.fed14073_0.trap.tar.br) (752 of 1074)
[2026-01-21 06:05:16] Scanning conf.h.0e475d65.trap (lxc_info.c.457d7b46_0.trap.tar.br) (753 of 1074)
[2026-01-21 06:05:16] Scanning lxc_execute.c.85a7fe9c.trap (lxc_execute.c.85a7fe9c_0.trap.tar.br) (754 of 1074)
[2026-01-21 06:05:16] Scanning lxc_info.c.457d7b46.trap (lxc_info.c.457d7b46_0.trap.tar.br) (755 of 1074)
[2026-01-21 06:05:16] Scanning start.h.069b125a.trap (lxc_checkpoint.c.4765d62f_0.trap.tar.br) (756 of 1074)
[2026-01-21 06:05:16] Scanning socket.h.1f5ae665.trap (parse.c.e0cdb6da_0.trap.tar.br) (757 of 1074)
[2026-01-21 06:05:16] Scanning conf.h.9a420f52.trap (lxc_checkpoint.c.4765d62f_0.trap.tar.br) (758 of 1074)
[2026-01-21 06:05:16] Scanning sigevent_t.h.8984fff2.trap (parse.c.e0cdb6da_0.trap.tar.br) (759 of 1074)
[2026-01-21 06:05:16] Scanning parse.c.e0cdb6da.trap (parse.c.e0cdb6da_0.trap.tar.br) (760 of 1074)
[2026-01-21 06:05:16] Scanning unistd.h.bea0ae66.trap (lxc_create.c.badc020b_0.trap.tar.br) (761 of 1074)
[2026-01-21 06:05:16] Scanning types.h.48e5c14b.trap (lxc_create.c.badc020b_0.trap.tar.br) (762 of 1074)
[2026-01-21 06:05:16] Scanning features.h.2915f67f.trap (lxc_init.c.cc7af797_0.trap.tar.br) (763 of 1074)
[2026-01-21 06:05:16] Scanning config.h.4d0b2558.trap (lxc_init.c.cc7af797_0.trap.tar.br) (764 of 1074)
[2026-01-21 06:05:16] Scanning signal.h.6ce08e1a.trap (lxc_create.c.badc020b_0.trap.tar.br) (765 of 1074)
[2026-01-21 06:05:16] Scanning struct_statx_timestamp.h.eefcbf7b.trap (start.c.c101387d_0.trap.tar.br) (766 of 1074)
[2026-01-21 06:05:16] Scanning struct_statx.h.9626487e.trap (start.c.c101387d_0.trap.tar.br) (767 of 1074)
[2026-01-21 06:05:16] Scanning statx-generic.h.3c88d902.trap (start.c.c101387d_0.trap.tar.br) (768 of 1074)
[2026-01-21 06:05:16] Scanning statx.h.fcd0fb5c.trap (start.c.c101387d_0.trap.tar.br) (769 of 1074)
[2026-01-21 06:05:16] Scanning features.h.0d0d70b8.trap (lxc_console.c.3c9a38e9_0.trap.tar.br) (770 of 1074)
[2026-01-21 06:05:16] Scanning stat.h.3dae8453.trap (lxc_checkpoint.c.4765d62f_0.trap.tar.br) (771 of 1074)
[2026-01-21 06:05:16] Scanning types.h.938548ff.trap (lxc_console.c.3c9a38e9_0.trap.tar.br) (772 of 1074)
[2026-01-21 06:05:16] Scanning unistd.h.181d1b0f.trap (lxc_console.c.3c9a38e9_0.trap.tar.br) (773 of 1074)
[2026-01-21 06:05:16] Scanning stat.h.527be3c8.trap (lxc_create.c.badc020b_0.trap.tar.br) (774 of 1074)
[2026-01-21 06:05:16] Scanning config.h.0bbb2b78.trap (lxc_init.c.cc7af797_0.trap.tar.br) (775 of 1074)
[2026-01-21 06:05:16] Scanning fcntl.h.059fc29d.trap (lxc_checkpoint.c.4765d62f_0.trap.tar.br) (776 of 1074)
[2026-01-21 06:05:16] Scanning lxc_checkpoint.c.4765d62f.trap (lxc_checkpoint.c.4765d62f_0.trap.tar.br) (777 of 1074)
[2026-01-21 06:05:16] Scanning lxc_create.c.badc020b.trap (lxc_create.c.badc020b_0.trap.tar.br) (778 of 1074)
[2026-01-21 06:05:16] Scanning regex.h.fccc388d.trap (lxc_monitor.c.66bceb18_0.trap.tar.br) (779 of 1074)
[2026-01-21 06:05:16] Scanning lxc.h.c2cc8e26.trap (lxc_monitor.c.66bceb18_0.trap.tar.br) (780 of 1074)
[2026-01-21 06:05:16] Scanning lxccontainer.h.1276e9fa.trap (lxc_monitor.c.66bceb18_0.trap.tar.br) (781 of 1074)
[2026-01-21 06:05:16] Scanning lxc_monitor.c.66bceb18.trap (lxc_monitor.c.66bceb18_0.trap.tar.br) (782 of 1074)
[2026-01-21 06:05:16] Scanning lxc_stop.c.360fe16f.trap (lxc_stop.c.360fe16f_0.trap.tar.br) (783 of 1074)
[2026-01-21 06:05:16] Scanning start.h.854613e3.trap (lxc_start.c.b095012e_0.trap.tar.br) (784 of 1074)
[2026-01-21 06:05:16] Scanning conf.h.396e9173.trap (lxc_start.c.b095012e_0.trap.tar.br) (785 of 1074)
[2026-01-21 06:05:16] Scanning lxc_start.c.b095012e.trap (lxc_start.c.b095012e_0.trap.tar.br) (786 of 1074)
[2026-01-21 06:05:16] Scanning lxc_freeze.c.703d85e4.trap (lxc_freeze.c.703d85e4_0.trap.tar.br) (787 of 1074)
[2026-01-21 06:05:16] Scanning config.h.cf882b24.trap (lxc_copy.c.50a2ed67_0.trap.tar.br) (788 of 1074)
[2026-01-21 06:05:16] Scanning sigevent_t.h.d87074f0.trap (lxc_usernsexec.c.c1286681_0.trap.tar.br) (789 of 1074)
[2026-01-21 06:05:16] Scanning 34650191_0.trap.br (790 of 1074)
[2026-01-21 06:05:16] Scanning features.h.956d239b.trap (lxc_copy.c.50a2ed67_0.trap.tar.br) (791 of 1074)
[2026-01-21 06:05:16] Scanning lxc_init.c.cc7af797.trap (lxc_init.c.cc7af797_0.trap.tar.br) (792 of 1074)
[2026-01-21 06:05:16] Scanning wait.h.fe581b5f.trap (lxc_copy.c.50a2ed67_0.trap.tar.br) (793 of 1074)
[2026-01-21 06:05:16] Scanning attach.h.fb240b0a.trap (lxc_copy.c.50a2ed67_0.trap.tar.br) (794 of 1074)
[2026-01-21 06:05:16] Scanning config.h.fd3099c1.trap (lxc_copy.c.50a2ed67_0.trap.tar.br) (795 of 1074)
[2026-01-21 06:05:16] Scanning conf.h.db8c41f6.trap (lxc_copy.c.50a2ed67_0.trap.tar.br) (796 of 1074)
[2026-01-21 06:05:16] Scanning log.h.42f86a43.trap (lxc_copy.c.50a2ed67_0.trap.tar.br) (797 of 1074)
[2026-01-21 06:05:16] Scanning lxc_snapshot.c.c68f5dce.trap (lxc_snapshot.c.c68f5dce_0.trap.tar.br) (798 of 1074)
[2026-01-21 06:05:16] Scanning arguments.h.5aa1dd16.trap (lxc_copy.c.50a2ed67_0.trap.tar.br) (799 of 1074)
[2026-01-21 06:05:16] Scanning lxc_copy.c.50a2ed67.trap (lxc_copy.c.50a2ed67_0.trap.tar.br) (800 of 1074)
[2026-01-21 06:05:16] Scanning 30560014_0.trap.br (801 of 1074)
[2026-01-21 06:05:16] Scanning 61212939_0.trap.br (802 of 1074)
[2026-01-21 06:05:16] Scanning 36329132_0.trap.br (803 of 1074)
[2026-01-21 06:05:16] Scanning 52948716_0.trap.br (804 of 1074)
[2026-01-21 06:05:16] Scanning 58953573_0.trap.br (805 of 1074)
[2026-01-21 06:05:16] Scanning 66763005_0.trap.br (806 of 1074)
[2026-01-21 06:05:16] Scanning 14949403_0.trap.br (807 of 1074)
[2026-01-21 06:05:16] Scanning stat.h.09487809.trap (start.c.c101387d_0.trap.tar.br) (808 of 1074)
[2026-01-21 06:05:16] Scanning un.h.467ca199.trap (start.c.c101387d_0.trap.tar.br) (809 of 1074)
[2026-01-21 06:05:16] Scanning grp.h.e9d0f36d.trap (lxc_usernsexec.c.c1286681_0.trap.tar.br) (810 of 1074)
[2026-01-21 06:05:16] Scanning start.h.47d4fde1.trap (lxc_usernsexec.c.c1286681_0.trap.tar.br) (811 of 1074)
[2026-01-21 06:05:16] Scanning lxc_usernsexec.c.c1286681.trap (lxc_usernsexec.c.c1286681_0.trap.tar.br) (812 of 1074)
[2026-01-21 06:05:16] Scanning stat.h.55f7fb92.trap (lxc_console.c.3c9a38e9_0.trap.tar.br) (813 of 1074)
[2026-01-21 06:05:16] Scanning 25383891_0.trap.br (814 of 1074)
[2026-01-21 06:05:16] Scanning wait.h.100c568b.trap (start.c.c101387d_0.trap.tar.br) (815 of 1074)
[2026-01-21 06:05:16] Scanning 37498323_0.trap.br (816 of 1074)
[2026-01-21 06:05:16] Scanning config.h.af945996.trap (start.c.c101387d_0.trap.tar.br) (817 of 1074)
[2026-01-21 06:05:16] Scanning 25591880_0.trap.br (818 of 1074)
[2026-01-21 06:05:16] Scanning libc-header-start.h.5228f939.trap (start.c.c101387d_0.trap.tar.br) (819 of 1074)
[2026-01-21 06:05:16] Scanning stdint.h.8bf4b5c3.trap (start.c.c101387d_0.trap.tar.br) (820 of 1074)
[2026-01-21 06:05:16] Scanning 47145330_0.trap.br (821 of 1074)
[2026-01-21 06:05:16] Scanning 60360625_0.trap.br (822 of 1074)
[2026-01-21 06:05:16] Scanning lxc_wait.c.ede2ca54.trap (lxc_wait.c.ede2ca54_0.trap.tar.br) (823 of 1074)
[2026-01-21 06:05:16] Scanning stddef.h.ecb2bd42.trap (start.c.c101387d_0.trap.tar.br) (824 of 1074)
[2026-01-21 06:05:16] Scanning 62806873_0.trap.br (825 of 1074)
[2026-01-21 06:05:16] Scanning semaphore.h.6c86c22d.trap (start.c.c101387d_0.trap.tar.br) (826 of 1074)
[2026-01-21 06:05:16] Scanning lxccontainer.h.79748eee.trap (start.c.c101387d_0.trap.tar.br) (827 of 1074)
[2026-01-21 06:05:16] Scanning 46953104_0.trap.br (828 of 1074)
[2026-01-21 06:05:16] Scanning 13178185_0.trap.br (829 of 1074)
[2026-01-21 06:05:16] Scanning 22171740_0.trap.br (830 of 1074)
[2026-01-21 06:05:16] Scanning lxc_unfreeze.c.49327ae4.trap (lxc_unfreeze.c.49327ae4_0.trap.tar.br) (831 of 1074)
[2026-01-21 06:05:16] Scanning signal.h.cc9cfb2e.trap (lxc_top.c.4fcaea93_0.trap.tar.br) (832 of 1074)
[2026-01-21 06:05:16] Scanning bdev.h.8a2332d4.trap (start.c.c101387d_0.trap.tar.br) (833 of 1074)
[2026-01-21 06:05:16] Scanning caps.h.9c247ed7.trap (start.c.c101387d_0.trap.tar.br) (834 of 1074)
[2026-01-21 06:05:16] Scanning in.h.400f8a6f.trap (start.c.c101387d_0.trap.tar.br) (835 of 1074)
[2026-01-21 06:05:16] Scanning types.h.52cb3fa0.trap (lxc_top.c.4fcaea93_0.trap.tar.br) (836 of 1074)
[2026-01-21 06:05:16] Scanning 24394432_0.trap.br (837 of 1074)
[2026-01-21 06:05:16] Scanning termios.h.a68a6a09.trap (lxc_top.c.4fcaea93_0.trap.tar.br) (838 of 1074)
[2026-01-21 06:05:16] Scanning struct_rusage.h.dacfed55.trap (start.c.c101387d_0.trap.tar.br) (839 of 1074)
[2026-01-21 06:05:16] Scanning 27152766_0.trap.br (840 of 1074)
[2026-01-21 06:05:16] Scanning commands.h.7ee837f6.trap (lxc_console.c.3c9a38e9_0.trap.tar.br) (841 of 1074)
[2026-01-21 06:05:16] Scanning unistd.h.062eb640.trap (lxc_top.c.4fcaea93_0.trap.tar.br) (842 of 1074)
[2026-01-21 06:05:16] Scanning 62637940_0.trap.br (843 of 1074)
[2026-01-21 06:05:16] Scanning 64072921_0.trap.br (844 of 1074)
[2026-01-21 06:05:16] Scanning config.h.5f575650.trap (lxc_console.c.3c9a38e9_0.trap.tar.br) (845 of 1074)
[2026-01-21 06:05:16] Scanning config.h.c8999a78.trap (lxc_console.c.3c9a38e9_0.trap.tar.br) (846 of 1074)
[2026-01-21 06:05:16] Scanning start.h.c2fcb778.trap (lxc_console.c.3c9a38e9_0.trap.tar.br) (847 of 1074)
[2026-01-21 06:05:16] Scanning 12007953_0.trap.br (848 of 1074)
[2026-01-21 06:05:16] Scanning conf.h.c3c82f33.trap (lxc_console.c.3c9a38e9_0.trap.tar.br) (849 of 1074)
[2026-01-21 06:05:16] Scanning 27036464_0.trap.br (850 of 1074)
[2026-01-21 06:05:16] Scanning 24297166_0.trap.br (851 of 1074)
[2026-01-21 06:05:16] Scanning features.h.0a356a4f.trap (lxc_ls.c.84f9b436_0.trap.tar.br) (852 of 1074)
[2026-01-21 06:05:16] Scanning 20903887_0.trap.br (853 of 1074)
[2026-01-21 06:05:16] Scanning 42448053_0.trap.br (854 of 1074)
[2026-01-21 06:05:16] Scanning 51249022_0.trap.br (855 of 1074)
[2026-01-21 06:05:16] Scanning 13111551_0.trap.br (856 of 1074)
[2026-01-21 06:05:16] Scanning resource.h.5ff6e6ed.trap (start.c.c101387d_0.trap.tar.br) (857 of 1074)
[2026-01-21 06:05:16] Scanning 13878955_0.trap.br (858 of 1074)
[2026-01-21 06:05:16] Scanning resource.h.98ea0bfa.trap (start.c.c101387d_0.trap.tar.br) (859 of 1074)
[2026-01-21 06:05:16] Scanning time.h.5c29cc92.trap (lxc_top.c.4fcaea93_0.trap.tar.br) (860 of 1074)
[2026-01-21 06:05:16] Scanning list.h.9bf5659d.trap (start.c.c101387d_0.trap.tar.br) (861 of 1074)
[2026-01-21 06:05:16] Scanning 61742428_0.trap.br (862 of 1074)
[2026-01-21 06:05:16] Scanning 19412951_0.trap.br (863 of 1074)
[2026-01-21 06:05:16] Scanning types.h.c2bbd82b.trap (lxc_ls.c.84f9b436_0.trap.tar.br) (864 of 1074)
[2026-01-21 06:05:16] Scanning 37197447_0.trap.br (865 of 1074)
[2026-01-21 06:05:16] Scanning 40614812_0.trap.br (866 of 1074)
[2026-01-21 06:05:16] Scanning sched.h.47d59fc7.trap (lxc_top.c.4fcaea93_0.trap.tar.br) (867 of 1074)
[2026-01-21 06:05:16] Scanning 32052477_0.trap.br (868 of 1074)
[2026-01-21 06:05:16] Scanning 53807049_0.trap.br (869 of 1074)
[2026-01-21 06:05:16] Scanning 18148764_0.trap.br (870 of 1074)
[2026-01-21 06:05:16] Scanning mainloop.h.ed318618.trap (lxc_console.c.3c9a38e9_0.trap.tar.br) (871 of 1074)
[2026-01-21 06:05:16] Scanning pwd.h.12b056c0.trap (lxc_unshare.c.800d00fb_0.trap.tar.br) (872 of 1074)
[2026-01-21 06:05:16] Scanning lxc_console.c.3c9a38e9.trap (lxc_console.c.3c9a38e9_0.trap.tar.br) (873 of 1074)
[2026-01-21 06:05:16] Scanning wait.h.b3fa3b9b.trap (lxc_unshare.c.800d00fb_0.trap.tar.br) (874 of 1074)
[2026-01-21 06:05:16] Scanning 37465195_0.trap.br (875 of 1074)
[2026-01-21 06:05:16] Scanning 46050110_0.trap.br (876 of 1074)
[2026-01-21 06:05:16] Scanning 49702117_0.trap.br (877 of 1074)
[2026-01-21 06:05:16] Scanning regex.h.0d91741c.trap (lxc_ls.c.84f9b436_0.trap.tar.br) (878 of 1074)
[2026-01-21 06:05:16] Scanning conf.h.e3d8ad12.trap (lxc_top.c.4fcaea93_0.trap.tar.br) (879 of 1074)
[2026-01-21 06:05:16] Scanning 14930126_0.trap.br (880 of 1074)
[2026-01-21 06:05:16] Scanning 40318091_0.trap.br (881 of 1074)
[2026-01-21 06:05:16] Scanning 47565753_0.trap.br (882 of 1074)
[2026-01-21 06:05:16] Scanning libc-header-start.h.ecd3f9d6.trap (lxc_ls.c.84f9b436_0.trap.tar.br) (883 of 1074)
[2026-01-21 06:05:16] Scanning 23759079_0.trap.br (884 of 1074)
[2026-01-21 06:05:16] Scanning sched.h.8595ca6e.trap (start.c.c101387d_0.trap.tar.br) (885 of 1074)
[2026-01-21 06:05:16] Scanning 25042266_0.trap.br (886 of 1074)
[2026-01-21 06:05:16] Scanning stdio_lim.h.b65815f7.trap (lxc_ls.c.84f9b436_0.trap.tar.br) (887 of 1074)
[2026-01-21 06:05:16] Scanning sys_errlist.h.9c13b619.trap (lxc_ls.c.84f9b436_0.trap.tar.br) (888 of 1074)
[2026-01-21 06:05:16] Scanning 20469336_0.trap.br (889 of 1074)
[2026-01-21 06:05:16] Scanning stdio.h.3dec099e.trap (lxc_ls.c.84f9b436_0.trap.tar.br) (890 of 1074)
[2026-01-21 06:05:16] Scanning sched.h.6778169d.trap (start.c.c101387d_0.trap.tar.br) (891 of 1074)
[2026-01-21 06:05:16] Scanning 2786965_0.trap.br (892 of 1074)
[2026-01-21 06:05:16] Scanning stdio.h.798bebc6.trap (lxc_ls.c.84f9b436_0.trap.tar.br) (893 of 1074)
[2026-01-21 06:05:16] Scanning stat.h.0a6fedb1.trap (lxc_top.c.4fcaea93_0.trap.tar.br) (894 of 1074)
[2026-01-21 06:05:16] Scanning 51548277_0.trap.br (895 of 1074)
[2026-01-21 06:05:16] Scanning 51165994_0.trap.br (896 of 1074)
[2026-01-21 06:05:16] Scanning 65258322_0.trap.br (897 of 1074)
[2026-01-21 06:05:16] Scanning namespace.h.d3a8024d.trap (start.c.c101387d_0.trap.tar.br) (898 of 1074)
[2026-01-21 06:05:16] Scanning getopt_posix.h.4e0d946d.trap (lxc_unshare.c.800d00fb_0.trap.tar.br) (899 of 1074)
[2026-01-21 06:05:16] Scanning start.h.6cb3d0e2.trap (start.c.c101387d_0.trap.tar.br) (900 of 1074)
[2026-01-21 06:05:16] Scanning lxc_unshare.c.800d00fb.trap (lxc_unshare.c.800d00fb_0.trap.tar.br) (901 of 1074)
[2026-01-21 06:05:16] Scanning 20078490_0.trap.br (902 of 1074)
[2026-01-21 06:05:16] Scanning 55891435_0.trap.br (903 of 1074)
[2026-01-21 06:05:16] Scanning conf.h.77f05cfe.trap (start.c.c101387d_0.trap.tar.br) (904 of 1074)
[2026-01-21 06:05:16] Scanning 10484236_0.trap.br (905 of 1074)
[2026-01-21 06:05:16] Scanning 33059529_0.trap.br (906 of 1074)
[2026-01-21 06:05:16] Scanning 4151210_0.trap.br (907 of 1074)
[2026-01-21 06:05:16] Scanning error.h.6fad57de.trap (start.c.c101387d_0.trap.tar.br) (908 of 1074)
[2026-01-21 06:05:16] Scanning 59343167_0.trap.br (909 of 1074)
[2026-01-21 06:05:16] Scanning 33081138_0.trap.br (910 of 1074)
[2026-01-21 06:05:16] Scanning 56526593_0.trap.br (911 of 1074)
[2026-01-21 06:05:16] Scanning 39476352_0.trap.br (912 of 1074)
[2026-01-21 06:05:16] Scanning 53688438_0.trap.br (913 of 1074)
[2026-01-21 06:05:16] Scanning 30195214_0.trap.br (914 of 1074)
[2026-01-21 06:05:16] Scanning time.h.c339f64b.trap (start.c.c101387d_0.trap.tar.br) (915 of 1074)
[2026-01-21 06:05:16] Scanning 19140606_0.trap.br (916 of 1074)
[2026-01-21 06:05:16] Scanning timex.h.0c323e67.trap (start.c.c101387d_0.trap.tar.br) (917 of 1074)
[2026-01-21 06:05:16] Scanning 48263230_0.trap.br (918 of 1074)
[2026-01-21 06:05:16] Scanning time.h.23c6336d.trap (start.c.c101387d_0.trap.tar.br) (919 of 1074)
[2026-01-21 06:05:16] Scanning time.h.b1066402.trap (start.c.c101387d_0.trap.tar.br) (920 of 1074)
[2026-01-21 06:05:16] Scanning lxclock.h.73ad59d5.trap (start.c.c101387d_0.trap.tar.br) (921 of 1074)
[2026-01-21 06:05:16] Scanning lxcseccomp.h.f14cc05c.trap (start.c.c101387d_0.trap.tar.br) (923 of 1074)
[2026-01-21 06:05:16] Scanning 47396510_0.trap.br (922 of 1074)
[2026-01-21 06:05:16] Scanning 51029596_0.trap.br (924 of 1074)
[2026-01-21 06:05:16] Scanning 51183509_0.trap.br (925 of 1074)
[2026-01-21 06:05:16] Scanning 48939603_0.trap.br (926 of 1074)
[2026-01-21 06:05:16] Scanning lxcutmp.h.8c79af99.trap (start.c.c101387d_0.trap.tar.br) (927 of 1074)
[2026-01-21 06:05:16] Scanning monitor.h.53c8e96a.trap (start.c.c101387d_0.trap.tar.br) (928 of 1074)
[2026-01-21 06:05:16] Scanning sync.h.6a5294e1.trap (start.c.c101387d_0.trap.tar.br) (929 of 1074)
[2026-01-21 06:05:16] Scanning 19412242_0.trap.br (930 of 1074)
[2026-01-21 06:05:16] Scanning lsm.h.15416152.trap (start.c.c101387d_0.trap.tar.br) (931 of 1074)
[2026-01-21 06:05:16] Scanning reboot.h.e845e1bf.trap (start.c.c101387d_0.trap.tar.br) (932 of 1074)
[2026-01-21 06:05:16] Scanning reboot.h.38028676.trap (start.c.c101387d_0.trap.tar.br) (933 of 1074)
[2026-01-21 06:05:16] Scanning start.c.c101387d.trap (start.c.c101387d_0.trap.tar.br) (934 of 1074)
[2026-01-21 06:05:16] Scanning 47259676_0.trap.br (935 of 1074)
[2026-01-21 06:05:16] Scanning 56043538_0.trap.br (936 of 1074)
[2026-01-21 06:05:16] Scanning 6031487_0.trap.br (937 of 1074)
[2026-01-21 06:05:16] Scanning 23363072_0.trap.br (938 of 1074)
[2026-01-21 06:05:16] Scanning 41955989_0.trap.br (939 of 1074)
[2026-01-21 06:05:16] Scanning 22186499_0.trap.br (940 of 1074)
[2026-01-21 06:05:16] Scanning 29792008_0.trap.br (941 of 1074)
[2026-01-21 06:05:16] Scanning 47789656_0.trap.br (942 of 1074)
[2026-01-21 06:05:16] Scanning 19508175_0.trap.br (943 of 1074)
[2026-01-21 06:05:16] Scanning 22741658_0.trap.br (944 of 1074)
[2026-01-21 06:05:16] Scanning 20836154_0.trap.br (945 of 1074)
[2026-01-21 06:05:16] Scanning 56963831_0.trap.br (946 of 1074)
[2026-01-21 06:05:16] Scanning 28190839_0.trap.br (947 of 1074)
[2026-01-21 06:05:16] Scanning 4672658_0.trap.br (948 of 1074)
[2026-01-21 06:05:16] Scanning 36378919_0.trap.br (949 of 1074)
[2026-01-21 06:05:16] Scanning fcntl.h.e1ec739c.trap (lxc_top.c.4fcaea93_0.trap.tar.br) (950 of 1074)
[2026-01-21 06:05:16] Scanning lxc_top.c.4fcaea93.trap (lxc_top.c.4fcaea93_0.trap.tar.br) (951 of 1074)
[2026-01-21 06:05:16] Scanning 1931254_0.trap.br (952 of 1074)
[2026-01-21 06:05:16] Scanning 23875037_0.trap.br (953 of 1074)
[2026-01-21 06:05:16] Scanning 43810933_0.trap.br (954 of 1074)
[2026-01-21 06:05:16] Scanning 46257783_0.trap.br (955 of 1074)
[2026-01-21 06:05:16] Scanning 5685071_0.trap.br (956 of 1074)
[2026-01-21 06:05:16] Scanning 14468256_0.trap.br (957 of 1074)
[2026-01-21 06:05:16] Scanning 24747559_0.trap.br (958 of 1074)
[2026-01-21 06:05:16] Scanning 19176139_0.trap.br (959 of 1074)
[2026-01-21 06:05:16] Scanning 62562593_0.trap.br (960 of 1074)
[2026-01-21 06:05:16] Scanning 13795114_0.trap.br (961 of 1074)
[2026-01-21 06:05:16] Scanning 14712843_0.trap.br (962 of 1074)
[2026-01-21 06:05:16] Scanning 32150896_0.trap.br (964 of 1074)
[2026-01-21 06:05:16] Scanning libc-header-start.h.cc46cd44.trap (lxc_ls.c.84f9b436_0.trap.tar.br) (963 of 1074)
[2026-01-21 06:05:16] Scanning stdlib.h.fc12df80.trap (lxc_ls.c.84f9b436_0.trap.tar.br) (965 of 1074)
[2026-01-21 06:05:16] Scanning 35394961_0.trap.br (966 of 1074)
[2026-01-21 06:05:16] Scanning 22720524_0.trap.br (967 of 1074)
[2026-01-21 06:05:16] Scanning 35298576_0.trap.br (968 of 1074)
[2026-01-21 06:05:16] Scanning 57581693_0.trap.br (969 of 1074)
[2026-01-21 06:05:16] Scanning 12399691_0.trap.br (970 of 1074)
[2026-01-21 06:05:16] Scanning 12846035_0.trap.br (971 of 1074)
[2026-01-21 06:05:16] Scanning 19885104_0.trap.br (972 of 1074)
[2026-01-21 06:05:16] Scanning 35039228_0.trap.br (973 of 1074)
[2026-01-21 06:05:16] Scanning 54728469_0.trap.br (974 of 1074)
[2026-01-21 06:05:16] Scanning 29270139_0.trap.br (975 of 1074)
[2026-01-21 06:05:16] Scanning 59489390_0.trap.br (976 of 1074)
[2026-01-21 06:05:16] Scanning 15634042_0.trap.br (977 of 1074)
[2026-01-21 06:05:16] Scanning 20659840_0.trap.br (978 of 1074)
[2026-01-21 06:05:16] Scanning 22350779_0.trap.br (979 of 1074)
[2026-01-21 06:05:16] Scanning 38447851_0.trap.br (980 of 1074)
[2026-01-21 06:05:16] Scanning 61790274_0.trap.br (981 of 1074)
[2026-01-21 06:05:16] Scanning 27849434_0.trap.br (982 of 1074)
[2026-01-21 06:05:16] Scanning 48179105_0.trap.br (983 of 1074)
[2026-01-21 06:05:16] Scanning 33828663_0.trap.br (984 of 1074)
[2026-01-21 06:05:16] Scanning 46848715_0.trap.br (985 of 1074)
[2026-01-21 06:05:16] Scanning 8440690_0.trap.br (986 of 1074)
[2026-01-21 06:05:16] Scanning 52277375_0.trap.br (987 of 1074)
[2026-01-21 06:05:16] Scanning 17368169_0.trap.br (988 of 1074)
[2026-01-21 06:05:16] Scanning 32485431_0.trap.br (989 of 1074)
[2026-01-21 06:05:16] Scanning 10270046_0.trap.br (990 of 1074)
[2026-01-21 06:05:16] Scanning 21817786_0.trap.br (991 of 1074)
[2026-01-21 06:05:16] Scanning 22900673_0.trap.br (992 of 1074)
[2026-01-21 06:05:16] Scanning 40854317_0.trap.br (993 of 1074)
[2026-01-21 06:05:16] Scanning unmount-namespace.trap.br (994 of 1074)
[2026-01-21 06:05:16] Scanning init.lxc.trap.br (995 of 1074)
[2026-01-21 06:05:16] Scanning liblxc.so.1.0.0.trap.br (996 of 1074)
[2026-01-21 06:05:16] Scanning lxc-attach.trap.br (997 of 1074)
[2026-01-21 06:05:16] Scanning lxc-autostart.trap.br (998 of 1074)
[2026-01-21 06:05:16] Scanning lxc-cgroup.trap.br (999 of 1074)
[2026-01-21 06:05:16] Scanning ctype.h.1809fa1b.trap (utils.c.a6c31498_0.trap.tar.br) (1000 of 1074)
[2026-01-21 06:05:16] Scanning lxc-checkpoint.trap.br (1001 of 1074)
[2026-01-21 06:05:16] Scanning lxc-config.trap.br (1002 of 1074)
[2026-01-21 06:05:16] Scanning lxc-console.trap.br (1003 of 1074)
[2026-01-21 06:05:16] Scanning lxc-copy.trap.br (1004 of 1074)
[2026-01-21 06:05:16] Scanning lxc-create.trap.br (1005 of 1074)
[2026-01-21 06:05:16] Scanning lxc-destroy.trap.br (1006 of 1074)
[2026-01-21 06:05:16] Scanning lxc-device.trap.br (1007 of 1074)
[2026-01-21 06:05:16] Scanning lxc-execute.trap.br (1008 of 1074)
[2026-01-21 06:05:16] Scanning lxc-freeze.trap.br (1009 of 1074)
[2026-01-21 06:05:16] Scanning lxc-info.trap.br (1010 of 1074)
[2026-01-21 06:05:16] Scanning lxc-ls.trap.br (1011 of 1074)
[2026-01-21 06:05:16] Scanning lxc-monitor.trap.br (1012 of 1074)
[2026-01-21 06:05:16] Scanning lxc-monitord.trap.br (1013 of 1074)
[2026-01-21 06:05:16] Scanning lxc-snapshot.trap.br (1014 of 1074)
[2026-01-21 06:05:16] Scanning lxc-start.trap.br (1015 of 1074)
[2026-01-21 06:05:16] Scanning lxc-stop.trap.br (1016 of 1074)
[2026-01-21 06:05:16] Scanning lxc-top.trap.br (1017 of 1074)
[2026-01-21 06:05:16] Scanning lxc-unfreeze.trap.br (1018 of 1074)
[2026-01-21 06:05:16] Scanning lxc-unshare.trap.br (1019 of 1074)
[2026-01-21 06:05:16] Scanning lxc-user-nic.trap.br (1020 of 1074)
[2026-01-21 06:05:16] Scanning lxc-usernsexec.trap.br (1021 of 1074)
[2026-01-21 06:05:16] Scanning lxc-wait.trap.br (1022 of 1074)
[2026-01-21 06:05:16] Scanning sourceLocationPrefix.trap.gz (1023 of 1074)
[2026-01-21 06:05:16] Scanning stddef.h.67766ed2.trap (utils.c.a6c31498_0.trap.tar.br) (1024 of 1074)
[2026-01-21 06:05:16] Scanning libgen.h.5eceb0a4.trap (utils.c.a6c31498_0.trap.tar.br) (1025 of 1074)
[2026-01-21 06:05:16] Scanning types.h.349a61a9.trap (utils.c.a6c31498_0.trap.tar.br) (1026 of 1074)
[2026-01-21 06:05:16] Scanning string.h.7090c1eb.trap (utils.c.a6c31498_0.trap.tar.br) (1027 of 1074)
[2026-01-21 06:05:16] Scanning libc-header-start.h.d293719a.trap (lxc_ls.c.84f9b436_0.trap.tar.br) (1028 of 1074)
[2026-01-21 06:05:16] Scanning string.h.d34defbc.trap (lxc_ls.c.84f9b436_0.trap.tar.br) (1029 of 1074)
[2026-01-21 06:05:16] Scanning unistd.h.89c33a7d.trap (utils.c.a6c31498_0.trap.tar.br) (1030 of 1074)
[2026-01-21 06:05:16] Scanning termios-struct.h.d58beb51.trap (lxc_ls.c.84f9b436_0.trap.tar.br) (1031 of 1074)
[2026-01-21 06:05:16] Scanning termios.h.7d4e9bde.trap (lxc_ls.c.84f9b436_0.trap.tar.br) (1032 of 1074)
[2026-01-21 06:05:16] Scanning getopt_posix.h.901b6692.trap (lxc_ls.c.84f9b436_0.trap.tar.br) (1033 of 1074)
[2026-01-21 06:05:16] Scanning unistd_ext.h.2d094867.trap (lxc_ls.c.84f9b436_0.trap.tar.br) (1034 of 1074)
[2026-01-21 06:05:16] Scanning unistd.h.428fd2e4.trap (lxc_ls.c.84f9b436_0.trap.tar.br) (1035 of 1074)
[2026-01-21 06:05:16] Scanning stddef.h.bb6534ae.trap (utils.c.a6c31498_0.trap.tar.br) (1036 of 1074)
[2026-01-21 06:05:16] Scanning mman-map-flags-generic.h.94cc4235.trap (utils.c.a6c31498_0.trap.tar.br) (1037 of 1074)
[2026-01-21 06:05:16] Scanning mman-shared.h.419d022e.trap (utils.c.a6c31498_0.trap.tar.br) (1038 of 1074)
[2026-01-21 06:05:16] Scanning mman-linux.h.fbedb477.trap (utils.c.a6c31498_0.trap.tar.br) (1039 of 1074)
[2026-01-21 06:05:16] Scanning mman.h.ad36f0ba.trap (utils.c.a6c31498_0.trap.tar.br) (1040 of 1074)
[2026-01-21 06:05:16] Scanning mman.h.41ec83a2.trap (utils.c.a6c31498_0.trap.tar.br) (1041 of 1074)
[2026-01-21 06:05:16] Scanning socket.h.c38715f0.trap (lxc_ls.c.84f9b436_0.trap.tar.br) (1042 of 1074)
[2026-01-21 06:05:16] Scanning socket.h.930876c4.trap (lxc_ls.c.84f9b436_0.trap.tar.br) (1043 of 1074)
[2026-01-21 06:05:16] Scanning signal.h.bae59445.trap (utils.c.a6c31498_0.trap.tar.br) (1044 of 1074)
[2026-01-21 06:05:16] Scanning stat.h.5d1c30be.trap (lxc_ls.c.84f9b436_0.trap.tar.br) (1045 of 1074)
[2026-01-21 06:05:16] Scanning stat.h.27fab43c.trap (utils.c.a6c31498_0.trap.tar.br) (1046 of 1074)
[2026-01-21 06:05:16] Scanning semaphore.h.8a0148e0.trap (lxc_ls.c.84f9b436_0.trap.tar.br) (1047 of 1074)
[2026-01-21 06:05:16] Scanning libc-header-start.h.f19fb2d5.trap (lxc_ls.c.84f9b436_0.trap.tar.br) (1048 of 1074)
[2026-01-21 06:05:16] Scanning in.h.f4231228.trap (lxc_ls.c.84f9b436_0.trap.tar.br) (1049 of 1074)
[2026-01-21 06:05:16] Scanning statfs.h.726f5830.trap (utils.c.a6c31498_0.trap.tar.br) (1050 of 1074)
[2026-01-21 06:05:16] Scanning libc-header-start.h.c6938aa9.trap (lxc_ls.c.84f9b436_0.trap.tar.br) (1051 of 1074)
[2026-01-21 06:05:16] Scanning posix1_lim.h.bbcf6b3b.trap (lxc_ls.c.84f9b436_0.trap.tar.br) (1052 of 1074)
[2026-01-21 06:05:16] Scanning xopen_lim.h.97a4288d.trap (lxc_ls.c.84f9b436_0.trap.tar.br) (1053 of 1074)
[2026-01-21 06:05:16] Scanning statfs.h.e61ea840.trap (utils.c.a6c31498_0.trap.tar.br) (1054 of 1074)
[2026-01-21 06:05:16] Scanning limits.h.3f58e44c.trap (lxc_ls.c.84f9b436_0.trap.tar.br) (1055 of 1074)
[2026-01-21 06:05:16] Scanning siginfo-consts.h.8ca29afd.trap (lxc_ls.c.84f9b436_0.trap.tar.br) (1056 of 1074)
[2026-01-21 06:05:16] Scanning vfs.h.88ff86b3.trap (utils.c.a6c31498_0.trap.tar.br) (1057 of 1074)
[2026-01-21 06:05:16] Scanning utils.c.a6c31498.trap (utils.c.a6c31498_0.trap.tar.br) (1058 of 1074)
[2026-01-21 06:05:16] Scanning ucontext.h.3b7d3780.trap (lxc_ls.c.84f9b436_0.trap.tar.br) (1059 of 1074)
[2026-01-21 06:05:16] Scanning sigthread.h.864e4f65.trap (lxc_ls.c.84f9b436_0.trap.tar.br) (1060 of 1074)
[2026-01-21 06:05:16] Scanning signal_ext.h.7a143a79.trap (lxc_ls.c.84f9b436_0.trap.tar.br) (1061 of 1074)
[2026-01-21 06:05:16] Scanning signal.h.93de8a83.trap (lxc_ls.c.84f9b436_0.trap.tar.br) (1062 of 1074)
[2026-01-21 06:05:16] Scanning resource.h.c0cc29b3.trap (lxc_ls.c.84f9b436_0.trap.tar.br) (1063 of 1074)
[2026-01-21 06:05:16] Scanning resource.h.6f88708c.trap (lxc_ls.c.84f9b436_0.trap.tar.br) (1064 of 1074)
[2026-01-21 06:05:16] Scanning sched.h.7d024d6b.trap (lxc_ls.c.84f9b436_0.trap.tar.br) (1065 of 1074)
[2026-01-21 06:05:16] Scanning sched.h.ee337ea8.trap (lxc_ls.c.84f9b436_0.trap.tar.br) (1066 of 1074)
[2026-01-21 06:05:16] Scanning conf.h.72f37e3c.trap (lxc_ls.c.84f9b436_0.trap.tar.br) (1067 of 1074)
[2026-01-21 06:05:16] Scanning errno.h.4ed40111.trap (lxc_ls.c.84f9b436_0.trap.tar.br) (1068 of 1074)
[2026-01-21 06:05:16] Scanning time.h.3daf9f4e.trap (lxc_ls.c.84f9b436_0.trap.tar.br) (1069 of 1074)
[2026-01-21 06:05:16] Scanning time.h.513dd14b.trap (lxc_ls.c.84f9b436_0.trap.tar.br) (1070 of 1074)
[2026-01-21 06:05:16] Scanning time.h.e63c37f0.trap (lxc_ls.c.84f9b436_0.trap.tar.br) (1071 of 1074)
[2026-01-21 06:05:16] Scanning fcntl-linux.h.637a4d04.trap (lxc_ls.c.84f9b436_0.trap.tar.br) (1072 of 1074)
[2026-01-21 06:05:16] Scanning fcntl.h.15fe6172.trap (lxc_ls.c.84f9b436_0.trap.tar.br) (1073 of 1074)
[2026-01-21 06:05:16] Scanning lxc_ls.c.84f9b436.trap (lxc_ls.c.84f9b436_0.trap.tar.br) (1074 of 1074)
[2026-01-21 06:05:16] Assembling init.lxc.link with 224 files (1 of 29)
[2026-01-21 06:05:16] Assembling lxc-attach.link with 244 files (2 of 29)
[2026-01-21 06:05:16] Assembling unmount-namespace.link with 127 files (3 of 29)
[2026-01-21 06:05:16] Assembling lxc-autostart.link with 213 files (4 of 29)
[2026-01-21 06:05:16] Assembling liblxc.so.1.0.0.link with 865 files (5 of 29)
[2026-01-21 06:05:16] Assembling lxc-cgroup.link with 191 files (6 of 29)
[2026-01-21 06:05:16] Assembling lxc-checkpoint.link with 216 files (7 of 29)
[2026-01-21 06:05:16] Assembling lxc-config.link with 82 files (8 of 29)
[2026-01-21 06:05:16] Assembling lxc-copy.link with 232 files (9 of 29)
[2026-01-21 06:05:16] Assembling lxc-create.link with 218 files (10 of 29)
[2026-01-21 06:05:16] Assembling lxc-destroy.link with 228 files (11 of 29)
[2026-01-21 06:05:16] Assembling lxc-device.link with 218 files (12 of 29)
[2026-01-21 06:05:16] Assembling lxc-execute.link with 230 files (13 of 29)
[2026-01-21 06:05:16] Assembling lxc-info.link with 218 files (14 of 29)
[2026-01-21 06:05:16] Assembling lxc-ls.link with 241 files (15 of 29)
[2026-01-21 06:05:16] Assembling lxc-monitor.link with 199 files (16 of 29)
[2026-01-21 06:05:16] Assembling lxc-monitord.link with 234 files (17 of 29)
[2026-01-21 06:05:16] Assembling lxc-snapshot.link with 219 files (18 of 29)
[2026-01-21 06:05:16] Assembling lxc-start.link with 234 files (19 of 29)
[2026-01-21 06:05:16] Assembling lxc-freeze.link with 191 files (20 of 29)
[2026-01-21 06:05:16] Assembling lxc-stop.link with 217 files (21 of 29)
[2026-01-21 06:05:16] Assembling lxc-unfreeze.link with 191 files (22 of 29)
[2026-01-21 06:05:16] Assembling lxc-unshare.link with 227 files (24 of 29)
[2026-01-21 06:05:16] Assembling lxc-top.link with 232 files (23 of 29)
[2026-01-21 06:05:16] Assembling lxc-user-nic.link with 255 files (25 of 29)
[2026-01-21 06:05:16] Assembling lxc-usernsexec.link with 211 files (26 of 29)
[2026-01-21 06:05:16] Assembling lxc-wait.link with 191 files (27 of 29)
[2026-01-21 06:05:16] Assembling no link target with 2 files (28 of 29)
[2026-01-21 06:05:16] Assembling lxc-console.link with 234 files (29 of 29)
[2026-01-21 06:05:16] Importing features.h.341bf727.trap (lxcnbd.c.fa00018a_0.trap.tar.br) for liblxc.so.1.0.0.link (1 of 1074)
[2026-01-21 06:05:16] Importing af_unix.c.0e5fff55.trap (af_unix.c.0e5fff55_0.trap.tar.br) for liblxc.so.1.0.0.link (2 of 1074)
[2026-01-21 06:05:16] Importing features.h.b1380a8b.trap (unmount-namespace.c.e2a9a48e_0.trap.tar.br) for unmount-namespace.link (3 of 1074)
[2026-01-21 06:05:16] Importing features.h.41aec355.trap (lxcbtrfs.c.8a2145e9_0.trap.tar.br) for liblxc.so.1.0.0.link (4 of 1074)
[2026-01-21 06:05:16] Importing features.h.8b425692.trap (lxcrbd.c.de4d5dfa_0.trap.tar.br) for liblxc.so.1.0.0.link (5 of 1074)
[2026-01-21 06:05:16] Importing features.h.3f3894ef.trap (lxclvm.c.fc6f6e1c_0.trap.tar.br) for liblxc.so.1.0.0.link (6 of 1074)
[2026-01-21 06:05:16] Importing features.h.6d13a55e.trap (attach.c.e3f983d3_0.trap.tar.br) for liblxc.so.1.0.0.link (7 of 1074)
[2026-01-21 06:05:16] Importing cpp_predefined.acb19af8.trap (arguments.c.c55cfc9d_0.trap.tar.br) for no link target (8 of 1074)
[2026-01-21 06:05:16] Importing features.h.66d31b3c.trap (lxcloop.c.e003a35a_0.trap.tar.br) for liblxc.so.1.0.0.link (9 of 1074)
[2026-01-21 06:05:16] Importing features.h.ea519bbd.trap (lxcdir.c.56dc0a34_0.trap.tar.br) for liblxc.so.1.0.0.link (10 of 1074)
[2026-01-21 06:05:16] Importing features.h.14572964.trap (bdev.c.ffc8a8a7_0.trap.tar.br) for liblxc.so.1.0.0.link (11 of 1074)
[2026-01-21 06:05:16] Importing features.h.68396839.trap (lxcaufs.c.75c737cf_0.trap.tar.br) for liblxc.so.1.0.0.link (12 of 1074)
[2026-01-21 06:05:16] Importing features.h.7b17bddf.trap (lxczfs.c.cbbc049e_0.trap.tar.br) for liblxc.so.1.0.0.link (13 of 1074)
[2026-01-21 06:05:16] Importing features.h.99e841ff.trap (lxcoverlay.c.5eb18197_0.trap.tar.br) for liblxc.so.1.0.0.link (14 of 1074)
[2026-01-21 06:05:16] Importing config.h.1b803f17.trap (caps.c.3dbef240_0.trap.tar.br) for liblxc.so.1.0.0.link (15 of 1074)
[2026-01-21 06:05:16] Importing features.h.ffb6a7c7.trap (lxcrsync.c.b1b0256d_0.trap.tar.br) for liblxc.so.1.0.0.link (16 of 1074)
[2026-01-21 06:05:16] Importing config.h.1eb8ee9d.trap (lxcdir.c.56dc0a34_0.trap.tar.br) for liblxc.so.1.0.0.link (17 of 1074)
[2026-01-21 06:05:16] Importing stat.h.2970abe7.trap (lxcaufs.c.75c737cf_0.trap.tar.br) for liblxc.so.1.0.0.link (18 of 1074)
[2026-01-21 06:05:16] Importing config.h.84834d6b.trap (lxcnbd.c.fa00018a_0.trap.tar.br) for liblxc.so.1.0.0.link (19 of 1074)
[2026-01-21 06:05:16] Importing stddef.h.d49b2833.trap (lxcrsync.c.b1b0256d_0.trap.tar.br) for liblxc.so.1.0.0.link (20 of 1074)
[2026-01-21 06:05:16] Importing types.h.368dbad4.trap (lxcbtrfs.c.8a2145e9_0.trap.tar.br) for liblxc.so.1.0.0.link (21 of 1074)
[2026-01-21 06:05:16] Importing config.h.d1023d87.trap (bdev.c.ffc8a8a7_0.trap.tar.br) for liblxc.so.1.0.0.link (22 of 1074)
[2026-01-21 06:05:16] Importing types.h.aa13adc8.trap (lxcloop.c.e003a35a_0.trap.tar.br) for liblxc.so.1.0.0.link (23 of 1074)
[2026-01-21 06:05:16] Importing config.h.749f909f.trap (lxcrbd.c.de4d5dfa_0.trap.tar.br) for liblxc.so.1.0.0.link (24 of 1074)
[2026-01-21 06:05:16] Importing config.h.dfa25501.trap (lxcdir.c.56dc0a34_0.trap.tar.br) for liblxc.so.1.0.0.link (25 of 1074)
[2026-01-21 06:05:16] Importing unistd.h.eff1d4fb.trap (lxcdir.c.56dc0a34_0.trap.tar.br) for liblxc.so.1.0.0.link (26 of 1074)
[2026-01-21 06:05:16] Importing unistd.h.b8c2c9b6.trap (lxcloop.c.e003a35a_0.trap.tar.br) for liblxc.so.1.0.0.link (27 of 1074)
[2026-01-21 06:05:16] Importing types.h.2d800e07.trap (lxcrsync.c.b1b0256d_0.trap.tar.br) for liblxc.so.1.0.0.link (28 of 1074)
[2026-01-21 06:05:16] Importing config.h.7abaeeb2.trap (lxczfs.c.cbbc049e_0.trap.tar.br) for liblxc.so.1.0.0.link (29 of 1074)
[2026-01-21 06:05:16] Importing lxccontainer.h.14564da5.trap (bdev.c.ffc8a8a7_0.trap.tar.br) for liblxc.so.1.0.0.link (30 of 1074)
[2026-01-21 06:05:16] Importing stdc-predef.h.1e96a5e3.trap (arguments.c.c55cfc9d_0.trap.tar.br) for 28 link targets (31 of 1074)
[2026-01-21 06:05:16] Importing config.h.ead211cb.trap (lxcrbd.c.de4d5dfa_0.trap.tar.br) for liblxc.so.1.0.0.link (32 of 1074)
[2026-01-21 06:05:16] Importing wordsize.h.0a5d81b3.trap (arguments.c.c55cfc9d_0.trap.tar.br) for 28 link targets (33 of 1074)
[2026-01-21 06:05:16] Importing long-double.h.c86d65af.trap (arguments.c.c55cfc9d_0.trap.tar.br) for 28 link targets (34 of 1074)
[2026-01-21 06:05:16] Importing cdefs.h.8a9e01fe.trap (arguments.c.c55cfc9d_0.trap.tar.br) for 28 link targets (35 of 1074)
[2026-01-21 06:05:16] Importing lxcrbd.c.de4d5dfa.trap (lxcrbd.c.de4d5dfa_0.trap.tar.br) for liblxc.so.1.0.0.link (36 of 1074)
[2026-01-21 06:05:16] Importing config.h.12b501af.trap (lxcoverlay.c.5eb18197_0.trap.tar.br) for liblxc.so.1.0.0.link (37 of 1074)
[2026-01-21 06:05:16] Importing features.h.e952b68e.trap (caps.c.3dbef240_0.trap.tar.br) for liblxc.so.1.0.0.link (38 of 1074)
[2026-01-21 06:05:16] Importing config.h.19ba1908.trap (lxczfs.c.cbbc049e_0.trap.tar.br) for liblxc.so.1.0.0.link (39 of 1074)
[2026-01-21 06:05:16] Importing unistd.h.3b96c05f.trap (lxclvm.c.fc6f6e1c_0.trap.tar.br) for liblxc.so.1.0.0.link (40 of 1074)
[2026-01-21 06:05:16] Importing lxczfs.c.cbbc049e.trap (lxczfs.c.cbbc049e_0.trap.tar.br) for liblxc.so.1.0.0.link (41 of 1074)
[2026-01-21 06:05:16] Importing stat.h.1910ce40.trap (lxcbtrfs.c.8a2145e9_0.trap.tar.br) for liblxc.so.1.0.0.link (42 of 1074)
[2026-01-21 06:05:16] Importing config.h.a6c6a94b.trap (lxcnbd.c.fa00018a_0.trap.tar.br) for liblxc.so.1.0.0.link (43 of 1074)
[2026-01-21 06:05:16] Importing config.h.6f2953b3.trap (unmount-namespace.c.e2a9a48e_0.trap.tar.br) for unmount-namespace.link (44 of 1074)
[2026-01-21 06:05:16] Importing stubs-64.h.3efb7735.trap (arguments.c.c55cfc9d_0.trap.tar.br) for 28 link targets (45 of 1074)
[2026-01-21 06:05:16] Importing unmount-namespace.c.e2a9a48e.trap (unmount-namespace.c.e2a9a48e_0.trap.tar.br) for unmount-namespace.link (46 of 1074)
[2026-01-21 06:05:16] Importing types.h.5555f131.trap (caps.c.3dbef240_0.trap.tar.br) for liblxc.so.1.0.0.link (47 of 1074)
[2026-01-21 06:05:16] Importing config.h.06a9413a.trap (lxcoverlay.c.5eb18197_0.trap.tar.br) for liblxc.so.1.0.0.link (48 of 1074)
[2026-01-21 06:05:16] Importing stubs.h.d28181f8.trap (arguments.c.c55cfc9d_0.trap.tar.br) for 28 link targets (49 of 1074)
[2026-01-21 06:05:16] Importing features.h.34072d97.trap (arguments.c.c55cfc9d_0.trap.tar.br) for liblxc.so.1.0.0.link (50 of 1074)
[2026-01-21 06:05:16] Importing libc-header-start.h.ef0262b5.trap (arguments.c.c55cfc9d_0.trap.tar.br) for 15 link targets (51 of 1074)
[2026-01-21 06:05:16] Importing stddef.h.190b136d.trap (arguments.c.c55cfc9d_0.trap.tar.br) for 21 link targets (52 of 1074)
[2026-01-21 06:05:16] Importing config.h.0679c1f3.trap (lxcnbd.c.fa00018a_0.trap.tar.br) for liblxc.so.1.0.0.link (53 of 1074)
[2026-01-21 06:05:17] Importing stdarg.h.f89380f2.trap (arguments.c.c55cfc9d_0.trap.tar.br) for 28 link targets (54 of 1074)
[2026-01-21 06:05:17] Importing timesize.h.4bc5b25a.trap (arguments.c.c55cfc9d_0.trap.tar.br) for 28 link targets (55 of 1074)
[2026-01-21 06:05:17] Importing typesizes.h.710fd7d4.trap (arguments.c.c55cfc9d_0.trap.tar.br) for 28 link targets (56 of 1074)
[2026-01-21 06:05:17] Importing time64.h.44fad59b.trap (arguments.c.c55cfc9d_0.trap.tar.br) for 28 link targets (57 of 1074)
[2026-01-21 06:05:17] Importing types.h.1590e287.trap (arguments.c.c55cfc9d_0.trap.tar.br) for 28 link targets (58 of 1074)
[2026-01-21 06:05:17] Importing getopt_posix.h.7bfa932e.trap (attach.c.e3f983d3_0.trap.tar.br) for 2 link targets (59 of 1074)
[2026-01-21 06:05:17] Importing unistd.h.61071d82.trap (lxcrsync.c.b1b0256d_0.trap.tar.br) for liblxc.so.1.0.0.link (60 of 1074)
[2026-01-21 06:05:17] Importing conf.h.bc24a75d.trap (lxcoverlay.c.5eb18197_0.trap.tar.br) for liblxc.so.1.0.0.link (61 of 1074)
[2026-01-21 06:05:17] Importing __mbstate_t.h.ce8652d1.trap (arguments.c.c55cfc9d_0.trap.tar.br) for 28 link targets (62 of 1074)
[2026-01-21 06:05:17] Importing unistd.h.b067479a.trap (attach.c.e3f983d3_0.trap.tar.br) for 2 link targets (63 of 1074)
[2026-01-21 06:05:17] Importing lxcnbd.c.fa00018a.trap (lxcnbd.c.fa00018a_0.trap.tar.br) for liblxc.so.1.0.0.link (64 of 1074)
[2026-01-21 06:05:17] Importing __fpos_t.h.cb3e0523.trap (arguments.c.c55cfc9d_0.trap.tar.br) for 28 link targets (65 of 1074)
[2026-01-21 06:05:17] Importing commands.h.618b1259.trap (cgfs.c.9c249fc6_0.trap.tar.br) for liblxc.so.1.0.0.link (66 of 1074)
[2026-01-21 06:05:17] Importing __fpos64_t.h.c87d7bdd.trap (arguments.c.c55cfc9d_0.trap.tar.br) for 28 link targets (67 of 1074)
[2026-01-21 06:05:17] Importing __FILE.h.916d4b36.trap (arguments.c.c55cfc9d_0.trap.tar.br) for 28 link targets (68 of 1074)
[2026-01-21 06:05:17] Importing FILE.h.ab31225d.trap (arguments.c.c55cfc9d_0.trap.tar.br) for 28 link targets (69 of 1074)
[2026-01-21 06:05:17] Importing struct_FILE.h.3b259277.trap (arguments.c.c55cfc9d_0.trap.tar.br) for 28 link targets (70 of 1074)
[2026-01-21 06:05:17] Importing unistd.h.070c0541.trap (caps.c.3dbef240_0.trap.tar.br) for liblxc.so.1.0.0.link (71 of 1074)
[2026-01-21 06:05:17] Importing stddef.h.24edf7eb.trap (lxcoverlay.c.5eb18197_0.trap.tar.br) for liblxc.so.1.0.0.link (72 of 1074)
[2026-01-21 06:05:17] Importing config.h.df3b3840.trap (lxcbtrfs.c.8a2145e9_0.trap.tar.br) for liblxc.so.1.0.0.link (73 of 1074)
[2026-01-21 06:05:17] Importing stddef.h.7893a5e7.trap (lxcoverlay.c.5eb18197_0.trap.tar.br) for liblxc.so.1.0.0.link (74 of 1074)
[2026-01-21 06:05:17] Importing lxcoverlay.c.5eb18197.trap (lxcoverlay.c.5eb18197_0.trap.tar.br) for liblxc.so.1.0.0.link (75 of 1074)
[2026-01-21 06:05:17] Importing config.h.c2bd5860.trap (lxcbtrfs.c.8a2145e9_0.trap.tar.br) for liblxc.so.1.0.0.link (76 of 1074)
[2026-01-21 06:05:17] Importing lxcbtrfs.c.8a2145e9.trap (lxcbtrfs.c.8a2145e9_0.trap.tar.br) for liblxc.so.1.0.0.link (77 of 1074)
[2026-01-21 06:05:17] Importing types.h.758e62f8.trap (cgfsng.c.41011ac1_0.trap.tar.br) for liblxc.so.1.0.0.link (78 of 1074)
[2026-01-21 06:05:17] Importing stat.h.40aad040.trap (lxcloop.c.e003a35a_0.trap.tar.br) for liblxc.so.1.0.0.link (79 of 1074)
[2026-01-21 06:05:17] Importing lxcdir.c.56dc0a34.trap (lxcdir.c.56dc0a34_0.trap.tar.br) for liblxc.so.1.0.0.link (80 of 1074)
[2026-01-21 06:05:17] Importing config.h.faecbc6c.trap (lxclvm.c.fc6f6e1c_0.trap.tar.br) for liblxc.so.1.0.0.link (81 of 1074)
[2026-01-21 06:05:17] Importing conf.h.c57650bc.trap (cgfs.c.9c249fc6_0.trap.tar.br) for liblxc.so.1.0.0.link (82 of 1074)
[2026-01-21 06:05:17] Importing cgfs.c.9c249fc6.trap (cgfs.c.9c249fc6_0.trap.tar.br) for liblxc.so.1.0.0.link (83 of 1074)
[2026-01-21 06:05:17] Importing config.h.d31097ff.trap (lxclvm.c.fc6f6e1c_0.trap.tar.br) for liblxc.so.1.0.0.link (84 of 1074)
[2026-01-21 06:05:17] Importing config.h.b3639337.trap (lxclvm.c.fc6f6e1c_0.trap.tar.br) for liblxc.so.1.0.0.link (85 of 1074)
[2026-01-21 06:05:17] Importing lxclvm.c.fc6f6e1c.trap (lxclvm.c.fc6f6e1c_0.trap.tar.br) for liblxc.so.1.0.0.link (86 of 1074)
[2026-01-21 06:05:17] Importing config.h.b9010115.trap (lxcloop.c.e003a35a_0.trap.tar.br) for liblxc.so.1.0.0.link (87 of 1074)
[2026-01-21 06:05:17] Importing stdio.h.0e03584f.trap (lxcloop.c.e003a35a_0.trap.tar.br) for liblxc.so.1.0.0.link (88 of 1074)
[2026-01-21 06:05:17] Importing stdio_lim.h.956cae89.trap (arguments.c.c55cfc9d_0.trap.tar.br) for 15 link targets (89 of 1074)
[2026-01-21 06:05:17] Importing stdio.h.cc49beb7.trap (attach.c.e3f983d3_0.trap.tar.br) for 2 link targets (90 of 1074)
[2026-01-21 06:05:17] Importing sys_errlist.h.760eb801.trap (arguments.c.c55cfc9d_0.trap.tar.br) for 15 link targets (91 of 1074)
[2026-01-21 06:05:17] Importing stdio.h.dd363820.trap (arguments.c.c55cfc9d_0.trap.tar.br) for 15 link targets (92 of 1074)
[2026-01-21 06:05:17] Importing bdev.h.cf42515b.trap (bdev.c.ffc8a8a7_0.trap.tar.br) for liblxc.so.1.0.0.link (93 of 1074)
[2026-01-21 06:05:17] Importing types.h.57d0648e.trap (lxcaufs.c.75c737cf_0.trap.tar.br) for liblxc.so.1.0.0.link (94 of 1074)
[2026-01-21 06:05:17] Importing stdio.h.4601a9c6.trap (arguments.c.c55cfc9d_0.trap.tar.br) for 13 link targets (95 of 1074)
[2026-01-21 06:05:17] Importing config.h.ea516baf.trap (lxcaufs.c.75c737cf_0.trap.tar.br) for liblxc.so.1.0.0.link (96 of 1074)
[2026-01-21 06:05:17] Importing unistd.h.3b606f20.trap (cgfsng.c.41011ac1_0.trap.tar.br) for liblxc.so.1.0.0.link (97 of 1074)
[2026-01-21 06:05:17] Importing cgroup.c.c3046583.trap (cgroup.c.c3046583_0.trap.tar.br) for liblxc.so.1.0.0.link (98 of 1074)
[2026-01-21 06:05:17] Importing start.h.dd618b35.trap (cgfsng.c.41011ac1_0.trap.tar.br) for liblxc.so.1.0.0.link (99 of 1074)
[2026-01-21 06:05:17] Importing config.h.826a0825.trap (bdev.c.ffc8a8a7_0.trap.tar.br) for liblxc.so.1.0.0.link (100 of 1074)
[2026-01-21 06:05:17] Importing types.h.6cb8d1f7.trap (attach.c.e3f983d3_0.trap.tar.br) for 2 link targets (101 of 1074)
[2026-01-21 06:05:17] Importing conf.h.9449ef36.trap (cgfsng.c.41011ac1_0.trap.tar.br) for liblxc.so.1.0.0.link (102 of 1074)
[2026-01-21 06:05:17] Importing stdio.h.402f3d73.trap (lxcaufs.c.75c737cf_0.trap.tar.br) for liblxc.so.1.0.0.link (103 of 1074)
[2026-01-21 06:05:17] Importing conf.h.dad5b3b4.trap (bdev.c.ffc8a8a7_0.trap.tar.br) for liblxc.so.1.0.0.link (104 of 1074)
[2026-01-21 06:05:17] Importing fcntl.h.2e6f0ec9.trap (attach.c.e3f983d3_0.trap.tar.br) for 2 link targets (105 of 1074)
[2026-01-21 06:05:17] Importing unistd.h.555caa15.trap (commands.c.f5ec7303_0.trap.tar.br) for 8 link targets (106 of 1074)
[2026-01-21 06:05:17] Importing config.h.1d42ec3b.trap (lxcloop.c.e003a35a_0.trap.tar.br) for liblxc.so.1.0.0.link (107 of 1074)
[2026-01-21 06:05:17] Importing lxccontainer.h.381debfd.trap (lxcaufs.c.75c737cf_0.trap.tar.br) for liblxc.so.1.0.0.link (108 of 1074)
[2026-01-21 06:05:17] Importing bdev.h.dc5068ca.trap (lxcaufs.c.75c737cf_0.trap.tar.br) for liblxc.so.1.0.0.link (109 of 1074)
[2026-01-21 06:05:17] Importing lxc.h.93e94916.trap (bdev.c.ffc8a8a7_0.trap.tar.br) for liblxc.so.1.0.0.link (110 of 1074)
[2026-01-21 06:05:17] Importing lxcdir.h.b65d5625.trap (bdev.c.ffc8a8a7_0.trap.tar.br) for liblxc.so.1.0.0.link (111 of 1074)
[2026-01-21 06:05:17] Importing lxclvm.h.7e898e30.trap (bdev.c.ffc8a8a7_0.trap.tar.br) for liblxc.so.1.0.0.link (112 of 1074)
[2026-01-21 06:05:17] Importing lxcloop.h.b65d5625.trap (bdev.c.ffc8a8a7_0.trap.tar.br) for liblxc.so.1.0.0.link (113 of 1074)
[2026-01-21 06:05:17] Importing lxcnbd.h.8bbceae5.trap (bdev.c.ffc8a8a7_0.trap.tar.br) for liblxc.so.1.0.0.link (114 of 1074)
[2026-01-21 06:05:17] Importing lxcrbd.h.b65d5625.trap (bdev.c.ffc8a8a7_0.trap.tar.br) for liblxc.so.1.0.0.link (115 of 1074)
[2026-01-21 06:05:17] Importing lxczfs.h.b6b053bf.trap (bdev.c.ffc8a8a7_0.trap.tar.br) for liblxc.so.1.0.0.link (116 of 1074)
[2026-01-21 06:05:17] Importing config.h.79871230.trap (bdev.c.ffc8a8a7_0.trap.tar.br) for liblxc.so.1.0.0.link (117 of 1074)
[2026-01-21 06:05:17] Importing config.h.bc53eac2.trap (lxcrsync.c.b1b0256d_0.trap.tar.br) for liblxc.so.1.0.0.link (118 of 1074)
[2026-01-21 06:05:17] Importing config.h.54f25442.trap (lxcrsync.c.b1b0256d_0.trap.tar.br) for liblxc.so.1.0.0.link (119 of 1074)
[2026-01-21 06:05:17] Importing bdev.c.ffc8a8a7.trap (bdev.c.ffc8a8a7_0.trap.tar.br) for liblxc.so.1.0.0.link (120 of 1074)
[2026-01-21 06:05:17] Importing config.h.a1671b6d.trap (lxcaufs.c.75c737cf_0.trap.tar.br) for liblxc.so.1.0.0.link (121 of 1074)
[2026-01-21 06:05:17] Importing stat.h.1e498a93.trap (lxcrsync.c.b1b0256d_0.trap.tar.br) for liblxc.so.1.0.0.link (122 of 1074)
[2026-01-21 06:05:17] Importing signal.h.d1f95158.trap (lxcaufs.c.75c737cf_0.trap.tar.br) for liblxc.so.1.0.0.link (123 of 1074)
[2026-01-21 06:05:17] Importing config.h.e4e2da96.trap (conf.c.2e45a0ac_0.trap.tar.br) for liblxc.so.1.0.0.link (124 of 1074)
[2026-01-21 06:05:17] Importing config.h.1f21da9b.trap (caps.c.3dbef240_0.trap.tar.br) for liblxc.so.1.0.0.link (125 of 1074)
[2026-01-21 06:05:17] Importing stat.h.8fde87ce.trap (cgfsng.c.41011ac1_0.trap.tar.br) for liblxc.so.1.0.0.link (126 of 1074)
[2026-01-21 06:05:17] Importing stdio.h.6cee38c4.trap (caps.c.3dbef240_0.trap.tar.br) for liblxc.so.1.0.0.link (127 of 1074)
[2026-01-21 06:05:17] Importing grp.h.8a064b52.trap (attach.c.e3f983d3_0.trap.tar.br) for liblxc.so.1.0.0.link (128 of 1074)
[2026-01-21 06:05:17] Importing wait.h.583551c3.trap (attach.c.e3f983d3_0.trap.tar.br) for 2 link targets (129 of 1074)
[2026-01-21 06:05:17] Importing unistd.h.da464237.trap (attach.c.e3f983d3_0.trap.tar.br) for liblxc.so.1.0.0.link (130 of 1074)
[2026-01-21 06:05:17] Importing pwd.h.6c8a65f5.trap (attach.c.e3f983d3_0.trap.tar.br) for liblxc.so.1.0.0.link (131 of 1074)
[2026-01-21 06:05:17] Importing config.h.e7a9763d.trap (attach.c.e3f983d3_0.trap.tar.br) for liblxc.so.1.0.0.link (132 of 1074)
[2026-01-21 06:05:17] Importing config.h.00670777.trap (attach.c.e3f983d3_0.trap.tar.br) for liblxc.so.1.0.0.link (133 of 1074)
[2026-01-21 06:05:17] Importing start.h.11baa5ea.trap (attach.c.e3f983d3_0.trap.tar.br) for liblxc.so.1.0.0.link (134 of 1074)
[2026-01-21 06:05:17] Importing conf.h.57c53ca1.trap (attach.c.e3f983d3_0.trap.tar.br) for liblxc.so.1.0.0.link (135 of 1074)
[2026-01-21 06:05:17] Importing libc-header-start.h.a9d3e18b.trap (arguments.c.c55cfc9d_0.trap.tar.br) for 15 link targets (136 of 1074)
[2026-01-21 06:05:17] Importing stddef.h.d5f33419.trap (arguments.c.c55cfc9d_0.trap.tar.br) for 17 link targets (137 of 1074)
[2026-01-21 06:05:17] Importing features.h.c782dd0a.trap (conf.c.2e45a0ac_0.trap.tar.br) for liblxc.so.1.0.0.link (138 of 1074)
[2026-01-21 06:05:17] Importing conf.h.8d4849cc.trap (lxcaufs.c.75c737cf_0.trap.tar.br) for liblxc.so.1.0.0.link (139 of 1074)
[2026-01-21 06:05:17] Importing cgfsng.c.41011ac1.trap (cgfsng.c.41011ac1_0.trap.tar.br) for liblxc.so.1.0.0.link (140 of 1074)
[2026-01-21 06:05:17] Importing waitflags.h.82d366d7.trap (arguments.c.c55cfc9d_0.trap.tar.br) for 14 link targets (141 of 1074)
[2026-01-21 06:05:17] Importing waitstatus.h.e87d3a54.trap (arguments.c.c55cfc9d_0.trap.tar.br) for 26 link targets (142 of 1074)
[2026-01-21 06:05:17] Importing floatn-common.h.6fd18595.trap (arguments.c.c55cfc9d_0.trap.tar.br) for 28 link targets (143 of 1074)
[2026-01-21 06:05:17] Importing attach.h.5e35a012.trap (attach.c.e3f983d3_0.trap.tar.br) for liblxc.so.1.0.0.link (144 of 1074)
[2026-01-21 06:05:17] Importing stat.h.bfefab3b.trap (attach.c.e3f983d3_0.trap.tar.br) for 2 link targets (145 of 1074)
[2026-01-21 06:05:17] Importing lxclock.h.c0cf933e.trap (attach.c.e3f983d3_0.trap.tar.br) for liblxc.so.1.0.0.link (146 of 1074)
[2026-01-21 06:05:17] Importing lxccontainer.h.46032109.trap (attach.c.e3f983d3_0.trap.tar.br) for liblxc.so.1.0.0.link (147 of 1074)
[2026-01-21 06:05:17] Importing floatn.h.ad326663.trap (arguments.c.c55cfc9d_0.trap.tar.br) for 28 link targets (148 of 1074)
[2026-01-21 06:05:17] Importing config.h.7cedff03.trap (lxcloop.c.e003a35a_0.trap.tar.br) for liblxc.so.1.0.0.link (149 of 1074)
[2026-01-21 06:05:17] Importing clock_t.h.d57b4bd7.trap (arguments.c.c55cfc9d_0.trap.tar.br) for 28 link targets (150 of 1074)
[2026-01-21 06:05:17] Importing stdint.h.8ff2e79b.trap (conf.c.2e45a0ac_0.trap.tar.br) for liblxc.so.1.0.0.link (151 of 1074)
[2026-01-21 06:05:17] Importing stddef.h.eda0f8f4.trap (conf.c.2e45a0ac_0.trap.tar.br) for 4 link targets (152 of 1074)
[2026-01-21 06:05:17] Importing pwd.h.899c5189.trap (conf.c.2e45a0ac_0.trap.tar.br) for 2 link targets (153 of 1074)
[2026-01-21 06:05:17] Importing types.h.018703c1.trap (conf.c.2e45a0ac_0.trap.tar.br) for liblxc.so.1.0.0.link (154 of 1074)
[2026-01-21 06:05:17] Importing features.h.51b653b5.trap (confile.c.d8cef5b7_0.trap.tar.br) for liblxc.so.1.0.0.link (155 of 1074)
[2026-01-21 06:05:17] Importing unistd.h.bc4b99a6.trap (conf.c.2e45a0ac_0.trap.tar.br) for liblxc.so.1.0.0.link (156 of 1074)
[2026-01-21 06:05:17] Importing config.h.febb9d96.trap (confile.c.d8cef5b7_0.trap.tar.br) for liblxc.so.1.0.0.link (157 of 1074)
[2026-01-21 06:05:17] Importing lxccontainer.h.73db52a1.trap (confile.c.d8cef5b7_0.trap.tar.br) for 18 link targets (158 of 1074)
[2026-01-21 06:05:17] Importing config.h.7e126ee1.trap (confile.c.d8cef5b7_0.trap.tar.br) for liblxc.so.1.0.0.link (159 of 1074)
[2026-01-21 06:05:17] Importing confile_network_legacy.h.189726a4.trap (confile.c.d8cef5b7_0.trap.tar.br) for liblxc.so.1.0.0.link (160 of 1074)
[2026-01-21 06:05:17] Importing clockid_t.h.4f4e2e61.trap (arguments.c.c55cfc9d_0.trap.tar.br) for 28 link targets (161 of 1074)
[2026-01-21 06:05:17] Importing time_t.h.622de3ae.trap (arguments.c.c55cfc9d_0.trap.tar.br) for 28 link targets (162 of 1074)
[2026-01-21 06:05:17] Importing timer_t.h.39506049.trap (arguments.c.c55cfc9d_0.trap.tar.br) for 28 link targets (163 of 1074)
[2026-01-21 06:05:17] Importing stddef.h.39820f43.trap (arguments.c.c55cfc9d_0.trap.tar.br) for 24 link targets (164 of 1074)
[2026-01-21 06:05:17] Importing stdint-intn.h.3a2bc0a5.trap (arguments.c.c55cfc9d_0.trap.tar.br) for 28 link targets (165 of 1074)
[2026-01-21 06:05:17] Importing endianness.h.91b0a2c0.trap (arguments.c.c55cfc9d_0.trap.tar.br) for 28 link targets (166 of 1074)
[2026-01-21 06:05:17] Importing endian.h.197889e3.trap (arguments.c.c55cfc9d_0.trap.tar.br) for 28 link targets (167 of 1074)
[2026-01-21 06:05:17] Importing byteswap.h.6420dc79.trap (arguments.c.c55cfc9d_0.trap.tar.br) for 27 link targets (168 of 1074)
[2026-01-21 06:05:17] Importing lxcrsync.h.04aa2791.trap (lxcaufs.c.75c737cf_0.trap.tar.br) for liblxc.so.1.0.0.link (169 of 1074)
[2026-01-21 06:05:17] Importing config.h.353f56fa.trap (lxcaufs.c.75c737cf_0.trap.tar.br) for liblxc.so.1.0.0.link (170 of 1074)
[2026-01-21 06:05:17] Importing unistd.h.6ef67b7f.trap (lxcaufs.c.75c737cf_0.trap.tar.br) for liblxc.so.1.0.0.link (171 of 1074)
[2026-01-21 06:05:17] Importing lxcrsync.c.b1b0256d.trap (lxcrsync.c.b1b0256d_0.trap.tar.br) for liblxc.so.1.0.0.link (172 of 1074)
[2026-01-21 06:05:17] Importing uintn-identity.h.bf65810a.trap (arguments.c.c55cfc9d_0.trap.tar.br) for 27 link targets (173 of 1074)
[2026-01-21 06:05:17] Importing features.h.32413dad.trap (confile_network_legacy.c.a6f31a03_0.trap.tar.br) for liblxc.so.1.0.0.link (174 of 1074)
[2026-01-21 06:05:17] Importing lxcloop.c.e003a35a.trap (lxcloop.c.e003a35a_0.trap.tar.br) for liblxc.so.1.0.0.link (175 of 1074)
[2026-01-21 06:05:17] Importing fcntl.h.1415eb7f.trap (lxcaufs.c.75c737cf_0.trap.tar.br) for liblxc.so.1.0.0.link (176 of 1074)
[2026-01-21 06:05:17] Importing lxcaufs.c.75c737cf.trap (lxcaufs.c.75c737cf_0.trap.tar.br) for liblxc.so.1.0.0.link (177 of 1074)
[2026-01-21 06:05:17] Importing socket.h.99f116f7.trap (confile_utils.c.7118869f_0.trap.tar.br) for 2 link targets (178 of 1074)
[2026-01-21 06:05:17] Importing endian.h.ae417b55.trap (arguments.c.c55cfc9d_0.trap.tar.br) for 28 link targets (179 of 1074)
[2026-01-21 06:05:17] Importing caps.c.3dbef240.trap (caps.c.3dbef240_0.trap.tar.br) for liblxc.so.1.0.0.link (180 of 1074)
[2026-01-21 06:05:17] Importing list.h.bc252973.trap (confile.c.d8cef5b7_0.trap.tar.br) for liblxc.so.1.0.0.link (181 of 1074)
[2026-01-21 06:05:17] Importing config.h.6709671b.trap (confile_network_legacy.c.a6f31a03_0.trap.tar.br) for liblxc.so.1.0.0.link (182 of 1074)
[2026-01-21 06:05:17] Importing select.h.67ec46fb.trap (arguments.c.c55cfc9d_0.trap.tar.br) for 28 link targets (183 of 1074)
[2026-01-21 06:05:17] Importing inet.h.e278d728.trap (conf.c.2e45a0ac_0.trap.tar.br) for 3 link targets (184 of 1074)
[2026-01-21 06:05:17] Importing __sigset_t.h.58b82540.trap (arguments.c.c55cfc9d_0.trap.tar.br) for 28 link targets (185 of 1074)
[2026-01-21 06:05:17] Importing sigset_t.h.f286b014.trap (arguments.c.c55cfc9d_0.trap.tar.br) for 28 link targets (186 of 1074)
[2026-01-21 06:05:17] Importing struct_timeval.h.9ca227e3.trap (arguments.c.c55cfc9d_0.trap.tar.br) for 28 link targets (187 of 1074)
[2026-01-21 06:05:17] Importing struct_timespec.h.07032d39.trap (arguments.c.c55cfc9d_0.trap.tar.br) for 28 link targets (188 of 1074)
[2026-01-21 06:05:17] Importing attach.c.e3f983d3.trap (attach.c.e3f983d3_0.trap.tar.br) for liblxc.so.1.0.0.link (189 of 1074)
[2026-01-21 06:05:17] Importing config.h.777b549f.trap (confile_network_legacy.c.a6f31a03_0.trap.tar.br) for liblxc.so.1.0.0.link (190 of 1074)
[2026-01-21 06:05:17] Importing list.h.536e2b64.trap (confile_network_legacy.c.a6f31a03_0.trap.tar.br) for liblxc.so.1.0.0.link (191 of 1074)
[2026-01-21 06:05:17] Importing conf.h.70a4d784.trap (confile_network_legacy.c.a6f31a03_0.trap.tar.br) for liblxc.so.1.0.0.link (192 of 1074)
[2026-01-21 06:05:17] Importing start.h.91875d54.trap (confile.c.d8cef5b7_0.trap.tar.br) for liblxc.so.1.0.0.link (193 of 1074)
[2026-01-21 06:05:17] Importing conf.h.2626df8f.trap (confile.c.d8cef5b7_0.trap.tar.br) for liblxc.so.1.0.0.link (194 of 1074)
[2026-01-21 06:05:17] Importing select.h.5d5ddb85.trap (arguments.c.c55cfc9d_0.trap.tar.br) for 15 link targets (195 of 1074)
[2026-01-21 06:05:17] Importing stddef.h.41f14f4c.trap (console.c.98460c06_0.trap.tar.br) for 2 link targets (196 of 1074)
[2026-01-21 06:05:17] Importing signal.h.17108cd1.trap (console.c.98460c06_0.trap.tar.br) for liblxc.so.1.0.0.link (197 of 1074)
[2026-01-21 06:05:17] Importing sigevent_t.h.bcd811df.trap (commands.c.f5ec7303_0.trap.tar.br) for 4 link targets (198 of 1074)
[2026-01-21 06:05:17] Importing pthreadtypes.h.e2a36595.trap (commands.c.f5ec7303_0.trap.tar.br) for 2 link targets (199 of 1074)
[2026-01-21 06:05:17] Importing signal.h.d19a48e2.trap (commands.c.f5ec7303_0.trap.tar.br) for 9 link targets (200 of 1074)
[2026-01-21 06:05:17] Importing types.h.5e125144.trap (console.c.98460c06_0.trap.tar.br) for liblxc.so.1.0.0.link (201 of 1074)
[2026-01-21 06:05:17] Importing inet.h.eea46802.trap (confile_utils.c.7118869f_0.trap.tar.br) for liblxc.so.1.0.0.link (202 of 1074)
[2026-01-21 06:05:17] Importing pthreadtypes-arch.h.47e558dd.trap (arguments.c.c55cfc9d_0.trap.tar.br) for 28 link targets (203 of 1074)
[2026-01-21 06:05:17] Importing struct_mutex.h.bdae4b9a.trap (arguments.c.c55cfc9d_0.trap.tar.br) for 28 link targets (204 of 1074)
[2026-01-21 06:05:17] Importing ifaddrs.h.fee3c3ad.trap (confile.c.d8cef5b7_0.trap.tar.br) for 3 link targets (205 of 1074)
[2026-01-21 06:05:17] Importing confile.c.d8cef5b7.trap (confile.c.d8cef5b7_0.trap.tar.br) for liblxc.so.1.0.0.link (206 of 1074)
[2026-01-21 06:05:17] Importing termios-struct.h.0773905c.trap (console.c.98460c06_0.trap.tar.br) for 2 link targets (207 of 1074)
[2026-01-21 06:05:17] Importing termios-c_cc.h.6e6bcb91.trap (console.c.98460c06_0.trap.tar.br) for 4 link targets (208 of 1074)
[2026-01-21 06:05:17] Importing termios-c_iflag.h.6e6bcb91.trap (console.c.98460c06_0.trap.tar.br) for 4 link targets (209 of 1074)
[2026-01-21 06:05:17] Importing termios-c_oflag.h.974aa325.trap (console.c.98460c06_0.trap.tar.br) for 2 link targets (210 of 1074)
[2026-01-21 06:05:17] Importing termios-baud.h.b18788a7.trap (console.c.98460c06_0.trap.tar.br) for 4 link targets (211 of 1074)
[2026-01-21 06:05:17] Importing termios-c_cflag.h.6e6bcb91.trap (console.c.98460c06_0.trap.tar.br) for 4 link targets (212 of 1074)
[2026-01-21 06:05:17] Importing termios-c_lflag.h.1b559a24.trap (console.c.98460c06_0.trap.tar.br) for 2 link targets (213 of 1074)
[2026-01-21 06:05:17] Importing termios-tcflow.h.6e6bcb91.trap (console.c.98460c06_0.trap.tar.br) for 4 link targets (214 of 1074)
[2026-01-21 06:05:17] Importing termios-misc.h.6e6bcb91.trap (console.c.98460c06_0.trap.tar.br) for 4 link targets (215 of 1074)
[2026-01-21 06:05:17] Importing termios.h.093607b7.trap (console.c.98460c06_0.trap.tar.br) for 4 link targets (216 of 1074)
[2026-01-21 06:05:17] Importing ttydefaults.h.8780fe49.trap (console.c.98460c06_0.trap.tar.br) for 4 link targets (217 of 1074)
[2026-01-21 06:05:17] Importing stddef.h.ae714f1c.trap (conf.c.2e45a0ac_0.trap.tar.br) for 2 link targets (218 of 1074)
[2026-01-21 06:05:17] Importing signal.h.006e4783.trap (conf.c.2e45a0ac_0.trap.tar.br) for 2 link targets (219 of 1074)
[2026-01-21 06:05:17] Importing features.h.cf9f1d56.trap (criu.c.e34de99d_0.trap.tar.br) for liblxc.so.1.0.0.link (220 of 1074)
[2026-01-21 06:05:17] Importing termios.h.9460255c.trap (console.c.98460c06_0.trap.tar.br) for liblxc.so.1.0.0.link (221 of 1074)
[2026-01-21 06:05:17] Importing unistd.h.c5acc4f0.trap (console.c.98460c06_0.trap.tar.br) for liblxc.so.1.0.0.link (222 of 1074)
[2026-01-21 06:05:17] Importing stat.h.56a2287a.trap (conf.c.2e45a0ac_0.trap.tar.br) for liblxc.so.1.0.0.link (223 of 1074)
[2026-01-21 06:05:17] Importing stat.h.fb8f7dc4.trap (commands.c.f5ec7303_0.trap.tar.br) for 3 link targets (224 of 1074)
[2026-01-21 06:05:17] Importing wait.h.13ebf4e5.trap (error.c.32cd459a_0.trap.tar.br) for 2 link targets (225 of 1074)
[2026-01-21 06:05:17] Importing struct_rwlock.h.5550c404.trap (arguments.c.c55cfc9d_0.trap.tar.br) for 28 link targets (226 of 1074)
[2026-01-21 06:05:17] Importing thread-shared-types.h.b8e19b46.trap (arguments.c.c55cfc9d_0.trap.tar.br) for 28 link targets (227 of 1074)
[2026-01-21 06:05:17] Importing pthreadtypes.h.a2eb9027.trap (arguments.c.c55cfc9d_0.trap.tar.br) for 14 link targets (228 of 1074)
[2026-01-21 06:05:17] Importing types.h.a6efe58b.trap (arguments.c.c55cfc9d_0.trap.tar.br) for 5 link targets (229 of 1074)
[2026-01-21 06:05:17] Importing stddef.h.b348278c.trap (arguments.c.c55cfc9d_0.trap.tar.br) for 17 link targets (230 of 1074)
[2026-01-21 06:05:17] Importing epoll.h.b4c1221f.trap (console.c.98460c06_0.trap.tar.br) for 3 link targets (231 of 1074)
[2026-01-21 06:05:17] Importing alloca.h.e1b4df35.trap (arguments.c.c55cfc9d_0.trap.tar.br) for 28 link targets (232 of 1074)
[2026-01-21 06:05:17] Importing epoll.h.320b57bd.trap (console.c.98460c06_0.trap.tar.br) for 3 link targets (233 of 1074)
[2026-01-21 06:05:17] Importing stdlib-bsearch.h.7861ad8d.trap (arguments.c.c55cfc9d_0.trap.tar.br) for 28 link targets (234 of 1074)
[2026-01-21 06:05:17] Importing fcntl.h.ed83d779.trap (commands.c.f5ec7303_0.trap.tar.br) for liblxc.so.1.0.0.link (235 of 1074)
[2026-01-21 06:05:17] Importing poll.h.1cecb72b.trap (commands.c.f5ec7303_0.trap.tar.br) for 2 link targets (236 of 1074)
[2026-01-21 06:05:17] Importing poll.h.7e4e7440.trap (commands.c.f5ec7303_0.trap.tar.br) for 2 link targets (237 of 1074)
[2026-01-21 06:05:17] Importing stddef.h.bc2d20d3.trap (criu.c.e34de99d_0.trap.tar.br) for liblxc.so.1.0.0.link (238 of 1074)
[2026-01-21 06:05:17] Importing sched.h.377be139.trap (criu.c.e34de99d_0.trap.tar.br) for liblxc.so.1.0.0.link (239 of 1074)
[2026-01-21 06:05:17] Importing poll.h.dccd2fc5.trap (commands.c.f5ec7303_0.trap.tar.br) for 4 link targets (240 of 1074)
[2026-01-21 06:05:17] Importing types.h.b382b2b4.trap (commands.c.f5ec7303_0.trap.tar.br) for liblxc.so.1.0.0.link (241 of 1074)
[2026-01-21 06:05:17] Importing types.h.6da9ae52.trap (criu.c.e34de99d_0.trap.tar.br) for liblxc.so.1.0.0.link (242 of 1074)
[2026-01-21 06:05:17] Importing list.h.f39c5fae.trap (confile_utils.c.7118869f_0.trap.tar.br) for 4 link targets (243 of 1074)
[2026-01-21 06:05:17] Importing stdlib-float.h.df6b7eec.trap (arguments.c.c55cfc9d_0.trap.tar.br) for 28 link targets (244 of 1074)
[2026-01-21 06:05:17] Importing confile_network_legacy.c.a6f31a03.trap (confile_network_legacy.c.a6f31a03_0.trap.tar.br) for liblxc.so.1.0.0.link (245 of 1074)
[2026-01-21 06:05:17] Importing inttypes.h.b3dbf777.trap (commands.c.f5ec7303_0.trap.tar.br) for 2 link targets (246 of 1074)
[2026-01-21 06:05:17] Importing sysmacros.h.e6ffbd7e.trap (conf.c.2e45a0ac_0.trap.tar.br) for liblxc.so.1.0.0.link (247 of 1074)
[2026-01-21 06:05:17] Importing socket.h.385d6836.trap (error.c.32cd459a_0.trap.tar.br) for liblxc.so.1.0.0.link (248 of 1074)
[2026-01-21 06:05:17] Importing sysmacros.h.4ac56214.trap (conf.c.2e45a0ac_0.trap.tar.br) for liblxc.so.1.0.0.link (249 of 1074)
[2026-01-21 06:05:17] Importing start.h.69cb04e1.trap (console.c.98460c06_0.trap.tar.br) for liblxc.so.1.0.0.link (250 of 1074)
[2026-01-21 06:05:17] Importing conf.h.2b4fe94c.trap (console.c.98460c06_0.trap.tar.br) for liblxc.so.1.0.0.link (251 of 1074)
[2026-01-21 06:05:17] Importing stat.h.ea5bd1fd.trap (console.c.98460c06_0.trap.tar.br) for liblxc.so.1.0.0.link (252 of 1074)
[2026-01-21 06:05:17] Importing mainloop.h.94e70fa6.trap (console.c.98460c06_0.trap.tar.br) for liblxc.so.1.0.0.link (253 of 1074)
[2026-01-21 06:05:17] Importing ioctl-types.h.754f3542.trap (console.c.98460c06_0.trap.tar.br) for 2 link targets (254 of 1074)
[2026-01-21 06:05:17] Importing ttydefaults.h.f8b3074e.trap (console.c.98460c06_0.trap.tar.br) for 4 link targets (255 of 1074)
[2026-01-21 06:05:17] Importing pty.h.8360e904.trap (console.c.98460c06_0.trap.tar.br) for 2 link targets (256 of 1074)
[2026-01-21 06:05:17] Importing signal.h.495b6893.trap (criu.c.e34de99d_0.trap.tar.br) for liblxc.so.1.0.0.link (257 of 1074)
[2026-01-21 06:05:17] Importing unistd.h.e9e9383b.trap (confile_utils.c.7118869f_0.trap.tar.br) for 2 link targets (258 of 1074)
[2026-01-21 06:05:17] Importing wait.h.2f6ec0bf.trap (criu.c.e34de99d_0.trap.tar.br) for liblxc.so.1.0.0.link (259 of 1074)
[2026-01-21 06:05:17] Importing unistd.h.f1d214ad.trap (criu.c.e34de99d_0.trap.tar.br) for liblxc.so.1.0.0.link (260 of 1074)
[2026-01-21 06:05:17] Importing console.c.98460c06.trap (console.c.98460c06_0.trap.tar.br) for liblxc.so.1.0.0.link (261 of 1074)
[2026-01-21 06:05:17] Importing stdlib.h.a9f28581.trap (arguments.c.c55cfc9d_0.trap.tar.br) for 14 link targets (262 of 1074)
[2026-01-21 06:05:17] Importing utsname.h.7c32ef24.trap (conf.c.2e45a0ac_0.trap.tar.br) for 2 link targets (263 of 1074)
[2026-01-21 06:05:17] Importing utsname.h.1bbec225.trap (conf.c.2e45a0ac_0.trap.tar.br) for 2 link targets (264 of 1074)
[2026-01-21 06:05:17] Importing stddef.h.c43e6516.trap (execute.c.5500c617_0.trap.tar.br) for 2 link targets (265 of 1074)
[2026-01-21 06:05:17] Importing error.c.32cd459a.trap (error.c.32cd459a_0.trap.tar.br) for liblxc.so.1.0.0.link (266 of 1074)
[2026-01-21 06:05:17] Importing genetlink.h.a0813184.trap (genl.c.14356333_0.trap.tar.br) for liblxc.so.1.0.0.link (267 of 1074)
[2026-01-21 06:05:17] Importing inttypes.h.541ae4e7.trap (commands.c.f5ec7303_0.trap.tar.br) for 2 link targets (268 of 1074)
[2026-01-21 06:05:17] Importing features.h.e093a5d1.trap (freezer.c.80af7f0d_0.trap.tar.br) for liblxc.so.1.0.0.link (269 of 1074)
[2026-01-21 06:05:17] Importing genl.h.c70974eb.trap (genl.c.14356333_0.trap.tar.br) for liblxc.so.1.0.0.link (270 of 1074)
[2026-01-21 06:05:17] Importing un.h.c5581cbe.trap (commands.c.f5ec7303_0.trap.tar.br) for 2 link targets (271 of 1074)
[2026-01-21 06:05:17] Importing genl.c.14356333.trap (genl.c.14356333_0.trap.tar.br) for liblxc.so.1.0.0.link (272 of 1074)
[2026-01-21 06:05:17] Importing __stddef_max_align_t.h.2111250f.trap (commands.c.f5ec7303_0.trap.tar.br) for 25 link targets (273 of 1074)
[2026-01-21 06:05:17] Importing types.h.19caa469.trap (execute.c.5500c617_0.trap.tar.br) for liblxc.so.1.0.0.link (274 of 1074)
[2026-01-21 06:05:17] Importing statvfs.h.48de91cf.trap (conf.c.2e45a0ac_0.trap.tar.br) for liblxc.so.1.0.0.link (275 of 1074)
[2026-01-21 06:05:17] Importing statvfs.h.617c2a4b.trap (conf.c.2e45a0ac_0.trap.tar.br) for liblxc.so.1.0.0.link (276 of 1074)
[2026-01-21 06:05:17] Importing termios-c_oflag.h.d3e78352.trap (conf.c.2e45a0ac_0.trap.tar.br) for 3 link targets (277 of 1074)
[2026-01-21 06:05:17] Importing termios-c_lflag.h.a068fde5.trap (conf.c.2e45a0ac_0.trap.tar.br) for 3 link targets (278 of 1074)
[2026-01-21 06:05:17] Importing stat.h.36e7ee48.trap (execute.c.5500c617_0.trap.tar.br) for liblxc.so.1.0.0.link (279 of 1074)
[2026-01-21 06:05:17] Importing stdio.h.219e6d5e.trap (freezer.c.80af7f0d_0.trap.tar.br) for 9 link targets (280 of 1074)
[2026-01-21 06:05:17] Importing confile_utils.c.7118869f.trap (confile_utils.c.7118869f_0.trap.tar.br) for liblxc.so.1.0.0.link (281 of 1074)
[2026-01-21 06:05:17] Importing termios.h.6868b7b6.trap (conf.c.2e45a0ac_0.trap.tar.br) for 2 link targets (282 of 1074)
[2026-01-21 06:05:17] Importing stddef.h.69f609d1.trap (commands.c.f5ec7303_0.trap.tar.br) for 12 link targets (283 of 1074)
[2026-01-21 06:05:17] Importing malloc.h.bb3fb3a7.trap (commands.c.f5ec7303_0.trap.tar.br) for 24 link targets (284 of 1074)
[2026-01-21 06:05:17] Importing stat.h.a28d5092.trap (initutils.c.a8fb4aa7_0.trap.tar.br) for liblxc.so.1.0.0.link (285 of 1074)
[2026-01-21 06:05:17] Importing stddef.h.f0aef9e8.trap (commands.c.f5ec7303_0.trap.tar.br) for 12 link targets (286 of 1074)
[2026-01-21 06:05:17] Importing stddef.h.e4f27599.trap (commands.c.f5ec7303_0.trap.tar.br) for 12 link targets (287 of 1074)
[2026-01-21 06:05:17] Importing stddef.h.16c745fd.trap (commands.c.f5ec7303_0.trap.tar.br) for 21 link targets (288 of 1074)
[2026-01-21 06:05:17] Importing time.h.2f4b7a91.trap (commands.c.f5ec7303_0.trap.tar.br) for 9 link targets (289 of 1074)
[2026-01-21 06:05:17] Importing types.h.1b0a9fe7.trap (initutils.c.a8fb4aa7_0.trap.tar.br) for liblxc.so.1.0.0.link (290 of 1074)
[2026-01-21 06:05:17] Importing config.h.eda5cbfc.trap (conf.c.2e45a0ac_0.trap.tar.br) for liblxc.so.1.0.0.link (291 of 1074)
[2026-01-21 06:05:17] Importing lxccontainer.h.d0a6cd59.trap (conf.c.2e45a0ac_0.trap.tar.br) for liblxc.so.1.0.0.link (292 of 1074)
[2026-01-21 06:05:17] Importing unistd.h.22d3c3a9.trap (initutils.c.a8fb4aa7_0.trap.tar.br) for liblxc.so.1.0.0.link (293 of 1074)
[2026-01-21 06:05:17] Importing libc-header-start.h.94a3f9bf.trap (arguments.c.c55cfc9d_0.trap.tar.br) for 14 link targets (294 of 1074)
[2026-01-21 06:05:17] Importing config.h.241b129f.trap (criu.c.e34de99d_0.trap.tar.br) for liblxc.so.1.0.0.link (295 of 1074)
[2026-01-21 06:05:17] Importing config.h.09e9fa43.trap (criu.c.e34de99d_0.trap.tar.br) for liblxc.so.1.0.0.link (296 of 1074)
[2026-01-21 06:05:17] Importing lxccontainer.h.6148df01.trap (criu.c.e34de99d_0.trap.tar.br) for liblxc.so.1.0.0.link (297 of 1074)
[2026-01-21 06:05:17] Importing limits.h.38028676.trap (arguments.c.c55cfc9d_0.trap.tar.br) for 26 link targets (298 of 1074)
[2026-01-21 06:05:17] Importing local_lim.h.47a5e7f2.trap (arguments.c.c55cfc9d_0.trap.tar.br) for 26 link targets (299 of 1074)
[2026-01-21 06:05:17] Importing features.h.ece03014.trap (log.c.4ae942d5_0.trap.tar.br) for liblxc.so.1.0.0.link (300 of 1074)
[2026-01-21 06:05:17] Importing getopt_posix.h.40b1824c.trap (execute.c.5500c617_0.trap.tar.br) for 2 link targets (301 of 1074)
[2026-01-21 06:05:17] Importing unistd.h.fd6bfd29.trap (execute.c.5500c617_0.trap.tar.br) for liblxc.so.1.0.0.link (302 of 1074)
[2026-01-21 06:05:17] Importing bdev.h.ba150b4e.trap (conf.c.2e45a0ac_0.trap.tar.br) for liblxc.so.1.0.0.link (303 of 1074)
[2026-01-21 06:05:17] Importing conf.h.623d06b1.trap (conf.c.2e45a0ac_0.trap.tar.br) for liblxc.so.1.0.0.link (304 of 1074)
[2026-01-21 06:05:17] Importing unistd.h.22896b07.trap (log.c.4ae942d5_0.trap.tar.br) for liblxc.so.1.0.0.link (305 of 1074)
[2026-01-21 06:05:17] Importing stddef.h.df44002b.trap (execute.c.5500c617_0.trap.tar.br) for 8 link targets (306 of 1074)
[2026-01-21 06:05:17] Importing posix1_lim.h.5d62a857.trap (arguments.c.c55cfc9d_0.trap.tar.br) for 14 link targets (307 of 1074)
[2026-01-21 06:05:17] Importing stdio.h.2d045db7.trap (execute.c.5500c617_0.trap.tar.br) for liblxc.so.1.0.0.link (308 of 1074)
[2026-01-21 06:05:17] Importing local_lim.h.e615770e.trap (criu.c.e34de99d_0.trap.tar.br) for liblxc.so.1.0.0.link (309 of 1074)
[2026-01-21 06:05:17] Importing param.h.00b4462b.trap (criu.c.e34de99d_0.trap.tar.br) for liblxc.so.1.0.0.link (310 of 1074)
[2026-01-21 06:05:17] Importing list.h.f08ea4d1.trap (commands.c.f5ec7303_0.trap.tar.br) for 2 link targets (311 of 1074)
[2026-01-21 06:05:17] Importing stddef.h.24d43a10.trap (commands.c.f5ec7303_0.trap.tar.br) for 22 link targets (312 of 1074)
[2026-01-21 06:05:17] Importing sched.h.e94e438f.trap (commands.c.f5ec7303_0.trap.tar.br) for 9 link targets (313 of 1074)
[2026-01-21 06:05:17] Importing start.h.574b5404.trap (commands.c.f5ec7303_0.trap.tar.br) for liblxc.so.1.0.0.link (314 of 1074)
[2026-01-21 06:05:17] Importing conf.h.1d6162d7.trap (commands.c.f5ec7303_0.trap.tar.br) for liblxc.so.1.0.0.link (315 of 1074)
[2026-01-21 06:05:17] Importing posix2_lim.h.a5019e09.trap (arguments.c.c55cfc9d_0.trap.tar.br) for 26 link targets (316 of 1074)
[2026-01-21 06:05:17] Importing limits.h.c6f19dec.trap (arguments.c.c55cfc9d_0.trap.tar.br) for 14 link targets (317 of 1074)
[2026-01-21 06:05:17] Importing limits.h.ed1d057e.trap (arguments.c.c55cfc9d_0.trap.tar.br) for 14 link targets (318 of 1074)
[2026-01-21 06:05:17] Importing start.h.2c460779.trap (criu.c.e34de99d_0.trap.tar.br) for liblxc.so.1.0.0.link (319 of 1074)
[2026-01-21 06:05:17] Importing libc-header-start.h.4104181d.trap (arguments.c.c55cfc9d_0.trap.tar.br) for 15 link targets (320 of 1074)
[2026-01-21 06:05:17] Importing conf.h.2f8fc648.trap (criu.c.e34de99d_0.trap.tar.br) for liblxc.so.1.0.0.link (321 of 1074)
[2026-01-21 06:05:17] Importing pthreadtypes.h.f506a23c.trap (freezer.c.80af7f0d_0.trap.tar.br) for 12 link targets (322 of 1074)
[2026-01-21 06:05:17] Importing log.h.5158be26.trap (commands.c.f5ec7303_0.trap.tar.br) for 2 link targets (323 of 1074)
[2026-01-21 06:05:17] Importing stddef.h.63d61078.trap (arguments.c.c55cfc9d_0.trap.tar.br) for 16 link targets (324 of 1074)
[2026-01-21 06:05:17] Importing __locale_t.h.5dfb312e.trap (arguments.c.c55cfc9d_0.trap.tar.br) for 28 link targets (325 of 1074)
[2026-01-21 06:05:17] Importing locale_t.h.102088b1.trap (arguments.c.c55cfc9d_0.trap.tar.br) for 28 link targets (326 of 1074)
[2026-01-21 06:05:17] Importing stddef.h.a6dc9b8d.trap (arguments.c.c55cfc9d_0.trap.tar.br) for 17 link targets (327 of 1074)
[2026-01-21 06:05:17] Importing strings.h.162e4ad9.trap (arguments.c.c55cfc9d_0.trap.tar.br) for 15 link targets (328 of 1074)
[2026-01-21 06:05:17] Importing lsm.c.392e5ce7.trap (lsm.c.392e5ce7_0.trap.tar.br) for liblxc.so.1.0.0.link (329 of 1074)
[2026-01-21 06:05:17] Importing stddef.h.7ad253ed.trap (nop.c.c0dd1fc8_0.trap.tar.br) for liblxc.so.1.0.0.link (330 of 1074)
[2026-01-21 06:05:17] Importing lsm.h.fcbb4a09.trap (nop.c.c0dd1fc8_0.trap.tar.br) for liblxc.so.1.0.0.link (331 of 1074)
[2026-01-21 06:05:17] Importing types.h.20ca148b.trap (log.c.4ae942d5_0.trap.tar.br) for 3 link targets (332 of 1074)
[2026-01-21 06:05:17] Importing nop.c.c0dd1fc8.trap (nop.c.c0dd1fc8_0.trap.tar.br) for liblxc.so.1.0.0.link (333 of 1074)
[2026-01-21 06:05:17] Importing stat.h.70eb651c.trap (log.c.4ae942d5_0.trap.tar.br) for 3 link targets (334 of 1074)
[2026-01-21 06:05:17] Importing string.h.a0330442.trap (arguments.c.c55cfc9d_0.trap.tar.br) for 15 link targets (335 of 1074)
[2026-01-21 06:05:17] Importing types.h.da5f01b6.trap (freezer.c.80af7f0d_0.trap.tar.br) for 7 link targets (336 of 1074)
[2026-01-21 06:05:17] Importing unistd.h.1224b725.trap (freezer.c.80af7f0d_0.trap.tar.br) for 6 link targets (337 of 1074)
[2026-01-21 06:05:17] Importing features.h.92e560ec.trap (lxc_monitord.c.72c8cefa_0.trap.tar.br) for lxc-monitord.link (338 of 1074)
[2026-01-21 06:05:17] Importing types.h.ca0e2f99.trap (lxc_monitord.c.72c8cefa_0.trap.tar.br) for lxc-monitord.link (339 of 1074)
[2026-01-21 06:05:17] Importing confile_utils.h.3811b969.trap (conf.c.2e45a0ac_0.trap.tar.br) for liblxc.so.1.0.0.link (340 of 1074)
[2026-01-21 06:05:17] Importing confile_utils.h.ae0673c7.trap (conf.c.2e45a0ac_0.trap.tar.br) for liblxc.so.1.0.0.link (341 of 1074)
[2026-01-21 06:05:17] Importing stddef.h.7a680bce.trap (execute.c.5500c617_0.trap.tar.br) for 9 link targets (342 of 1074)
[2026-01-21 06:05:17] Importing struct_iovec.h.b49dd56e.trap (execute.c.5500c617_0.trap.tar.br) for 27 link targets (343 of 1074)
[2026-01-21 06:05:17] Importing stddef.h.8e72e7a4.trap (execute.c.5500c617_0.trap.tar.br) for 8 link targets (344 of 1074)
[2026-01-21 06:05:17] Importing features.h.671948ae.trap (lxc_user_nic.c.d5036b9a_0.trap.tar.br) for lxc-user-nic.link (345 of 1074)
[2026-01-21 06:05:17] Importing paths.h.38028676.trap (conf.c.2e45a0ac_0.trap.tar.br) for 2 link targets (346 of 1074)
[2026-01-21 06:05:17] Importing mntent.h.904f43e3.trap (conf.c.2e45a0ac_0.trap.tar.br) for 2 link targets (347 of 1074)
[2026-01-21 06:05:17] Importing stddef.h.fc298ece.trap (execute.c.5500c617_0.trap.tar.br) for 8 link targets (348 of 1074)
[2026-01-21 06:05:17] Importing socket_type.h.8136f73b.trap (execute.c.5500c617_0.trap.tar.br) for 26 link targets (349 of 1074)
[2026-01-21 06:05:17] Importing sockaddr.h.4178f4b4.trap (execute.c.5500c617_0.trap.tar.br) for 26 link targets (350 of 1074)
[2026-01-21 06:05:18] Importing sched.h.d196d9ff.trap (log.c.4ae942d5_0.trap.tar.br) for 4 link targets (351 of 1074)
[2026-01-21 06:05:18] Importing time.h.e5f4072b.trap (log.c.4ae942d5_0.trap.tar.br) for 4 link targets (352 of 1074)
[2026-01-21 06:05:18] Importing criu.h.88f6e18a.trap (criu.c.e34de99d_0.trap.tar.br) for liblxc.so.1.0.0.link (353 of 1074)
[2026-01-21 06:05:18] Importing features.h.3ae8f740.trap (lxccontainer.c.6855757f_0.trap.tar.br) for liblxc.so.1.0.0.link (354 of 1074)
[2026-01-21 06:05:18] Importing unistd.h.b0a7c149.trap (lxccontainer.c.6855757f_0.trap.tar.br) for liblxc.so.1.0.0.link (355 of 1074)
[2026-01-21 06:05:18] Importing setjmp.h.703ffd1a.trap (log.c.4ae942d5_0.trap.tar.br) for liblxc.so.1.0.0.link (356 of 1074)
[2026-01-21 06:05:18] Importing sockios.h.38028676.trap (execute.c.5500c617_0.trap.tar.br) for 26 link targets (357 of 1074)
[2026-01-21 06:05:18] Importing sockios.h.fb2ce5d5.trap (execute.c.5500c617_0.trap.tar.br) for 26 link targets (358 of 1074)
[2026-01-21 06:05:18] Importing unistd.h.e3b26c81.trap (lxc_monitord.c.72c8cefa_0.trap.tar.br) for lxc-monitord.link (359 of 1074)
[2026-01-21 06:05:18] Importing pthread.h.f3d48394.trap (log.c.4ae942d5_0.trap.tar.br) for liblxc.so.1.0.0.link (360 of 1074)
[2026-01-21 06:05:18] Importing time.h.1489cf1f.trap (criu.c.e34de99d_0.trap.tar.br) for liblxc.so.1.0.0.link (361 of 1074)
[2026-01-21 06:05:18] Importing lxc.h.3b64c8c6.trap (criu.c.e34de99d_0.trap.tar.br) for liblxc.so.1.0.0.link (362 of 1074)
[2026-01-21 06:05:18] Importing lxcaufs.h.b4056c11.trap (conf.c.2e45a0ac_0.trap.tar.br) for liblxc.so.1.0.0.link (363 of 1074)
[2026-01-21 06:05:18] Importing socket.h.5fdde3f3.trap (execute.c.5500c617_0.trap.tar.br) for 26 link targets (364 of 1074)
[2026-01-21 06:05:18] Importing socket.h.73ad9a4e.trap (execute.c.5500c617_0.trap.tar.br) for 26 link targets (365 of 1074)
[2026-01-21 06:05:18] Importing socket.h.0bbd2f24.trap (execute.c.5500c617_0.trap.tar.br) for 14 link targets (366 of 1074)
[2026-01-21 06:05:18] Importing struct_osockaddr.h.a868f7d7.trap (execute.c.5500c617_0.trap.tar.br) for 26 link targets (367 of 1074)
[2026-01-21 06:05:18] Importing types.h.9198824c.trap (lxc_user_nic.c.d5036b9a_0.trap.tar.br) for lxc-user-nic.link (368 of 1074)
[2026-01-21 06:05:18] Importing ctype.h.9bf5485f.trap (arguments.c.c55cfc9d_0.trap.tar.br) for 3 link targets (369 of 1074)
[2026-01-21 06:05:18] Importing socket.h.2eeb5e58.trap (execute.c.5500c617_0.trap.tar.br) for 14 link targets (370 of 1074)
[2026-01-21 06:05:18] Importing fcntl.h.5a6039e6.trap (initutils.c.a8fb4aa7_0.trap.tar.br) for liblxc.so.1.0.0.link (371 of 1074)
[2026-01-21 06:05:18] Importing lxcoverlay.h.5b0f0966.trap (conf.c.2e45a0ac_0.trap.tar.br) for liblxc.so.1.0.0.link (372 of 1074)
[2026-01-21 06:05:18] Importing signal.h.0bbb7710.trap (initutils.c.a8fb4aa7_0.trap.tar.br) for liblxc.so.1.0.0.link (373 of 1074)
[2026-01-21 06:05:18] Importing fcntl.h.fa30934a.trap (criu.c.e34de99d_0.trap.tar.br) for liblxc.so.1.0.0.link (374 of 1074)
[2026-01-21 06:05:18] Importing criu.c.e34de99d.trap (criu.c.e34de99d_0.trap.tar.br) for liblxc.so.1.0.0.link (375 of 1074)
[2026-01-21 06:05:18] Importing in.h.9c1d1420.trap (execute.c.5500c617_0.trap.tar.br) for 26 link targets (376 of 1074)
[2026-01-21 06:05:18] Importing setjmp.h.47a1b5c8.trap (lxc_monitord.c.72c8cefa_0.trap.tar.br) for lxc-monitord.link (377 of 1074)
[2026-01-21 06:05:18] Importing setjmp.h.3d7f68ce.trap (lxc_monitord.c.72c8cefa_0.trap.tar.br) for lxc-monitord.link (378 of 1074)
[2026-01-21 06:05:18] Importing stat.h.bc27ccf0.trap (lxc_monitord.c.72c8cefa_0.trap.tar.br) for lxc-monitord.link (379 of 1074)
[2026-01-21 06:05:18] Importing unistd.h.6c33bee4.trap (lxc_user_nic.c.d5036b9a_0.trap.tar.br) for lxc-user-nic.link (380 of 1074)
[2026-01-21 06:05:18] Importing config.h.73c63690.trap (lxc_monitord.c.72c8cefa_0.trap.tar.br) for lxc-monitord.link (381 of 1074)
[2026-01-21 06:05:18] Importing fcntl.h.6ef1bd1d.trap (freezer.c.80af7f0d_0.trap.tar.br) for 7 link targets (382 of 1074)
[2026-01-21 06:05:18] Importing network.h.0f161217.trap (conf.c.2e45a0ac_0.trap.tar.br) for 3 link targets (383 of 1074)
[2026-01-21 06:05:18] Importing config.h.011a1015.trap (conf.c.2e45a0ac_0.trap.tar.br) for liblxc.so.1.0.0.link (384 of 1074)
[2026-01-21 06:05:18] Importing signal.h.98142b36.trap (freezer.c.80af7f0d_0.trap.tar.br) for 6 link targets (385 of 1074)
[2026-01-21 06:05:18] Importing config.h.5a209cb0.trap (lxc_monitord.c.72c8cefa_0.trap.tar.br) for lxc-monitord.link (386 of 1074)
[2026-01-21 06:05:18] Importing conf.h.a70a4d3f.trap (lxc_monitord.c.72c8cefa_0.trap.tar.br) for lxc-monitord.link (387 of 1074)
[2026-01-21 06:05:18] Importing personality.h.182211d3.trap (conf.c.2e45a0ac_0.trap.tar.br) for liblxc.so.1.0.0.link (388 of 1074)
[2026-01-21 06:05:18] Importing errno-base.h.38028676.trap (arguments.c.c55cfc9d_0.trap.tar.br) for 27 link targets (389 of 1074)
[2026-01-21 06:05:18] Importing conf.c.2e45a0ac.trap (conf.c.2e45a0ac_0.trap.tar.br) for liblxc.so.1.0.0.link (390 of 1074)
[2026-01-21 06:05:18] Importing errno.h.1b01fae0.trap (arguments.c.c55cfc9d_0.trap.tar.br) for 27 link targets (391 of 1074)
[2026-01-21 06:05:18] Importing stddef.h.34ec51fd.trap (commands.c.f5ec7303_0.trap.tar.br) for 19 link targets (392 of 1074)
[2026-01-21 06:05:18] Importing lxc.h.e6ea1a8e.trap (commands.c.f5ec7303_0.trap.tar.br) for liblxc.so.1.0.0.link (393 of 1074)
[2026-01-21 06:05:18] Importing initutils.c.a8fb4aa7.trap (initutils.c.a8fb4aa7_0.trap.tar.br) for liblxc.so.1.0.0.link (394 of 1074)
[2026-01-21 06:05:18] Importing byteswap.h.417a0ea9.trap (execute.c.5500c617_0.trap.tar.br) for 26 link targets (395 of 1074)
[2026-01-21 06:05:18] Importing uintn-identity.h.fbdc7436.trap (execute.c.5500c617_0.trap.tar.br) for 26 link targets (396 of 1074)
[2026-01-21 06:05:18] Importing errno.h.9175ccbd.trap (arguments.c.c55cfc9d_0.trap.tar.br) for 27 link targets (397 of 1074)
[2026-01-21 06:05:18] Importing in.h.8b731f00.trap (execute.c.5500c617_0.trap.tar.br) for 14 link targets (398 of 1074)
[2026-01-21 06:05:18] Importing errno.h.5f69a894.trap (arguments.c.c55cfc9d_0.trap.tar.br) for 27 link targets (399 of 1074)
[2026-01-21 06:05:18] Importing if.h.3146b267.trap (execute.c.5500c617_0.trap.tar.br) for 26 link targets (400 of 1074)
[2026-01-21 06:05:18] Importing lxc_monitord.c.72c8cefa.trap (lxc_monitord.c.72c8cefa_0.trap.tar.br) for lxc-monitord.link (401 of 1074)
[2026-01-21 06:05:18] Importing stddef.h.8dbf43bf.trap (execute.c.5500c617_0.trap.tar.br) for 7 link targets (402 of 1074)
[2026-01-21 06:05:18] Importing errno.h.d3dae079.trap (arguments.c.c55cfc9d_0.trap.tar.br) for 27 link targets (403 of 1074)
[2026-01-21 06:05:18] Importing stat.h.b276ed2e.trap (commands.c.f5ec7303_0.trap.tar.br) for liblxc.so.1.0.0.link (404 of 1074)
[2026-01-21 06:05:18] Importing errno.h.af2d311e.trap (arguments.c.c55cfc9d_0.trap.tar.br) for 14 link targets (405 of 1074)
[2026-01-21 06:05:18] Importing stat.h.31befb21.trap (arguments.c.c55cfc9d_0.trap.tar.br) for 7 link targets (406 of 1074)
[2026-01-21 06:05:18] Importing stat.h.a90e5da2.trap (arguments.c.c55cfc9d_0.trap.tar.br) for 3 link targets (407 of 1074)
[2026-01-21 06:05:18] Importing signum-generic.h.67952149.trap (execute.c.5500c617_0.trap.tar.br) for 14 link targets (408 of 1074)
[2026-01-21 06:05:18] Importing stat.h.3fa22726.trap (lxc_user_nic.c.d5036b9a_0.trap.tar.br) for lxc-user-nic.link (409 of 1074)
[2026-01-21 06:05:18] Importing config.h.ffcd210e.trap (lxc_user_nic.c.d5036b9a_0.trap.tar.br) for lxc-user-nic.link (410 of 1074)
[2026-01-21 06:05:18] Importing signum.h.26b02e78.trap (execute.c.5500c617_0.trap.tar.br) for 26 link targets (411 of 1074)
[2026-01-21 06:05:18] Importing sig_atomic_t.h.f103a9a8.trap (execute.c.5500c617_0.trap.tar.br) for 26 link targets (412 of 1074)
[2026-01-21 06:05:18] Importing __sigval_t.h.b3df2d3b.trap (execute.c.5500c617_0.trap.tar.br) for 26 link targets (413 of 1074)
[2026-01-21 06:05:18] Importing siginfo-arch.h.17a2d2b3.trap (execute.c.5500c617_0.trap.tar.br) for 26 link targets (414 of 1074)
[2026-01-21 06:05:18] Importing siginfo_t.h.19505307.trap (execute.c.5500c617_0.trap.tar.br) for 26 link targets (415 of 1074)
[2026-01-21 06:05:18] Importing posix_opt.h.2962e496.trap (arguments.c.c55cfc9d_0.trap.tar.br) for 14 link targets (416 of 1074)
[2026-01-21 06:05:18] Importing features.h.4095738b.trap (lxclock.c.008d37bd_0.trap.tar.br) for liblxc.so.1.0.0.link (417 of 1074)
[2026-01-21 06:05:18] Importing stat.h.f76a9aaa.trap (lxclock.c.008d37bd_0.trap.tar.br) for liblxc.so.1.0.0.link (418 of 1074)
[2026-01-21 06:05:18] Importing environments.h.aa8f16d7.trap (arguments.c.c55cfc9d_0.trap.tar.br) for 27 link targets (419 of 1074)
[2026-01-21 06:05:18] Importing stddef.h.c258a5c0.trap (arguments.c.c55cfc9d_0.trap.tar.br) for 26 link targets (420 of 1074)
[2026-01-21 06:05:18] Importing confname.h.d50c3237.trap (arguments.c.c55cfc9d_0.trap.tar.br) for 27 link targets (421 of 1074)
[2026-01-21 06:05:18] Importing monitor.h.09d494ba.trap (freezer.c.80af7f0d_0.trap.tar.br) for liblxc.so.1.0.0.link (422 of 1074)
[2026-01-21 06:05:18] Importing time.h.95aaf611.trap (freezer.c.80af7f0d_0.trap.tar.br) for 5 link targets (423 of 1074)
[2026-01-21 06:05:18] Importing fcntl.h.18fb5d70.trap (log.c.4ae942d5_0.trap.tar.br) for 3 link targets (424 of 1074)
[2026-01-21 06:05:18] Importing config.h.a2fc77b8.trap (lxc_user_nic.c.d5036b9a_0.trap.tar.br) for lxc-user-nic.link (425 of 1074)
[2026-01-21 06:05:18] Importing siginfo-consts.h.6e123325.trap (execute.c.5500c617_0.trap.tar.br) for 14 link targets (426 of 1074)
[2026-01-21 06:05:18] Importing file.h.9c6aa102.trap (lxclock.c.008d37bd_0.trap.tar.br) for liblxc.so.1.0.0.link (427 of 1074)
[2026-01-21 06:05:18] Importing cgroup.h.40115b28.trap (commands.c.f5ec7303_0.trap.tar.br) for 3 link targets (428 of 1074)
[2026-01-21 06:05:18] Importing config.h.a0796d84.trap (log.c.4ae942d5_0.trap.tar.br) for liblxc.so.1.0.0.link (429 of 1074)
[2026-01-21 06:05:18] Importing config.h.63059675.trap (log.c.4ae942d5_0.trap.tar.br) for liblxc.so.1.0.0.link (430 of 1074)
[2026-01-21 06:05:18] Importing sigthread.h.18fb54c6.trap (log.c.4ae942d5_0.trap.tar.br) for liblxc.so.1.0.0.link (431 of 1074)
[2026-01-21 06:05:18] Importing commands.h.ddc98024.trap (commands.c.f5ec7303_0.trap.tar.br) for liblxc.so.1.0.0.link (432 of 1074)
[2026-01-21 06:05:18] Importing console.h.93b534d8.trap (commands.c.f5ec7303_0.trap.tar.br) for liblxc.so.1.0.0.link (433 of 1074)
[2026-01-21 06:05:18] Importing byteswap.h.67303cdb.trap (lxccontainer.c.6855757f_0.trap.tar.br) for 2 link targets (434 of 1074)
[2026-01-21 06:05:18] Importing uintn-identity.h.03e63cda.trap (lxccontainer.c.6855757f_0.trap.tar.br) for 2 link targets (435 of 1074)
[2026-01-21 06:05:18] Importing unistd.h.2f42dbfd.trap (lxcutmp.c.794bd5b2_0.trap.tar.br) for 3 link targets (436 of 1074)
[2026-01-21 06:05:18] Importing signal.h.8679d20e.trap (log.c.4ae942d5_0.trap.tar.br) for 4 link targets (437 of 1074)
[2026-01-21 06:05:18] Importing types.h.207f294d.trap (lxccontainer.c.6855757f_0.trap.tar.br) for liblxc.so.1.0.0.link (438 of 1074)
[2026-01-21 06:05:18] Importing select.h.debab8e9.trap (lxclock.c.008d37bd_0.trap.tar.br) for liblxc.so.1.0.0.link (439 of 1074)
[2026-01-21 06:05:18] Importing types.h.2fcc3e39.trap (lxclock.c.008d37bd_0.trap.tar.br) for liblxc.so.1.0.0.link (440 of 1074)
[2026-01-21 06:05:18] Importing lxc_user_nic.c.d5036b9a.trap (lxc_user_nic.c.d5036b9a_0.trap.tar.br) for lxc-user-nic.link (441 of 1074)
[2026-01-21 06:05:18] Importing fcntl.h.e6252290.trap (mainloop.c.5497fb4f_0.trap.tar.br) for liblxc.so.1.0.0.link (442 of 1074)
[2026-01-21 06:05:18] Importing fcntl.h.5ecc059d.trap (monitor.c.ebbd1b42_0.trap.tar.br) for 2 link targets (443 of 1074)
[2026-01-21 06:05:18] Importing attach_options.h.ca7e055b.trap (commands.c.f5ec7303_0.trap.tar.br) for 24 link targets (444 of 1074)
[2026-01-21 06:05:18] Importing confile.h.9c09fc72.trap (commands.c.f5ec7303_0.trap.tar.br) for 7 link targets (445 of 1074)
[2026-01-21 06:05:18] Importing signal.h.ef2f5e50.trap (lxccontainer.c.6855757f_0.trap.tar.br) for liblxc.so.1.0.0.link (446 of 1074)
[2026-01-21 06:05:18] Importing waitflags.h.27543c08.trap (lxccontainer.c.6855757f_0.trap.tar.br) for 2 link targets (447 of 1074)
[2026-01-21 06:05:18] Importing stdint.h.0059e47f.trap (monitor.c.ebbd1b42_0.trap.tar.br) for 4 link targets (448 of 1074)
[2026-01-21 06:05:18] Importing waitstatus.h.b830d2a7.trap (lxccontainer.c.6855757f_0.trap.tar.br) for 3 link targets (449 of 1074)
[2026-01-21 06:05:18] Importing stddef.h.7f32b753.trap (monitor.c.ebbd1b42_0.trap.tar.br) for liblxc.so.1.0.0.link (450 of 1074)
[2026-01-21 06:05:18] Importing stddef.h.7eb78dbd.trap (monitor.c.ebbd1b42_0.trap.tar.br) for 2 link targets (451 of 1074)
[2026-01-21 06:05:18] Importing socket.h.16b94d26.trap (freezer.c.80af7f0d_0.trap.tar.br) for liblxc.so.1.0.0.link (452 of 1074)
[2026-01-21 06:05:18] Importing wait.h.76aba2ec.trap (lxccontainer.c.6855757f_0.trap.tar.br) for liblxc.so.1.0.0.link (453 of 1074)
[2026-01-21 06:05:18] Importing stdio.h.a839fce7.trap (monitor.c.ebbd1b42_0.trap.tar.br) for 2 link targets (454 of 1074)
[2026-01-21 06:05:18] Importing config.h.466e0b7e.trap (lxccontainer.c.6855757f_0.trap.tar.br) for liblxc.so.1.0.0.link (455 of 1074)
[2026-01-21 06:05:18] Importing stdlib.h.978127de.trap (lxccontainer.c.6855757f_0.trap.tar.br) for 2 link targets (456 of 1074)
[2026-01-21 06:05:18] Importing unistd.h.3ddc31cf.trap (lxclock.c.008d37bd_0.trap.tar.br) for liblxc.so.1.0.0.link (457 of 1074)
[2026-01-21 06:05:18] Importing lxccontainer.h.ef214080.trap (log.c.4ae942d5_0.trap.tar.br) for 4 link targets (458 of 1074)
[2026-01-21 06:05:18] Importing unistd.h.615e4301.trap (mainloop.c.5497fb4f_0.trap.tar.br) for liblxc.so.1.0.0.link (459 of 1074)
[2026-01-21 06:05:18] Importing stddef.h.b803a72d.trap (monitor.c.ebbd1b42_0.trap.tar.br) for 4 link targets (460 of 1074)
[2026-01-21 06:05:18] Importing types.h.b112262e.trap (monitor.c.ebbd1b42_0.trap.tar.br) for liblxc.so.1.0.0.link (461 of 1074)
[2026-01-21 06:05:18] Importing timerfd.h.1250a35b.trap (lxcutmp.c.794bd5b2_0.trap.tar.br) for liblxc.so.1.0.0.link (462 of 1074)
[2026-01-21 06:05:18] Importing stddef.h.61d8c3ba.trap (monitor.c.ebbd1b42_0.trap.tar.br) for 12 link targets (463 of 1074)
[2026-01-21 06:05:18] Importing stddef.h.1a53d647.trap (monitor.c.ebbd1b42_0.trap.tar.br) for 12 link targets (464 of 1074)
[2026-01-21 06:05:18] Importing log.c.4ae942d5.trap (log.c.4ae942d5_0.trap.tar.br) for liblxc.so.1.0.0.link (465 of 1074)
[2026-01-21 06:05:18] Importing stddef.h.c4561a82.trap (monitor.c.ebbd1b42_0.trap.tar.br) for liblxc.so.1.0.0.link (466 of 1074)
[2026-01-21 06:05:18] Importing unistd.h.ab99df61.trap (monitor.c.ebbd1b42_0.trap.tar.br) for liblxc.so.1.0.0.link (467 of 1074)
[2026-01-21 06:05:18] Importing mainloop.h.3bb6ba52.trap (mainloop.c.5497fb4f_0.trap.tar.br) for liblxc.so.1.0.0.link (468 of 1074)
[2026-01-21 06:05:18] Importing mainloop.c.5497fb4f.trap (mainloop.c.5497fb4f_0.trap.tar.br) for liblxc.so.1.0.0.link (469 of 1074)
[2026-01-21 06:05:18] Importing file.h.bba3d557.trap (commands.c.f5ec7303_0.trap.tar.br) for 2 link targets (470 of 1074)
[2026-01-21 06:05:18] Importing semaphore.h.7bf4bec9.trap (commands.c.f5ec7303_0.trap.tar.br) for 24 link targets (471 of 1074)
[2026-01-21 06:05:18] Importing semaphore.h.52c8de26.trap (commands.c.f5ec7303_0.trap.tar.br) for 15 link targets (472 of 1074)
[2026-01-21 06:05:18] Importing lxclock.h.8ca8cd9c.trap (commands.c.f5ec7303_0.trap.tar.br) for liblxc.so.1.0.0.link (473 of 1074)
[2026-01-21 06:05:18] Importing mainloop.h.197a6975.trap (commands.c.f5ec7303_0.trap.tar.br) for liblxc.so.1.0.0.link (474 of 1074)
[2026-01-21 06:05:18] Importing limits.h.e3b102db.trap (commands.c.f5ec7303_0.trap.tar.br) for 5 link targets (475 of 1074)
[2026-01-21 06:05:18] Importing monitor.h.1c413266.trap (commands.c.f5ec7303_0.trap.tar.br) for 2 link targets (476 of 1074)
[2026-01-21 06:05:18] Importing lxccontainer.h.5d2a965b.trap (lxclock.c.008d37bd_0.trap.tar.br) for liblxc.so.1.0.0.link (477 of 1074)
[2026-01-21 06:05:18] Importing timerfd.h.bbf889c1.trap (lxcutmp.c.794bd5b2_0.trap.tar.br) for liblxc.so.1.0.0.link (478 of 1074)
[2026-01-21 06:05:18] Importing conf.h.03f61a79.trap (lxcutmp.c.794bd5b2_0.trap.tar.br) for liblxc.so.1.0.0.link (479 of 1074)
[2026-01-21 06:05:18] Importing config.h.3892297c.trap (lxclock.c.008d37bd_0.trap.tar.br) for liblxc.so.1.0.0.link (480 of 1074)
[2026-01-21 06:05:18] Importing config.h.37bef28f.trap (lxclock.c.008d37bd_0.trap.tar.br) for liblxc.so.1.0.0.link (481 of 1074)
[2026-01-21 06:05:18] Importing signal.h.3995f91c.trap (lxclock.c.008d37bd_0.trap.tar.br) for liblxc.so.1.0.0.link (482 of 1074)
[2026-01-21 06:05:18] Importing mainloop.h.d1aee05e.trap (lxcutmp.c.794bd5b2_0.trap.tar.br) for 2 link targets (483 of 1074)
[2026-01-21 06:05:18] Importing lxc.h.81b1c9d2.trap (lxcutmp.c.794bd5b2_0.trap.tar.br) for liblxc.so.1.0.0.link (484 of 1074)
[2026-01-21 06:05:18] Importing sched.h.61f70005.trap (freezer.c.80af7f0d_0.trap.tar.br) for 7 link targets (485 of 1074)
[2026-01-21 06:05:18] Importing sigval_t.h.ddd4c6ea.trap (execute.c.5500c617_0.trap.tar.br) for 26 link targets (486 of 1074)
[2026-01-21 06:05:18] Importing af_unix.h.2eac3da6.trap (commands.c.f5ec7303_0.trap.tar.br) for 2 link targets (487 of 1074)
[2026-01-21 06:05:18] Importing sigevent_t.h.bf4fda45.trap (execute.c.5500c617_0.trap.tar.br) for 11 link targets (488 of 1074)
[2026-01-21 06:05:18] Importing sigevent-consts.h.3c4e91d6.trap (execute.c.5500c617_0.trap.tar.br) for 26 link targets (489 of 1074)
[2026-01-21 06:05:18] Importing commands.c.f5ec7303.trap (commands.c.f5ec7303_0.trap.tar.br) for liblxc.so.1.0.0.link (490 of 1074)
[2026-01-21 06:05:18] Importing sigaction.h.d7fd9f41.trap (execute.c.5500c617_0.trap.tar.br) for 14 link targets (491 of 1074)
[2026-01-21 06:05:18] Importing lxclock.c.008d37bd.trap (lxclock.c.008d37bd_0.trap.tar.br) for liblxc.so.1.0.0.link (492 of 1074)
[2026-01-21 06:05:18] Importing sigcontext.h.f9d05bb2.trap (execute.c.5500c617_0.trap.tar.br) for 26 link targets (493 of 1074)
[2026-01-21 06:05:18] Importing getopt_core.h.404f19ab.trap (arguments.c.c55cfc9d_0.trap.tar.br) for 27 link targets (494 of 1074)
[2026-01-21 06:05:18] Importing stddef.h.55bc72a4.trap (execute.c.5500c617_0.trap.tar.br) for 13 link targets (495 of 1074)
[2026-01-21 06:05:18] Importing getopt_posix.h.10f7e757.trap (arguments.c.c55cfc9d_0.trap.tar.br) for 13 link targets (496 of 1074)
[2026-01-21 06:05:18] Importing stddef.h.86fab0f0.trap (execute.c.5500c617_0.trap.tar.br) for 14 link targets (497 of 1074)
[2026-01-21 06:05:18] Importing unistd_ext.h.d7e24265.trap (arguments.c.c55cfc9d_0.trap.tar.br) for 14 link targets (498 of 1074)
[2026-01-21 06:05:18] Importing unistd.h.6e4ab544.trap (arguments.c.c55cfc9d_0.trap.tar.br) for 4 link targets (499 of 1074)
[2026-01-21 06:05:18] Importing stack_t.h.0570da72.trap (execute.c.5500c617_0.trap.tar.br) for 26 link targets (500 of 1074)
[2026-01-21 06:05:18] Importing stddef.h.e828628e.trap (monitor.c.ebbd1b42_0.trap.tar.br) for 16 link targets (501 of 1074)
[2026-01-21 06:05:18] Importing utmpx.h.58da2898.trap (lxcutmp.c.794bd5b2_0.trap.tar.br) for liblxc.so.1.0.0.link (502 of 1074)
[2026-01-21 06:05:18] Importing start.h.a5bbe50f.trap (freezer.c.80af7f0d_0.trap.tar.br) for liblxc.so.1.0.0.link (503 of 1074)
[2026-01-21 06:05:18] Importing conf.h.fc11b1c1.trap (freezer.c.80af7f0d_0.trap.tar.br) for liblxc.so.1.0.0.link (504 of 1074)
[2026-01-21 06:05:18] Importing utmpx.h.4fa5a41f.trap (lxcutmp.c.794bd5b2_0.trap.tar.br) for liblxc.so.1.0.0.link (505 of 1074)
[2026-01-21 06:05:18] Importing lxcutmp.c.794bd5b2.trap (lxcutmp.c.794bd5b2_0.trap.tar.br) for liblxc.so.1.0.0.link (506 of 1074)
[2026-01-21 06:05:18] Importing stddef.h.6261edf3.trap (namespace.c.c37ac378_0.trap.tar.br) for 2 link targets (507 of 1074)
[2026-01-21 06:05:18] Importing ucontext.h.1c1c330a.trap (execute.c.5500c617_0.trap.tar.br) for 14 link targets (508 of 1074)
[2026-01-21 06:05:18] Importing unistd.h.21cb8cb3.trap (namespace.c.c37ac378_0.trap.tar.br) for 2 link targets (509 of 1074)
[2026-01-21 06:05:18] Importing features.h.e02024eb.trap (network.c.230a75fe_0.trap.tar.br) for liblxc.so.1.0.0.link (510 of 1074)
[2026-01-21 06:05:18] Importing sigstack.h.22f53dfb.trap (execute.c.5500c617_0.trap.tar.br) for 26 link targets (511 of 1074)
[2026-01-21 06:05:18] Importing ss_flags.h.cf95367c.trap (execute.c.5500c617_0.trap.tar.br) for 26 link targets (512 of 1074)
[2026-01-21 06:05:18] Importing struct_sigstack.h.61558db2.trap (execute.c.5500c617_0.trap.tar.br) for 26 link targets (513 of 1074)
[2026-01-21 06:05:18] Importing sigthread.h.ff9c0b2b.trap (execute.c.5500c617_0.trap.tar.br) for 14 link targets (514 of 1074)
[2026-01-21 06:05:18] Importing lxc.h.954816f5.trap (freezer.c.80af7f0d_0.trap.tar.br) for liblxc.so.1.0.0.link (515 of 1074)
[2026-01-21 06:05:18] Importing stddef.h.bfceb5a4.trap (monitor.c.ebbd1b42_0.trap.tar.br) for 19 link targets (516 of 1074)
[2026-01-21 06:05:18] Importing freezer.c.80af7f0d.trap (freezer.c.80af7f0d_0.trap.tar.br) for liblxc.so.1.0.0.link (517 of 1074)
[2026-01-21 06:05:18] Importing stddef.h.f487dc5e.trap (monitor.c.ebbd1b42_0.trap.tar.br) for 19 link targets (518 of 1074)
[2026-01-21 06:05:18] Importing stddef.h.13aae0f9.trap (monitor.c.ebbd1b42_0.trap.tar.br) for 20 link targets (519 of 1074)
[2026-01-21 06:05:18] Importing stddef.h.437e2871.trap (monitor.c.ebbd1b42_0.trap.tar.br) for 13 link targets (520 of 1074)
[2026-01-21 06:05:18] Importing stddef.h.c8942d92.trap (monitor.c.ebbd1b42_0.trap.tar.br) for 13 link targets (521 of 1074)
[2026-01-21 06:05:18] Importing signal.h.2a9c6dd5.trap (monitor.c.ebbd1b42_0.trap.tar.br) for liblxc.so.1.0.0.link (522 of 1074)
[2026-01-21 06:05:18] Importing signal_ext.h.01138eb7.trap (execute.c.5500c617_0.trap.tar.br) for 14 link targets (523 of 1074)
[2026-01-21 06:05:18] Importing signal.h.6a19aad4.trap (execute.c.5500c617_0.trap.tar.br) for 4 link targets (524 of 1074)
[2026-01-21 06:05:18] Importing features.h.c954edc2.trap (network.c.7fbccdb6_0.trap.tar.br) for lxc-user-nic.link (525 of 1074)
[2026-01-21 06:05:18] Importing getopt_ext.h.76ee742c.trap (arguments.c.c55cfc9d_0.trap.tar.br) for 23 link targets (526 of 1074)
[2026-01-21 06:05:18] Importing getopt.h.1ecec6aa.trap (arguments.c.c55cfc9d_0.trap.tar.br) for 23 link targets (527 of 1074)
[2026-01-21 06:05:18] Importing stat.h.66d72e59.trap (monitor.c.ebbd1b42_0.trap.tar.br) for liblxc.so.1.0.0.link (528 of 1074)
[2026-01-21 06:05:18] Importing wait.h.babea0cd.trap (monitor.c.ebbd1b42_0.trap.tar.br) for liblxc.so.1.0.0.link (529 of 1074)
[2026-01-21 06:05:18] Importing time.h.15ecace9.trap (monitor.c.ebbd1b42_0.trap.tar.br) for 2 link targets (530 of 1074)
[2026-01-21 06:05:18] Importing stddef.h.2d29e95b.trap (nl.c.8c511d83_0.trap.tar.br) for 4 link targets (531 of 1074)
[2026-01-21 06:05:18] Importing time.h.98847de2.trap (nl.c.8c511d83_0.trap.tar.br) for liblxc.so.1.0.0.link (532 of 1074)
[2026-01-21 06:05:18] Importing unistd.h.603b4215.trap (nl.c.8c511d83_0.trap.tar.br) for liblxc.so.1.0.0.link (533 of 1074)
[2026-01-21 06:05:18] Importing network.c.7fbccdb6.trap (network.c.7fbccdb6_0.trap.tar.br) for lxc-user-nic.link (534 of 1074)
[2026-01-21 06:05:18] Importing inotify.h.75494bb0.trap (network.c.230a75fe_0.trap.tar.br) for 2 link targets (535 of 1074)
[2026-01-21 06:05:18] Importing features.h.b3227360.trap (parse.c.e0cdb6da_0.trap.tar.br) for liblxc.so.1.0.0.link (536 of 1074)
[2026-01-21 06:05:18] Importing inotify.h.0f425354.trap (network.c.230a75fe_0.trap.tar.br) for 2 link targets (537 of 1074)
[2026-01-21 06:05:18] Importing dirent.h.84be9114.trap (parse.c.e0cdb6da_0.trap.tar.br) for liblxc.so.1.0.0.link (538 of 1074)
[2026-01-21 06:05:18] Importing nl.c.8c511d83.trap (nl.c.8c511d83_0.trap.tar.br) for liblxc.so.1.0.0.link (540 of 1074)
[2026-01-21 06:05:18] Importing param.h.4b0376ef.trap (execute.c.5500c617_0.trap.tar.br) for 26 link targets (539 of 1074)
[2026-01-21 06:05:18] Importing if_arp.h.278187ad.trap (network.c.230a75fe_0.trap.tar.br) for 2 link targets (541 of 1074)
[2026-01-21 06:05:18] Importing sched.h.f2536e0f.trap (monitor.c.ebbd1b42_0.trap.tar.br) for 2 link targets (542 of 1074)
[2026-01-21 06:05:18] Importing stdbool.h.35e717bd.trap (arguments.c.c55cfc9d_0.trap.tar.br) for 27 link targets (543 of 1074)
[2026-01-21 06:05:18] Importing libc-header-start.h.60e038c6.trap (arguments.c.c55cfc9d_0.trap.tar.br) for 15 link targets (544 of 1074)
[2026-01-21 06:05:18] Importing wchar.h.193f5953.trap (arguments.c.c55cfc9d_0.trap.tar.br) for 27 link targets (545 of 1074)
[2026-01-21 06:05:18] Importing stdint-uintn.h.b1098e1e.trap (arguments.c.c55cfc9d_0.trap.tar.br) for 27 link targets (546 of 1074)
[2026-01-21 06:05:18] Importing lxclock.h.358cf6ff.trap (monitor.c.ebbd1b42_0.trap.tar.br) for liblxc.so.1.0.0.link (547 of 1074)
[2026-01-21 06:05:18] Importing stdint.h.1b95b0e7.trap (arguments.c.c55cfc9d_0.trap.tar.br) for 12 link targets (548 of 1074)
[2026-01-21 06:05:18] Importing monitor.c.ebbd1b42.trap (monitor.c.ebbd1b42_0.trap.tar.br) for liblxc.so.1.0.0.link (549 of 1074)
[2026-01-21 06:05:18] Importing stdint.h.12bb9c69.trap (arguments.c.c55cfc9d_0.trap.tar.br) for 27 link targets (550 of 1074)
[2026-01-21 06:05:18] Importing types.h.3cd73ad3.trap (namespace.c.c37ac378_0.trap.tar.br) for 2 link targets (551 of 1074)
[2026-01-21 06:05:18] Importing parse.h.1269175c.trap (parse.c.e0cdb6da_0.trap.tar.br) for liblxc.so.1.0.0.link (552 of 1074)
[2026-01-21 06:05:18] Importing lxccontainer.h.9aaf1c07.trap (lxccontainer.c.6855757f_0.trap.tar.br) for liblxc.so.1.0.0.link (553 of 1074)
[2026-01-21 06:05:18] Importing param.h.4ba9e6f7.trap (execute.c.5500c617_0.trap.tar.br) for 26 link targets (554 of 1074)
[2026-01-21 06:05:18] Importing param.h.76e062cf.trap (execute.c.5500c617_0.trap.tar.br) for 26 link targets (555 of 1074)
[2026-01-21 06:05:18] Importing param.h.1f8d7009.trap (execute.c.5500c617_0.trap.tar.br) for 26 link targets (556 of 1074)
[2026-01-21 06:05:18] Importing param.h.89c4254c.trap (execute.c.5500c617_0.trap.tar.br) for 26 link targets (557 of 1074)
[2026-01-21 06:05:18] Importing struct_rusage.h.32114d9d.trap (execute.c.5500c617_0.trap.tar.br) for 19 link targets (558 of 1074)
[2026-01-21 06:05:18] Importing resource.h.e21aa4e6.trap (execute.c.5500c617_0.trap.tar.br) for 14 link targets (559 of 1074)
[2026-01-21 06:05:18] Importing byteswap.h.dc356fe0.trap (lxccontainer.c.6855757f_0.trap.tar.br) for liblxc.so.1.0.0.link (560 of 1074)
[2026-01-21 06:05:18] Importing byteswap.h.0ed4aa46.trap (lxccontainer.c.6855757f_0.trap.tar.br) for liblxc.so.1.0.0.link (561 of 1074)
[2026-01-21 06:05:18] Importing lxcbtrfs.h.53d32f37.trap (lxccontainer.c.6855757f_0.trap.tar.br) for liblxc.so.1.0.0.link (562 of 1074)
[2026-01-21 06:05:18] Importing resource.h.6e6919db.trap (execute.c.5500c617_0.trap.tar.br) for 14 link targets (563 of 1074)
[2026-01-21 06:05:18] Importing list.h.e4a30c18.trap (execute.c.5500c617_0.trap.tar.br) for 19 link targets (564 of 1074)
[2026-01-21 06:05:18] Importing conf.h.752085c7.trap (execute.c.5500c617_0.trap.tar.br) for 26 link targets (565 of 1074)
[2026-01-21 06:05:18] Importing state.h.d0a83132.trap (execute.c.5500c617_0.trap.tar.br) for 26 link targets (566 of 1074)
[2026-01-21 06:05:18] Importing stat.h.bd7b5687.trap (parse.c.e0cdb6da_0.trap.tar.br) for 8 link targets (567 of 1074)
[2026-01-21 06:05:18] Importing stddef.h.c567cbc2.trap (execute.c.5500c617_0.trap.tar.br) for 6 link targets (568 of 1074)
[2026-01-21 06:05:18] Importing struct_sched_param.h.d8bd07b3.trap (execute.c.5500c617_0.trap.tar.br) for 27 link targets (569 of 1074)
[2026-01-21 06:05:18] Importing sched.h.e8fabca7.trap (execute.c.5500c617_0.trap.tar.br) for 14 link targets (570 of 1074)
[2026-01-21 06:05:18] Importing cpu-set.h.a94f93a3.trap (execute.c.5500c617_0.trap.tar.br) for 27 link targets (571 of 1074)
[2026-01-21 06:05:18] Importing sched.h.b036ab60.trap (execute.c.5500c617_0.trap.tar.br) for 4 link targets (572 of 1074)
[2026-01-21 06:05:18] Importing namespace.h.555cac94.trap (execute.c.5500c617_0.trap.tar.br) for 14 link targets (573 of 1074)
[2026-01-21 06:05:18] Importing start.h.10dfbc2b.trap (execute.c.5500c617_0.trap.tar.br) for 3 link targets (574 of 1074)
[2026-01-21 06:05:18] Importing conf.h.65ce074d.trap (execute.c.5500c617_0.trap.tar.br) for 2 link targets (575 of 1074)
[2026-01-21 06:05:18] Importing time.h.d188b03f.trap (execute.c.5500c617_0.trap.tar.br) for 14 link targets (576 of 1074)
[2026-01-21 06:05:18] Importing stddef.h.c9f35908.trap (rtnl.c.578e7046_0.trap.tar.br) for 2 link targets (577 of 1074)
[2026-01-21 06:05:18] Importing syslog-path.h.fbe257ab.trap (execute.c.5500c617_0.trap.tar.br) for 24 link targets (578 of 1074)
[2026-01-21 06:05:18] Importing syslog.h.1b8b4e8a.trap (execute.c.5500c617_0.trap.tar.br) for 24 link targets (579 of 1074)
[2026-01-21 06:05:18] Importing stat.h.133d925e.trap (namespace.c.c37ac378_0.trap.tar.br) for 2 link targets (580 of 1074)
[2026-01-21 06:05:18] Importing syslog.h.5ea6012c.trap (execute.c.5500c617_0.trap.tar.br) for 24 link targets (581 of 1074)
[2026-01-21 06:05:18] Importing unistd.h.6d9129f5.trap (rtnl.c.578e7046_0.trap.tar.br) for liblxc.so.1.0.0.link (582 of 1074)
[2026-01-21 06:05:18] Importing stddef.h.ab30ee58.trap (execute.c.5500c617_0.trap.tar.br) for 5 link targets (583 of 1074)
[2026-01-21 06:05:18] Importing time.h.8fc73510.trap (execute.c.5500c617_0.trap.tar.br) for 14 link targets (584 of 1074)
[2026-01-21 06:05:18] Importing struct_tm.h.e97c587f.trap (execute.c.5500c617_0.trap.tar.br) for 25 link targets (585 of 1074)
[2026-01-21 06:05:18] Importing struct_itimerspec.h.df770c81.trap (execute.c.5500c617_0.trap.tar.br) for 25 link targets (586 of 1074)
[2026-01-21 06:05:18] Importing time.h.d3e3d11f.trap (execute.c.5500c617_0.trap.tar.br) for 4 link targets (587 of 1074)
[2026-01-21 06:05:18] Importing if_ether.h.61cdec49.trap (network.c.230a75fe_0.trap.tar.br) for 2 link targets (588 of 1074)
[2026-01-21 06:05:18] Importing arguments.h.766cd6d9.trap (arguments.c.c55cfc9d_0.trap.tar.br) for 3 link targets (589 of 1074)
[2026-01-21 06:05:18] Importing stat.h.827a2c27.trap (parse.c.e0cdb6da_0.trap.tar.br) for 7 link targets (590 of 1074)
[2026-01-21 06:05:18] Importing log.h.a1d9fd5e.trap (execute.c.5500c617_0.trap.tar.br) for liblxc.so.1.0.0.link (591 of 1074)
[2026-01-21 06:05:18] Importing ethernet.h.8012c022.trap (network.c.230a75fe_0.trap.tar.br) for 2 link targets (592 of 1074)
[2026-01-21 06:05:18] Importing const.h.3ccfe8fe.trap (network.c.230a75fe_0.trap.tar.br) for 2 link targets (593 of 1074)
[2026-01-21 06:05:18] Importing socket.h.9322e77c.trap (network.c.230a75fe_0.trap.tar.br) for 2 link targets (594 of 1074)
[2026-01-21 06:05:18] Importing unistd.h.3893ada8.trap (state.c.eb23587d_0.trap.tar.br) for liblxc.so.1.0.0.link (595 of 1074)
[2026-01-21 06:05:18] Importing rtnl.h.988aa80c.trap (rtnl.c.578e7046_0.trap.tar.br) for liblxc.so.1.0.0.link (596 of 1074)
[2026-01-21 06:05:18] Importing rtnl.c.578e7046.trap (rtnl.c.578e7046_0.trap.tar.br) for liblxc.so.1.0.0.link (597 of 1074)
[2026-01-21 06:05:18] Importing unistd.h.68bbad1f.trap (sync.c.40d97417_0.trap.tar.br) for liblxc.so.1.0.0.link (598 of 1074)
[2026-01-21 06:05:18] Importing lxccontainer.h.5df6ab81.trap (lxc_attach.c.80fd1b8a_0.trap.tar.br) for lxc-attach.link (599 of 1074)
[2026-01-21 06:05:18] Importing config.h.1916ef64.trap (start.c.c101387d_0.trap.tar.br) for liblxc.so.1.0.0.link (600 of 1074)
[2026-01-21 06:05:18] Importing conf.h.a0f1fdcc.trap (lxc_attach.c.80fd1b8a_0.trap.tar.br) for lxc-attach.link (601 of 1074)
[2026-01-21 06:05:18] Importing netlink.h.ee63fb24.trap (network.c.230a75fe_0.trap.tar.br) for 2 link targets (602 of 1074)
[2026-01-21 06:05:18] Importing config.h.e2885318.trap (lxccontainer.c.6855757f_0.trap.tar.br) for liblxc.so.1.0.0.link (603 of 1074)
[2026-01-21 06:05:18] Importing list.h.1e48794b.trap (lxccontainer.c.6855757f_0.trap.tar.br) for liblxc.so.1.0.0.link (604 of 1074)
[2026-01-21 06:05:18] Importing fcntl.h.a7faa665.trap (namespace.c.c37ac378_0.trap.tar.br) for 2 link targets (605 of 1074)
[2026-01-21 06:05:18] Importing start.h.327dec8e.trap (lxccontainer.c.6855757f_0.trap.tar.br) for liblxc.so.1.0.0.link (606 of 1074)
[2026-01-21 06:05:18] Importing config.h.9635e3dc.trap (arguments.c.c55cfc9d_0.trap.tar.br) for 20 link targets (607 of 1074)
[2026-01-21 06:05:18] Importing bitsperlong.h.98c44fb1.trap (arguments.c.c55cfc9d_0.trap.tar.br) for 27 link targets (608 of 1074)
[2026-01-21 06:05:18] Importing bitsperlong.h.71084641.trap (arguments.c.c55cfc9d_0.trap.tar.br) for 27 link targets (609 of 1074)
[2026-01-21 06:05:18] Importing if_link.h.786b10ec.trap (network.c.230a75fe_0.trap.tar.br) for 2 link targets (610 of 1074)
[2026-01-21 06:05:18] Importing posix_types.h.d94c45b8.trap (arguments.c.c55cfc9d_0.trap.tar.br) for 27 link targets (611 of 1074)
[2026-01-21 06:05:18] Importing posix_types_64.h.21d07489.trap (arguments.c.c55cfc9d_0.trap.tar.br) for 27 link targets (612 of 1074)
[2026-01-21 06:05:18] Importing posix_types.h.7e08ec81.trap (arguments.c.c55cfc9d_0.trap.tar.br) for 27 link targets (613 of 1074)
[2026-01-21 06:05:18] Importing int-ll64.h.73cc334a.trap (arguments.c.c55cfc9d_0.trap.tar.br) for 22 link targets (614 of 1074)
[2026-01-21 06:05:18] Importing types.h.49c9df86.trap (arguments.c.c55cfc9d_0.trap.tar.br) for 22 link targets (615 of 1074)
[2026-01-21 06:05:18] Importing types.h.2436e02b.trap (arguments.c.c55cfc9d_0.trap.tar.br) for 22 link targets (616 of 1074)
[2026-01-21 06:05:18] Importing stddef.h.cffb1f4d.trap (arguments.c.c55cfc9d_0.trap.tar.br) for 27 link targets (617 of 1074)
[2026-01-21 06:05:18] Importing posix_types.h.66aed0d8.trap (arguments.c.c55cfc9d_0.trap.tar.br) for 27 link targets (618 of 1074)
[2026-01-21 06:05:18] Importing types.h.ea06a113.trap (arguments.c.c55cfc9d_0.trap.tar.br) for 22 link targets (619 of 1074)
[2026-01-21 06:05:18] Importing loop.h.275a90ee.trap (arguments.c.c55cfc9d_0.trap.tar.br) for 20 link targets (620 of 1074)
[2026-01-21 06:05:18] Importing start.h.104062dd.trap (sync.c.40d97417_0.trap.tar.br) for liblxc.so.1.0.0.link (621 of 1074)
[2026-01-21 06:05:18] Importing features.h.3b29d3fe.trap (start.c.c101387d_0.trap.tar.br) for liblxc.so.1.0.0.link (622 of 1074)
[2026-01-21 06:05:18] Importing features.h.4b4a1b3e.trap (lxc_autostart.c.9514959e_0.trap.tar.br) for 14 link targets (623 of 1074)
[2026-01-21 06:05:18] Importing unistd_64.h.38028676.trap (arguments.c.c55cfc9d_0.trap.tar.br) for 26 link targets (624 of 1074)
[2026-01-21 06:05:18] Importing start.h.c87c9f0a.trap (lxc_autostart.c.9514959e_0.trap.tar.br) for 3 link targets (625 of 1074)
[2026-01-21 06:05:18] Importing stdio.h.9730a49d.trap (namespace.c.c37ac378_0.trap.tar.br) for 2 link targets (626 of 1074)
[2026-01-21 06:05:18] Importing conf.h.f4fd4f30.trap (lxccontainer.c.6855757f_0.trap.tar.br) for liblxc.so.1.0.0.link (627 of 1074)
[2026-01-21 06:05:18] Importing unistd.h.907204ae.trap (arguments.c.c55cfc9d_0.trap.tar.br) for 26 link targets (628 of 1074)
[2026-01-21 06:05:18] Importing syscall.h.60cbc2ad.trap (arguments.c.c55cfc9d_0.trap.tar.br) for 26 link targets (629 of 1074)
[2026-01-21 06:05:18] Importing sync.c.40d97417.trap (sync.c.40d97417_0.trap.tar.br) for liblxc.so.1.0.0.link (630 of 1074)
[2026-01-21 06:05:18] Importing console.h.4f274173.trap (lxc_attach.c.80fd1b8a_0.trap.tar.br) for lxc-attach.link (631 of 1074)
[2026-01-21 06:05:18] Importing mainloop.h.b069b560.trap (lxc_attach.c.80fd1b8a_0.trap.tar.br) for lxc-attach.link (632 of 1074)
[2026-01-21 06:05:18] Importing fcntl.h.94b31bd8.trap (execute.c.5500c617_0.trap.tar.br) for liblxc.so.1.0.0.link (633 of 1074)
[2026-01-21 06:05:18] Importing lxc_attach.c.80fd1b8a.trap (lxc_attach.c.80fd1b8a_0.trap.tar.br) for lxc-attach.link (634 of 1074)
[2026-01-21 06:05:18] Importing socket.h.1f5ae665.trap (parse.c.e0cdb6da_0.trap.tar.br) for 11 link targets (635 of 1074)
[2026-01-21 06:05:18] Importing conf.h.03fe64de.trap (lxc_autostart.c.9514959e_0.trap.tar.br) for 6 link targets (636 of 1074)
[2026-01-21 06:05:18] Importing execute.c.5500c617.trap (execute.c.5500c617_0.trap.tar.br) for liblxc.so.1.0.0.link (637 of 1074)
[2026-01-21 06:05:18] Importing lxc.h.833bdae1.trap (lxccontainer.c.6855757f_0.trap.tar.br) for liblxc.so.1.0.0.link (638 of 1074)
[2026-01-21 06:05:18] Importing stat.h.bed6da8a.trap (lxccontainer.c.6855757f_0.trap.tar.br) for liblxc.so.1.0.0.link (639 of 1074)
[2026-01-21 06:05:18] Importing lxccontainer.c.6855757f.trap (lxccontainer.c.6855757f_0.trap.tar.br) for liblxc.so.1.0.0.link (640 of 1074)
[2026-01-21 06:05:18] Importing commands.h.c06c5a87.trap (state.c.eb23587d_0.trap.tar.br) for liblxc.so.1.0.0.link (641 of 1074)
[2026-01-21 06:05:18] Importing stddef.h.f564c739.trap (start.c.c101387d_0.trap.tar.br) for 2 link targets (642 of 1074)
[2026-01-21 06:05:18] Importing dirent.h.f174ffbc.trap (start.c.c101387d_0.trap.tar.br) for liblxc.so.1.0.0.link (643 of 1074)
[2026-01-21 06:05:18] Importing sigevent_t.h.8984fff2.trap (parse.c.e0cdb6da_0.trap.tar.br) for 12 link targets (644 of 1074)
[2026-01-21 06:05:18] Importing namespace.c.c37ac378.trap (namespace.c.c37ac378_0.trap.tar.br) for liblxc.so.1.0.0.link (645 of 1074)
[2026-01-21 06:05:18] Importing log.h.19a24ea7.trap (lxc_autostart.c.9514959e_0.trap.tar.br) for 16 link targets (646 of 1074)
[2026-01-21 06:05:18] Importing posix1_lim.h.2e148293.trap (start.c.c101387d_0.trap.tar.br) for 12 link targets (647 of 1074)
[2026-01-21 06:05:18] Importing stddef.h.f7d3873c.trap (start.c.c101387d_0.trap.tar.br) for liblxc.so.1.0.0.link (648 of 1074)
[2026-01-21 06:05:18] Importing dirent_ext.h.ab4d4d87.trap (start.c.c101387d_0.trap.tar.br) for liblxc.so.1.0.0.link (649 of 1074)
[2026-01-21 06:05:18] Importing dirent.h.12ed5c0b.trap (start.c.c101387d_0.trap.tar.br) for liblxc.so.1.0.0.link (650 of 1074)
[2026-01-21 06:05:18] Importing parse.c.e0cdb6da.trap (parse.c.e0cdb6da_0.trap.tar.br) for liblxc.so.1.0.0.link (651 of 1074)
[2026-01-21 06:05:18] Importing types.h.d49d16fc.trap (lxc_cgroup.c.72ddc7e3_0.trap.tar.br) for 7 link targets (652 of 1074)
[2026-01-21 06:05:18] Importing start.h.6e0e437e.trap (state.c.eb23587d_0.trap.tar.br) for liblxc.so.1.0.0.link (653 of 1074)
[2026-01-21 06:05:18] Importing conf.h.2597d1a2.trap (state.c.eb23587d_0.trap.tar.br) for liblxc.so.1.0.0.link (654 of 1074)
[2026-01-21 06:05:18] Importing error_t.h.318d79a3.trap (start.c.c101387d_0.trap.tar.br) for 14 link targets (655 of 1074)
[2026-01-21 06:05:18] Importing utils.h.4108020a.trap (lxc_autostart.c.9514959e_0.trap.tar.br) for 18 link targets (657 of 1074)
[2026-01-21 06:05:18] Importing state.c.eb23587d.trap (state.c.eb23587d_0.trap.tar.br) for liblxc.so.1.0.0.link (656 of 1074)
[2026-01-21 06:05:18] Importing errno.h.6822b3ad.trap (start.c.c101387d_0.trap.tar.br) for 13 link targets (658 of 1074)
[2026-01-21 06:05:18] Importing syscall.h.35b147a0.trap (arguments.c.c55cfc9d_0.trap.tar.br) for 26 link targets (659 of 1074)
[2026-01-21 06:05:18] Importing lxc_autostart.c.9514959e.trap (lxc_autostart.c.9514959e_0.trap.tar.br) for lxc-autostart.link (660 of 1074)
[2026-01-21 06:05:18] Importing lxc.h.792798d7.trap (lxc_cgroup.c.72ddc7e3_0.trap.tar.br) for 17 link targets (661 of 1074)
[2026-01-21 06:05:18] Importing if_addr.h.ba2b9186.trap (network.c.230a75fe_0.trap.tar.br) for 2 link targets (662 of 1074)
[2026-01-21 06:05:18] Importing neighbour.h.a6e6d928.trap (network.c.230a75fe_0.trap.tar.br) for 2 link targets (663 of 1074)
[2026-01-21 06:05:18] Importing rtnetlink.h.1d6b6946.trap (network.c.230a75fe_0.trap.tar.br) for 2 link targets (664 of 1074)
[2026-01-21 06:05:18] Importing ioctl.h.4dc256e4.trap (arguments.c.c55cfc9d_0.trap.tar.br) for 22 link targets (665 of 1074)
[2026-01-21 06:05:18] Importing ioctl.h.312ee46b.trap (arguments.c.c55cfc9d_0.trap.tar.br) for 22 link targets (666 of 1074)
[2026-01-21 06:05:18] Importing falloc.h.38028676.trap (start.c.c101387d_0.trap.tar.br) for 14 link targets (667 of 1074)
[2026-01-21 06:05:18] Importing fcntl-linux.h.85f1d84a.trap (start.c.c101387d_0.trap.tar.br) for 13 link targets (668 of 1074)
[2026-01-21 06:05:18] Importing waitflags.h.edfaf676.trap (lxc_checkpoint.c.4765d62f_0.trap.tar.br) for lxc-checkpoint.link (669 of 1074)
[2026-01-21 06:05:18] Importing wait.h.9d47fb42.trap (lxc_checkpoint.c.4765d62f_0.trap.tar.br) for lxc-checkpoint.link (670 of 1074)
[2026-01-21 06:05:18] Importing start.h.a0c04697.trap (lxc_cgroup.c.72ddc7e3_0.trap.tar.br) for 10 link targets (671 of 1074)
[2026-01-21 06:05:18] Importing stdlib.h.52315995.trap (lxc_checkpoint.c.4765d62f_0.trap.tar.br) for lxc-checkpoint.link (672 of 1074)
[2026-01-21 06:05:18] Importing sockios.h.b6dac2c6.trap (network.c.230a75fe_0.trap.tar.br) for 2 link targets (673 of 1074)
[2026-01-21 06:05:18] Importing nl.h.9c28c21c.trap (network.c.230a75fe_0.trap.tar.br) for 2 link targets (674 of 1074)
[2026-01-21 06:05:18] Importing lxccontainer.h.e92444a5.trap (lxc_config.c.4805264e_0.trap.tar.br) for lxc-config.link (675 of 1074)
[2026-01-21 06:05:18] Importing config.h.7b0fe75f.trap (network.c.230a75fe_0.trap.tar.br) for 2 link targets (676 of 1074)
[2026-01-21 06:05:18] Importing config.h.3581c233.trap (network.c.230a75fe_0.trap.tar.br) for 2 link targets (677 of 1074)
[2026-01-21 06:05:18] Importing network.c.230a75fe.trap (network.c.230a75fe_0.trap.tar.br) for liblxc.so.1.0.0.link (678 of 1074)
[2026-01-21 06:05:18] Importing ioctl.h.0dfc6883.trap (arguments.c.c55cfc9d_0.trap.tar.br) for 22 link targets (679 of 1074)
[2026-01-21 06:05:18] Importing ioctls.h.5bd0e3f9.trap (arguments.c.c55cfc9d_0.trap.tar.br) for 22 link targets (680 of 1074)
[2026-01-21 06:05:18] Importing conf.h.8124981d.trap (lxc_cgroup.c.72ddc7e3_0.trap.tar.br) for 6 link targets (681 of 1074)
[2026-01-21 06:05:18] Importing fcntl.h.2dc3b9e4.trap (start.c.c101387d_0.trap.tar.br) for 14 link targets (682 of 1074)
[2026-01-21 06:05:18] Importing stat.h.3d951a01.trap (start.c.c101387d_0.trap.tar.br) for 7 link targets (683 of 1074)
[2026-01-21 06:05:18] Importing fcntl.h.34c15dd8.trap (start.c.c101387d_0.trap.tar.br) for 5 link targets (684 of 1074)
[2026-01-21 06:05:18] Importing features.h.0d0d70b8.trap (lxc_console.c.3c9a38e9_0.trap.tar.br) for lxc-console.link (685 of 1074)
[2026-01-21 06:05:18] Importing stddef.h.fbd4946d.trap (start.c.c101387d_0.trap.tar.br) for 3 link targets (686 of 1074)
[2026-01-21 06:05:18] Importing types.h.938548ff.trap (lxc_console.c.3c9a38e9_0.trap.tar.br) for 2 link targets (687 of 1074)
[2026-01-21 06:05:18] Importing unistd.h.181d1b0f.trap (lxc_console.c.3c9a38e9_0.trap.tar.br) for 2 link targets (688 of 1074)
[2026-01-21 06:05:18] Importing unistd.h.bea0ae66.trap (lxc_create.c.badc020b_0.trap.tar.br) for lxc-create.link (689 of 1074)
[2026-01-21 06:05:18] Importing config.h.6a05deaf.trap (lxc_destroy.c.fed14073_0.trap.tar.br) for lxc-destroy.link (690 of 1074)
[2026-01-21 06:05:18] Importing lxc_config.c.4805264e.trap (lxc_config.c.4805264e_0.trap.tar.br) for lxc-config.link (691 of 1074)
[2026-01-21 06:05:18] Importing config.h.cf882b24.trap (lxc_copy.c.50a2ed67_0.trap.tar.br) for lxc-copy.link (692 of 1074)
[2026-01-21 06:05:18] Importing ioctls.h.b9567ca5.trap (arguments.c.c55cfc9d_0.trap.tar.br) for 22 link targets (693 of 1074)
[2026-01-21 06:05:18] Importing ioctls.h.409bb349.trap (arguments.c.c55cfc9d_0.trap.tar.br) for 22 link targets (694 of 1074)
[2026-01-21 06:05:18] Importing ioctl-types.h.41f26e5c.trap (arguments.c.c55cfc9d_0.trap.tar.br) for 21 link targets (695 of 1074)
[2026-01-21 06:05:18] Importing ttydefaults.h.9836499b.trap (arguments.c.c55cfc9d_0.trap.tar.br) for 19 link targets (696 of 1074)
[2026-01-21 06:05:18] Importing stddef.h.a82f6269.trap (start.c.c101387d_0.trap.tar.br) for 3 link targets (697 of 1074)
[2026-01-21 06:05:18] Importing features.h.4418b1c4.trap (lxc_destroy.c.fed14073_0.trap.tar.br) for lxc-destroy.link (698 of 1074)
[2026-01-21 06:05:18] Importing config.h.2b9c349e.trap (lxc_destroy.c.fed14073_0.trap.tar.br) for lxc-destroy.link (699 of 1074)
[2026-01-21 06:05:18] Importing lxc_destroy.c.fed14073.trap (lxc_destroy.c.fed14073_0.trap.tar.br) for lxc-destroy.link (700 of 1074)
[2026-01-21 06:05:18] Importing features.h.956d239b.trap (lxc_copy.c.50a2ed67_0.trap.tar.br) for lxc-copy.link (701 of 1074)
[2026-01-21 06:05:18] Importing lxc_device.c.432eb966.trap (lxc_device.c.432eb966_0.trap.tar.br) for lxc-device.link (702 of 1074)
[2026-01-21 06:05:18] Importing wait.h.fe581b5f.trap (lxc_copy.c.50a2ed67_0.trap.tar.br) for lxc-copy.link (703 of 1074)
[2026-01-21 06:05:18] Importing attach.h.fb240b0a.trap (lxc_copy.c.50a2ed67_0.trap.tar.br) for 2 link targets (704 of 1074)
[2026-01-21 06:05:18] Importing config.h.fd3099c1.trap (lxc_copy.c.50a2ed67_0.trap.tar.br) for lxc-copy.link (705 of 1074)
[2026-01-21 06:05:18] Importing conf.h.db8c41f6.trap (lxc_copy.c.50a2ed67_0.trap.tar.br) for lxc-copy.link (706 of 1074)
[2026-01-21 06:05:18] Importing grp.h.f4b2d21d.trap (start.c.c101387d_0.trap.tar.br) for 2 link targets (707 of 1074)
[2026-01-21 06:05:18] Importing ioctl.h.6503a242.trap (arguments.c.c55cfc9d_0.trap.tar.br) for 22 link targets (708 of 1074)
[2026-01-21 06:05:18] Importing mount.h.44b45d6f.trap (arguments.c.c55cfc9d_0.trap.tar.br) for 22 link targets (709 of 1074)
[2026-01-21 06:05:18] Importing fcntl-linux.h.a62fc61c.trap (arguments.c.c55cfc9d_0.trap.tar.br) for 9 link targets (710 of 1074)
[2026-01-21 06:05:18] Importing fcntl.h.0365f818.trap (arguments.c.c55cfc9d_0.trap.tar.br) for 9 link targets (711 of 1074)
[2026-01-21 06:05:18] Importing stat.h.a374c7fa.trap (arguments.c.c55cfc9d_0.trap.tar.br) for 22 link targets (712 of 1074)
[2026-01-21 06:05:18] Importing fcntl.h.4e136434.trap (arguments.c.c55cfc9d_0.trap.tar.br) for 3 link targets (713 of 1074)
[2026-01-21 06:05:18] Importing features.h.8f15dbb9.trap (lxc_execute.c.85a7fe9c_0.trap.tar.br) for lxc-execute.link (714 of 1074)
[2026-01-21 06:05:18] Importing arguments.h.28770038.trap (lxc_cgroup.c.72ddc7e3_0.trap.tar.br) for 12 link targets (715 of 1074)
[2026-01-21 06:05:18] Importing stat.h.55f7fb92.trap (lxc_console.c.3c9a38e9_0.trap.tar.br) for 2 link targets (716 of 1074)
[2026-01-21 06:05:18] Importing poll.h.2bf96afd.trap (start.c.c101387d_0.trap.tar.br) for 3 link targets (717 of 1074)
[2026-01-21 06:05:18] Importing log.h.42f86a43.trap (lxc_copy.c.50a2ed67_0.trap.tar.br) for 8 link targets (718 of 1074)
[2026-01-21 06:05:18] Importing lxc_cgroup.c.72ddc7e3.trap (lxc_cgroup.c.72ddc7e3_0.trap.tar.br) for lxc-cgroup.link (719 of 1074)
[2026-01-21 06:05:18] Importing config.h.5c9d6384.trap (arguments.c.c55cfc9d_0.trap.tar.br) for 19 link targets (720 of 1074)
[2026-01-21 06:05:18] Importing config.h.7ef545e7.trap (lxc_execute.c.85a7fe9c_0.trap.tar.br) for lxc-execute.link (721 of 1074)
[2026-01-21 06:05:18] Importing config.h.d30ba812.trap (lxc_execute.c.85a7fe9c_0.trap.tar.br) for lxc-execute.link (722 of 1074)
[2026-01-21 06:05:18] Importing conf.h.6a499708.trap (lxc_execute.c.85a7fe9c_0.trap.tar.br) for lxc-execute.link (723 of 1074)
[2026-01-21 06:05:18] Importing arguments.h.5aa1dd16.trap (lxc_copy.c.50a2ed67_0.trap.tar.br) for 6 link targets (724 of 1074)
[2026-01-21 06:05:18] Importing poll.h.6aa2b5df.trap (start.c.c101387d_0.trap.tar.br) for 3 link targets (725 of 1074)
[2026-01-21 06:05:18] Importing signum-generic.h.585fb1ac.trap (start.c.c101387d_0.trap.tar.br) for 13 link targets (726 of 1074)
[2026-01-21 06:05:18] Importing siginfo-consts-arch.h.38028676.trap (start.c.c101387d_0.trap.tar.br) for 13 link targets (727 of 1074)
[2026-01-21 06:05:18] Importing initutils.h.fed92853.trap (arguments.c.c55cfc9d_0.trap.tar.br) for 21 link targets (728 of 1074)
[2026-01-21 06:05:18] Importing start.h.069b125a.trap (lxc_checkpoint.c.4765d62f_0.trap.tar.br) for 7 link targets (729 of 1074)
[2026-01-21 06:05:18] Importing siginfo-consts.h.2e5547e0.trap (start.c.c101387d_0.trap.tar.br) for 12 link targets (730 of 1074)
[2026-01-21 06:05:18] Importing lxc_copy.c.50a2ed67.trap (lxc_copy.c.50a2ed67_0.trap.tar.br) for lxc-copy.link (731 of 1074)
[2026-01-21 06:05:18] Importing sigaction.h.578a9810.trap (start.c.c101387d_0.trap.tar.br) for 13 link targets (732 of 1074)
[2026-01-21 06:05:18] Importing ucontext.h.3fa63ea3.trap (start.c.c101387d_0.trap.tar.br) for 12 link targets (733 of 1074)
[2026-01-21 06:05:18] Importing conf.h.9a420f52.trap (lxc_checkpoint.c.4765d62f_0.trap.tar.br) for 4 link targets (734 of 1074)
[2026-01-21 06:05:18] Importing pthreadtypes.h.a5529ac3.trap (start.c.c101387d_0.trap.tar.br) for 3 link targets (735 of 1074)
[2026-01-21 06:05:18] Importing signalfd.h.573a7cbf.trap (arguments.c.c55cfc9d_0.trap.tar.br) for 20 link targets (736 of 1074)
[2026-01-21 06:05:18] Importing signalfd.h.4e949c62.trap (arguments.c.c55cfc9d_0.trap.tar.br) for 20 link targets (737 of 1074)
[2026-01-21 06:05:18] Importing utils.h.58745b1b.trap (arguments.c.c55cfc9d_0.trap.tar.br) for 3 link targets (738 of 1074)
[2026-01-21 06:05:18] Importing commands.h.7ee837f6.trap (lxc_console.c.3c9a38e9_0.trap.tar.br) for 3 link targets (739 of 1074)
[2026-01-21 06:05:18] Importing lxc_freeze.c.703d85e4.trap (lxc_freeze.c.703d85e4_0.trap.tar.br) for lxc-freeze.link (740 of 1074)
[2026-01-21 06:05:18] Importing config.h.5f575650.trap (lxc_console.c.3c9a38e9_0.trap.tar.br) for lxc-console.link (741 of 1074)
[2026-01-21 06:05:18] Importing sigthread.h.8377504b.trap (start.c.c101387d_0.trap.tar.br) for 12 link targets (742 of 1074)
[2026-01-21 06:05:18] Importing signal_ext.h.092b82de.trap (start.c.c101387d_0.trap.tar.br) for 12 link targets (743 of 1074)
[2026-01-21 06:05:18] Importing signal.h.b659aec7.trap (start.c.c101387d_0.trap.tar.br) for 2 link targets (744 of 1074)
[2026-01-21 06:05:18] Importing features.h.2915f67f.trap (lxc_init.c.cc7af797_0.trap.tar.br) for init.lxc.link (745 of 1074)
[2026-01-21 06:05:18] Importing libc-header-start.h.f02a2e6d.trap (start.c.c101387d_0.trap.tar.br) for 13 link targets (746 of 1074)
[2026-01-21 06:05:18] Importing lxc_execute.c.85a7fe9c.trap (lxc_execute.c.85a7fe9c_0.trap.tar.br) for lxc-execute.link (747 of 1074)
[2026-01-21 06:05:18] Importing config.h.4d0b2558.trap (lxc_init.c.cc7af797_0.trap.tar.br) for init.lxc.link (748 of 1074)
[2026-01-21 06:05:18] Importing conf.h.0e475d65.trap (lxc_info.c.457d7b46_0.trap.tar.br) for 2 link targets (749 of 1074)
[2026-01-21 06:05:18] Importing cookie_io_functions_t.h.338c2fc8.trap (start.c.c101387d_0.trap.tar.br) for 14 link targets (750 of 1074)
[2026-01-21 06:05:18] Importing config.h.0bbb2b78.trap (lxc_init.c.cc7af797_0.trap.tar.br) for init.lxc.link (751 of 1074)
[2026-01-21 06:05:18] Importing config.h.c8999a78.trap (lxc_console.c.3c9a38e9_0.trap.tar.br) for lxc-console.link (752 of 1074)
[2026-01-21 06:05:18] Importing start.h.c2fcb778.trap (lxc_console.c.3c9a38e9_0.trap.tar.br) for 4 link targets (753 of 1074)
[2026-01-21 06:05:18] Importing version.h.38028676.trap (arguments.c.c55cfc9d_0.trap.tar.br) for liblxc.so.1.0.0.link (754 of 1074)
[2026-01-21 06:05:18] Importing lxc_info.c.457d7b46.trap (lxc_info.c.457d7b46_0.trap.tar.br) for lxc-info.link (755 of 1074)
[2026-01-21 06:05:18] Importing conf.h.c3c82f33.trap (lxc_console.c.3c9a38e9_0.trap.tar.br) for lxc-console.link (756 of 1074)
[2026-01-21 06:05:18] Importing stdio_lim.h.92b68805.trap (start.c.c101387d_0.trap.tar.br) for 13 link targets (757 of 1074)
[2026-01-21 06:05:18] Importing lxc_init.c.cc7af797.trap (lxc_init.c.cc7af797_0.trap.tar.br) for init.lxc.link (758 of 1074)
[2026-01-21 06:05:18] Importing arguments.c.c55cfc9d.trap (arguments.c.c55cfc9d_0.trap.tar.br) for liblxc.so.1.0.0.link (759 of 1074)
[2026-01-21 06:05:18] Importing stat.h.3dae8453.trap (lxc_checkpoint.c.4765d62f_0.trap.tar.br) for 3 link targets (760 of 1074)
[2026-01-21 06:05:18] Importing sys_errlist.h.ad994c85.trap (start.c.c101387d_0.trap.tar.br) for 13 link targets (761 of 1074)
[2026-01-21 06:05:18] Importing stdio.h.41d60b28.trap (start.c.c101387d_0.trap.tar.br) for 13 link targets (762 of 1074)
[2026-01-21 06:05:18] Importing stdio.h.8fa65215.trap (start.c.c101387d_0.trap.tar.br) for 5 link targets (763 of 1074)
[2026-01-21 06:05:18] Importing features.h.0a356a4f.trap (lxc_ls.c.84f9b436_0.trap.tar.br) for 5 link targets (764 of 1074)
[2026-01-21 06:05:18] Importing types.h.c2bbd82b.trap (lxc_ls.c.84f9b436_0.trap.tar.br) for lxc-ls.link (765 of 1074)
[2026-01-21 06:05:18] Importing regex.h.0d91741c.trap (lxc_ls.c.84f9b436_0.trap.tar.br) for lxc-ls.link (766 of 1074)
[2026-01-21 06:05:18] Importing types.h.48e5c14b.trap (lxc_create.c.badc020b_0.trap.tar.br) for lxc-create.link (767 of 1074)
[2026-01-21 06:05:18] Importing signal.h.6ce08e1a.trap (lxc_create.c.badc020b_0.trap.tar.br) for lxc-create.link (768 of 1074)
[2026-01-21 06:05:18] Importing fcntl.h.059fc29d.trap (lxc_checkpoint.c.4765d62f_0.trap.tar.br) for 3 link targets (769 of 1074)
[2026-01-21 06:05:18] Importing libc-header-start.h.ecd3f9d6.trap (lxc_ls.c.84f9b436_0.trap.tar.br) for lxc-ls.link (770 of 1074)
[2026-01-21 06:05:18] Importing stdio_lim.h.b65815f7.trap (lxc_ls.c.84f9b436_0.trap.tar.br) for lxc-ls.link (771 of 1074)
[2026-01-21 06:05:18] Importing sys_errlist.h.9c13b619.trap (lxc_ls.c.84f9b436_0.trap.tar.br) for lxc-ls.link (772 of 1074)
[2026-01-21 06:05:18] Importing stdio.h.3dec099e.trap (lxc_ls.c.84f9b436_0.trap.tar.br) for lxc-ls.link (773 of 1074)
[2026-01-21 06:05:18] Importing stdio.h.798bebc6.trap (lxc_ls.c.84f9b436_0.trap.tar.br) for lxc-ls.link (774 of 1074)
[2026-01-21 06:05:18] Importing mainloop.h.ed318618.trap (lxc_console.c.3c9a38e9_0.trap.tar.br) for 2 link targets (775 of 1074)
[2026-01-21 06:05:18] Importing lxc_console.c.3c9a38e9.trap (lxc_console.c.3c9a38e9_0.trap.tar.br) for lxc-console.link (776 of 1074)
[2026-01-21 06:05:18] Importing libc-header-start.h.fe929725.trap (start.c.c101387d_0.trap.tar.br) for 13 link targets (777 of 1074)
[2026-01-21 06:05:18] Importing waitflags.h.b5c48526.trap (start.c.c101387d_0.trap.tar.br) for 13 link targets (778 of 1074)
[2026-01-21 06:05:18] Importing regex.h.fccc388d.trap (lxc_monitor.c.66bceb18_0.trap.tar.br) for lxc-monitor.link (779 of 1074)
[2026-01-21 06:05:18] Importing lxc_snapshot.c.c68f5dce.trap (lxc_snapshot.c.c68f5dce_0.trap.tar.br) for lxc-snapshot.link (780 of 1074)
[2026-01-21 06:05:18] Importing lxc_stop.c.360fe16f.trap (lxc_stop.c.360fe16f_0.trap.tar.br) for lxc-stop.link (781 of 1074)
[2026-01-21 06:05:18] Importing start.h.854613e3.trap (lxc_start.c.b095012e_0.trap.tar.br) for lxc-start.link (782 of 1074)
[2026-01-21 06:05:19] Importing lxc_unfreeze.c.49327ae4.trap (lxc_unfreeze.c.49327ae4_0.trap.tar.br) for lxc-unfreeze.link (783 of 1074)
[2026-01-21 06:05:19] Importing signal.h.cc9cfb2e.trap (lxc_top.c.4fcaea93_0.trap.tar.br) for lxc-top.link (784 of 1074)
[2026-01-21 06:05:19] Importing lxc_checkpoint.c.4765d62f.trap (lxc_checkpoint.c.4765d62f_0.trap.tar.br) for lxc-checkpoint.link (785 of 1074)
[2026-01-21 06:05:19] Importing select.h.d76c50c4.trap (start.c.c101387d_0.trap.tar.br) for 14 link targets (786 of 1074)
[2026-01-21 06:05:19] Importing types.h.245bd157.trap (start.c.c101387d_0.trap.tar.br) for liblxc.so.1.0.0.link (787 of 1074)
[2026-01-21 06:05:19] Importing lxc.h.c2cc8e26.trap (lxc_monitor.c.66bceb18_0.trap.tar.br) for lxc-monitor.link (788 of 1074)
[2026-01-21 06:05:19] Importing stdlib.h.1af66d5a.trap (start.c.c101387d_0.trap.tar.br) for 12 link targets (789 of 1074)
[2026-01-21 06:05:19] Importing libc-header-start.h.cc46cd44.trap (lxc_ls.c.84f9b436_0.trap.tar.br) for lxc-ls.link (790 of 1074)
[2026-01-21 06:05:19] Importing stdlib.h.fc12df80.trap (lxc_ls.c.84f9b436_0.trap.tar.br) for lxc-ls.link (791 of 1074)
[2026-01-21 06:05:19] Importing stat.h.527be3c8.trap (lxc_create.c.badc020b_0.trap.tar.br) for lxc-create.link (792 of 1074)
[2026-01-21 06:05:19] Importing pwd.h.12b056c0.trap (lxc_unshare.c.800d00fb_0.trap.tar.br) for 2 link targets (793 of 1074)
[2026-01-21 06:05:19] Importing wait.h.b3fa3b9b.trap (lxc_unshare.c.800d00fb_0.trap.tar.br) for 3 link targets (794 of 1074)
[2026-01-21 06:05:19] Importing lxccontainer.h.1276e9fa.trap (lxc_monitor.c.66bceb18_0.trap.tar.br) for lxc-monitor.link (795 of 1074)
[2026-01-21 06:05:19] Importing getopt_posix.h.4e0d946d.trap (lxc_unshare.c.800d00fb_0.trap.tar.br) for lxc-unshare.link (796 of 1074)
[2026-01-21 06:05:19] Importing lxc_unshare.c.800d00fb.trap (lxc_unshare.c.800d00fb_0.trap.tar.br) for lxc-unshare.link (797 of 1074)
[2026-01-21 06:05:19] Importing sigevent_t.h.d87074f0.trap (lxc_usernsexec.c.c1286681_0.trap.tar.br) for 2 link targets (798 of 1074)
[2026-01-21 06:05:19] Importing grp.h.e9d0f36d.trap (lxc_usernsexec.c.c1286681_0.trap.tar.br) for 2 link targets (799 of 1074)
[2026-01-21 06:05:19] Importing start.h.47d4fde1.trap (lxc_usernsexec.c.c1286681_0.trap.tar.br) for 2 link targets (800 of 1074)
[2026-01-21 06:05:19] Importing lxc_usernsexec.c.c1286681.trap (lxc_usernsexec.c.c1286681_0.trap.tar.br) for lxc-usernsexec.link (801 of 1074)
[2026-01-21 06:05:19] Importing lxc_wait.c.ede2ca54.trap (lxc_wait.c.ede2ca54_0.trap.tar.br) for lxc-wait.link (802 of 1074)
[2026-01-21 06:05:19] Importing conf.h.396e9173.trap (lxc_start.c.b095012e_0.trap.tar.br) for lxc-start.link (803 of 1074)
[2026-01-21 06:05:19] Importing types.h.52cb3fa0.trap (lxc_top.c.4fcaea93_0.trap.tar.br) for lxc-top.link (804 of 1074)
[2026-01-21 06:05:19] Importing lxc_monitor.c.66bceb18.trap (lxc_monitor.c.66bceb18_0.trap.tar.br) for lxc-monitor.link (805 of 1074)
[2026-01-21 06:05:19] Importing lxc_create.c.badc020b.trap (lxc_create.c.badc020b_0.trap.tar.br) for lxc-create.link (806 of 1074)
[2026-01-21 06:05:19] Importing termios.h.a68a6a09.trap (lxc_top.c.4fcaea93_0.trap.tar.br) for lxc-top.link (807 of 1074)
[2026-01-21 06:05:19] Importing unistd.h.062eb640.trap (lxc_top.c.4fcaea93_0.trap.tar.br) for lxc-top.link (808 of 1074)
[2026-01-21 06:05:19] Importing ctype.h.1809fa1b.trap (utils.c.a6c31498_0.trap.tar.br) for 3 link targets (809 of 1074)
[2026-01-21 06:05:19] Importing libc-header-start.h.b4e16bdb.trap (start.c.c101387d_0.trap.tar.br) for 13 link targets (810 of 1074)
[2026-01-21 06:05:19] Importing lxc_start.c.b095012e.trap (lxc_start.c.b095012e_0.trap.tar.br) for lxc-start.link (811 of 1074)
[2026-01-21 06:05:19] Importing strings.h.94e57971.trap (start.c.c101387d_0.trap.tar.br) for 14 link targets (812 of 1074)
[2026-01-21 06:05:19] Importing string.h.fd85e7e4.trap (start.c.c101387d_0.trap.tar.br) for 7 link targets (813 of 1074)
[2026-01-21 06:05:19] Importing 34650191_0.trap.br for lxc-user-nic.link (814 of 1074)
[2026-01-21 06:05:19] Importing 30560014_0.trap.br for lxc-unfreeze.link (815 of 1074)
[2026-01-21 06:05:19] Importing 61212939_0.trap.br for liblxc.so.1.0.0.link (816 of 1074)
[2026-01-21 06:05:19] Importing posix_opt.h.e08b21cf.trap (start.c.c101387d_0.trap.tar.br) for 14 link targets (817 of 1074)
[2026-01-21 06:05:19] Importing getopt_posix.h.4bb115f9.trap (start.c.c101387d_0.trap.tar.br) for 11 link targets (818 of 1074)
[2026-01-21 06:05:19] Importing unistd_ext.h.6ca07c08.trap (start.c.c101387d_0.trap.tar.br) for 13 link targets (819 of 1074)
[2026-01-21 06:05:19] Importing unistd.h.b87ae480.trap (start.c.c101387d_0.trap.tar.br) for liblxc.so.1.0.0.link (820 of 1074)
[2026-01-21 06:05:19] Importing 36329132_0.trap.br for liblxc.so.1.0.0.link (821 of 1074)
[2026-01-21 06:05:19] Importing 52948716_0.trap.br for liblxc.so.1.0.0.link (822 of 1074)
[2026-01-21 06:05:19] Importing 58953573_0.trap.br for liblxc.so.1.0.0.link (823 of 1074)
[2026-01-21 06:05:19] Importing 14949403_0.trap.br for lxc-checkpoint.link (824 of 1074)
[2026-01-21 06:05:19] Importing 66763005_0.trap.br for liblxc.so.1.0.0.link (825 of 1074)
[2026-01-21 06:05:19] Importing stddef.h.67766ed2.trap (utils.c.a6c31498_0.trap.tar.br) for liblxc.so.1.0.0.link (826 of 1074)
[2026-01-21 06:05:19] Importing libgen.h.5eceb0a4.trap (utils.c.a6c31498_0.trap.tar.br) for 18 link targets (827 of 1074)
[2026-01-21 06:05:19] Importing types.h.349a61a9.trap (utils.c.a6c31498_0.trap.tar.br) for liblxc.so.1.0.0.link (828 of 1074)
[2026-01-21 06:05:19] Importing 25383891_0.trap.br for liblxc.so.1.0.0.link (829 of 1074)
[2026-01-21 06:05:19] Importing 37498323_0.trap.br for liblxc.so.1.0.0.link (830 of 1074)
[2026-01-21 06:05:19] Importing 25591880_0.trap.br for liblxc.so.1.0.0.link (831 of 1074)
[2026-01-21 06:05:19] Importing 47145330_0.trap.br for liblxc.so.1.0.0.link (832 of 1074)
[2026-01-21 06:05:19] Importing 60360625_0.trap.br for liblxc.so.1.0.0.link (833 of 1074)
[2026-01-21 06:05:19] Importing 62806873_0.trap.br for liblxc.so.1.0.0.link (834 of 1074)
[2026-01-21 06:05:19] Importing 46953104_0.trap.br for liblxc.so.1.0.0.link (835 of 1074)
[2026-01-21 06:05:19] Importing 13178185_0.trap.br for lxc-cgroup.link (836 of 1074)
[2026-01-21 06:05:19] Importing 22171740_0.trap.br for liblxc.so.1.0.0.link (837 of 1074)
[2026-01-21 06:05:19] Importing 24394432_0.trap.br for lxc-snapshot.link (838 of 1074)
[2026-01-21 06:05:19] Importing 27152766_0.trap.br for liblxc.so.1.0.0.link (839 of 1074)
[2026-01-21 06:05:19] Importing 62637940_0.trap.br for liblxc.so.1.0.0.link (840 of 1074)
[2026-01-21 06:05:19] Importing 64072921_0.trap.br for liblxc.so.1.0.0.link (841 of 1074)
[2026-01-21 06:05:19] Importing 12007953_0.trap.br for liblxc.so.1.0.0.link (842 of 1074)
[2026-01-21 06:05:19] Importing 27036464_0.trap.br for liblxc.so.1.0.0.link (843 of 1074)
[2026-01-21 06:05:19] Importing 24297166_0.trap.br for liblxc.so.1.0.0.link (844 of 1074)
[2026-01-21 06:05:19] Importing 20903887_0.trap.br for liblxc.so.1.0.0.link (845 of 1074)
[2026-01-21 06:05:19] Importing 42448053_0.trap.br for liblxc.so.1.0.0.link (846 of 1074)
[2026-01-21 06:05:19] Importing 51249022_0.trap.br for liblxc.so.1.0.0.link (847 of 1074)
[2026-01-21 06:05:19] Importing 13878955_0.trap.br for liblxc.so.1.0.0.link (848 of 1074)
[2026-01-21 06:05:19] Importing 13111551_0.trap.br for liblxc.so.1.0.0.link (849 of 1074)
[2026-01-21 06:05:19] Importing 61742428_0.trap.br for liblxc.so.1.0.0.link (850 of 1074)
[2026-01-21 06:05:19] Importing 19412951_0.trap.br for lxc-unshare.link (851 of 1074)
[2026-01-21 06:05:19] Importing 37197447_0.trap.br for lxc-wait.link (852 of 1074)
[2026-01-21 06:05:19] Importing 40614812_0.trap.br for liblxc.so.1.0.0.link (853 of 1074)
[2026-01-21 06:05:19] Importing 32052477_0.trap.br for liblxc.so.1.0.0.link (854 of 1074)
[2026-01-21 06:05:19] Importing 53807049_0.trap.br for liblxc.so.1.0.0.link (855 of 1074)
[2026-01-21 06:05:19] Importing 18148764_0.trap.br for liblxc.so.1.0.0.link (856 of 1074)
[2026-01-21 06:05:19] Importing 37465195_0.trap.br for lxc-user-nic.link (857 of 1074)
[2026-01-21 06:05:19] Importing 46050110_0.trap.br for liblxc.so.1.0.0.link (858 of 1074)
[2026-01-21 06:05:19] Importing 49702117_0.trap.br for liblxc.so.1.0.0.link (859 of 1074)
[2026-01-21 06:05:19] Importing string.h.7090c1eb.trap (utils.c.a6c31498_0.trap.tar.br) for 7 link targets (860 of 1074)
[2026-01-21 06:05:19] Importing 14930126_0.trap.br for liblxc.so.1.0.0.link (861 of 1074)
[2026-01-21 06:05:19] Importing 40318091_0.trap.br for liblxc.so.1.0.0.link (862 of 1074)
[2026-01-21 06:05:19] Importing 47565753_0.trap.br for liblxc.so.1.0.0.link (863 of 1074)
[2026-01-21 06:05:19] Importing libc-header-start.h.6e24b3e7.trap (start.c.c101387d_0.trap.tar.br) for 12 link targets (864 of 1074)
[2026-01-21 06:05:19] Importing uio_lim.h.38028676.trap (start.c.c101387d_0.trap.tar.br) for 13 link targets (865 of 1074)
[2026-01-21 06:05:19] Importing xopen_lim.h.d6ac9609.trap (start.c.c101387d_0.trap.tar.br) for 12 link targets (866 of 1074)
[2026-01-21 06:05:19] Importing 23759079_0.trap.br for liblxc.so.1.0.0.link (867 of 1074)
[2026-01-21 06:05:19] Importing 25042266_0.trap.br for lxc-create.link (868 of 1074)
[2026-01-21 06:05:19] Importing 20469336_0.trap.br for liblxc.so.1.0.0.link (869 of 1074)
[2026-01-21 06:05:19] Importing 2786965_0.trap.br for lxc-monitor.link (870 of 1074)
[2026-01-21 06:05:19] Importing 51548277_0.trap.br for liblxc.so.1.0.0.link (871 of 1074)
[2026-01-21 06:05:19] Importing limits.h.82444f58.trap (start.c.c101387d_0.trap.tar.br) for 13 link targets (872 of 1074)
[2026-01-21 06:05:19] Importing limits.h.a99ebffa.trap (start.c.c101387d_0.trap.tar.br) for 12 link targets (873 of 1074)
[2026-01-21 06:05:19] Importing prctl.h.5d7c6980.trap (start.c.c101387d_0.trap.tar.br) for liblxc.so.1.0.0.link (874 of 1074)
[2026-01-21 06:05:19] Importing 51165994_0.trap.br for liblxc.so.1.0.0.link (875 of 1074)
[2026-01-21 06:05:19] Importing 65258322_0.trap.br for liblxc.so.1.0.0.link (876 of 1074)
[2026-01-21 06:05:19] Importing 20078490_0.trap.br for liblxc.so.1.0.0.link (877 of 1074)
[2026-01-21 06:05:19] Importing 55891435_0.trap.br for liblxc.so.1.0.0.link (878 of 1074)
[2026-01-21 06:05:19] Importing 10484236_0.trap.br for liblxc.so.1.0.0.link (879 of 1074)
[2026-01-21 06:05:19] Importing 33059529_0.trap.br for liblxc.so.1.0.0.link (880 of 1074)
[2026-01-21 06:05:19] Importing 4151210_0.trap.br for liblxc.so.1.0.0.link (881 of 1074)
[2026-01-21 06:05:19] Importing 59343167_0.trap.br for liblxc.so.1.0.0.link (882 of 1074)
[2026-01-21 06:05:19] Importing 33081138_0.trap.br for lxc-config.link (883 of 1074)
[2026-01-21 06:05:19] Importing prctl.h.2d18dbe1.trap (start.c.c101387d_0.trap.tar.br) for liblxc.so.1.0.0.link (884 of 1074)
[2026-01-21 06:05:19] Importing 56526593_0.trap.br for liblxc.so.1.0.0.link (885 of 1074)
[2026-01-21 06:05:19] Importing socket.h.b4ed60c5.trap (start.c.c101387d_0.trap.tar.br) for 11 link targets (886 of 1074)
[2026-01-21 06:05:19] Importing 39476352_0.trap.br for liblxc.so.1.0.0.link (887 of 1074)
[2026-01-21 06:05:19] Importing 53688438_0.trap.br for lxc-monitord.link (888 of 1074)
[2026-01-21 06:05:19] Importing 30195214_0.trap.br for liblxc.so.1.0.0.link (889 of 1074)
[2026-01-21 06:05:19] Importing 19140606_0.trap.br for lxc-freeze.link (890 of 1074)
[2026-01-21 06:05:19] Importing 48263230_0.trap.br for liblxc.so.1.0.0.link (891 of 1074)
[2026-01-21 06:05:19] Importing 47396510_0.trap.br for liblxc.so.1.0.0.link (892 of 1074)
[2026-01-21 06:05:19] Importing 51029596_0.trap.br for liblxc.so.1.0.0.link (893 of 1074)
[2026-01-21 06:05:19] Importing time.h.5c29cc92.trap (lxc_top.c.4fcaea93_0.trap.tar.br) for lxc-top.link (894 of 1074)
[2026-01-21 06:05:19] Importing 51183509_0.trap.br for liblxc.so.1.0.0.link (895 of 1074)
[2026-01-21 06:05:19] Importing 48939603_0.trap.br for lxc-start.link (896 of 1074)
[2026-01-21 06:05:19] Importing 19412242_0.trap.br for lxc-destroy.link (897 of 1074)
[2026-01-21 06:05:19] Importing 47259676_0.trap.br for liblxc.so.1.0.0.link (898 of 1074)
[2026-01-21 06:05:19] Importing 56043538_0.trap.br for liblxc.so.1.0.0.link (899 of 1074)
[2026-01-21 06:05:19] Importing 6031487_0.trap.br for liblxc.so.1.0.0.link (900 of 1074)
[2026-01-21 06:05:19] Importing 23363072_0.trap.br for liblxc.so.1.0.0.link (901 of 1074)
[2026-01-21 06:05:19] Importing 41955989_0.trap.br for liblxc.so.1.0.0.link (902 of 1074)
[2026-01-21 06:05:19] Importing 22186499_0.trap.br for liblxc.so.1.0.0.link (903 of 1074)
[2026-01-21 06:05:19] Importing 29792008_0.trap.br for liblxc.so.1.0.0.link (904 of 1074)
[2026-01-21 06:05:19] Importing 47789656_0.trap.br for liblxc.so.1.0.0.link (905 of 1074)
[2026-01-21 06:05:19] Importing 19508175_0.trap.br for lxc-copy.link (906 of 1074)
[2026-01-21 06:05:19] Importing 22741658_0.trap.br for liblxc.so.1.0.0.link (907 of 1074)
[2026-01-21 06:05:19] Importing 20836154_0.trap.br for liblxc.so.1.0.0.link (908 of 1074)
[2026-01-21 06:05:19] Importing 56963831_0.trap.br for liblxc.so.1.0.0.link (909 of 1074)
[2026-01-21 06:05:19] Importing 28190839_0.trap.br for liblxc.so.1.0.0.link (910 of 1074)
[2026-01-21 06:05:19] Importing 4672658_0.trap.br for liblxc.so.1.0.0.link (911 of 1074)
[2026-01-21 06:05:19] Importing 36378919_0.trap.br for liblxc.so.1.0.0.link (912 of 1074)
[2026-01-21 06:05:19] Importing 1931254_0.trap.br for liblxc.so.1.0.0.link (913 of 1074)
[2026-01-21 06:05:19] Importing 23875037_0.trap.br for lxc-attach.link (914 of 1074)
[2026-01-21 06:05:19] Importing 43810933_0.trap.br for liblxc.so.1.0.0.link (915 of 1074)
[2026-01-21 06:05:19] Importing 46257783_0.trap.br for lxc-ls.link (916 of 1074)
[2026-01-21 06:05:19] Importing 5685071_0.trap.br for liblxc.so.1.0.0.link (917 of 1074)
[2026-01-21 06:05:19] Importing 14468256_0.trap.br for lxc-console.link (918 of 1074)
[2026-01-21 06:05:19] Importing 24747559_0.trap.br for liblxc.so.1.0.0.link (919 of 1074)
[2026-01-21 06:05:19] Importing 19176139_0.trap.br for unmount-namespace.link (920 of 1074)
[2026-01-21 06:05:19] Importing 62562593_0.trap.br for liblxc.so.1.0.0.link (921 of 1074)
[2026-01-21 06:05:19] Importing 13795114_0.trap.br for lxc-stop.link (922 of 1074)
[2026-01-21 06:05:19] Importing 14712843_0.trap.br for liblxc.so.1.0.0.link (923 of 1074)
[2026-01-21 06:05:19] Importing 32150896_0.trap.br for lxc-autostart.link (924 of 1074)
[2026-01-21 06:05:19] Importing 35394961_0.trap.br for liblxc.so.1.0.0.link (925 of 1074)
[2026-01-21 06:05:19] Importing 22720524_0.trap.br for liblxc.so.1.0.0.link (926 of 1074)
[2026-01-21 06:05:19] Importing 35298576_0.trap.br for lxc-device.link (927 of 1074)
[2026-01-21 06:05:19] Importing unistd.h.89c33a7d.trap (utils.c.a6c31498_0.trap.tar.br) for liblxc.so.1.0.0.link (928 of 1074)
[2026-01-21 06:05:19] Importing 57581693_0.trap.br for liblxc.so.1.0.0.link (929 of 1074)
[2026-01-21 06:05:19] Importing 12399691_0.trap.br for liblxc.so.1.0.0.link (930 of 1074)
[2026-01-21 06:05:19] Importing 12846035_0.trap.br for liblxc.so.1.0.0.link (931 of 1074)
[2026-01-21 06:05:19] Importing 19885104_0.trap.br for liblxc.so.1.0.0.link (932 of 1074)
[2026-01-21 06:05:19] Importing 35039228_0.trap.br for lxc-info.link (933 of 1074)
[2026-01-21 06:05:19] Importing 54728469_0.trap.br for liblxc.so.1.0.0.link (934 of 1074)
[2026-01-21 06:05:19] Importing 29270139_0.trap.br for liblxc.so.1.0.0.link (935 of 1074)
[2026-01-21 06:05:19] Importing 59489390_0.trap.br for liblxc.so.1.0.0.link (936 of 1074)
[2026-01-21 06:05:19] Importing 15634042_0.trap.br for liblxc.so.1.0.0.link (937 of 1074)
[2026-01-21 06:05:19] Importing 20659840_0.trap.br for liblxc.so.1.0.0.link (938 of 1074)
[2026-01-21 06:05:19] Importing 22350779_0.trap.br for lxc-top.link (939 of 1074)
[2026-01-21 06:05:19] Importing 38447851_0.trap.br for lxc-usernsexec.link (940 of 1074)
[2026-01-21 06:05:19] Importing 61790274_0.trap.br for liblxc.so.1.0.0.link (941 of 1074)
[2026-01-21 06:05:19] Importing 27849434_0.trap.br for liblxc.so.1.0.0.link (942 of 1074)
[2026-01-21 06:05:19] Importing 48179105_0.trap.br for liblxc.so.1.0.0.link (943 of 1074)
[2026-01-21 06:05:19] Importing 33828663_0.trap.br for liblxc.so.1.0.0.link (944 of 1074)
[2026-01-21 06:05:19] Importing 46848715_0.trap.br for liblxc.so.1.0.0.link (945 of 1074)
[2026-01-21 06:05:19] Importing 8440690_0.trap.br for lxc-execute.link (946 of 1074)
[2026-01-21 06:05:19] Importing 52277375_0.trap.br for liblxc.so.1.0.0.link (947 of 1074)
[2026-01-21 06:05:19] Importing 17368169_0.trap.br for init.lxc.link (948 of 1074)
[2026-01-21 06:05:19] Importing 32485431_0.trap.br for liblxc.so.1.0.0.link (949 of 1074)
[2026-01-21 06:05:19] Importing 10270046_0.trap.br for liblxc.so.1.0.0.link (950 of 1074)
[2026-01-21 06:05:19] Importing 21817786_0.trap.br for liblxc.so.1.0.0.link (951 of 1074)
[2026-01-21 06:05:19] Importing 22900673_0.trap.br for liblxc.so.1.0.0.link (952 of 1074)
[2026-01-21 06:05:19] Importing 40854317_0.trap.br for liblxc.so.1.0.0.link (953 of 1074)
[2026-01-21 06:05:19] Importing unmount-namespace.trap.br for unmount-namespace.link (954 of 1074)
[2026-01-21 06:05:19] Importing init.lxc.trap.br for init.lxc.link (955 of 1074)
[2026-01-21 06:05:19] Importing liblxc.so.1.0.0.trap.br for liblxc.so.1.0.0.link (956 of 1074)
[2026-01-21 06:05:19] Importing lxc-attach.trap.br for lxc-attach.link (957 of 1074)
[2026-01-21 06:05:19] Importing lxc-autostart.trap.br for lxc-autostart.link (958 of 1074)
[2026-01-21 06:05:19] Importing lxc-cgroup.trap.br for lxc-cgroup.link (959 of 1074)
[2026-01-21 06:05:19] Importing lxc-checkpoint.trap.br for lxc-checkpoint.link (960 of 1074)
[2026-01-21 06:05:19] Importing lxc-config.trap.br for lxc-config.link (961 of 1074)
[2026-01-21 06:05:19] Importing lxc-console.trap.br for lxc-console.link (962 of 1074)
[2026-01-21 06:05:19] Importing lxc-copy.trap.br for lxc-copy.link (963 of 1074)
[2026-01-21 06:05:19] Importing lxc-create.trap.br for lxc-create.link (964 of 1074)
[2026-01-21 06:05:19] Importing lxc-destroy.trap.br for lxc-destroy.link (965 of 1074)
[2026-01-21 06:05:19] Importing lxc-device.trap.br for lxc-device.link (966 of 1074)
[2026-01-21 06:05:19] Importing lxc-execute.trap.br for lxc-execute.link (967 of 1074)
[2026-01-21 06:05:19] Importing lxc-freeze.trap.br for lxc-freeze.link (968 of 1074)
[2026-01-21 06:05:19] Importing lxc-info.trap.br for lxc-info.link (969 of 1074)
[2026-01-21 06:05:19] Importing lxc-ls.trap.br for lxc-ls.link (970 of 1074)
[2026-01-21 06:05:19] Importing lxc-monitor.trap.br for lxc-monitor.link (971 of 1074)
[2026-01-21 06:05:19] Importing lxc-monitord.trap.br for lxc-monitord.link (972 of 1074)
[2026-01-21 06:05:19] Importing lxc-snapshot.trap.br for lxc-snapshot.link (973 of 1074)
[2026-01-21 06:05:19] Importing lxc-start.trap.br for lxc-start.link (974 of 1074)
[2026-01-21 06:05:19] Importing lxc-stop.trap.br for lxc-stop.link (975 of 1074)
[2026-01-21 06:05:19] Importing lxc-top.trap.br for lxc-top.link (976 of 1074)
[2026-01-21 06:05:19] Importing lxc-unfreeze.trap.br for lxc-unfreeze.link (977 of 1074)
[2026-01-21 06:05:19] Importing lxc-unshare.trap.br for lxc-unshare.link (978 of 1074)
[2026-01-21 06:05:19] Importing lxc-user-nic.trap.br for lxc-user-nic.link (979 of 1074)
[2026-01-21 06:05:19] Importing lxc-usernsexec.trap.br for lxc-usernsexec.link (980 of 1074)
[2026-01-21 06:05:19] Importing lxc-wait.trap.br for lxc-wait.link (981 of 1074)
[2026-01-21 06:05:19] Importing sourceLocationPrefix.trap.gz for no link target (982 of 1074)
[2026-01-21 06:05:19] Importing socket.h.f145e395.trap (start.c.c101387d_0.trap.tar.br) for 2 link targets (983 of 1074)
[2026-01-21 06:05:19] Importing libc-header-start.h.d293719a.trap (lxc_ls.c.84f9b436_0.trap.tar.br) for lxc-ls.link (984 of 1074)
[2026-01-21 06:05:19] Importing sched.h.47d59fc7.trap (lxc_top.c.4fcaea93_0.trap.tar.br) for lxc-top.link (985 of 1074)
[2026-01-21 06:05:19] Importing string.h.d34defbc.trap (lxc_ls.c.84f9b436_0.trap.tar.br) for lxc-ls.link (986 of 1074)
[2026-01-21 06:05:19] Importing conf.h.e3d8ad12.trap (lxc_top.c.4fcaea93_0.trap.tar.br) for lxc-top.link (987 of 1074)
[2026-01-21 06:05:19] Importing stat.h.0f3ce1f6.trap (start.c.c101387d_0.trap.tar.br) for 14 link targets (988 of 1074)
[2026-01-21 06:05:19] Importing termios-struct.h.d58beb51.trap (lxc_ls.c.84f9b436_0.trap.tar.br) for 2 link targets (989 of 1074)
[2026-01-21 06:05:19] Importing termios.h.7d4e9bde.trap (lxc_ls.c.84f9b436_0.trap.tar.br) for lxc-ls.link (990 of 1074)
[2026-01-21 06:05:19] Importing struct_statx_timestamp.h.eefcbf7b.trap (start.c.c101387d_0.trap.tar.br) for 14 link targets (991 of 1074)
[2026-01-21 06:05:19] Importing getopt_posix.h.901b6692.trap (lxc_ls.c.84f9b436_0.trap.tar.br) for lxc-ls.link (992 of 1074)
[2026-01-21 06:05:19] Importing unistd_ext.h.2d094867.trap (lxc_ls.c.84f9b436_0.trap.tar.br) for lxc-ls.link (993 of 1074)
[2026-01-21 06:05:19] Importing unistd.h.428fd2e4.trap (lxc_ls.c.84f9b436_0.trap.tar.br) for lxc-ls.link (994 of 1074)
[2026-01-21 06:05:19] Importing stddef.h.bb6534ae.trap (utils.c.a6c31498_0.trap.tar.br) for liblxc.so.1.0.0.link (995 of 1074)
[2026-01-21 06:05:19] Importing struct_statx.h.9626487e.trap (start.c.c101387d_0.trap.tar.br) for 14 link targets (996 of 1074)
[2026-01-21 06:05:19] Importing statx-generic.h.3c88d902.trap (start.c.c101387d_0.trap.tar.br) for 14 link targets (997 of 1074)
[2026-01-21 06:05:19] Importing statx.h.fcd0fb5c.trap (start.c.c101387d_0.trap.tar.br) for 14 link targets (998 of 1074)
[2026-01-21 06:05:19] Importing mman-map-flags-generic.h.94cc4235.trap (utils.c.a6c31498_0.trap.tar.br) for 2 link targets (999 of 1074)
[2026-01-21 06:05:19] Importing mman-shared.h.419d022e.trap (utils.c.a6c31498_0.trap.tar.br) for 2 link targets (1000 of 1074)
[2026-01-21 06:05:19] Importing mman-linux.h.fbedb477.trap (utils.c.a6c31498_0.trap.tar.br) for 2 link targets (1001 of 1074)
[2026-01-21 06:05:19] Importing mman.h.ad36f0ba.trap (utils.c.a6c31498_0.trap.tar.br) for 2 link targets (1002 of 1074)
[2026-01-21 06:05:19] Importing mman.h.41ec83a2.trap (utils.c.a6c31498_0.trap.tar.br) for 2 link targets (1003 of 1074)
[2026-01-21 06:05:19] Importing signal.h.bae59445.trap (utils.c.a6c31498_0.trap.tar.br) for 3 link targets (1004 of 1074)
[2026-01-21 06:05:19] Importing stat.h.0a6fedb1.trap (lxc_top.c.4fcaea93_0.trap.tar.br) for lxc-top.link (1005 of 1074)
[2026-01-21 06:05:19] Importing stat.h.27fab43c.trap (utils.c.a6c31498_0.trap.tar.br) for liblxc.so.1.0.0.link (1006 of 1074)
[2026-01-21 06:05:19] Importing fcntl.h.e1ec739c.trap (lxc_top.c.4fcaea93_0.trap.tar.br) for lxc-top.link (1007 of 1074)
[2026-01-21 06:05:19] Importing statfs.h.726f5830.trap (utils.c.a6c31498_0.trap.tar.br) for liblxc.so.1.0.0.link (1008 of 1074)
[2026-01-21 06:05:19] Importing statfs.h.e61ea840.trap (utils.c.a6c31498_0.trap.tar.br) for liblxc.so.1.0.0.link (1009 of 1074)
[2026-01-21 06:05:19] Importing socket.h.c38715f0.trap (lxc_ls.c.84f9b436_0.trap.tar.br) for lxc-ls.link (1010 of 1074)
[2026-01-21 06:05:19] Importing stat.h.09487809.trap (start.c.c101387d_0.trap.tar.br) for liblxc.so.1.0.0.link (1011 of 1074)
[2026-01-21 06:05:19] Importing lxc_top.c.4fcaea93.trap (lxc_top.c.4fcaea93_0.trap.tar.br) for lxc-top.link (1012 of 1074)
[2026-01-21 06:05:19] Importing socket.h.930876c4.trap (lxc_ls.c.84f9b436_0.trap.tar.br) for lxc-ls.link (1013 of 1074)
[2026-01-21 06:05:19] Importing vfs.h.88ff86b3.trap (utils.c.a6c31498_0.trap.tar.br) for liblxc.so.1.0.0.link (1014 of 1074)
[2026-01-21 06:05:19] Importing un.h.467ca199.trap (start.c.c101387d_0.trap.tar.br) for 2 link targets (1015 of 1074)
[2026-01-21 06:05:19] Importing utils.c.a6c31498.trap (utils.c.a6c31498_0.trap.tar.br) for liblxc.so.1.0.0.link (1016 of 1074)
[2026-01-21 06:05:19] Importing wait.h.100c568b.trap (start.c.c101387d_0.trap.tar.br) for 2 link targets (1017 of 1074)
[2026-01-21 06:05:19] Importing stat.h.5d1c30be.trap (lxc_ls.c.84f9b436_0.trap.tar.br) for lxc-ls.link (1018 of 1074)
[2026-01-21 06:05:19] Importing config.h.af945996.trap (start.c.c101387d_0.trap.tar.br) for liblxc.so.1.0.0.link (1019 of 1074)
[2026-01-21 06:05:19] Importing libc-header-start.h.5228f939.trap (start.c.c101387d_0.trap.tar.br) for 12 link targets (1020 of 1074)
[2026-01-21 06:05:19] Importing stdint.h.8bf4b5c3.trap (start.c.c101387d_0.trap.tar.br) for 13 link targets (1021 of 1074)
[2026-01-21 06:05:19] Importing stddef.h.ecb2bd42.trap (start.c.c101387d_0.trap.tar.br) for 14 link targets (1022 of 1074)
[2026-01-21 06:05:19] Importing semaphore.h.6c86c22d.trap (start.c.c101387d_0.trap.tar.br) for 9 link targets (1023 of 1074)
[2026-01-21 06:05:19] Importing lxccontainer.h.79748eee.trap (start.c.c101387d_0.trap.tar.br) for liblxc.so.1.0.0.link (1024 of 1074)
[2026-01-21 06:05:19] Importing bdev.h.8a2332d4.trap (start.c.c101387d_0.trap.tar.br) for 4 link targets (1025 of 1074)
[2026-01-21 06:05:19] Importing caps.h.9c247ed7.trap (start.c.c101387d_0.trap.tar.br) for 6 link targets (1026 of 1074)
[2026-01-21 06:05:19] Importing in.h.400f8a6f.trap (start.c.c101387d_0.trap.tar.br) for 12 link targets (1027 of 1074)
[2026-01-21 06:05:19] Importing semaphore.h.8a0148e0.trap (lxc_ls.c.84f9b436_0.trap.tar.br) for lxc-ls.link (1028 of 1074)
[2026-01-21 06:05:19] Importing libc-header-start.h.f19fb2d5.trap (lxc_ls.c.84f9b436_0.trap.tar.br) for lxc-ls.link (1029 of 1074)
[2026-01-21 06:05:19] Importing in.h.f4231228.trap (lxc_ls.c.84f9b436_0.trap.tar.br) for lxc-ls.link (1030 of 1074)
[2026-01-21 06:05:19] Importing struct_rusage.h.dacfed55.trap (start.c.c101387d_0.trap.tar.br) for 8 link targets (1031 of 1074)
[2026-01-21 06:05:19] Importing resource.h.5ff6e6ed.trap (start.c.c101387d_0.trap.tar.br) for 12 link targets (1032 of 1074)
[2026-01-21 06:05:19] Importing resource.h.98ea0bfa.trap (start.c.c101387d_0.trap.tar.br) for 12 link targets (1033 of 1074)
[2026-01-21 06:05:19] Importing libc-header-start.h.c6938aa9.trap (lxc_ls.c.84f9b436_0.trap.tar.br) for lxc-ls.link (1034 of 1074)
[2026-01-21 06:05:19] Importing list.h.9bf5659d.trap (start.c.c101387d_0.trap.tar.br) for 4 link targets (1035 of 1074)
[2026-01-21 06:05:19] Importing posix1_lim.h.bbcf6b3b.trap (lxc_ls.c.84f9b436_0.trap.tar.br) for lxc-ls.link (1036 of 1074)
[2026-01-21 06:05:19] Importing xopen_lim.h.97a4288d.trap (lxc_ls.c.84f9b436_0.trap.tar.br) for lxc-ls.link (1037 of 1074)
[2026-01-21 06:05:19] Importing limits.h.3f58e44c.trap (lxc_ls.c.84f9b436_0.trap.tar.br) for lxc-ls.link (1038 of 1074)
[2026-01-21 06:05:19] Importing sched.h.8595ca6e.trap (start.c.c101387d_0.trap.tar.br) for 13 link targets (1039 of 1074)
[2026-01-21 06:05:19] Importing siginfo-consts.h.8ca29afd.trap (lxc_ls.c.84f9b436_0.trap.tar.br) for lxc-ls.link (1040 of 1074)
[2026-01-21 06:05:19] Importing sched.h.6778169d.trap (start.c.c101387d_0.trap.tar.br) for 5 link targets (1041 of 1074)
[2026-01-21 06:05:19] Importing ucontext.h.3b7d3780.trap (lxc_ls.c.84f9b436_0.trap.tar.br) for lxc-ls.link (1042 of 1074)
[2026-01-21 06:05:19] Importing sigthread.h.864e4f65.trap (lxc_ls.c.84f9b436_0.trap.tar.br) for lxc-ls.link (1043 of 1074)
[2026-01-21 06:05:19] Importing signal_ext.h.7a143a79.trap (lxc_ls.c.84f9b436_0.trap.tar.br) for lxc-ls.link (1044 of 1074)
[2026-01-21 06:05:19] Importing signal.h.93de8a83.trap (lxc_ls.c.84f9b436_0.trap.tar.br) for lxc-ls.link (1045 of 1074)
[2026-01-21 06:05:19] Importing resource.h.c0cc29b3.trap (lxc_ls.c.84f9b436_0.trap.tar.br) for lxc-ls.link (1046 of 1074)
[2026-01-21 06:05:19] Importing namespace.h.d3a8024d.trap (start.c.c101387d_0.trap.tar.br) for 13 link targets (1047 of 1074)
[2026-01-21 06:05:19] Importing start.h.6cb3d0e2.trap (start.c.c101387d_0.trap.tar.br) for liblxc.so.1.0.0.link (1048 of 1074)
[2026-01-21 06:05:19] Importing resource.h.6f88708c.trap (lxc_ls.c.84f9b436_0.trap.tar.br) for lxc-ls.link (1049 of 1074)
[2026-01-21 06:05:19] Importing sched.h.7d024d6b.trap (lxc_ls.c.84f9b436_0.trap.tar.br) for lxc-ls.link (1050 of 1074)
[2026-01-21 06:05:19] Importing conf.h.77f05cfe.trap (start.c.c101387d_0.trap.tar.br) for liblxc.so.1.0.0.link (1051 of 1074)
[2026-01-21 06:05:19] Importing sched.h.ee337ea8.trap (lxc_ls.c.84f9b436_0.trap.tar.br) for lxc-ls.link (1052 of 1074)
[2026-01-21 06:05:19] Importing conf.h.72f37e3c.trap (lxc_ls.c.84f9b436_0.trap.tar.br) for lxc-ls.link (1053 of 1074)
[2026-01-21 06:05:19] Importing error.h.6fad57de.trap (start.c.c101387d_0.trap.tar.br) for 4 link targets (1054 of 1074)
[2026-01-21 06:05:19] Importing time.h.c339f64b.trap (start.c.c101387d_0.trap.tar.br) for 10 link targets (1055 of 1074)
[2026-01-21 06:05:19] Importing timex.h.0c323e67.trap (start.c.c101387d_0.trap.tar.br) for 12 link targets (1056 of 1074)
[2026-01-21 06:05:19] Importing errno.h.4ed40111.trap (lxc_ls.c.84f9b436_0.trap.tar.br) for lxc-ls.link (1057 of 1074)
[2026-01-21 06:05:19] Importing time.h.3daf9f4e.trap (lxc_ls.c.84f9b436_0.trap.tar.br) for lxc-ls.link (1058 of 1074)
[2026-01-21 06:05:19] Importing time.h.23c6336d.trap (start.c.c101387d_0.trap.tar.br) for 11 link targets (1059 of 1074)
[2026-01-21 06:05:19] Importing time.h.b1066402.trap (start.c.c101387d_0.trap.tar.br) for 4 link targets (1060 of 1074)
[2026-01-21 06:05:19] Importing time.h.513dd14b.trap (lxc_ls.c.84f9b436_0.trap.tar.br) for lxc-ls.link (1061 of 1074)
[2026-01-21 06:05:19] Importing time.h.e63c37f0.trap (lxc_ls.c.84f9b436_0.trap.tar.br) for lxc-ls.link (1062 of 1074)
[2026-01-21 06:05:19] Importing fcntl-linux.h.637a4d04.trap (lxc_ls.c.84f9b436_0.trap.tar.br) for lxc-ls.link (1063 of 1074)
[2026-01-21 06:05:19] Importing lxclock.h.73ad59d5.trap (start.c.c101387d_0.trap.tar.br) for liblxc.so.1.0.0.link (1064 of 1074)
[2026-01-21 06:05:19] Importing lxcseccomp.h.f14cc05c.trap (start.c.c101387d_0.trap.tar.br) for liblxc.so.1.0.0.link (1065 of 1074)
[2026-01-21 06:05:19] Importing lxcutmp.h.8c79af99.trap (start.c.c101387d_0.trap.tar.br) for liblxc.so.1.0.0.link (1066 of 1074)
[2026-01-21 06:05:19] Importing monitor.h.53c8e96a.trap (start.c.c101387d_0.trap.tar.br) for 2 link targets (1067 of 1074)
[2026-01-21 06:05:19] Importing sync.h.6a5294e1.trap (start.c.c101387d_0.trap.tar.br) for liblxc.so.1.0.0.link (1068 of 1074)
[2026-01-21 06:05:19] Importing lsm.h.15416152.trap (start.c.c101387d_0.trap.tar.br) for liblxc.so.1.0.0.link (1069 of 1074)
[2026-01-21 06:05:19] Importing reboot.h.e845e1bf.trap (start.c.c101387d_0.trap.tar.br) for liblxc.so.1.0.0.link (1070 of 1074)
[2026-01-21 06:05:19] Importing reboot.h.38028676.trap (start.c.c101387d_0.trap.tar.br) for liblxc.so.1.0.0.link (1071 of 1074)
[2026-01-21 06:05:19] Importing start.c.c101387d.trap (start.c.c101387d_0.trap.tar.br) for liblxc.so.1.0.0.link (1072 of 1074)
[2026-01-21 06:05:19] Importing fcntl.h.15fe6172.trap (lxc_ls.c.84f9b436_0.trap.tar.br) for 2 link targets (1073 of 1074)
[2026-01-21 06:05:19] Importing lxc_ls.c.84f9b436.trap (lxc_ls.c.84f9b436_0.trap.tar.br) for lxc-ls.link (1074 of 1074)
[2026-01-21 06:05:20] Merging 16 fragments for locations_default.
[2026-01-21 06:05:20] Merging 16 fragments for preprocdirects.
[2026-01-21 06:05:20] Merging 16 fragments for files.
[2026-01-21 06:05:20] Merging 16 fragments for includes.
[2026-01-21 06:05:20] Merging 16 fragments for preproctext.
[2026-01-21 06:05:20] Merging 16 fragments for numlines.
[2026-01-21 06:05:20] Merging 16 fragments for preproctrue.
[2026-01-21 06:05:20] Merging 16 fragments for preprocfalse.
[2026-01-21 06:05:20] Merging 16 fragments for macroinvocations.
[2026-01-21 06:05:20] Merging 16 fragments for macro_argument_unexpanded.
[2026-01-21 06:05:20] Merging 16 fragments for macroparent.
[2026-01-21 06:05:20] Merging 16 fragments for macro_argument_expanded.
[2026-01-21 06:05:20] Merging 16 fragments for comments.
[2026-01-21 06:05:20] Merging 16 fragments for commentbinding.
[2026-01-21 06:05:20] Merging 16 fragments for containerparent.
[2026-01-21 06:05:20] Merging 16 fragments for folders.
[2026-01-21 06:05:20] Merging 16 fragments for preprocpair.
[2026-01-21 06:05:20] Merging 16 fragments for fileannotations.
[2026-01-21 06:05:20] Merging 16 fragments for link_parent.
[2026-01-21 06:05:20] Merging 16 fragments for type_mentions.
[2026-01-21 06:05:20] Merging 16 fragments for functions.
[2026-01-21 06:05:20] Merging 16 fragments for function_return_type.
[2026-01-21 06:05:20] Merging 16 fragments for derivedtypes.
[2026-01-21 06:05:20] Merging 16 fragments for pointerishsize.
[2026-01-21 06:05:20] Merging 16 fragments for unspecifiedtype.
[2026-01-21 06:05:20] Merging 16 fragments for params.
[2026-01-21 06:05:20] Merging 16 fragments for fun_decls.
[2026-01-21 06:05:20] Merging 16 fragments for fun_def.
[2026-01-21 06:05:20] Merging 16 fragments for fun_decl_specifiers.
[2026-01-21 06:05:20] Merging 16 fragments for var_def.
[2026-01-21 06:05:20] Merging 16 fragments for param_decl_bind.
[2026-01-21 06:05:21] Merging 16 fragments for locations_stmt.
[2026-01-21 06:05:21] Merging 16 fragments for stmts.
[2026-01-21 06:05:21] Merging 16 fragments for routinetypes.
[2026-01-21 06:05:21] Merging 16 fragments for routinetypeargs.
[2026-01-21 06:05:21] Merging 16 fragments for locations_expr.
[2026-01-21 06:05:21] Merging 16 fragments for exprs.
[2026-01-21 06:05:21] Merging 16 fragments for expr_types.
[2026-01-21 06:05:21] Merging 16 fragments for funbind.
[2026-01-21 06:05:21] Merging 16 fragments for expr_isload.
[2026-01-21 06:05:21] Merging 16 fragments for varbind.
[2026-01-21 06:05:21] Merging 16 fragments for exprparents.
[2026-01-21 06:05:21] Merging 16 fragments for values.
[2026-01-21 06:05:21] Merging 16 fragments for valuetext.
[2026-01-21 06:05:21] Merging 16 fragments for arraysizes.
[2026-01-21 06:05:21] Merging 16 fragments for valuebind.
[2026-01-21 06:05:21] Merging 16 fragments for compgenerated.
[2026-01-21 06:05:21] Merging 16 fragments for stmtparents.
[2026-01-21 06:05:21] Merging 16 fragments for if_then.
[2026-01-21 06:05:21] Merging 16 fragments for blockscope.
[2026-01-21 06:05:21] Merging 16 fragments for function_entry_point.
[2026-01-21 06:05:21] Merging 16 fragments for affectedbymacroexpansion.
[2026-01-21 06:05:21] Merging 16 fragments for aggregate_field_init.
[2026-01-21 06:05:21] Merging 16 fragments for inmacroexpansion.
[2026-01-21 06:05:21] Merging 16 fragments for localvariables.
[2026-01-21 06:05:21] Merging 16 fragments for initialisers.
[2026-01-21 06:05:21] Merging 16 fragments for var_decls.
[2026-01-21 06:05:21] Merging 16 fragments for orphaned_variables.
[2026-01-21 06:05:21] Merging 16 fragments for macrolocationbind.
[2026-01-21 06:05:21] Merging 16 fragments for braced_initialisers.
[2026-01-21 06:05:21] Merging 16 fragments for stmt_decl_bind.
[2026-01-21 06:05:21] Merging 16 fragments for stmt_decl_entry_bind.
[2026-01-21 06:05:21] Merging 16 fragments for do_body.
[2026-01-21 06:05:21] Merging 16 fragments for funcattributes.
[2026-01-21 06:05:21] Merging 16 fragments for mangled_name.
[2026-01-21 06:05:21] Merging 16 fragments for iscall.
[2026-01-21 06:05:21] Merging 16 fragments for typespecifiers.
[2026-01-21 06:05:21] Merging 16 fragments for exprconv.
[2026-01-21 06:05:21] Merging 16 fragments for conversionkinds.
[2026-01-21 06:05:21] Merging 16 fragments for attributes.
[2026-01-21 06:05:21] Merging 16 fragments for varspecifiers.
[2026-01-21 06:05:21] Merging 16 fragments for expr_ancestor.
[2026-01-21 06:05:21] Merging 16 fragments for funspecifiers.
[2026-01-21 06:05:21] Merging 16 fragments for globalvariables.
[2026-01-21 06:05:21] Merging 16 fragments for attribute_arg_value.
[2026-01-21 06:05:21] Merging 16 fragments for attribute_args.
[2026-01-21 06:05:21] Merging 16 fragments for attribute_arg_constant.
[2026-01-21 06:05:21] Merging 16 fragments for usertypes.
[2026-01-21 06:05:21] Merging 15 fragments for typedefbase.
[2026-01-21 06:05:21] Merging 16 fragments for type_decls.
[2026-01-21 06:05:21] Merging 15 fragments for typeattributes.
[2026-01-21 06:05:21] Merging 16 fragments for type_decl_top.
[2026-01-21 06:05:21] Merging 16 fragments for usertypesize.
[2026-01-21 06:05:21] Merging 16 fragments for is_pod_class.
[2026-01-21 06:05:21] Merging 16 fragments for is_standard_layout_class.
[2026-01-21 06:05:21] Merging 16 fragments for is_complete.
[2026-01-21 06:05:21] Merging 16 fragments for member.
[2026-01-21 06:05:21] Merging 16 fragments for type_def.
[2026-01-21 06:05:21] Merging 16 fragments for membervariables.
[2026-01-21 06:05:21] Merging 16 fragments for fieldoffsets.
[2026-01-21 06:05:21] Merging 16 fragments for enumconstants.
[2026-01-21 06:05:21] Merging 16 fragments for var_decl_specifiers.
[2026-01-21 06:05:21] Merging 16 fragments for for_condition.
[2026-01-21 06:05:21] Merging 16 fragments for jumpinfo.
[2026-01-21 06:05:21] Merging 16 fragments for for_body.
[2026-01-21 06:05:21] Merging 16 fragments for for_initialization.
[2026-01-21 06:05:21] Merging 16 fragments for for_update.
[2026-01-21 06:05:21] Merging 15 fragments for while_body.
[2026-01-21 06:05:21] Merging 16 fragments for if_else.
[2026-01-21 06:05:21] Merging 15 fragments for expr_cond_guard.
[2026-01-21 06:05:21] Merging 15 fragments for expr_cond_true.
[2026-01-21 06:05:21] Merging 15 fragments for expr_cond_false.
[2026-01-21 06:05:21] Merging 16 fragments for aggregate_array_init.
[2026-01-21 06:05:21] Merging 16 fragments for sizeof_bind.
[2026-01-21 06:05:21] Merging 15 fragments for switch_body.
[2026-01-21 06:05:21] Merging 15 fragments for switch_case.
[2026-01-21 06:05:21] Merging 4 fragments for enclosingfunction.
[2026-01-21 06:05:21] Merging 1 fragment for varattributes.
[2026-01-21 06:05:21] Merging 6 fragments for compilation_args.
[2026-01-21 06:05:21] Merging 6 fragments for compilations.
[2026-01-21 06:05:21] Merging 6 fragments for compilation_compiling_files.
[2026-01-21 06:05:21] Merging 6 fragments for compilation_time.
[2026-01-21 06:05:21] Merging 6 fragments for compilation_finished.
[2026-01-21 06:05:21] Merging 3 fragments for bitfield.
[2026-01-21 06:05:21] Merging 4 fragments for link_targets.
[2026-01-21 06:05:21] Merging 1 fragment for sourceLocationPrefix.
[2026-01-21 06:05:21] Merging 1 fragment for builtintypes.
[2026-01-21 06:05:21] Merging 1 fragment for namespaces.
[2026-01-21 06:05:21] Merging 1 fragment for specialnamequalifyingelements.
[2026-01-21 06:05:21] Merging 1 fragment for specifiers.
[2026-01-21 06:05:21] Saving string and id pools to disk.
[2026-01-21 06:05:21] Finished importing trap files.
[2026-01-21 06:05:21] Pausing evaluation to close the cache at sequence stamp o+3
[2026-01-21 06:05:21] The disk cache is freshly trimmed; leave it be.
[2026-01-21 06:05:21] Unpausing evaluation
[2026-01-21 06:05:21] Plumbing command codeql dataset import completed.
[2026-01-21 06:05:21] [PROGRESS] database finalize> TRAP import complete (7.1s).
[2026-01-21 06:05:21] Running plumbing command: codeql database cleanup --mode=normal -- /effFix-experiment/effFix-benchmark/lxc/null-ptr-9-lxc/pre/codeql-db
[2026-01-21 06:05:21] [PROGRESS] database cleanup> Cleaning up existing TRAP files after import...
[2026-01-21 06:05:21] [PROGRESS] database cleanup> TRAP files cleaned up (25ms).
[2026-01-21 06:05:21] [PROGRESS] database cleanup> Cleaning up scratch directory...
[2026-01-21 06:05:21] [PROGRESS] database cleanup> Scratch directory cleaned up (21ms).
[2026-01-21 06:05:21] Running plumbing command: codeql dataset cleanup --mode=normal -- /effFix-experiment/effFix-benchmark/lxc/null-ptr-9-lxc/pre/codeql-db/db-cpp
[2026-01-21 06:05:21] [PROGRESS] dataset cleanup> Cleaning up dataset in /effFix-experiment/effFix-benchmark/lxc/null-ptr-9-lxc/pre/codeql-db/db-cpp.
[2026-01-21 06:05:21] Trimming disk cache at /effFix-experiment/effFix-benchmark/lxc/null-ptr-9-lxc/pre/codeql-db/db-cpp/default/cache in mode normal.
[2026-01-21 06:05:21] Sequence stamp origin is -5956193980275653546
[2026-01-21 06:05:21] Pausing evaluation to zealously trim disk at sequence stamp o+0
[2026-01-21 06:05:21] Unpausing evaluation
[2026-01-21 06:05:21] Trimming completed (0ms): Trimmed disposable data from cache.
[2026-01-21 06:05:21] Pausing evaluation to close the cache at sequence stamp o+1
[2026-01-21 06:05:21] The disk cache is freshly trimmed; leave it be.
[2026-01-21 06:05:21] Unpausing evaluation
[2026-01-21 06:05:21] [PROGRESS] dataset cleanup> Trimmed disposable data from cache.
[2026-01-21 06:05:21] [PROGRESS] dataset cleanup> Finalizing dataset in /effFix-experiment/effFix-benchmark/lxc/null-ptr-9-lxc/pre/codeql-db/db-cpp
[2026-01-21 06:05:21] [DETAILS] dataset cleanup> Finished deleting ID pool from /effFix-experiment/effFix-benchmark/lxc/null-ptr-9-lxc/pre/codeql-db/db-cpp (6ms).
[2026-01-21 06:05:21] Plumbing command codeql dataset cleanup completed.
[2026-01-21 06:05:21] Plumbing command codeql database cleanup completed with status 0.
[2026-01-21 06:05:21] Plumbing command codeql database finalize completed.
[2026-01-21 06:05:21] [PROGRESS] database create> Successfully created database at /effFix-experiment/effFix-benchmark/lxc/null-ptr-9-lxc/pre/codeql-db.
[2026-01-21 06:05:21] Terminating normally.
