[2026-01-21 06:10:21] This is codeql execute queries -J-Xmx2388M --off-heap-ram=2388 --verbosity=progress --logdir=/effFix-experiment/effFix-benchmark/lxc/null-ptr-9-lxc/pre/codeql-db/log --evaluator-log-level=5 --warnings=show --qlconfig-file=/effFix-experiment/effFix-benchmark/lxc/null-ptr-9-lxc/src/qlconfig.yml --rerun --output=/effFix-experiment/effFix-benchmark/lxc/null-ptr-9-lxc/pre/codeql-db/results -- /effFix-experiment/effFix-benchmark/lxc/null-ptr-9-lxc/pre/codeql-db/db-cpp /effFix-experiment/effFix-benchmark/lxc/null-ptr-9-lxc/repair/codeql-queries/extract_var.ql
[2026-01-21 06:10:21] Calling plumbing command: codeql resolve queries --qlconfig-file=/effFix-experiment/effFix-benchmark/lxc/null-ptr-9-lxc/src/qlconfig.yml --format=json -- /effFix-experiment/effFix-benchmark/lxc/null-ptr-9-lxc/repair/codeql-queries/extract_var.ql
[2026-01-21 06:10:21] [PROGRESS] resolve queries> Recording pack reference efffix/codeql-cpp-queries at /effFix-experiment/effFix-benchmark/lxc/null-ptr-9-lxc/repair/codeql-queries.
[2026-01-21 06:10:21] Plumbing command codeql resolve queries completed:
                      [
                        "/effFix-experiment/effFix-benchmark/lxc/null-ptr-9-lxc/repair/codeql-queries/extract_var.ql"
                      ]
[2026-01-21 06:10:21] Refusing fancy output: The terminal is not an xterm: 
[2026-01-21 06:10:21] Creating executor with 1 threads.
[2026-01-21 06:10:22] Calling plumbing command: codeql resolve extensions --qlconfig-file=/effFix-experiment/effFix-benchmark/lxc/null-ptr-9-lxc/src/qlconfig.yml /effFix-experiment/effFix-benchmark/lxc/null-ptr-9-lxc/repair/codeql-queries/extract_var.ql
[2026-01-21 06:10:22] Calling plumbing command: codeql resolve queries --qlconfig-file=/effFix-experiment/effFix-benchmark/lxc/null-ptr-9-lxc/src/qlconfig.yml --format startingpacks -- /effFix-experiment/effFix-benchmark/lxc/null-ptr-9-lxc/repair/codeql-queries/extract_var.ql
[2026-01-21 06:10:22] [PROGRESS] resolve queries> Recording pack reference efffix/codeql-cpp-queries at /effFix-experiment/effFix-benchmark/lxc/null-ptr-9-lxc/repair/codeql-queries.
[2026-01-21 06:10:22] Plumbing command codeql resolve queries completed:
                      [
                        "/effFix-experiment/effFix-benchmark/lxc/null-ptr-9-lxc/repair/codeql-queries"
                      ]
[2026-01-21 06:10:23] Plumbing command codeql resolve extensions completed:
                      {
                        "models" : [ ],
                        "data" : { }
                      }
[2026-01-21 06:10:23] [DETAILS] execute queries> Did not find any ML models.
[2026-01-21 06:10:23] Calling plumbing command: codeql resolve library-path --qlconfig-file=/effFix-experiment/effFix-benchmark/lxc/null-ptr-9-lxc/src/qlconfig.yml --query=/effFix-experiment/effFix-benchmark/lxc/null-ptr-9-lxc/repair/codeql-queries/extract_var.ql --format=json
[2026-01-21 06:10:23] [DETAILS] resolve library-path> Resolving query at normalized path /effFix-experiment/effFix-benchmark/lxc/null-ptr-9-lxc/repair/codeql-queries/extract_var.ql.
[2026-01-21 06:10:23] [DETAILS] resolve library-path> Found enclosing pack 'efffix/codeql-cpp-queries' at /effFix-experiment/effFix-benchmark/lxc/null-ptr-9-lxc/repair/codeql-queries.
[2026-01-21 06:10:23] [DETAILS] resolve library-path> Adding compilation cache at /effFix-experiment/effFix-benchmark/lxc/null-ptr-9-lxc/repair/codeql-queries/.cache.
[2026-01-21 06:10:23] [DETAILS] resolve library-path> Resolving library dependencies from /effFix-experiment/effFix-benchmark/lxc/null-ptr-9-lxc/repair/codeql-queries/qlpack.yml.
[2026-01-21 06:10:23] [DETAILS] resolve library-path> QL pack dependencies for /effFix-experiment/effFix-benchmark/lxc/null-ptr-9-lxc/repair/codeql-queries resolved OK.
[2026-01-21 06:10:23] [DETAILS] resolve library-path> Found dbscheme through QL packs: /root/.codeql/packages/codeql/cpp-all/0.6.0/semmlecode.cpp.dbscheme.
[2026-01-21 06:10:23] Plumbing command codeql resolve library-path completed:
                      {
                        "libraryPath" : [
                          "/effFix-experiment/effFix-benchmark/lxc/null-ptr-9-lxc/repair/codeql-queries",
                          "/root/.codeql/packages/codeql/cpp-all/0.6.0",
                          "/root/.codeql/packages/codeql/ssa/0.0.13",
                          "/root/.codeql/packages/codeql/tutorial/0.0.6"
                        ],
                        "dbscheme" : "/root/.codeql/packages/codeql/cpp-all/0.6.0/semmlecode.cpp.dbscheme",
                        "compilationCache" : [
                          "/effFix-experiment/effFix-benchmark/lxc/null-ptr-9-lxc/repair/codeql-queries/.cache"
                        ],
                        "relativeName" : "efffix/codeql-cpp-queries/extract_var.ql",
                        "qlPackName" : "efffix/codeql-cpp-queries"
                      }
[2026-01-21 06:10:23] [PROGRESS] execute queries> Compiling query plan for /effFix-experiment/effFix-benchmark/lxc/null-ptr-9-lxc/repair/codeql-queries/extract_var.ql.
[2026-01-21 06:10:23] [DETAILS] execute queries> Resolving imports for /effFix-experiment/effFix-benchmark/lxc/null-ptr-9-lxc/repair/codeql-queries/extract_var.ql.
[2026-01-21 06:10:24] Resolved file set for /effFix-experiment/effFix-benchmark/lxc/null-ptr-9-lxc/repair/codeql-queries/extract_var.ql hashes to 003671ede7d4204c0d75c509ec4e01339bc04b02.
[2026-01-21 06:10:24] [DETAILS] execute queries> Checking QL for /effFix-experiment/effFix-benchmark/lxc/null-ptr-9-lxc/repair/codeql-queries/extract_var.ql.
[2026-01-21 06:10:24] ExternalModuleBindingPass ...
[2026-01-21 06:10:24] ExternalModuleBindingPass time: 00:00.379
[2026-01-21 06:10:24] QLPredicateSynthesiser ...
[2026-01-21 06:10:24] QLPredicateSynthesiser time: 00:00.012
[2026-01-21 06:10:24] DeclarationBindingPass ...
[2026-01-21 06:10:24] DeclarationBindingPass time: 00:00.058
[2026-01-21 06:10:24] Fixed point time ...
[2026-01-21 06:10:25] Fixed point time time: 00:00.665
[2026-01-21 06:10:25] ReferenceBindingPass ...
[2026-01-21 06:10:25] ReferenceBindingPass time: 00:00.066
[2026-01-21 06:10:25] PopulateInstantiationMapPass ...
[2026-01-21 06:10:25] PopulateInstantiationMapPass time: 00:00.377
[2026-01-21 06:10:25] ReferenceBindingCheck ...
[2026-01-21 06:10:25] ReferenceBindingCheck time: 00:00.065
[2026-01-21 06:10:25] PredicateBodyBindingPass ...
[2026-01-21 06:10:26] PredicateBodyBindingPass time: 00:00.184
[2026-01-21 06:10:26] LanguagePragmaPropagationPass ...
[2026-01-21 06:10:26] LanguagePragmaPropagationPass time: 00:00.021
[2026-01-21 06:10:26] Ambiguity checks ...
[2026-01-21 06:10:26] Ambiguity checks time: 00:00.104
[2026-01-21 06:10:26] Ql checks ...
[2026-01-21 06:10:27] Ql checks time: 00:01.083
[2026-01-21 06:10:29] Compilation pipeline
[2026-01-21 06:10:29] Type Inference ...
[2026-01-21 06:10:29] CSV_TYPE_HIERARCHY: Best number of iterations,Maximum number of runs,Number of BDD variables,Size of BDD for typefacts
[2026-01-21 06:10:29] CSV_TYPE_HIERARCHY: 0,0,17,17
[2026-01-21 06:10:29] CSV_TYPE_HIERARCHY: 0,0,0,0
[2026-01-21 06:10:29] CSV_TYPE_HIERARCHY: 0,0,22,24
[2026-01-21 06:10:29] CSV_TYPE_HIERARCHY: 0,0,15,15
[2026-01-21 06:10:29] CSV_TYPE_HIERARCHY: 0,0,0,0
[2026-01-21 06:10:30] CSV_TYPE_HIERARCHY: 0,0,828,2509
[2026-01-21 06:10:30] CSV_TYPE_HIERARCHY: 0,0,2,2
[2026-01-21 06:10:30] CSV_TYPE_HIERARCHY: 0,0,2,2
[2026-01-21 06:10:30] CSV_TYPE_HIERARCHY: 0,0,3,3
[2026-01-21 06:10:30] CSV_TYPE_HIERARCHY: 0,0,2,2
[2026-01-21 06:10:30] CSV_TYPE_HIERARCHY: 0,0,4,4
[2026-01-21 06:10:30] CSV_TYPE_HIERARCHY: 0,0,2,2
[2026-01-21 06:10:30] CSV_TYPE_HIERARCHY: 0,0,1,1
[2026-01-21 06:10:30] CSV_TYPE_HIERARCHY: 0,0,4,4
[2026-01-21 06:10:30] CSV_TYPE_HIERARCHY: 0,0,32,36
[2026-01-21 06:10:30] CSV_TYPE_HIERARCHY: 0,0,7,7
[2026-01-21 06:10:30] CSV_TYPE_HIERARCHY: 0,0,5,5
[2026-01-21 06:10:30] CSV_TYPE_HIERARCHY: 0,0,4,4
[2026-01-21 06:10:30] CSV_TYPE_HIERARCHY: 0,0,2,2
[2026-01-21 06:10:30] CSV_TYPE_HIERARCHY: 0,0,2,2
[2026-01-21 06:10:30] CSV_TYPE_HIERARCHY: 0,0,2,2
[2026-01-21 06:10:30] CSV_TYPE_HIERARCHY: 0,0,1,1
[2026-01-21 06:10:30] CSV_TYPE_HIERARCHY: 0,0,4,4
[2026-01-21 06:10:30] CSV_TYPE_HIERARCHY: 0,0,2,2
[2026-01-21 06:10:30] CSV_TYPE_HIERARCHY: 0,0,4,4
[2026-01-21 06:10:30] CSV_TYPE_HIERARCHY: 0,0,2,2
[2026-01-21 06:10:30] CSV_TYPE_HIERARCHY: 0,0,3,3
[2026-01-21 06:10:30] CSV_TYPE_HIERARCHY: 0,0,2,2
[2026-01-21 06:10:30] CSV_TYPE_HIERARCHY: 0,0,2,2
[2026-01-21 06:10:30] CSV_TYPE_HIERARCHY: 0,0,2,2
[2026-01-21 06:10:30] CSV_TYPE_HIERARCHY: 0,0,3,3
[2026-01-21 06:10:30] CSV_TYPE_HIERARCHY: 0,0,4,4
[2026-01-21 06:10:30] CSV_TYPE_HIERARCHY: 0,0,9,14
[2026-01-21 06:10:30] CSV_TYPE_HIERARCHY: 0,0,6,6
[2026-01-21 06:10:30] CSV_TYPE_HIERARCHY: 0,0,1,1
[2026-01-21 06:10:30] CSV_TYPE_HIERARCHY: 0,0,3,3
[2026-01-21 06:10:30] CSV_TYPE_HIERARCHY: 0,0,8,8
[2026-01-21 06:10:30] CSV_TYPE_HIERARCHY: 0,0,2,2
[2026-01-21 06:10:30] CSV_TYPE_HIERARCHY: 0,0,8,10
[2026-01-21 06:10:30] CSV_TYPE_HIERARCHY: 0,0,3,3
[2026-01-21 06:10:30] CSV_TYPE_HIERARCHY: 0,0,9,14
[2026-01-21 06:10:30] CSV_TYPE_HIERARCHY: 0,0,6,6
[2026-01-21 06:10:30] CSV_TYPE_HIERARCHY: 0,0,1,1
[2026-01-21 06:10:30] CSV_TYPE_HIERARCHY: 0,0,3,3
[2026-01-21 06:10:30] CSV_TYPE_HIERARCHY: 0,0,8,8
[2026-01-21 06:10:30] CSV_TYPE_HIERARCHY: 0,0,2,2
[2026-01-21 06:10:30] CSV_TYPE_HIERARCHY: 0,0,8,10
[2026-01-21 06:10:30] CSV_TYPE_HIERARCHY: 0,0,4,4
[2026-01-21 06:10:30] CSV_TYPE_HIERARCHY: 0,0,1,1
[2026-01-21 06:10:30] CSV_TYPE_HIERARCHY: 0,0,9,14
[2026-01-21 06:10:30] CSV_TYPE_HIERARCHY: 0,0,1,1
[2026-01-21 06:10:30] CSV_TYPE_HIERARCHY: 0,0,6,6
[2026-01-21 06:10:30] CSV_TYPE_HIERARCHY: 0,0,8,10
[2026-01-21 06:10:30] CSV_TYPE_HIERARCHY: 0,0,2,2
[2026-01-21 06:10:30] CSV_TYPE_HIERARCHY: 0,0,3,3
[2026-01-21 06:10:30] CSV_TYPE_HIERARCHY: 0,0,8,8
[2026-01-21 06:10:30] Type Inference time: 00:01.505
[2026-01-21 06:10:31] [DETAILS] execute queries> Optimizing /effFix-experiment/effFix-benchmark/lxc/null-ptr-9-lxc/repair/codeql-queries/extract_var.ql.
[2026-01-21 06:10:31] Processing compilation pipeline
[2026-01-21 06:10:31] Started compiling a query
[2026-01-21 06:10:31] Initialising compiler...
[2026-01-21 06:10:31] 	 ... compiler initialised
[2026-01-21 06:10:31] About to start query optimisation
[2026-01-21 06:10:31] Compilation cache miss for 0781787e1f667efe6496299e4094248bebeedcf4.
[2026-01-21 06:10:32] Stored compiled program for 0781787e1f667efe6496299e4094248bebeedcf4.
[2026-01-21 06:10:32] Compilation cache miss for a8676a4b0a2fdbb647289c783712fc431431e690.
[2026-01-21 06:10:32] Stored compiled program for a8676a4b0a2fdbb647289c783712fc431431e690.
[2026-01-21 06:10:32] Compilation cache miss for 11ea20154e6f6e18c921a02fe96eb8e7f02a9f60.
[2026-01-21 06:10:32] Stored compiled program for 11ea20154e6f6e18c921a02fe96eb8e7f02a9f60.
[2026-01-21 06:10:32] Compilation cache miss for 95f65a94e5b4afee33db764d4d10c34fb4001788.
[2026-01-21 06:10:32] Stored compiled program for 95f65a94e5b4afee33db764d4d10c34fb4001788.
[2026-01-21 06:10:32] Compilation cache miss for 601c7fe5d0f0d3c694803e9b9ab5f3464276fa73.
[2026-01-21 06:10:33] Stored compiled program for 601c7fe5d0f0d3c694803e9b9ab5f3464276fa73.
[2026-01-21 06:10:33] Compilation cache miss for 2dbca4521c693967a53760e4d9474bb9346cec6a.
[2026-01-21 06:10:34] Stored compiled program for 2dbca4521c693967a53760e4d9474bb9346cec6a.
[2026-01-21 06:10:34] Compilation cache miss for bd75499b174da14ece020f9d63ddf1992ac9d5a1.
[2026-01-21 06:10:34] Stored compiled program for bd75499b174da14ece020f9d63ddf1992ac9d5a1.
[2026-01-21 06:10:34] Compilation cache miss for 2dfb13b6c155345476d080bdfea31da24494d649.
[2026-01-21 06:10:34] Stored compiled program for 2dfb13b6c155345476d080bdfea31da24494d649.
[2026-01-21 06:10:34] Compilation cache miss for 7fe16c41b49fd0c17356767c49f1a0d854cf6b41.
[2026-01-21 06:10:35] Stored compiled program for 7fe16c41b49fd0c17356767c49f1a0d854cf6b41.
[2026-01-21 06:10:35] Compilation cache miss for f4fd889c8c4ee905625c5e6aa0e5611a89411bb1.
[2026-01-21 06:10:36] Stored compiled program for f4fd889c8c4ee905625c5e6aa0e5611a89411bb1.
[2026-01-21 06:10:36] Compilation cache miss for 1fbe2aefb21144f5648a04cc90e0e486721ce53d.
[2026-01-21 06:10:36] Stored compiled program for 1fbe2aefb21144f5648a04cc90e0e486721ce53d.
[2026-01-21 06:10:36] Compilation cache miss for a0e10d7565723df9d50b2827f8a604157ace8651.
[2026-01-21 06:10:37] Stored compiled program for a0e10d7565723df9d50b2827f8a604157ace8651.
[2026-01-21 06:10:37] Compilation cache miss for 1feb70545c02ace1651be779c4525ff710b29b4c.
[2026-01-21 06:10:40] Stored compiled program for 1feb70545c02ace1651be779c4525ff710b29b4c.
[2026-01-21 06:10:40] Compilation cache miss for e8d08676e7c775d08ecdf3c57adb0db074f57650.
[2026-01-21 06:10:40] Stored compiled program for e8d08676e7c775d08ecdf3c57adb0db074f57650.
[2026-01-21 06:10:40] Compilation cache miss for d2be0ed74ff8820dbff5f484fd2193d40f045a32.
[2026-01-21 06:10:41] Stored compiled program for d2be0ed74ff8820dbff5f484fd2193d40f045a32.
[2026-01-21 06:10:41] Compilation cache miss for 6eef12f5daa0b789c15cf8387face14faaf936f3.
[2026-01-21 06:10:43] Stored compiled program for 6eef12f5daa0b789c15cf8387face14faaf936f3.
[2026-01-21 06:10:43] Compilation cache miss for 548e2ea97594bf9e4e912b15a6e69d4a3d07cfb5.
[2026-01-21 06:10:44] Stored compiled program for 548e2ea97594bf9e4e912b15a6e69d4a3d07cfb5.
[2026-01-21 06:10:44] Compilation cache miss for a51ccc55ce9d17cebe8bd9a745cd2c9b0d6170c8.
[2026-01-21 06:10:45] Stored compiled program for a51ccc55ce9d17cebe8bd9a745cd2c9b0d6170c8.
[2026-01-21 06:10:45] Compilation cache miss for 7bc77564ca2e709ccd2f89abf600757487645b12.
[2026-01-21 06:10:47] Stored compiled program for 7bc77564ca2e709ccd2f89abf600757487645b12.
[2026-01-21 06:10:47] Compilation cache miss for c5d6889b06b9fe13269994fdcaf4ccc51880eb04.
[2026-01-21 06:10:50] Stored compiled program for c5d6889b06b9fe13269994fdcaf4ccc51880eb04.
[2026-01-21 06:10:50] Compilation cache miss for 9fc0a91c3c74a61dd2e853878a0c3421d789f5da.
[2026-01-21 06:10:50] Stored compiled program for 9fc0a91c3c74a61dd2e853878a0c3421d789f5da.
[2026-01-21 06:10:50] Compilation cache miss for a3f98f4ad84cf2ab784a1c91009e83db843c4eee.
[2026-01-21 06:10:54] Stored compiled program for a3f98f4ad84cf2ab784a1c91009e83db843c4eee.
[2026-01-21 06:10:54] CSV_COMPILATION: NONE,MISC,RA_TRANSLATION,OPTIMISATIONS
[2026-01-21 06:10:54] CSV_COMPILATION: 1418,582,1080,19685
[2026-01-21 06:10:54] [SPAMMY] execute queries> No database upgrade/downgrade needed for /effFix-experiment/effFix-benchmark/lxc/null-ptr-9-lxc/repair/codeql-queries/extract_var.ql
[2026-01-21 06:10:54] Inferred that DataFlowImplCommon#6f4b4818::Cached::clearsContentCached#2#ff/2@74acd9sm is empty, due to DataFlowImplCommon#6f4b4818::Cached::clearsContentCached#2#ff/2@16958buv.
[2026-01-21 06:10:54] Inferred that DataFlowImplCommon#6f4b4818::Cached::expectsContentCached#2#ff/2@b53f214c is empty, due to DataFlowImplCommon#6f4b4818::Cached::expectsContentCached#2#ff/2@6eee12ek.
[2026-01-21 06:10:54] Inferred that DataFlowImplCommon#6f4b4818::Cached::hiddenNode#1#f/1@43bf22j8 is empty, due to DataFlowImplCommon#6f4b4818::Cached::hiddenNode#1#f/1@6fe26526.
[2026-01-21 06:10:54] Inferred that DataFlowImplCommon#6f4b4818::Cached::allowParameterReturnInSelfCached#1#f/1@51cd0f98 is empty, due to DataFlowImplCommon#6f4b4818::Cached::allowParameterReturnInSelfCached#1#f/1@bedb5bco.
[2026-01-21 06:10:54] Inferred that DataFlowImplCommon#6f4b4818::Cached::DispatchWithCallContext::prunedViableImplInCallContext#2#fff/3@673dca3d is empty, due to DataFlowImplCommon#6f4b4818::Cached::DispatchWithCallContext::prunedViableImplInCallContext#2#fff/3@d2fff27l.
[2026-01-21 06:10:54] Inferred that DataFlowImplCommon#6f4b4818::Cached::DispatchWithCallContext::prunedViableImplInCallContextReverse#2#fff/3@a70b2c3u is empty, due to DataFlowImplCommon#6f4b4818::Cached::DispatchWithCallContext::prunedViableImplInCallContextReverse#2#fff/3@2da0713s.
[2026-01-21 06:10:54] Inferred that DataFlowImplCommon#6f4b4818::Cached::recordDataFlowCallSiteUnreachable#2#ff/2@418a2b6q is empty, due to DataFlowImplCommon#6f4b4818::Cached::recordDataFlowCallSiteUnreachable#2#ff/2@75208590.
[2026-01-21 06:10:54] Inferred that DataFlowImplCommon#6f4b4818::Cached::TSpecificCall#ff/2@11588031 is empty, due to DataFlowImplCommon#6f4b4818::Cached::TSpecificCall#ff/2@e99944ej.
[2026-01-21 06:10:54] Inferred that DataFlowImplCommon#6f4b4818::Cached::DispatchWithCallContext::reducedViableImplInReturn#2#ff/2@02440ess is empty, due to DataFlowImplCommon#6f4b4818::Cached::DispatchWithCallContext::reducedViableImplInReturn#2#ff/2@416adc22.
[2026-01-21 06:10:54] Inferred that DataFlowImplCommon#6f4b4818::Cached::TReturn#fff/3@5f49fe0j is empty, due to DataFlowImplCommon#6f4b4818::Cached::TReturn#fff/3@73cbf939.
[2026-01-21 06:10:54] Inferred that DataFlowImplCommon#6f4b4818::Cached::isUnreachableInCallCached#2#ff/2@733784me is empty, due to DataFlowImplCommon#6f4b4818::Cached::isUnreachableInCallCached#2#ff/2@129ca5gb.
[2026-01-21 06:10:54] Inferred that DataFlowImplCommon#6f4b4818::Cached::TSpecificLocalCall#ff/2@c5ec00s5 is empty, due to DataFlowImplCommon#6f4b4818::Cached::TSpecificLocalCall#ff/2@95583dip.
[2026-01-21 06:10:54] Inferred that DataFlowImplCommon#6f4b4818::Cached::viableCallableLambda#2#fff/3@81797086 is empty, due to DataFlowImplCommon#6f4b4818::Cached::viableCallableLambda#2#fff/3@bd3eeaam.
[2026-01-21 06:10:54] [PROGRESS] execute queries> [1/1 comp 30.6s] Compiled /effFix-experiment/effFix-benchmark/lxc/null-ptr-9-lxc/repair/codeql-queries/extract_var.ql.
[2026-01-21 06:10:54] [PROGRESS] execute queries> Starting evaluation of efffix/codeql-cpp-queries/extract_var.ql.
[2026-01-21 06:10:54] Starting evaluation of /effFix-experiment/effFix-benchmark/lxc/null-ptr-9-lxc/repair/codeql-queries/extract_var.ql
[2026-01-21 06:10:54] (0s) Start query execution
[2026-01-21 06:10:54] (0s) Beginning execution of extract_var.ql
[2026-01-21 06:10:54] (0s)  >>> Created relation DataFlowImplCommon#6f4b4818::Cached::DispatchWithCallContext::prunedViableImplInCallContext#2#fff/3@673dca3d with 0 rows and digest THIS-RELATION-HAS-NO-TUPLES.
[2026-01-21 06:10:54] (0s)  >>> Created relation DataFlowImplCommon#6f4b4818::Cached::TSpecificLocalCall#ff/2@c5ec00s5 with 0 rows and digest THIS-RELATION-HAS-NO-TUPLES.
[2026-01-21 06:10:54] (0s)  >>> Created relation DataFlowImplCommon#6f4b4818::Cached::viableCallableLambda#2#fff/3@81797086 with 0 rows and digest THIS-RELATION-HAS-NO-TUPLES.
[2026-01-21 06:10:54] (0s)  >>> Created relation DataFlowImplCommon#6f4b4818::Cached::isUnreachableInCallCached#2#ff/2@733784me with 0 rows and digest THIS-RELATION-HAS-NO-TUPLES.
[2026-01-21 06:10:54] (0s)  >>> Created relation DataFlowImplCommon#6f4b4818::Cached::recordDataFlowCallSiteUnreachable#2#ff/2@418a2b6q with 0 rows and digest THIS-RELATION-HAS-NO-TUPLES.
[2026-01-21 06:10:54] (0s)  >>> Created relation DataFlowImplCommon#6f4b4818::Cached::DispatchWithCallContext::reducedViableImplInReturn#2#ff/2@02440ess with 0 rows and digest THIS-RELATION-HAS-NO-TUPLES.
[2026-01-21 06:10:54] (0s)  >>> Created relation DataFlowImplCommon#6f4b4818::Cached::TReturn#fff/3@5f49fe0j with 0 rows and digest THIS-RELATION-HAS-NO-TUPLES.
[2026-01-21 06:10:54] (0s)  >>> Created relation DataFlowImplCommon#6f4b4818::Cached::TSpecificCall#ff/2@11588031 with 0 rows and digest THIS-RELATION-HAS-NO-TUPLES.
[2026-01-21 06:10:54] (0s)  >>> Created relation DataFlowImplCommon#6f4b4818::Cached::clearsContentCached#2#ff/2@74acd9sm with 0 rows and digest THIS-RELATION-HAS-NO-TUPLES.
[2026-01-21 06:10:54] (0s)  >>> Created relation DataFlowImplCommon#6f4b4818::Cached::allowParameterReturnInSelfCached#1#f/1@51cd0f98 with 0 rows and digest THIS-RELATION-HAS-NO-TUPLES.
[2026-01-21 06:10:54] (0s)  >>> Created relation DataFlowImplCommon#6f4b4818::Cached::DispatchWithCallContext::prunedViableImplInCallContextReverse#2#fff/3@a70b2c3u with 0 rows and digest THIS-RELATION-HAS-NO-TUPLES.
[2026-01-21 06:10:54] (0s)  >>> Created relation DataFlowImplCommon#6f4b4818::Cached::hiddenNode#1#f/1@43bf22j8 with 0 rows and digest THIS-RELATION-HAS-NO-TUPLES.
[2026-01-21 06:10:54] (0s)  >>> Created relation DataFlowImplCommon#6f4b4818::Cached::expectsContentCached#2#ff/2@b53f214c with 0 rows and digest THIS-RELATION-HAS-NO-TUPLES.
[2026-01-21 06:10:54] (0s) Inferred that project#DataFlowDispatch#f6687c8d::ParameterPosition#f#nullary/0@1362eel5 is empty, due to DataFlowUtil#7572fbec::TInstanceParameterNode#ff/2@939b6d76.
[2026-01-21 06:10:54] (0s)  >>> Created relation project#DataFlowDispatch#f6687c8d::ParameterPosition#f#nullary/0@1362eel5 with 0 rows and digest THIS-RELATION-HAS-NO-TUPLES.
[2026-01-21 06:10:54] (0s)  >>> Created relation exprs/3@9397d9en with 176625 rows and digest b64bc1rti653pfd9mva1ue2uat7.
[2026-01-21 06:10:54] (0s) Starting to evaluate predicate exprs_10#join_rhs/2@5481143i
[2026-01-21 06:10:54] (0s)  >>> Created relation exprs_10#join_rhs/2@5481143i with 176625 rows and digest 0f7d4dm7ee0s3qdpmcc6sv1eo70.
[2026-01-21 06:10:54] (0s) Starting to evaluate predicate _exprs_10#join_rhs#antijoin_rhs/1@edaadcoa
[2026-01-21 06:10:54] (0s)  >>> Created relation _exprs_10#join_rhs#antijoin_rhs/1@edaadcoa with 14301 rows and digest 2c9a59ck5lehbi8q4bjvcgsmuda.
[2026-01-21 06:10:54] (0s) Starting to evaluate predicate @access#f/1@2fd389m8
[2026-01-21 06:10:54] (0s)  >>> Created relation @access#f/1@2fd389m8 with 66302 rows and digest 68a83dsd6j4eanubn2to7nuunb7.
[2026-01-21 06:10:54] (0s)  >>> Created relation iscall/2@f9e3d7p3 with 13736 rows and digest a38ca91ofmgiucscimlbg5l03od.
[2026-01-21 06:10:54] (0s) Starting to evaluate predicate iscall_0#antijoin_rhs/1@e35a00uo
[2026-01-21 06:10:54] (0s)  >>> Created relation iscall_0#antijoin_rhs/1@e35a00uo with 13736 rows and digest 0e8296i1t6ere7m3auesn4v36k0.
[2026-01-21 06:10:54] (0s) Starting to evaluate predicate Access#8878f617::Access#f/1@18745f0v
[2026-01-21 06:10:54] (0s)  >>> Created relation Access#8878f617::Access#f/1@18745f0v with 52566 rows and digest 7472a6s0heiko3r43qfr3uov2n5.
[2026-01-21 06:10:54] (0s) Starting to evaluate predicate _Access#8878f617::Access#f_exprs_10#join_rhs#shared/1@e8660788
[2026-01-21 06:10:54] (0s)  >>> Created relation _Access#8878f617::Access#f_exprs_10#join_rhs#shared/1@e8660788 with 52001 rows and digest c38b83dhao9ismtjn319jekipbe.
[2026-01-21 06:10:54] (0s)  >>> Created relation varbind/2@b143d4fi with 52005 rows and digest 0a490du92kqhnjtjvguhdna5n44.
[2026-01-21 06:10:54] (0s)  >>> Created relation enumconstants/6@ad50a2f7 with 1607 rows and digest b720853nmo9b3bl4l2sgr29nsnf.
[2026-01-21 06:10:54] (0s) Starting to evaluate predicate __Access#8878f617::Access#f_exprs_10#join_rhs#shared_enumconstants_varbind#antijoin_rhs/1@6281323j
[2026-01-21 06:10:54] (0s)  >>> Created relation __Access#8878f617::Access#f_exprs_10#join_rhs#shared_enumconstants_varbind#antijoin_rhs/1@6281323j with 2211 rows and digest b52dddg6rrih0kksvrqb0o8a25c.
[2026-01-21 06:10:54] (0s) Starting to evaluate predicate Access#8878f617::VariableAccess#f/1@cb7810f9
[2026-01-21 06:10:54] (0s)  >>> Created relation Access#8878f617::VariableAccess#f/1@cb7810f9 with 49790 rows and digest 5de30e8peoj4jmohe48sv88fd23.
[2026-01-21 06:10:54] (0s)  >>> Created relation unspecifiedtype/2@9a080c21 with 3522 rows and digest b72991f4uv5jqhib0jpo1uqibsa.
[2026-01-21 06:10:54] (0s)  >>> Created relation usertypes/3@fc89fbdn with 877 rows and digest 1025115flgmi9ea2mkfoii5hsd2.
[2026-01-21 06:10:54] (0s) Starting to evaluate predicate usertypes_0#antijoin_rhs/1@55faa2pt
[2026-01-21 06:10:54] (0s)  >>> Created relation usertypes_0#antijoin_rhs/1@55faa2pt with 877 rows and digest b3cb89q75epq9e6o9selmj5fcd8.
[2026-01-21 06:10:54] (0s) Starting to evaluate predicate Type#2e8eb3ef::Type::getUnspecifiedType#ff/2@fceaddtq
[2026-01-21 06:10:54] (0s)  >>> Created relation Type#2e8eb3ef::Type::getUnspecifiedType#ff/2@fceaddtq with 3508 rows and digest 97987e95rrhui1p12396ma9o062.
[2026-01-21 06:10:54] (0s) Starting to evaluate predicate Expr#ef463c5d::Expr::getUnspecifiedType#0#dispred#ff/2@d1822fot
[2026-01-21 06:10:54] (0s)  >>> Created relation Expr#ef463c5d::Expr::getUnspecifiedType#0#dispred#ff/2@d1822fot with 176625 rows and digest c0451cb6jfld8pqeeansba94ga0.
[2026-01-21 06:10:54] (0s) Starting to evaluate predicate _Access#8878f617::VariableAccess#f_Expr#ef463c5d::Expr::getUnspecifiedType#0#dispred#ff#shared/2@85a03cg5
[2026-01-21 06:10:54] (0s)  >>> Created relation _Access#8878f617::VariableAccess#f_Expr#ef463c5d::Expr::getUnspecifiedType#0#dispred#ff#shared/2@85a03cg5 with 49790 rows and digest e8b7f0k7rh8gn3437gf3o99hpl8.
[2026-01-21 06:10:54] (0s)  >>> Created relation builtintypes/6@2962f845 with 49 rows and digest aae0f9cuivp3nu8128ovg8a6ind.
[2026-01-21 06:10:54] (0s) Starting to evaluate predicate Type#2e8eb3ef::isArithmeticType#2#ff/2@80bb1f9p
[2026-01-21 06:10:54] (0s)  >>> Created relation Type#2e8eb3ef::isArithmeticType#2#ff/2@80bb1f9p with 45 rows and digest a0e728hahc5q7epila1vk7klrfa.
[2026-01-21 06:10:54] (0s)  >>> Created relation derivedtypes/4@9a859baf with 1829 rows and digest 95df3af9qci93cjch5fe7p73ijd.
[2026-01-21 06:10:54] (0s) Starting to evaluate predicate Type#2e8eb3ef::DerivedType#f/1@1842fdis
[2026-01-21 06:10:54] (0s)  >>> Created relation Type#2e8eb3ef::DerivedType#f/1@1842fdis with 1829 rows and digest 177beb6bkde2ao94pb11couipj5.
[2026-01-21 06:10:54] (0s) Starting to evaluate predicate derivedtypes_02#join_rhs/2@5bc327kb
[2026-01-21 06:10:54] (0s)  >>> Created relation derivedtypes_02#join_rhs/2@5bc327kb with 1829 rows and digest 4f8191i2b93u0ceg76hm4suqou7.
[2026-01-21 06:10:54] (0s) Starting to evaluate predicate Type#2e8eb3ef::PointerType#f/1@7a4e6fee
[2026-01-21 06:10:54] (0s)  >>> Created relation Type#2e8eb3ef::PointerType#f/1@7a4e6fee with 460 rows and digest 59f58bp8af3g13ficlairugs73e.
[2026-01-21 06:10:54] (0s) Starting to evaluate predicate extract_var#fd003562::is_va_pointer_type#1#f/1@01d94cbc
[2026-01-21 06:10:54] (0s)  >>> Created relation extract_var#fd003562::is_va_pointer_type#1#f/1@01d94cbc with 24486 rows and digest 6ada744u9p20rk4t3o16b9f1qk8.
[2026-01-21 06:10:54] (0s) Starting to evaluate predicate extract_var#fd003562::is_va_pointer_or_arith_type#1#f/1@f7a7fcdt
[2026-01-21 06:10:54] (0s)  >>> Created relation extract_var#fd003562::is_va_pointer_or_arith_type#1#f/1@f7a7fcdt with 36047 rows and digest 7a56fagkafl666np4dlq6bp58p5.
[2026-01-21 06:10:54] (0s) Starting to evaluate predicate num#DataFlowImpl#6ed98661::Impl#DataFlowImpl1#bece54ca::Config#::TNodeNormal#ff/2@6e63acdk
[2026-01-21 06:10:55] (0s)  >>> Created relation num#DataFlowImpl#6ed98661::Impl#DataFlowImpl1#bece54ca::Config#::TNodeNormal#ff/2@6e63acdk with 211944 rows and digest e5a372kt4ipdsu9ivmcmd4v609b.
[2026-01-21 06:10:55] (0s) Starting to evaluate predicate num#DataFlowImpl#6ed98661::Impl#DataFlowImpl1#bece54ca::Config#::TNodeNormal#ff_10#join_rhs/2@556a19gi
[2026-01-21 06:10:55] (0s)  >>> Created relation num#DataFlowImpl#6ed98661::Impl#DataFlowImpl1#bece54ca::Config#::TNodeNormal#ff_10#join_rhs/2@556a19gi with 211944 rows and digest e5a372kt4ipdsu9ivmcmd4v609b.
[2026-01-21 06:10:55] (0s)  >>> Created relation functions/3@d341e4il with 3368 rows and digest d763e6003o1s1eu8f15cilossvc.
[2026-01-21 06:10:55] (0s) Starting to evaluate predicate RangeAnalysisUtils#9c7ff07c::Greater#dom#/0@659172n3
[2026-01-21 06:10:55] (0s)  >>> Created relation RangeAnalysisUtils#9c7ff07c::Greater#dom#/0@659172n3 with 1 rows and digest fd6820o6135r0vvaoscapm97f53.
[2026-01-21 06:10:55] (0s) Starting to evaluate predicate DataFlowImpl#6ed98661::Impl#DataFlowImpl1#bece54ca::Config#::getDataFlowType0#ff/2@2123b7tl
[2026-01-21 06:10:55] (0s)  >>> Created relation DataFlowImpl#6ed98661::Impl#DataFlowImpl1#bece54ca::Config#::getDataFlowType0#ff/2@2123b7tl with 211944 rows and digest 176eaboffsbkjn8tehgk4p0nc04.
[2026-01-21 06:10:55] (0s) Starting to evaluate predicate DataFlowImpl#6ed98661::Impl#DataFlowImpl1#bece54ca::Config#::getEnclosingCallable0#ff/2@33bfda0c
[2026-01-21 06:10:55] (0s)  >>> Created relation DataFlowImpl#6ed98661::Impl#DataFlowImpl1#bece54ca::Config#::getEnclosingCallable0#ff/2@33bfda0c with 194191 rows and digest 4c1466g6o09ld4ej4l0obiuuprf.
[2026-01-21 06:10:55] (0s) Starting to evaluate predicate project#DataFlowImplCommon#6f4b4818::Cached::argumentNode#3/1@448fa55m
[2026-01-21 06:10:55] (0s)  >>> Created relation project#DataFlowImplCommon#6f4b4818::Cached::argumentNode#3/1@448fa55m with 26370 rows and digest 581069lknm8c2hmg3r4ollrn831.
[2026-01-21 06:10:55] (0s) Starting to evaluate predicate DataFlowImpl#6ed98661::Impl#DataFlowImpl1#bece54ca::Config#::ArgNodeEx#f/1@c10515t2
[2026-01-21 06:10:55] (0s)  >>> Created relation DataFlowImpl#6ed98661::Impl#DataFlowImpl1#bece54ca::Config#::ArgNodeEx#f/1@c10515t2 with 26370 rows and digest 581069lknm8c2hmg3r4ollrn831.
[2026-01-21 06:10:55] (0s) Starting to evaluate predicate project#DataFlowImplCommon#6f4b4818::Cached::parameterNode#3/1@b2313ajt
[2026-01-21 06:10:55] (0s)  >>> Created relation project#DataFlowImplCommon#6f4b4818::Cached::parameterNode#3/1@b2313ajt with 4567 rows and digest a67dc96sg9n73otacbchjlh1f71.
[2026-01-21 06:10:55] (0s) Starting to evaluate predicate DataFlowImpl#6ed98661::Impl#DataFlowImpl1#bece54ca::Config#::ParamNodeEx#f/1@712998iu
[2026-01-21 06:10:55] (0s)  >>> Created relation DataFlowImpl#6ed98661::Impl#DataFlowImpl1#bece54ca::Config#::ParamNodeEx#f/1@712998iu with 4567 rows and digest a67dc96sg9n73otacbchjlh1f71.
[2026-01-21 06:10:55] (0s) Starting to evaluate predicate _DataFlowImpl#6ed98661::Impl#DataFlowImpl1#bece54ca::Config#::ParamNodeEx#f_num#DataFlowImpl#6ed9866__#shared/2@195d2789
[2026-01-21 06:10:55] (0s)  >>> Created relation _DataFlowImpl#6ed98661::Impl#DataFlowImpl1#bece54ca::Config#::ParamNodeEx#f_num#DataFlowImpl#6ed9866__#shared/2@195d2789 with 4567 rows and digest d53f63u9s92hifu960knmfstgc5.
[2026-01-21 06:10:55] (0s) Starting to evaluate predicate DataFlowImplCommon#6f4b4818::Cached::TReturnPosition0#fff_20#join_rhs/2@35e0a2mt
[2026-01-21 06:10:55] (0s)  >>> Created relation DataFlowImplCommon#6f4b4818::Cached::TReturnPosition0#fff_20#join_rhs/2@35e0a2mt with 6288 rows and digest 7e2f28fnvimrlb4qukfckn1l9v9.
[2026-01-21 06:10:55] (0s) Starting to evaluate predicate DataFlowImplCommon#6f4b4818::Cached::TReturnPosition0#fff_21#join_rhs/2@e5dcecao
[2026-01-21 06:10:55] (0s)  >>> Created relation DataFlowImplCommon#6f4b4818::Cached::TReturnPosition0#fff_21#join_rhs/2@e5dcecao with 6288 rows and digest 0ae48apcsr61u14kpj21cg1b7f6.
[2026-01-21 06:10:55] (0s) Starting to evaluate predicate DataFlowImplCommon#6f4b4818::Cached::MkTypedContent#fff_20#join_rhs/2@d632d8il
[2026-01-21 06:10:55] (0s)  >>> Created relation DataFlowImplCommon#6f4b4818::Cached::MkTypedContent#fff_20#join_rhs/2@d632d8il with 768 rows and digest 85a0f4aii8cre80utmmeoe3qnfe.
[2026-01-21 06:10:55] (0s) Starting to evaluate predicate DataFlowImpl#6ed98661::Impl#DataFlowImpl1#bece54ca::Config#::isParameterOf#2#dispred#fff/3@a467b651
[2026-01-21 06:10:55] (0s)  >>> Created relation DataFlowImpl#6ed98661::Impl#DataFlowImpl1#bece54ca::Config#::isParameterOf#2#dispred#fff/3@a467b651 with 4567 rows and digest 6c55bce1pqjau32g5ejnpngdplf.
[2026-01-21 06:10:55] (0s) Starting to evaluate predicate project#DataFlowImpl#6ed98661::Impl#DataFlowImpl1#bece54ca::Config#::isParameterOf#2#dispred#fff/2@1e1c7akl
[2026-01-21 06:10:55] (0s)  >>> Created relation project#DataFlowImpl#6ed98661::Impl#DataFlowImpl1#bece54ca::Config#::isParameterOf#2#dispred#fff/2@1e1c7akl with 4567 rows and digest bb92483i8vb8jjof2l7l46f75l5.
[2026-01-21 06:10:55] (0s) Starting to evaluate predicate num#DataFlowImpl#6ed98661::Impl#DataFlowImpl1#bece54ca::Config#::TAccessPathNil#ff/2@ad15e1oh
[2026-01-21 06:10:55] (0s)  >>> Created relation num#DataFlowImpl#6ed98661::Impl#DataFlowImpl1#bece54ca::Config#::TAccessPathNil#ff/2@ad15e1oh with 3508 rows and digest d8c950pqrhe56v9k3j4q8q8ccpa.
[2026-01-21 06:10:55] (0s) Starting to evaluate predicate num#DataFlowImpl#6ed98661::Impl#DataFlowImpl1#bece54ca::Config#::TAccessPathNil#ff_1#join_rhs/1@ef6205t4
[2026-01-21 06:10:55] (0s)  >>> Created relation num#DataFlowImpl#6ed98661::Impl#DataFlowImpl1#bece54ca::Config#::TAccessPathNil#ff_1#join_rhs/1@ef6205t4 with 3508 rows and digest d58ab83767npssa3plvo7fnvut0.
[2026-01-21 06:10:55] (0s) Starting to evaluate predicate num#DataFlowImpl#6ed98661::Impl#DataFlowImpl1#bece54ca::Config#::TSummaryCtxNone#f/1@24d225e2
[2026-01-21 06:10:55] (0s)  >>> Created relation num#DataFlowImpl#6ed98661::Impl#DataFlowImpl1#bece54ca::Config#::TSummaryCtxNone#f/1@24d225e2 with 1 rows and digest 751409erq7l4p07vda6rsvi12cf.
[2026-01-21 06:10:55] (0s) Starting to evaluate predicate _DataFlowImplCommon#6f4b4818::Cached::TAnyCallContext#f_num#DataFlowImpl#6ed98661::Impl#DataFlowImpl__#join_rhs/2@53b0bbtd
[2026-01-21 06:10:55] (0s)  >>> Created relation _DataFlowImplCommon#6f4b4818::Cached::TAnyCallContext#f_num#DataFlowImpl#6ed98661::Impl#DataFlowImpl__#join_rhs/2@53b0bbtd with 1 rows and digest 3557295s01c2e6rlm01uv27d50d.
[2026-01-21 06:10:55] (0s) Starting to evaluate predicate num#DataFlowImpl#6ed98661::Impl#DataFlowImpl1#bece54ca::Config#::TAccessPathNil#ff_10#join_rhs/2@c21860k6
[2026-01-21 06:10:55] (0s)  >>> Created relation num#DataFlowImpl#6ed98661::Impl#DataFlowImpl1#bece54ca::Config#::TAccessPathNil#ff_10#join_rhs/2@c21860k6 with 3508 rows and digest 4437fc38g118ug2ga5j91a0mbhc.
[2026-01-21 06:10:55] (0s) Starting to evaluate predicate num#DataFlowImpl#6ed98661::Impl#DataFlowImpl1#bece54ca::Config#::TNil#ff/2@528ccdda
[2026-01-21 06:10:55] (0s)  >>> Created relation num#DataFlowImpl#6ed98661::Impl#DataFlowImpl1#bece54ca::Config#::TNil#ff/2@528ccdda with 3508 rows and digest d8c950pqrhe56v9k3j4q8q8ccpa.
[2026-01-21 06:10:55] (0s) Starting to evaluate predicate DataFlowImplCommon#6f4b4818::getLocalCallContext#2#cpe#12#ff/2@a68f7di0
[2026-01-21 06:10:55] (0s)  >>> Created relation DataFlowImplCommon#6f4b4818::getLocalCallContext#2#cpe#12#ff/2@a68f7di0 with 5348 rows and digest 38af7emip2n32u326fjqe4in6l5.
[2026-01-21 06:10:55] (0s) Starting to evaluate predicate DataFlowImplCommon#6f4b4818::Cached::TAnyLocalCall#nonempty/0@bfea5eem
[2026-01-21 06:10:55] (0s)  >>> Created relation DataFlowImplCommon#6f4b4818::Cached::TAnyLocalCall#nonempty/0@bfea5eem with 1 rows and digest fd6820o6135r0vvaoscapm97f53.
[2026-01-21 06:10:55] (0s) Starting to evaluate predicate _DataFlowImplCommon#6f4b4818::Cached::TAnyLocalCall#nonempty_DataFlowImplCommon#6f4b4818::Cached::TS__#join_rhs/1@c9cab1n0
[2026-01-21 06:10:55] (0s)  >>> Created relation _DataFlowImplCommon#6f4b4818::Cached::TAnyLocalCall#nonempty_DataFlowImplCommon#6f4b4818::Cached::TS__#join_rhs/1@c9cab1n0 with 1 rows and digest 45dd1bf3ce2cd2i188bh819n197.
[2026-01-21 06:10:55] (0s) Starting to evaluate predicate _DataFlowImpl#6ed98661::Impl#DataFlowImpl1#bece54ca::Config#::isParameterOf#2#dispred#fff_DataFlowIm__#join_rhs/4@f3b80d6l
[2026-01-21 06:10:55] (0s)  >>> Created relation _DataFlowImpl#6ed98661::Impl#DataFlowImpl1#bece54ca::Config#::isParameterOf#2#dispred#fff_DataFlowIm__#join_rhs/4@f3b80d6l with 4567 rows and digest 8f913atal0s2vp260f0ppilc7p6.
[2026-01-21 06:10:55] (0s) Starting to evaluate predicate DataFlowImpl#6ed98661::Impl#DataFlowImpl1#bece54ca::Config#::isParameterOf#2#dispred#fff_120#join_rhs/3@5448a8nd
[2026-01-21 06:10:55] (0s)  >>> Created relation DataFlowImpl#6ed98661::Impl#DataFlowImpl1#bece54ca::Config#::isParameterOf#2#dispred#fff_120#join_rhs/3@5448a8nd with 4567 rows and digest af455796492o8ds18ighv1hree6.
[2026-01-21 06:10:55] (0s)  >>> Created relation funbind/2@7b6219rd with 14301 rows and digest 38075447e4at8e8m9e15jkmsv9b.
[2026-01-21 06:10:55] (0s) Starting to evaluate predicate Call#39248e3c::Call#f/1@76b38200
[2026-01-21 06:10:55] (0s)  >>> Created relation Call#39248e3c::Call#f/1@76b38200 with 13967 rows and digest 03c84br1b09t77obv3040456pd6.
[2026-01-21 06:10:55] (0s) Starting to evaluate predicate Call#39248e3c::FunctionCall::getTarget#ff/2@08c08f89
[2026-01-21 06:10:55] (0s)  >>> Created relation Call#39248e3c::FunctionCall::getTarget#ff/2@08c08f89 with 13736 rows and digest dd07726vcb0aeneb0nsajvgf273.
[2026-01-21 06:10:55] (0s)  >>> Created relation params/4@a622ee4g with 7371 rows and digest 9ae6460lvo2a1jmai7s4a2d5ss9.
[2026-01-21 06:10:55] (0s) Starting to evaluate predicate params_102#join_rhs/3@48246abq
[2026-01-21 06:10:55] (0s)  >>> Created relation params_102#join_rhs/3@48246abq with 7328 rows and digest 5a1b91ceeuuhhruiciiacmukf37.
[2026-01-21 06:10:55] (0s)  >>> Created relation localvariables/3@621c54fo with 7415 rows and digest 3c1ac1qk3je71u38icecvjk8jce.
[2026-01-21 06:10:55] (0s) Starting to evaluate predicate @localscopevariable#f/1@3cb40bcg
[2026-01-21 06:10:55] (0s)  >>> Created relation @localscopevariable#f/1@3cb40bcg with 14743 rows and digest ee5665kn48l9mb3fs75k11s071f.
[2026-01-21 06:10:55] (0s) Starting to evaluate predicate Variable#7a968d4e::LocalScopeVariable#f/1@ed0be02f
[2026-01-21 06:10:55] (0s)  >>> Created relation Variable#7a968d4e::LocalScopeVariable#f/1@ed0be02f with 14743 rows and digest 2ec2d9ap56i3thudahc6k9mt6r6.
[2026-01-21 06:10:55] (0s) Starting to evaluate predicate Parameter#ed81dd8f::Parameter#f/1@c15a6dtr
[2026-01-21 06:10:55] (0s)  >>> Created relation Parameter#ed81dd8f::Parameter#f/1@c15a6dtr with 7328 rows and digest d26142njl8rt06tk4v1eafpars0.
[2026-01-21 06:10:55] (0s) Starting to evaluate predicate Function#65d29029::Function::getParameter#1#dispred#bff/3@2535d7o0
[2026-01-21 06:10:55] (0s)  >>> Created relation Function#65d29029::Function::getParameter#1#dispred#bff/3@2535d7o0 with 7328 rows and digest b69f77h6clnflniqqnjfc0mssf6.
[2026-01-21 06:10:55] (0s) Starting to evaluate predicate project#Function#65d29029::Function::getParameter#1#dispred#fff/2@411dc18v
[2026-01-21 06:10:55] (0s)  >>> Created relation project#Function#65d29029::Function::getParameter#1#dispred#fff/2@411dc18v with 7328 rows and digest 298a655uujgir09bb831cp8r480.
[2026-01-21 06:10:55] (0s) Starting to evaluate predicate project#Function#65d29029::Function::getParameter#1#dispred#fff_10#join_rhs/2@c6a6176b
[2026-01-21 06:10:55] (0s)  >>> Created relation project#Function#65d29029::Function::getParameter#1#dispred#fff_10#join_rhs/2@c6a6176b with 7328 rows and digest b65824cd09alk1vobq9l1ho7et0.
[2026-01-21 06:10:55] (0s) Starting to evaluate predicate DataFlowDispatch#f6687c8d::ParameterPosition#f/1@af12ca8f
[2026-01-21 06:10:55] (0s)  >>> Created relation DataFlowDispatch#f6687c8d::ParameterPosition#f/1@af12ca8f with 10 rows and digest ae9bf7e3sat1manl4oeinvlcm5d.
[2026-01-21 06:10:55] (0s) Starting to evaluate predicate DataFlowImplCommon#6f4b4818::Cached::argumentNode#3#fff_201#join_rhs/3@83e9e4jr
[2026-01-21 06:10:55] (0s)  >>> Created relation DataFlowImplCommon#6f4b4818::Cached::argumentNode#3#fff_201#join_rhs/3@83e9e4jr with 26370 rows and digest 6e4835d5m84s3ut6mu2h9204fp8.
[2026-01-21 06:10:55] (0s) Starting to evaluate predicate _DataFlowDispatch#f6687c8d::ParameterPosition#f_DataFlowImpl#6ed98661::Impl#DataFlowImpl1#bece54ca::__#join_rhs/3@bb6bd66k
[2026-01-21 06:10:55] (0s)  >>> Created relation _DataFlowDispatch#f6687c8d::ParameterPosition#f_DataFlowImpl#6ed98661::Impl#DataFlowImpl1#bece54ca::__#join_rhs/3@bb6bd66k with 26367 rows and digest bf077ebqm43d6qrfno32f60ch3f.
[2026-01-21 06:10:55] (0s)  >>> Created relation stmts/3@a84928ns with 46321 rows and digest 84662ba0kpag29n61mv928nqua5.
[2026-01-21 06:10:55] (0s)  >>> Created relation exprparents/3@a532c646 with 130825 rows and digest 10be3c9716e9528t5g2fk84a7hd.
[2026-01-21 06:10:55] (0s)  >>> Created relation membervariables/3@d7f3b4dr with 1909 rows and digest 1690036ckhnh84k54377t9s8udd.
[2026-01-21 06:10:55] (0s)  >>> Created relation globalvariables/3@31e921a4 with 248 rows and digest d2d23aeo69dq6j10hm1ofiq6k28.
[2026-01-21 06:10:55] (0s) Starting to evaluate predicate @variable#f/1@e9cd008a
[2026-01-21 06:10:55] (0s)  >>> Created relation @variable#f/1@e9cd008a with 16890 rows and digest b1fde4v78o1lajnmtdsrrnbua14.
[2026-01-21 06:10:55] (0s)  >>> Created relation initialisers/4@b22bf0qg with 7754 rows and digest 6a8a62dmju0bsqoh46s46hdkcq2.
[2026-01-21 06:10:55] (0s) Starting to evaluate predicate Access#8878f617::VariableAccess::getTarget#ff/2@303d005n
[2026-01-21 06:10:55] (0s)  >>> Created relation Access#8878f617::VariableAccess::getTarget#ff/2@303d005n with 49790 rows and digest 600c66283sd7p0m8m3bov6982f3.
[2026-01-21 06:10:55] (0s)  >>> Created relation exprconv/2@ba3291f0 with 38644 rows and digest 523199gcjnsebl91fijvkt2up36.
[2026-01-21 06:10:55] (0s) Starting to evaluate predicate Variable#7a968d4e::LocalVariable#f/1@43c87c4r
[2026-01-21 06:10:55] (0s)  >>> Created relation Variable#7a968d4e::LocalVariable#f/1@43c87c4r with 7415 rows and digest 242ecd21mrirev2hgik82upg064.
[2026-01-21 06:10:55] (0s) Starting to evaluate predicate Variable#7a968d4e::Variable::getInitializer#0#dispred#ff/2@0dcc45kq
[2026-01-21 06:10:55] (0s)  >>> Created relation Variable#7a968d4e::Variable::getInitializer#0#dispred#ff/2@0dcc45kq with 4530 rows and digest 67482fne8b9bqu6o7v673d9r3gc.
[2026-01-21 06:10:55] (0s) Starting to evaluate predicate Expr#ef463c5d::Expr::getParent#0#dispred#ff/2@86fe53sf
[2026-01-21 06:10:55] (0s)  >>> Created relation Expr#ef463c5d::Expr::getParent#0#dispred#ff/2@86fe53sf with 130825 rows and digest 984404pksjdp63fcpubgkeespp4.
[2026-01-21 06:10:55] (0s)  >>> Created relation condition_decl_bind/2@dd4c18pa with 0 rows and digest THIS-RELATION-HAS-NO-TUPLES.
[2026-01-21 06:10:55] (0s) Inferred that Assignment#9d5edc7a::ConditionDeclExpr::getVariable#0#dispred#ff/2@2f0102jr is empty, due to condition_decl_bind/2@dd4c18pa.
[2026-01-21 06:10:55] (0s) Inferred that project#Assignment#9d5edc7a::ConditionDeclExpr::getVariable#0#dispred#ff/1@ab4a349m is empty, due to Assignment#9d5edc7a::ConditionDeclExpr::getVariable#0#dispred#ff/2@2f0102jr.
[2026-01-21 06:10:55] (0s) Inferred that _Assignment#9d5edc7a::ConditionDeclExpr::getVariable#0#dispred#ff_Variable#7a968d4e::LocalVariable#b__#join_rhs/2@892c0c5g is empty, due to Assignment#9d5edc7a::ConditionDeclExpr::getVariable#0#dispred#ff/2@2f0102jr.
[2026-01-21 06:10:55] (0s) Inferred that Assignment#9d5edc7a::ConditionDeclExpr::getInitializingExpr#0#dispred#ff/2@0b29f3s2 is empty, due to Assignment#9d5edc7a::ConditionDeclExpr::getVariable#0#dispred#ff/2@2f0102jr.
[2026-01-21 06:10:55] (0s) Inferred that _Assignment#9d5edc7a::ConditionDeclExpr::getVariable#0#dispred#ff_Variable#7a968d4e::LocalVariable#f__#join_rhs/2@b20141rr is empty, due to Assignment#9d5edc7a::ConditionDeclExpr::getVariable#0#dispred#ff/2@2f0102jr.
[2026-01-21 06:10:55] (0s) Inferred that _Assignment#9d5edc7a::ConditionDeclExpr::getVariable#0#dispred#ff_Variable#7a968d4e::LocalVariable#f#shared/2@fb2271bc is empty, due to Assignment#9d5edc7a::ConditionDeclExpr::getVariable#0#dispred#ff/2@2f0102jr.
[2026-01-21 06:10:55] (0s) Inferred that Assignment#9d5edc7a::ConditionDeclExpr::getInitializingExpr#0#dispred#ff_1#antijoin_rhs/1@eab99206 is empty, due to Assignment#9d5edc7a::ConditionDeclExpr::getInitializingExpr#0#dispred#ff/2@0b29f3s2.
[2026-01-21 06:10:55] (0s) Inferred that _Variable#7a968d4e::Variable::getInitializer#0#dispred#ff__Assignment#9d5edc7a::ConditionDeclExpr::g__#join_rhs/2@6ca6ddqq is empty, due to _Assignment#9d5edc7a::ConditionDeclExpr::getVariable#0#dispred#ff_Variable#7a968d4e::LocalVariable#f#shared/2@fb2271bc.
[2026-01-21 06:10:55] (0s)  >>> Created relation Assignment#9d5edc7a::ConditionDeclExpr::getVariable#0#dispred#ff/2@2f0102jr with 0 rows and digest THIS-RELATION-HAS-NO-TUPLES.
[2026-01-21 06:10:55] (0s)  >>> Created relation _Assignment#9d5edc7a::ConditionDeclExpr::getVariable#0#dispred#ff_Variable#7a968d4e::LocalVariable#f#shared/2@fb2271bc with 0 rows and digest THIS-RELATION-HAS-NO-TUPLES.
[2026-01-21 06:10:55] (0s)  >>> Created relation Assignment#9d5edc7a::ConditionDeclExpr::getInitializingExpr#0#dispred#ff_1#antijoin_rhs/1@eab99206 with 0 rows and digest THIS-RELATION-HAS-NO-TUPLES.
[2026-01-21 06:10:55] (0s)  >>> Created relation _Variable#7a968d4e::Variable::getInitializer#0#dispred#ff__Assignment#9d5edc7a::ConditionDeclExpr::g__#join_rhs/2@6ca6ddqq with 0 rows and digest THIS-RELATION-HAS-NO-TUPLES.
[2026-01-21 06:10:55] (0s)  >>> Created relation _Assignment#9d5edc7a::ConditionDeclExpr::getVariable#0#dispred#ff_Variable#7a968d4e::LocalVariable#f__#join_rhs/2@b20141rr with 0 rows and digest THIS-RELATION-HAS-NO-TUPLES.
[2026-01-21 06:10:55] (0s)  >>> Created relation project#Assignment#9d5edc7a::ConditionDeclExpr::getVariable#0#dispred#ff/1@ab4a349m with 0 rows and digest THIS-RELATION-HAS-NO-TUPLES.
[2026-01-21 06:10:55] (0s)  >>> Created relation _Assignment#9d5edc7a::ConditionDeclExpr::getVariable#0#dispred#ff_Variable#7a968d4e::LocalVariable#b__#join_rhs/2@892c0c5g with 0 rows and digest THIS-RELATION-HAS-NO-TUPLES.
[2026-01-21 06:10:55] (0s)  >>> Created relation Assignment#9d5edc7a::ConditionDeclExpr::getInitializingExpr#0#dispred#ff/2@0b29f3s2 with 0 rows and digest THIS-RELATION-HAS-NO-TUPLES.
[2026-01-21 06:10:55] (0s)  >>> Created relation stmt_decl_bind/3@3d1ecap4 with 6929 rows and digest 5705418qh37tkjudpnrr42idnu8.
[2026-01-21 06:10:55] (0s) Starting to evaluate predicate Expr#ef463c5d::Expr::getParent#0#dispred#ff_10#join_rhs/2@5636fd1i
[2026-01-21 06:10:55] (0s)  >>> Created relation Expr#ef463c5d::Expr::getParent#0#dispred#ff_10#join_rhs/2@5636fd1i with 130825 rows and digest 1041498bl7tk6373un4bfbmiov6.
[2026-01-21 06:10:55] (0s) Starting to evaluate predicate stmts_0#join_rhs/1@af0f5576
[2026-01-21 06:10:55] (0s)  >>> Created relation stmts_0#join_rhs/1@af0f5576 with 46321 rows and digest c96cebhaqr5ssu8s3qfp36hll93.
[2026-01-21 06:10:55] (0s) Starting to evaluate predicate Stmt#af82e98b::DeclStmt::getADeclaration#0#dispred#ff/2@879acc0i
[2026-01-21 06:10:55] (0s)  >>> Created relation Stmt#af82e98b::DeclStmt::getADeclaration#0#dispred#ff/2@879acc0i with 6920 rows and digest 0d40bafu6se96sagsci8a8gucs1.
[2026-01-21 06:10:55] (0s) Starting to evaluate predicate Enclosing#c50c5fbf::exprEnclosingElement#1#ff_10#join_rhs/2@7362dc9s
[2026-01-21 06:10:55] (0s)  >>> Created relation Enclosing#c50c5fbf::exprEnclosingElement#1#ff_10#join_rhs/2@7362dc9s with 169653 rows and digest d9a75chniejlh5pugb00f7g97le.
[2026-01-21 06:10:55] (0s) Starting to evaluate predicate Expr#ef463c5d::Expr::getEnclosingFunction#0#dispred#ff/2@a63bf5li
[2026-01-21 06:10:55] (0s)  >>> Created relation Expr#ef463c5d::Expr::getEnclosingFunction#0#dispred#ff/2@a63bf5li with 159491 rows and digest 2f47a9hj3qsdf7m0doso46qrec4.
[2026-01-21 06:10:55] (0s) Starting to evaluate predicate Expr#ef463c5d::Expr::getEnclosingFunction#0#dispred#ff_10#join_rhs/2@38da5dlj
[2026-01-21 06:10:55] (0s)  >>> Created relation Expr#ef463c5d::Expr::getEnclosingFunction#0#dispred#ff_10#join_rhs/2@38da5dlj with 159491 rows and digest f1f3c0pkfsdov63nftb5v7cgim2.
[2026-01-21 06:10:55] (0s) Starting to evaluate predicate _Access#8878f617::VariableAccess#f_DataFlowUtil#7572fbec::TExprNode#ff_Expr#ef463c5d::Expr::getEnclo__#shared/4@da0558ro
[2026-01-21 06:10:56] (1s)  >>> Created relation _Access#8878f617::VariableAccess#f_DataFlowUtil#7572fbec::TExprNode#ff_Expr#ef463c5d::Expr::getEnclo__#shared/4@da0558ro with 4128594 rows and digest 3d72dc0l0iv3mo0a8e8uiogchd0.
[2026-01-21 06:10:56] (1s) Starting to evaluate predicate Expr#ef463c5d::Expr::getEnclosingStmt#ff/2@i1#16315aji (iteration 1)
[2026-01-21 06:10:56] (1s) 			 - Expr#ef463c5d::Expr::getEnclosingStmt#ff_delta has 32218 rows (order for disjuncts: delta=<standard>).
[2026-01-21 06:10:56] (1s) Starting to evaluate predicate Expr#ef463c5d::Expr::getEnclosingStmt#ff/2@i2#16315aji (iteration 2)
[2026-01-21 06:10:56] (1s) 			 - Expr#ef463c5d::Expr::getEnclosingStmt#ff_delta has 52979 rows (order for disjuncts: delta=500000).
[2026-01-21 06:10:56] (1s) Starting to evaluate predicate Expr#ef463c5d::Expr::getEnclosingStmt#ff/2@i3#16315aji (iteration 3)
[2026-01-21 06:10:56] (1s) 			 - Expr#ef463c5d::Expr::getEnclosingStmt#ff_delta has 42805 rows (order for disjuncts: delta=500000).
[2026-01-21 06:10:56] (1s) Starting to evaluate predicate Expr#ef463c5d::Expr::getEnclosingStmt#ff/2@i4#16315aji (iteration 4)
[2026-01-21 06:10:56] (1s) 			 - Expr#ef463c5d::Expr::getEnclosingStmt#ff_delta has 22000 rows (order for disjuncts: delta=500000).
[2026-01-21 06:10:56] (1s) Starting to evaluate predicate Expr#ef463c5d::Expr::getEnclosingStmt#ff/2@i5#16315aji (iteration 5)
[2026-01-21 06:10:56] (1s) 			 - Expr#ef463c5d::Expr::getEnclosingStmt#ff_delta has 6000 rows (order for disjuncts: delta=500000).
[2026-01-21 06:10:56] (1s) Starting to evaluate predicate Expr#ef463c5d::Expr::getEnclosingStmt#ff/2@i6#16315aji (iteration 6)
[2026-01-21 06:10:56] (1s) 			 - Expr#ef463c5d::Expr::getEnclosingStmt#ff_delta has 1874 rows (order for disjuncts: delta=500000).
[2026-01-21 06:10:56] (1s) Starting to evaluate predicate Expr#ef463c5d::Expr::getEnclosingStmt#ff/2@i7#16315aji (iteration 7)
[2026-01-21 06:10:56] (1s) 			 - Expr#ef463c5d::Expr::getEnclosingStmt#ff_delta has 694 rows (order for disjuncts: delta=500000).
[2026-01-21 06:10:56] (1s) Starting to evaluate predicate Expr#ef463c5d::Expr::getEnclosingStmt#ff/2@i8#16315aji (iteration 8)
[2026-01-21 06:10:56] (1s) 			 - Expr#ef463c5d::Expr::getEnclosingStmt#ff_delta has 331 rows (order for disjuncts: delta=500000).
[2026-01-21 06:10:56] (1s) Starting to evaluate predicate Expr#ef463c5d::Expr::getEnclosingStmt#ff/2@i9#16315aji (iteration 9)
[2026-01-21 06:10:56] (1s) 			 - Expr#ef463c5d::Expr::getEnclosingStmt#ff_delta has 135 rows (order for disjuncts: delta=500000).
[2026-01-21 06:10:56] (1s) Starting to evaluate predicate Expr#ef463c5d::Expr::getEnclosingStmt#ff/2@i10#16315aji (iteration 10)
[2026-01-21 06:10:56] (1s) 			 - Expr#ef463c5d::Expr::getEnclosingStmt#ff_delta has 72 rows (order for disjuncts: delta=500000).
[2026-01-21 06:10:56] (1s) Starting to evaluate predicate Expr#ef463c5d::Expr::getEnclosingStmt#ff/2@i11#16315aji (iteration 11)
[2026-01-21 06:10:56] (1s) 			 - Expr#ef463c5d::Expr::getEnclosingStmt#ff_delta has 19 rows (order for disjuncts: delta=500000).
[2026-01-21 06:10:56] (1s) Starting to evaluate predicate Expr#ef463c5d::Expr::getEnclosingStmt#ff/2@i12#16315aji (iteration 12)
[2026-01-21 06:10:56] (1s) 			 - Expr#ef463c5d::Expr::getEnclosingStmt#ff_delta has 12 rows (order for disjuncts: delta=500000).
[2026-01-21 06:10:56] (1s) Starting to evaluate predicate Expr#ef463c5d::Expr::getEnclosingStmt#ff/2@i13#16315aji (iteration 13)
[2026-01-21 06:10:56] (1s) 			 - Expr#ef463c5d::Expr::getEnclosingStmt#ff_delta has 4 rows (order for disjuncts: delta=500000).
[2026-01-21 06:10:56] (1s) Starting to evaluate predicate Expr#ef463c5d::Expr::getEnclosingStmt#ff/2@i14#16315aji (iteration 14)
[2026-01-21 06:10:56] (1s) Empty delta for Expr#ef463c5d::Expr::getEnclosingStmt#ff_delta (order for disjuncts: delta=500000).
[2026-01-21 06:10:56] (1s) Accumulating deltas
[2026-01-21 06:10:56] (1s)  >>> Created relation Expr#ef463c5d::Expr::getEnclosingStmt#ff/2@16315aji with 159143 rows and digest 532b1eh7f72h0b9su5fkgii7r97.
[2026-01-21 06:10:56] (1s) Starting to evaluate predicate _Expr#ef463c5d::Expr::getEnclosingStmt#ff__Access#8878f617::VariableAccess#f_DataFlowUtil#7572fbec::__#shared/5@52ae45dm
[2026-01-21 06:10:57] (2s)  >>> Created relation _Expr#ef463c5d::Expr::getEnclosingStmt#ff__Access#8878f617::VariableAccess#f_DataFlowUtil#7572fbec::__#shared/5@52ae45dm with 4128594 rows and digest 334a408g5ld2q8g1hjbmjl2tlma.
[2026-01-21 06:10:57] (2s)  >>> Created relation fieldoffsets/3@816791qu with 1899 rows and digest 381c3a0porda7gq0ur9kiode164.
[2026-01-21 06:10:57] (2s)  >>> Created relation member/3@c4427drq with 1899 rows and digest a721b87jbvm0kmaotp9a6b6jhcc.
[2026-01-21 06:10:57] (2s) Starting to evaluate predicate Class#bacd9b46::Class#f/1@beea1coe
[2026-01-21 06:10:57] (2s)  >>> Created relation Class#bacd9b46::Class#f/1@beea1coe with 398 rows and digest 6598daqvcgmil9s6gsqt9aefua6.
[2026-01-21 06:10:57] (2s) Starting to evaluate predicate Class#bacd9b46::Class::getCanonicalMember#1#dispred#fff/3@422067vk
[2026-01-21 06:10:57] (2s)  >>> Created relation Class#bacd9b46::Class::getCanonicalMember#1#dispred#fff/3@422067vk with 1899 rows and digest 82a64eirgvronea7cordr5k6td8.
[2026-01-21 06:10:57] (2s) Starting to evaluate predicate Class#bacd9b46::Class::getCanonicalMember#1#dispred#fff_201#join_rhs/3@71e4e0gs
[2026-01-21 06:10:57] (2s)  >>> Created relation Class#bacd9b46::Class::getCanonicalMember#1#dispred#fff_201#join_rhs/3@71e4e0gs with 1899 rows and digest 9bbd46gocf7acm0hb6a2cnmod2d.
[2026-01-21 06:10:57] (2s) Starting to evaluate predicate project#Call#39248e3c::FunctionCall::getTarget#ff/1@add5b0u3
[2026-01-21 06:10:57] (2s)  >>> Created relation project#Call#39248e3c::FunctionCall::getTarget#ff/1@add5b0u3 with 1444 rows and digest a415105d3edn0dl0pm2hd0ucgm6.
[2026-01-21 06:10:57] (2s) Starting to evaluate predicate m#Declaration#4bfb53be::Declaration::isMember#0#dispred#b/1@4fb5523h
[2026-01-21 06:10:57] (2s)  >>> Created relation m#Declaration#4bfb53be::Declaration::isMember#0#dispred#b/1@4fb5523h with 3343 rows and digest d8358eg712iru4f7ggp9tnc6aj3.
[2026-01-21 06:10:57] (2s)  >>> Created relation variable_instantiation/2@2146a3c9 with 0 rows and digest THIS-RELATION-HAS-NO-TUPLES.
[2026-01-21 06:10:57] (2s) Inferred that Variable#7a968d4e::Variable::isConstructedFrom#1#dispred#ff/2@34953b4a is empty, due to variable_instantiation/2@2146a3c9.
[2026-01-21 06:10:57] (2s) Inferred that variable_instantiation_10#join_rhs/2@848ae2ug is empty, due to variable_instantiation/2@2146a3c9.
[2026-01-21 06:10:57] (2s) Inferred that Variable#7a968d4e::Variable::isConstructedFrom#1#dispred#bf/2@d8d721ml is empty, due to variable_instantiation/2@2146a3c9.
[2026-01-21 06:10:57] (2s) Inferred that Variable#7a968d4e::TemplateVariable::getAnInstantiation#0#dispred#ff/2@61b2ccdn is empty, due to Variable#7a968d4e::Variable::isConstructedFrom#1#dispred#ff/2@34953b4a.
[2026-01-21 06:10:57] (2s) Inferred that Variable#7a968d4e::Variable::isConstructedFrom#1#dispred#ff_10#join_rhs/2@6576ce3r is empty, due to Variable#7a968d4e::Variable::isConstructedFrom#1#dispred#ff/2@34953b4a.
[2026-01-21 06:10:57] (2s) Inferred that Variable#7a968d4e::Variable::isConstructedFrom#1#dispred#bf_10#join_rhs/2@29893b8e is empty, due to Variable#7a968d4e::Variable::isConstructedFrom#1#dispred#bf/2@d8d721ml.
[2026-01-21 06:10:57] (2s)  >>> Created relation Variable#7a968d4e::Variable::isConstructedFrom#1#dispred#ff/2@34953b4a with 0 rows and digest THIS-RELATION-HAS-NO-TUPLES.
[2026-01-21 06:10:57] (2s)  >>> Created relation variable_instantiation_10#join_rhs/2@848ae2ug with 0 rows and digest THIS-RELATION-HAS-NO-TUPLES.
[2026-01-21 06:10:57] (2s)  >>> Created relation Variable#7a968d4e::Variable::isConstructedFrom#1#dispred#bf/2@d8d721ml with 0 rows and digest THIS-RELATION-HAS-NO-TUPLES.
[2026-01-21 06:10:57] (2s)  >>> Created relation Variable#7a968d4e::TemplateVariable::getAnInstantiation#0#dispred#ff/2@61b2ccdn with 0 rows and digest THIS-RELATION-HAS-NO-TUPLES.
[2026-01-21 06:10:57] (2s)  >>> Created relation Variable#7a968d4e::Variable::isConstructedFrom#1#dispred#ff_10#join_rhs/2@6576ce3r with 0 rows and digest THIS-RELATION-HAS-NO-TUPLES.
[2026-01-21 06:10:57] (2s)  >>> Created relation Variable#7a968d4e::Variable::isConstructedFrom#1#dispred#bf_10#join_rhs/2@29893b8e with 0 rows and digest THIS-RELATION-HAS-NO-TUPLES.
[2026-01-21 06:10:57] (2s)  >>> Created relation is_variable_template/1@31de2boa with 0 rows and digest THIS-RELATION-HAS-NO-TUPLES.
[2026-01-21 06:10:57] (2s)  >>> Created relation is_function_template/1@72000e4n with 0 rows and digest THIS-RELATION-HAS-NO-TUPLES.
[2026-01-21 06:10:57] (2s) Inferred that Function#65d29029::TemplateFunction::getAnInstantiation#0#dispred#fb/2@6bafbfbb is empty, due to is_function_template/1@72000e4n.
[2026-01-21 06:10:57] (2s) Inferred that _is_function_template_project#function_template_argument#shared/1@07bb075u is empty, due to is_function_template/1@72000e4n.
[2026-01-21 06:10:57] (2s) Inferred that Function#65d29029::TemplateFunction::getAnInstantiation#0#dispred#ff/2@745566vf is empty, due to is_function_template/1@72000e4n.
[2026-01-21 06:10:57] (2s) Inferred that _function_instantiation_is_function_template#shared/2@d953ee6q is empty, due to is_function_template/1@72000e4n.
[2026-01-21 06:10:57] (2s) Inferred that _function_instantiation_is_function_template_m#Declaration#4bfb53be::Declaration::isMember#0#dispred__#shared/2@a266a92g is empty, due to is_function_template/1@72000e4n.
[2026-01-21 06:10:57] (2s) Inferred that Function#65d29029::TemplateFunction::getAnInstantiation#0#dispred#fb/2@56c1e5id is empty, due to is_function_template/1@72000e4n.
[2026-01-21 06:10:57] (2s) Inferred that _is_function_template_project#Declaration#4bfb53be::Declaration::getATemplateArgument#0#dispred#bf#shared/1@1c1de1ff is empty, due to is_function_template/1@72000e4n.
[2026-01-21 06:10:57] (2s) Inferred that Function#65d29029::TemplateFunction::getAnInstantiation#0#dispred#ff/2@45da1cep is empty, due to is_function_template/1@72000e4n.
[2026-01-21 06:10:57] (2s) Inferred that Function#65d29029::TemplateFunction::getAnInstantiation#0#dispred#fb/2@868569ha is empty, due to is_function_template/1@72000e4n.
[2026-01-21 06:10:57] (2s) Inferred that Function#65d29029::TemplateFunction::getAnInstantiation#0#dispred#fb/2@53c2c8pr is empty, due to is_function_template/1@72000e4n.
[2026-01-21 06:10:57] (2s) Inferred that Function#65d29029::TemplateFunction::getAnInstantiation#0#dispred#ff/2@459a88dg is empty, due to is_function_template/1@72000e4n.
[2026-01-21 06:10:57] (2s) Inferred that Function#65d29029::TemplateFunction::getAnInstantiation#0#dispred#ff/2@a234b9fd is empty, due to is_function_template/1@72000e4n.
[2026-01-21 06:10:57] (2s) Inferred that Function#65d29029::TemplateFunction::getAnInstantiation#0#dispred#fb/2@edb702ug is empty, due to is_function_template/1@72000e4n.
[2026-01-21 06:10:57] (2s) Inferred that __is_function_template_project#function_template_argument#shared_fun_decls_10#join_rhs_fun_specializ__#antijoin_rhs/1@0854e692 is empty, due to _is_function_template_project#function_template_argument#shared/1@07bb075u.
[2026-01-21 06:10:57] (2s) Inferred that QualifiedName#6f5e0462::TemplateFunction::getAnInstantiation#0#dispred#ff/2@8f643550 is empty, due to _is_function_template_project#function_template_argument#shared/1@07bb075u.
[2026-01-21 06:10:57] (2s) Inferred that __function_instantiation_is_function_template#shared_fun_decls_10#join_rhs_fun_specialized_project#D__#antijoin_rhs/2@84328acn is empty, due to _function_instantiation_is_function_template#shared/2@d953ee6q.
[2026-01-21 06:10:57] (2s) Inferred that Function#65d29029::TemplateFunction::getAnInstantiation#0#dispred#ff/2@4ac406bf is empty, due to _function_instantiation_is_function_template#shared/2@d953ee6q.
[2026-01-21 06:10:57] (2s) Inferred that __function_instantiation_is_function_template_m#Declaration#4bfb53be::Declaration::isMember#0#dispre__#antijoin_rhs/2@b2c423eh is empty, due to _function_instantiation_is_function_template_m#Declaration#4bfb53be::Declaration::isMember#0#dispred__#shared/2@a266a92g.
[2026-01-21 06:10:57] (2s) Inferred that Function#65d29029::TemplateFunction::getAnInstantiation#0#dispred#fb/2@f4c95005 is empty, due to _function_instantiation_is_function_template_m#Declaration#4bfb53be::Declaration::isMember#0#dispred__#shared/2@a266a92g.
[2026-01-21 06:10:57] (2s) Inferred that __is_function_template_project#Declaration#4bfb53be::Declaration::getATemplateArgument#0#dispred#bf#__#antijoin_rhs/2@de1d2276 is empty, due to _is_function_template_project#Declaration#4bfb53be::Declaration::getATemplateArgument#0#dispred#bf#shared/1@1c1de1ff.
[2026-01-21 06:10:57] (2s) Inferred that Function#65d29029::TemplateFunction::getAnInstantiation#0#dispred#ff/2@f606a8fa is empty, due to _is_function_template_project#Declaration#4bfb53be::Declaration::getATemplateArgument#0#dispred#bf#shared/1@1c1de1ff.
[2026-01-21 06:10:57] (2s) Inferred that IdentityFunction#00152e74::IdentityFunction#ff/2@6f2c87hh is empty, due to Function#65d29029::TemplateFunction::getAnInstantiation#0#dispred#ff/2@a234b9fd.
[2026-01-21 06:10:57] (2s)  >>> Created relation Function#65d29029::TemplateFunction::getAnInstantiation#0#dispred#fb/2@6bafbfbb with 0 rows and digest THIS-RELATION-HAS-NO-TUPLES.
[2026-01-21 06:10:57] (2s)  >>> Created relation _is_function_template_project#function_template_argument#shared/1@07bb075u with 0 rows and digest THIS-RELATION-HAS-NO-TUPLES.
[2026-01-21 06:10:57] (2s)  >>> Created relation Function#65d29029::TemplateFunction::getAnInstantiation#0#dispred#ff/2@a234b9fd with 0 rows and digest THIS-RELATION-HAS-NO-TUPLES.
[2026-01-21 06:10:57] (2s)  >>> Created relation Function#65d29029::TemplateFunction::getAnInstantiation#0#dispred#fb/2@edb702ug with 0 rows and digest THIS-RELATION-HAS-NO-TUPLES.
[2026-01-21 06:10:57] (2s)  >>> Created relation __is_function_template_project#function_template_argument#shared_fun_decls_10#join_rhs_fun_specializ__#antijoin_rhs/1@0854e692 with 0 rows and digest THIS-RELATION-HAS-NO-TUPLES.
[2026-01-21 06:10:57] (2s)  >>> Created relation Function#65d29029::TemplateFunction::getAnInstantiation#0#dispred#fb/2@f4c95005 with 0 rows and digest THIS-RELATION-HAS-NO-TUPLES.
[2026-01-21 06:10:57] (2s)  >>> Created relation QualifiedName#6f5e0462::TemplateFunction::getAnInstantiation#0#dispred#ff/2@8f643550 with 0 rows and digest THIS-RELATION-HAS-NO-TUPLES.
[2026-01-21 06:10:57] (2s)  >>> Created relation __function_instantiation_is_function_template#shared_fun_decls_10#join_rhs_fun_specialized_project#D__#antijoin_rhs/2@84328acn with 0 rows and digest THIS-RELATION-HAS-NO-TUPLES.
[2026-01-21 06:10:57] (2s)  >>> Created relation Function#65d29029::TemplateFunction::getAnInstantiation#0#dispred#ff/2@4ac406bf with 0 rows and digest THIS-RELATION-HAS-NO-TUPLES.
[2026-01-21 06:10:57] (2s)  >>> Created relation __function_instantiation_is_function_template_m#Declaration#4bfb53be::Declaration::isMember#0#dispre__#antijoin_rhs/2@b2c423eh with 0 rows and digest THIS-RELATION-HAS-NO-TUPLES.
[2026-01-21 06:10:57] (2s)  >>> Created relation Function#65d29029::TemplateFunction::getAnInstantiation#0#dispred#ff/2@745566vf with 0 rows and digest THIS-RELATION-HAS-NO-TUPLES.
[2026-01-21 06:10:57] (2s)  >>> Created relation __is_function_template_project#Declaration#4bfb53be::Declaration::getATemplateArgument#0#dispred#bf#__#antijoin_rhs/2@de1d2276 with 0 rows and digest THIS-RELATION-HAS-NO-TUPLES.
[2026-01-21 06:10:57] (2s)  >>> Created relation Function#65d29029::TemplateFunction::getAnInstantiation#0#dispred#ff/2@f606a8fa with 0 rows and digest THIS-RELATION-HAS-NO-TUPLES.
[2026-01-21 06:10:57] (2s)  >>> Created relation Function#65d29029::TemplateFunction::getAnInstantiation#0#dispred#ff/2@459a88dg with 0 rows and digest THIS-RELATION-HAS-NO-TUPLES.
[2026-01-21 06:10:57] (2s)  >>> Created relation IdentityFunction#00152e74::IdentityFunction#ff/2@6f2c87hh with 0 rows and digest THIS-RELATION-HAS-NO-TUPLES.
[2026-01-21 06:10:57] (2s)  >>> Created relation _function_instantiation_is_function_template#shared/2@d953ee6q with 0 rows and digest THIS-RELATION-HAS-NO-TUPLES.
[2026-01-21 06:10:57] (2s)  >>> Created relation _function_instantiation_is_function_template_m#Declaration#4bfb53be::Declaration::isMember#0#dispred__#shared/2@a266a92g with 0 rows and digest THIS-RELATION-HAS-NO-TUPLES.
[2026-01-21 06:10:57] (2s)  >>> Created relation Function#65d29029::TemplateFunction::getAnInstantiation#0#dispred#fb/2@56c1e5id with 0 rows and digest THIS-RELATION-HAS-NO-TUPLES.
[2026-01-21 06:10:57] (2s)  >>> Created relation _is_function_template_project#Declaration#4bfb53be::Declaration::getATemplateArgument#0#dispred#bf#shared/1@1c1de1ff with 0 rows and digest THIS-RELATION-HAS-NO-TUPLES.
[2026-01-21 06:10:57] (2s)  >>> Created relation Function#65d29029::TemplateFunction::getAnInstantiation#0#dispred#ff/2@45da1cep with 0 rows and digest THIS-RELATION-HAS-NO-TUPLES.
[2026-01-21 06:10:57] (2s)  >>> Created relation Function#65d29029::TemplateFunction::getAnInstantiation#0#dispred#fb/2@868569ha with 0 rows and digest THIS-RELATION-HAS-NO-TUPLES.
[2026-01-21 06:10:57] (2s)  >>> Created relation Function#65d29029::TemplateFunction::getAnInstantiation#0#dispred#fb/2@53c2c8pr with 0 rows and digest THIS-RELATION-HAS-NO-TUPLES.
[2026-01-21 06:10:57] (2s) Starting to evaluate predicate Class#bacd9b46::Class::getAMember#1#dispred#ffb/3@733c4ft3
[2026-01-21 06:10:57] (2s)  >>> Created relation Class#bacd9b46::Class::getAMember#1#dispred#ffb/3@733c4ft3 with 1899 rows and digest 82a64eirgvronea7cordr5k6td8.
[2026-01-21 06:10:57] (2s) Starting to evaluate predicate project#Class#bacd9b46::Class::getAMember#1#dispred#ffb/1@0177a00i
[2026-01-21 06:10:57] (2s)  >>> Created relation project#Class#bacd9b46::Class::getAMember#1#dispred#ffb/1@0177a00i with 1899 rows and digest d24954n9e03j613c5bpom818695.
[2026-01-21 06:10:57] (2s) Starting to evaluate predicate Declaration#4bfb53be::Declaration::isMember#0#dispred#b/1@30af88js
[2026-01-21 06:10:57] (2s)  >>> Created relation Declaration#4bfb53be::Declaration::isMember#0#dispred#b/1@30af88js with 1899 rows and digest afb95c57tk8n51l9meplcjbp0rc.
[2026-01-21 06:10:57] (2s) Starting to evaluate predicate Field#1b3cf47e::Field#f/1@ee5f74uh
[2026-01-21 06:10:57] (2s)  >>> Created relation Field#1b3cf47e::Field#f/1@ee5f74uh with 1899 rows and digest afb95c57tk8n51l9meplcjbp0rc.
[2026-01-21 06:10:57] (2s) Starting to evaluate predicate varbind_10#join_rhs/2@facb99pc
[2026-01-21 06:10:57] (2s)  >>> Created relation varbind_10#join_rhs/2@facb99pc with 52005 rows and digest efe5dai7vhgu3qe9rmquv18ab5a.
[2026-01-21 06:10:57] (2s) Starting to evaluate predicate Access#8878f617::FieldAccess#f/1@e98e37kn
[2026-01-21 06:10:57] (2s)  >>> Created relation Access#8878f617::FieldAccess#f/1@e98e37kn with 8988 rows and digest ed1a786kp52juvrt5bgpt8k51a1.
[2026-01-21 06:10:57] (2s) Starting to evaluate predicate Access#8878f617::Access::getTarget#0#dispred#ff/2@b49f07vd
[2026-01-21 06:10:57] (2s)  >>> Created relation Access#8878f617::Access::getTarget#0#dispred#ff/2@b49f07vd with 49790 rows and digest 600c66283sd7p0m8m3bov6982f3.
[2026-01-21 06:10:57] (2s)  >>> Created relation files/2@bfcf0c84 with 413 rows and digest a1e902el37icja61ktd34snk3h0.
[2026-01-21 06:10:57] (2s)  >>> Created relation folders/2@3a330ev0 with 33 rows and digest 90bfddnf330m6u148i88s66ohv9.
[2026-01-21 06:10:57] (2s) Starting to evaluate predicate File#1c14e1de::Container::getAbsolutePath#0#dispred#ff/2@64dd30uq
[2026-01-21 06:10:57] (2s)  >>> Created relation File#1c14e1de::Container::getAbsolutePath#0#dispred#ff/2@64dd30uq with 446 rows and digest 6ecc8f9mcc4klahnfhik6p3gcd8.
[2026-01-21 06:10:57] (2s) Starting to evaluate predicate File#1c14e1de::Container::getBaseName#0#dispred#ff/2@90e488i1
[2026-01-21 06:10:57] (2s)  >>> Created relation File#1c14e1de::Container::getBaseName#0#dispred#ff/2@90e488i1 with 445 rows and digest 3e471cjkmje7boc0akr7tp7hjt3.
[2026-01-21 06:10:57] (2s) Starting to evaluate predicate File#1c14e1de::Container::getBaseName#0#dispred#ff_10#join_rhs/2@a9e7720q
[2026-01-21 06:10:57] (2s)  >>> Created relation File#1c14e1de::Container::getBaseName#0#dispred#ff_10#join_rhs/2@a9e7720q with 445 rows and digest 25e49090rb59td6t08ialh7tco2.
[2026-01-21 06:10:57] (2s)  >>> Created relation fun_decls/5@12c32ffk with 4779 rows and digest dcbd490fre2c3i67tga1gtjn5ca.
[2026-01-21 06:10:57] (2s) Starting to evaluate predicate fun_decls_10#join_rhs/2@ce97a05a
[2026-01-21 06:10:57] (2s)  >>> Created relation fun_decls_10#join_rhs/2@ce97a05a with 4778 rows and digest da0766ep60mo6e972efq59gaop4.
[2026-01-21 06:10:57] (2s)  >>> Created relation function_instantiation/2@f3a65csb with 0 rows and digest THIS-RELATION-HAS-NO-TUPLES.
[2026-01-21 06:10:57] (2s) Inferred that m#Declaration#4bfb53be::Declaration::getATemplateArgument#0#dispred#bf/1@45f123f1 is empty, due to function_instantiation/2@f3a65csb.
[2026-01-21 06:10:57] (2s) Inferred that Parameter#ed81dd8f::Parameter::getFunction#0#dispred#fb/2@740fe6lm is empty, due to function_instantiation/2@f3a65csb.
[2026-01-21 06:10:57] (2s) Inferred that project#function_instantiation/1@ebe3e69d is empty, due to function_instantiation/2@f3a65csb.
[2026-01-21 06:10:57] (2s) Inferred that function_instantiation_10#join_rhs/2@8c99c5m0 is empty, due to function_instantiation/2@f3a65csb.
[2026-01-21 06:10:57] (2s) Inferred that m#Declaration#4bfb53be::Declaration::getATemplateArgument#0#dispred#bf/1@eda30383 is empty, due to function_instantiation/2@f3a65csb.
[2026-01-21 06:10:57] (2s) Inferred that _Parameter#ed81dd8f::Parameter#f_Parameter#ed81dd8f::Parameter::getFunction#0#dispred#fb_function_in__#antijoin_rhs/1@e048e51s is empty, due to function_instantiation/2@f3a65csb.
[2026-01-21 06:10:57] (2s) Inferred that _Parameter#ed81dd8f::Parameter#f_Parameter#ed81dd8f::Parameter::getFunction#0#dispred#bf_function_in__#antijoin_rhs/1@1a0ad7qm is empty, due to function_instantiation/2@f3a65csb.
[2026-01-21 06:10:57] (2s) Inferred that Declaration#4bfb53be::Declaration::getTemplateArgumentType#1#dispred#bff/3@1f7b66rs is empty, due to m#Declaration#4bfb53be::Declaration::getATemplateArgument#0#dispred#bf/1@45f123f1.
[2026-01-21 06:10:57] (2s) Inferred that Declaration#4bfb53be::Declaration::getTemplateArgumentValue#1#dispred#bff/3@0d06e023 is empty, due to m#Declaration#4bfb53be::Declaration::getATemplateArgument#0#dispred#bf/1@45f123f1.
[2026-01-21 06:10:57] (2s) Inferred that Declaration#4bfb53be::Declaration::getATemplateArgument#0#dispred#bf/2@3b4984kd is empty, due to m#Declaration#4bfb53be::Declaration::getATemplateArgument#0#dispred#bf/1@45f123f1.
[2026-01-21 06:10:57] (2s) Inferred that _Parameter#ed81dd8f::Parameter#f_Parameter#ed81dd8f::Parameter::getFunction#0#dispred#fb_function_in__#antijoin_rhs/1@c60d54b9 is empty, due to Parameter#ed81dd8f::Parameter::getFunction#0#dispred#fb/2@740fe6lm.
[2026-01-21 06:10:57] (2s) Inferred that Function#65d29029::Function::getParameter#1#dispred#bff/3@282527bg is empty, due to project#function_instantiation/1@ebe3e69d.
[2026-01-21 06:10:57] (2s) Inferred that Declaration#4bfb53be::Declaration::getTemplateArgumentType#1#dispred#bff/3@1500dfcn is empty, due to project#function_instantiation/1@ebe3e69d.
[2026-01-21 06:10:57] (2s) Inferred that Declaration#4bfb53be::Declaration::getTemplateArgumentValue#1#dispred#bff/3@3ec0a8s9 is empty, due to project#function_instantiation/1@ebe3e69d.
[2026-01-21 06:10:57] (2s) Inferred that Declaration#4bfb53be::Declaration::getATemplateArgument#0#dispred#bf/2@fb15e2b3 is empty, due to project#function_instantiation/1@ebe3e69d.
[2026-01-21 06:10:57] (2s) Inferred that Declaration#4bfb53be::Declaration::getTemplateArgumentType#1#dispred#bff/3@82875059 is empty, due to m#Declaration#4bfb53be::Declaration::getATemplateArgument#0#dispred#bf/1@eda30383.
[2026-01-21 06:10:57] (2s) Inferred that Declaration#4bfb53be::Declaration::getTemplateArgumentValue#1#dispred#bff/3@208a3cna is empty, due to m#Declaration#4bfb53be::Declaration::getATemplateArgument#0#dispred#bf/1@eda30383.
[2026-01-21 06:10:57] (2s) Inferred that Declaration#4bfb53be::Declaration::getATemplateArgument#0#dispred#bf/2@f3f323ok is empty, due to m#Declaration#4bfb53be::Declaration::getATemplateArgument#0#dispred#bf/1@eda30383.
[2026-01-21 06:10:57] (2s) Inferred that project#Declaration#4bfb53be::Declaration::getTemplateArgumentValue#1#dispred#bff/2@0d8fa09i is empty, due to Declaration#4bfb53be::Declaration::getTemplateArgumentValue#1#dispred#bff/3@0d06e023.
[2026-01-21 06:10:57] (2s) Inferred that project#Declaration#4bfb53be::Declaration::getATemplateArgument#0#dispred#bf/1@5e55e1i6 is empty, due to Declaration#4bfb53be::Declaration::getATemplateArgument#0#dispred#bf/2@3b4984kd.
[2026-01-21 06:10:57] (2s) Inferred that project#Declaration#4bfb53be::Declaration::getTemplateArgumentValue#1#dispred#bff/2@a3fc40kp is empty, due to Declaration#4bfb53be::Declaration::getTemplateArgumentValue#1#dispred#bff/3@3ec0a8s9.
[2026-01-21 06:10:57] (2s) Inferred that project#Declaration#4bfb53be::Declaration::getATemplateArgument#0#dispred#bf/1@342f97eh is empty, due to Declaration#4bfb53be::Declaration::getATemplateArgument#0#dispred#bf/2@fb15e2b3.
[2026-01-21 06:10:57] (2s) Inferred that project#Declaration#4bfb53be::Declaration::getTemplateArgumentValue#1#dispred#bff/2@3852ecka is empty, due to Declaration#4bfb53be::Declaration::getTemplateArgumentValue#1#dispred#bff/3@208a3cna.
[2026-01-21 06:10:57] (2s) Inferred that project#Declaration#4bfb53be::Declaration::getATemplateArgument#0#dispred#bf/1@9ae1dbv6 is empty, due to Declaration#4bfb53be::Declaration::getATemplateArgument#0#dispred#bf/2@f3f323ok.
[2026-01-21 06:10:57] (2s)  >>> Created relation m#Declaration#4bfb53be::Declaration::getATemplateArgument#0#dispred#bf/1@45f123f1 with 0 rows and digest THIS-RELATION-HAS-NO-TUPLES.
[2026-01-21 06:10:57] (2s)  >>> Created relation Declaration#4bfb53be::Declaration::getTemplateArgumentType#1#dispred#bff/3@1f7b66rs with 0 rows and digest THIS-RELATION-HAS-NO-TUPLES.
[2026-01-21 06:10:57] (2s)  >>> Created relation project#Declaration#4bfb53be::Declaration::getTemplateArgumentValue#1#dispred#bff/2@3852ecka with 0 rows and digest THIS-RELATION-HAS-NO-TUPLES.
[2026-01-21 06:10:57] (2s)  >>> Created relation Declaration#4bfb53be::Declaration::getTemplateArgumentValue#1#dispred#bff/3@0d06e023 with 0 rows and digest THIS-RELATION-HAS-NO-TUPLES.
[2026-01-21 06:10:57] (2s)  >>> Created relation Declaration#4bfb53be::Declaration::getATemplateArgument#0#dispred#bf/2@3b4984kd with 0 rows and digest THIS-RELATION-HAS-NO-TUPLES.
[2026-01-21 06:10:57] (2s)  >>> Created relation _Parameter#ed81dd8f::Parameter#f_Parameter#ed81dd8f::Parameter::getFunction#0#dispred#fb_function_in__#antijoin_rhs/1@c60d54b9 with 0 rows and digest THIS-RELATION-HAS-NO-TUPLES.
[2026-01-21 06:10:57] (2s)  >>> Created relation project#Declaration#4bfb53be::Declaration::getTemplateArgumentValue#1#dispred#bff/2@0d8fa09i with 0 rows and digest THIS-RELATION-HAS-NO-TUPLES.
[2026-01-21 06:10:57] (2s)  >>> Created relation Function#65d29029::Function::getParameter#1#dispred#bff/3@282527bg with 0 rows and digest THIS-RELATION-HAS-NO-TUPLES.
[2026-01-21 06:10:57] (2s)  >>> Created relation Declaration#4bfb53be::Declaration::getTemplateArgumentType#1#dispred#bff/3@1500dfcn with 0 rows and digest THIS-RELATION-HAS-NO-TUPLES.
[2026-01-21 06:10:57] (2s)  >>> Created relation Declaration#4bfb53be::Declaration::getTemplateArgumentValue#1#dispred#bff/3@3ec0a8s9 with 0 rows and digest THIS-RELATION-HAS-NO-TUPLES.
[2026-01-21 06:10:57] (2s)  >>> Created relation Declaration#4bfb53be::Declaration::getATemplateArgument#0#dispred#bf/2@fb15e2b3 with 0 rows and digest THIS-RELATION-HAS-NO-TUPLES.
[2026-01-21 06:10:57] (2s)  >>> Created relation Declaration#4bfb53be::Declaration::getTemplateArgumentType#1#dispred#bff/3@82875059 with 0 rows and digest THIS-RELATION-HAS-NO-TUPLES.
[2026-01-21 06:10:57] (2s)  >>> Created relation Declaration#4bfb53be::Declaration::getTemplateArgumentValue#1#dispred#bff/3@208a3cna with 0 rows and digest THIS-RELATION-HAS-NO-TUPLES.
[2026-01-21 06:10:57] (2s)  >>> Created relation Declaration#4bfb53be::Declaration::getATemplateArgument#0#dispred#bf/2@f3f323ok with 0 rows and digest THIS-RELATION-HAS-NO-TUPLES.
[2026-01-21 06:10:57] (2s)  >>> Created relation project#Declaration#4bfb53be::Declaration::getATemplateArgument#0#dispred#bf/1@5e55e1i6 with 0 rows and digest THIS-RELATION-HAS-NO-TUPLES.
[2026-01-21 06:10:57] (2s)  >>> Created relation project#Declaration#4bfb53be::Declaration::getTemplateArgumentValue#1#dispred#bff/2@a3fc40kp with 0 rows and digest THIS-RELATION-HAS-NO-TUPLES.
[2026-01-21 06:10:57] (2s)  >>> Created relation project#Declaration#4bfb53be::Declaration::getATemplateArgument#0#dispred#bf/1@342f97eh with 0 rows and digest THIS-RELATION-HAS-NO-TUPLES.
[2026-01-21 06:10:57] (2s)  >>> Created relation Parameter#ed81dd8f::Parameter::getFunction#0#dispred#fb/2@740fe6lm with 0 rows and digest THIS-RELATION-HAS-NO-TUPLES.
[2026-01-21 06:10:57] (2s)  >>> Created relation _Parameter#ed81dd8f::Parameter#f_Parameter#ed81dd8f::Parameter::getFunction#0#dispred#bf_function_in__#antijoin_rhs/1@1a0ad7qm with 0 rows and digest THIS-RELATION-HAS-NO-TUPLES.
[2026-01-21 06:10:57] (2s)  >>> Created relation project#function_instantiation/1@ebe3e69d with 0 rows and digest THIS-RELATION-HAS-NO-TUPLES.
[2026-01-21 06:10:57] (2s)  >>> Created relation project#Declaration#4bfb53be::Declaration::getATemplateArgument#0#dispred#bf/1@9ae1dbv6 with 0 rows and digest THIS-RELATION-HAS-NO-TUPLES.
[2026-01-21 06:10:57] (2s)  >>> Created relation function_instantiation_10#join_rhs/2@8c99c5m0 with 0 rows and digest THIS-RELATION-HAS-NO-TUPLES.
[2026-01-21 06:10:57] (2s)  >>> Created relation m#Declaration#4bfb53be::Declaration::getATemplateArgument#0#dispred#bf/1@eda30383 with 0 rows and digest THIS-RELATION-HAS-NO-TUPLES.
[2026-01-21 06:10:57] (2s)  >>> Created relation _Parameter#ed81dd8f::Parameter#f_Parameter#ed81dd8f::Parameter::getFunction#0#dispred#fb_function_in__#antijoin_rhs/1@e048e51s with 0 rows and digest THIS-RELATION-HAS-NO-TUPLES.
[2026-01-21 06:10:57] (2s) Starting to evaluate predicate fun_decls_1#join_rhs/1@976541cp
[2026-01-21 06:10:57] (2s)  >>> Created relation fun_decls_1#join_rhs/1@976541cp with 3365 rows and digest 6253e3ihpf5jenqj6hp2rprh5r4.
[2026-01-21 06:10:57] (2s)  >>> Created relation fun_specialized/1@410236a6 with 0 rows and digest THIS-RELATION-HAS-NO-TUPLES.
[2026-01-21 06:10:57] (2s) Inferred that _fun_decls_fun_specialized_project#Call#39248e3c::FunctionCall::getTarget#ff#antijoin_rhs/1@ec31339q is empty, due to fun_specialized/1@410236a6.
[2026-01-21 06:10:57] (2s) Inferred that Function#65d29029::Function::isSpecialization#0#dispred#f/1@7c6f0dqe is empty, due to fun_specialized/1@410236a6.
[2026-01-21 06:10:57] (2s)  >>> Created relation _fun_decls_fun_specialized_project#Call#39248e3c::FunctionCall::getTarget#ff#antijoin_rhs/1@ec31339q with 0 rows and digest THIS-RELATION-HAS-NO-TUPLES.
[2026-01-21 06:10:57] (2s)  >>> Created relation Function#65d29029::Function::isSpecialization#0#dispred#f/1@7c6f0dqe with 0 rows and digest THIS-RELATION-HAS-NO-TUPLES.
[2026-01-21 06:10:57] (2s) Starting to evaluate predicate Function#65d29029::Function::declEntry#1#dispred#bf/2@f2aa6e76
[2026-01-21 06:10:57] (2s)  >>> Created relation Function#65d29029::Function::declEntry#1#dispred#bf/2@f2aa6e76 with 4778 rows and digest fede4a0v89t1k5eng3n4ohefm56.
[2026-01-21 06:10:57] (2s) Starting to evaluate predicate Function#65d29029::Function::getADeclarationEntry#0#dispred#bf/2@a4417fbi
[2026-01-21 06:10:57] (2s)  >>> Created relation Function#65d29029::Function::getADeclarationEntry#0#dispred#bf/2@a4417fbi with 4778 rows and digest fede4a0v89t1k5eng3n4ohefm56.
[2026-01-21 06:10:57] (2s) Starting to evaluate predicate Function#65d29029::Function::getADeclarationEntry#0#dispred#bf_10#join_rhs/2@41aa5257
[2026-01-21 06:10:57] (2s)  >>> Created relation Function#65d29029::Function::getADeclarationEntry#0#dispred#bf_10#join_rhs/2@41aa5257 with 4778 rows and digest de2e47c1jgjcuba61gcrpbjpn65.
[2026-01-21 06:10:57] (2s)  >>> Created relation fun_def/1@760890qm with 2049 rows and digest 44a0cd30mmmfnf9i20if4qab9q6.
[2026-01-21 06:10:57] (2s)  >>> Created relation locations_default/6@8c8d0fsu with 59676 rows and digest e10bff1k29v5kq88lnhn3u4evv8.
[2026-01-21 06:10:57] (2s) Starting to evaluate predicate functions_20#join_rhs/2@c63f293b
[2026-01-21 06:10:57] (2s)  >>> Created relation functions_20#join_rhs/2@c63f293b with 3368 rows and digest ba3495807nemj10b7p499vsdu54.
[2026-01-21 06:10:57] (2s) Starting to evaluate predicate _functions_20#join_rhs#antijoin_rhs/1@b6cc9cki
[2026-01-21 06:10:57] (2s)  >>> Created relation _functions_20#join_rhs#antijoin_rhs/1@b6cc9cki with 5 rows and digest 9b353algmoufuai1afraiehnvp7.
[2026-01-21 06:10:57] (2s) Starting to evaluate predicate Function#65d29029::Function::getDefinition#0#dispred#ff/2@98fa43ap
[2026-01-21 06:10:57] (2s)  >>> Created relation Function#65d29029::Function::getDefinition#0#dispred#ff/2@98fa43ap with 2049 rows and digest 4b55f56vfd3v4f89nv2e6udjkt6.
[2026-01-21 06:10:57] (2s) Starting to evaluate predicate Function#65d29029::Function::getDefinition#0#dispred#ff_0#antijoin_rhs/1@158e68q9
[2026-01-21 06:10:57] (2s)  >>> Created relation Function#65d29029::Function::getDefinition#0#dispred#ff_0#antijoin_rhs/1@158e68q9 with 2049 rows and digest 91e877dsb3m9lqh2bfkvc0rcnf8.
[2026-01-21 06:10:57] (2s) Starting to evaluate predicate Function#65d29029::Function::getDefinitionLocation#0#dispred#bf/2@9c25c0a5
[2026-01-21 06:10:57] (2s)  >>> Created relation Function#65d29029::Function::getDefinitionLocation#0#dispred#bf/2@9c25c0a5 with 2049 rows and digest e1843bfehb0kmdgb9ic3i76s210.
[2026-01-21 06:10:57] (2s) Starting to evaluate predicate locations_default_23450#join_rhs/5@416a22uf
[2026-01-21 06:10:57] (2s)  >>> Created relation locations_default_23450#join_rhs/5@416a22uf with 59676 rows and digest 7da9f0a8hbut3qb62pvfho6b1a5.
[2026-01-21 06:10:57] (2s) Starting to evaluate predicate files_10#join_rhs/2@fad41frn
[2026-01-21 06:10:57] (2s)  >>> Created relation files_10#join_rhs/2@fad41frn with 413 rows and digest a34eb0tv98g6k22aikhh2ut3742.
[2026-01-21 06:10:57] (2s)  >>> Created relation locations_stmt/6@002559ts with 32906 rows and digest 6d6cd7gl9nj3apooo3mi4hhmr26.
[2026-01-21 06:10:57] (2s)  >>> Created relation locations_expr/6@3f68a5vv with 89952 rows and digest 360a3f1li78h2j6k3pm9uu016n5.
[2026-01-21 06:10:57] (2s) Starting to evaluate predicate Location#bd5c7591::Location::fullLocationInfo#5#dispred#ffffff/6@8add30bm
[2026-01-21 06:10:57] (2s)  >>> Created relation Location#bd5c7591::Location::fullLocationInfo#5#dispred#ffffff/6@8add30bm with 182534 rows and digest d54531htchin3q7stmaknikg58a.
[2026-01-21 06:10:57] (2s) Starting to evaluate predicate Location#bd5c7591::Location::getContainer#ff/2@f8ea80lh
[2026-01-21 06:10:57] (2s)  >>> Created relation Location#bd5c7591::Location::getContainer#ff/2@f8ea80lh with 182534 rows and digest a9607cdukdpo5nkeho11u72mv81.
[2026-01-21 06:10:57] (2s) Starting to evaluate predicate Location#bd5c7591::Location::getContainer#ff_10#join_rhs/2@e5d380v4
[2026-01-21 06:10:57] (2s)  >>> Created relation Location#bd5c7591::Location::getContainer#ff_10#join_rhs/2@e5d380v4 with 182534 rows and digest fafec64vr9ur8d74c0ucplngjv8.
[2026-01-21 06:10:57] (2s) Starting to evaluate predicate Location#bd5c7591::Location::getFile#0#dispred#bf/2@5ad5f4kb
[2026-01-21 06:10:57] (2s)  >>> Created relation Location#bd5c7591::Location::getFile#0#dispred#bf/2@5ad5f4kb with 182501 rows and digest 26e45alir91cuhb8ajotl3t4vu4.
[2026-01-21 06:10:57] (2s) Starting to evaluate predicate Location#bd5c7591::Location::getFile#0#dispred#bf_10#join_rhs/2@2002d94r
[2026-01-21 06:10:57] (2s)  >>> Created relation Location#bd5c7591::Location::getFile#0#dispred#bf_10#join_rhs/2@2002d94r with 182501 rows and digest e97ae72jitl28lt90jtmoq2ovbf.
[2026-01-21 06:10:57] (2s) Starting to evaluate predicate Location#bd5c7591::UnknownLocation#b/1@b6c4eded
[2026-01-21 06:10:57] (2s)  >>> Created relation Location#bd5c7591::UnknownLocation#b/1@b6c4eded with 3 rows and digest db81cemdg2o9670qkbtu8d51md1.
[2026-01-21 06:10:57] (2s) Starting to evaluate predicate Element#496c7fc2::Element::getLocation#0#dispred#bf/2@d1de34tr
[2026-01-21 06:10:57] (2s)  >>> Created relation Element#496c7fc2::Element::getLocation#0#dispred#bf/2@d1de34tr with 3393 rows and digest de5388deae64dl2101a2hqnkfj0.
[2026-01-21 06:10:57] (2s) Starting to evaluate predicate Element#496c7fc2::Element::getFile#0#dispred#bf/2@0d18b1t1
[2026-01-21 06:10:57] (2s)  >>> Created relation Element#496c7fc2::Element::getFile#0#dispred#bf/2@0d18b1t1 with 3386 rows and digest e82d9410f1isd9tper9qikamkt7.
[2026-01-21 06:10:57] (2s) Starting to evaluate predicate Element#496c7fc2::Element::getFile#0#dispred#bf_10#join_rhs/2@2077528o
[2026-01-21 06:10:57] (2s)  >>> Created relation Element#496c7fc2::Element::getFile#0#dispred#bf_10#join_rhs/2@2077528o with 3386 rows and digest c95eafj7hur38rqh9m4fj905foa.
[2026-01-21 06:10:57] (2s) Starting to evaluate predicate extract_var#fd003562::is_target_func#1#f/1@a8a48cvp
[2026-01-21 06:10:57] (2s)  >>> Created relation extract_var#fd003562::is_target_func#1#f/1@a8a48cvp with 1 rows and digest ee3217rm9qnkhice06e7mli3he7.
[2026-01-21 06:10:57] (2s) Starting to evaluate predicate _Element#496c7fc2::Element::getFile#0#dispred#bf_extract_var#fd003562::is_target_func#1#f#shared/1@92e0b9hd
[2026-01-21 06:10:57] (2s)  >>> Created relation _Element#496c7fc2::Element::getFile#0#dispred#bf_extract_var#fd003562::is_target_func#1#f#shared/1@92e0b9hd with 1 rows and digest 7fed34dfr7gktiqfech3ueihhjc.
[2026-01-21 06:10:57] (2s) Starting to evaluate predicate Location#bd5c7591::Location::getStartLine#ff/2@5a94d8g1
[2026-01-21 06:10:57] (2s)  >>> Created relation Location#bd5c7591::Location::getStartLine#ff/2@5a94d8g1 with 182534 rows and digest 6ba93bfbv4ln8bctp7n4jvkhnef.
[2026-01-21 06:10:57] (2s) Starting to evaluate predicate extract_var#fd003562::isTaintSrcLocation#1#f/1@e15e461h
[2026-01-21 06:10:57] (2s)  >>> Created relation extract_var#fd003562::isTaintSrcLocation#1#f/1@e15e461h with 7 rows and digest 1bbb72isr8vot0gvhtusk5m3fd0.
[2026-01-21 06:10:57] (2s) Starting to evaluate predicate _Expr#ef463c5d::Expr::getEnclosingStmt#ff__Expr#ef463c5d::Expr::getEnclosingStmt#ff__Access#8878f617__#antijoin_rhs/6@412153js
[2026-01-21 06:10:57] (2s)  >>> Created relation _Expr#ef463c5d::Expr::getEnclosingStmt#ff__Expr#ef463c5d::Expr::getEnclosingStmt#ff__Access#8878f617__#antijoin_rhs/6@412153js with 9 rows and digest 6a79709cjuta9b6g5b6uqg2pc96.
[2026-01-21 06:10:57] (2s) Starting to evaluate predicate DataFlowImpl1#bece54ca::Configuration::isAdditionalFlowStep#2#dispred#fff#cpe#23/2@412d07eo
[2026-01-21 06:10:58] (3s)  >>> Created relation DataFlowImpl1#bece54ca::Configuration::isAdditionalFlowStep#2#dispred#fff#cpe#23/2@412d07eo with 536662 rows and digest 31d1d953ibj1c78c1jhk63nad0a.
[2026-01-21 06:10:58] (3s) Starting to evaluate predicate const_tainttrackingconfiguration/1@9eda88j5
[2026-01-21 06:10:58] (3s)  >>> Created relation const_tainttrackingconfiguration/1@9eda88j5 with 1 rows and digest 75950fakukp12a2orr9mb2lvbad.
[2026-01-21 06:10:58] (3s) Starting to evaluate predicate DataFlowImpl1#bece54ca::singleConfiguration#0#/0@98c31cf6
[2026-01-21 06:10:58] (3s)  >>> Created relation DataFlowImpl1#bece54ca::singleConfiguration#0#/0@98c31cf6 with 1 rows and digest fd6820o6135r0vvaoscapm97f53.
[2026-01-21 06:10:58] (3s) Starting to evaluate predicate DataFlowImpl1#bece54ca::Config::isAdditionalFlowStep#2#ff/2@77a938l7
[2026-01-21 06:10:58] (3s)  >>> Created relation DataFlowImpl1#bece54ca::Config::isAdditionalFlowStep#2#ff/2@77a938l7 with 536662 rows and digest 31d1d953ibj1c78c1jhk63nad0a.
[2026-01-21 06:10:58] (3s) Starting to evaluate predicate _DataFlowImpl1#bece54ca::Config::isAdditionalFlowStep#2#ff_num#DataFlowImpl#6ed98661::Impl#DataFlowI__#shared/3@c2091cqo
[2026-01-21 06:10:58] (3s)  >>> Created relation _DataFlowImpl1#bece54ca::Config::isAdditionalFlowStep#2#ff_num#DataFlowImpl#6ed98661::Impl#DataFlowI__#shared/3@c2091cqo with 536662 rows and digest 1484cfgajdh2a501gfnt5dgmt4d.
[2026-01-21 06:10:58] (3s) Starting to evaluate predicate DataFlowImpl#6ed98661::Impl#DataFlowImpl1#bece54ca::Config#::additionalJumpStep#2#ff/2@6bc21ap6
[2026-01-21 06:10:58] (3s)  >>> Created relation DataFlowImpl#6ed98661::Impl#DataFlowImpl1#bece54ca::Config#::additionalJumpStep#2#ff/2@6bc21ap6 with 0 rows and digest THIS-RELATION-HAS-NO-TUPLES.
[2026-01-21 06:10:58] (3s) Inferred that project#DataFlowImpl#6ed98661::Impl#DataFlowImpl1#bece54ca::Config#::additionalJumpStep#2#ff/1@ec44951s is empty, due to DataFlowImpl#6ed98661::Impl#DataFlowImpl1#bece54ca::Config#::additionalJumpStep#2#ff/2@6bc21ap6.
[2026-01-21 06:10:58] (3s) Inferred that DataFlowImpl#6ed98661::Impl#DataFlowImpl1#bece54ca::Config#::additionalJumpStep#2#ff_10#join_rhs/2@5adea905 is empty, due to DataFlowImpl#6ed98661::Impl#DataFlowImpl1#bece54ca::Config#::additionalJumpStep#2#ff/2@6bc21ap6.
[2026-01-21 06:10:58] (3s)  >>> Created relation project#DataFlowImpl#6ed98661::Impl#DataFlowImpl1#bece54ca::Config#::additionalJumpStep#2#ff/1@ec44951s with 0 rows and digest THIS-RELATION-HAS-NO-TUPLES.
[2026-01-21 06:10:58] (3s)  >>> Created relation DataFlowImpl#6ed98661::Impl#DataFlowImpl1#bece54ca::Config#::additionalJumpStep#2#ff_10#join_rhs/2@5adea905 with 0 rows and digest THIS-RELATION-HAS-NO-TUPLES.
[2026-01-21 06:10:58] (3s) Starting to evaluate predicate _DataFlowImpl1#bece54ca::Configuration::isAdditionalFlowStep#2#dispred#fff#cpe#23_DataFlowImpl1#bece__#shared/3@59a51dcn
[2026-01-21 06:10:58] (3s)  >>> Created relation _DataFlowImpl1#bece54ca::Configuration::isAdditionalFlowStep#2#dispred#fff#cpe#23_DataFlowImpl1#bece__#shared/3@59a51dcn with 0 rows and digest THIS-RELATION-HAS-NO-TUPLES.
[2026-01-21 06:10:58] (3s) Inferred that DataFlowImpl#6ed98661::Impl#DataFlowImpl1#bece54ca::Config#::additionalJumpStateStep#4#ffff/4@47b8abh1 is empty, due to _DataFlowImpl1#bece54ca::Configuration::isAdditionalFlowStep#2#dispred#fff#cpe#23_DataFlowImpl1#bece__#shared/3@59a51dcn.
[2026-01-21 06:10:58] (3s) Inferred that DataFlowImpl#6ed98661::Impl#DataFlowImpl1#bece54ca::Config#::additionalLocalStateStep#4#ffff/4@edc66dtb is empty, due to _DataFlowImpl1#bece54ca::Configuration::isAdditionalFlowStep#2#dispred#fff#cpe#23_DataFlowImpl1#bece__#shared/3@59a51dcn.
[2026-01-21 06:10:58] (3s) Inferred that project#DataFlowImpl#6ed98661::Impl#DataFlowImpl1#bece54ca::Config#::additionalJumpStateStep#4#ffff/2@7b9c29kb is empty, due to DataFlowImpl#6ed98661::Impl#DataFlowImpl1#bece54ca::Config#::additionalJumpStateStep#4#ffff/4@47b8abh1.
[2026-01-21 06:10:58] (3s) Inferred that DataFlowImpl#6ed98661::Impl#DataFlowImpl1#bece54ca::Config#::additionalJumpStateStep#4#ffff_2013#join_rhs/4@526857ms is empty, due to DataFlowImpl#6ed98661::Impl#DataFlowImpl1#bece54ca::Config#::additionalJumpStateStep#4#ffff/4@47b8abh1.
[2026-01-21 06:10:58] (3s) Inferred that DataFlowImpl#6ed98661::Impl#DataFlowImpl1#bece54ca::Config#::additionalJumpStateStep#4#ffff_0132#join_rhs/4@b1a09djg is empty, due to DataFlowImpl#6ed98661::Impl#DataFlowImpl1#bece54ca::Config#::additionalJumpStateStep#4#ffff/4@47b8abh1.
[2026-01-21 06:10:58] (3s) Inferred that DataFlowImpl#6ed98661::Impl#DataFlowImpl1#bece54ca::Config#::additionalJumpStateStep#4#ffff_1230#join_rhs/4@097e4ens is empty, due to DataFlowImpl#6ed98661::Impl#DataFlowImpl1#bece54ca::Config#::additionalJumpStateStep#4#ffff/4@47b8abh1.
[2026-01-21 06:10:58] (3s) Inferred that DataFlowImpl#6ed98661::Impl#DataFlowImpl1#bece54ca::Config#::additionalLocalStateStep#4#ffff_2013#join_rhs/4@5c8cf3k4 is empty, due to DataFlowImpl#6ed98661::Impl#DataFlowImpl1#bece54ca::Config#::additionalLocalStateStep#4#ffff/4@edc66dtb.
[2026-01-21 06:10:58] (3s) Inferred that DataFlowImpl#6ed98661::Impl#DataFlowImpl1#bece54ca::Config#::additionalLocalStateStep#4#ffff_0132#join_rhs/4@12139c8i is empty, due to DataFlowImpl#6ed98661::Impl#DataFlowImpl1#bece54ca::Config#::additionalLocalStateStep#4#ffff/4@edc66dtb.
[2026-01-21 06:10:58] (3s) Inferred that DataFlowImpl#6ed98661::Impl#DataFlowImpl1#bece54ca::Config#::additionalLocalStateStep#4#ffff_1230#join_rhs/4@071d864l is empty, due to DataFlowImpl#6ed98661::Impl#DataFlowImpl1#bece54ca::Config#::additionalLocalStateStep#4#ffff/4@edc66dtb.
[2026-01-21 06:10:58] (3s)  >>> Created relation DataFlowImpl#6ed98661::Impl#DataFlowImpl1#bece54ca::Config#::additionalJumpStateStep#4#ffff/4@47b8abh1 with 0 rows and digest THIS-RELATION-HAS-NO-TUPLES.
[2026-01-21 06:10:58] (3s)  >>> Created relation DataFlowImpl#6ed98661::Impl#DataFlowImpl1#bece54ca::Config#::additionalLocalStateStep#4#ffff/4@edc66dtb with 0 rows and digest THIS-RELATION-HAS-NO-TUPLES.
[2026-01-21 06:10:58] (3s)  >>> Created relation project#DataFlowImpl#6ed98661::Impl#DataFlowImpl1#bece54ca::Config#::additionalJumpStateStep#4#ffff/2@7b9c29kb with 0 rows and digest THIS-RELATION-HAS-NO-TUPLES.
[2026-01-21 06:10:58] (3s)  >>> Created relation DataFlowImpl#6ed98661::Impl#DataFlowImpl1#bece54ca::Config#::additionalJumpStateStep#4#ffff_2013#join_rhs/4@526857ms with 0 rows and digest THIS-RELATION-HAS-NO-TUPLES.
[2026-01-21 06:10:58] (3s)  >>> Created relation DataFlowImpl#6ed98661::Impl#DataFlowImpl1#bece54ca::Config#::additionalLocalStateStep#4#ffff_1230#join_rhs/4@071d864l with 0 rows and digest THIS-RELATION-HAS-NO-TUPLES.
[2026-01-21 06:10:58] (3s)  >>> Created relation DataFlowImpl#6ed98661::Impl#DataFlowImpl1#bece54ca::Config#::additionalLocalStateStep#4#ffff_2013#join_rhs/4@5c8cf3k4 with 0 rows and digest THIS-RELATION-HAS-NO-TUPLES.
[2026-01-21 06:10:58] (3s)  >>> Created relation DataFlowImpl#6ed98661::Impl#DataFlowImpl1#bece54ca::Config#::additionalLocalStateStep#4#ffff_0132#join_rhs/4@12139c8i with 0 rows and digest THIS-RELATION-HAS-NO-TUPLES.
[2026-01-21 06:10:58] (3s)  >>> Created relation DataFlowImpl#6ed98661::Impl#DataFlowImpl1#bece54ca::Config#::additionalJumpStateStep#4#ffff_1230#join_rhs/4@097e4ens with 0 rows and digest THIS-RELATION-HAS-NO-TUPLES.
[2026-01-21 06:10:58] (3s)  >>> Created relation DataFlowImpl#6ed98661::Impl#DataFlowImpl1#bece54ca::Config#::additionalJumpStateStep#4#ffff_0132#join_rhs/4@b1a09djg with 0 rows and digest THIS-RELATION-HAS-NO-TUPLES.
[2026-01-21 06:10:58] (3s) Starting to evaluate predicate DataFlowImpl1#bece54ca::TMkConfigState#dom#ff/2@b07213mr
[2026-01-21 06:10:58] (3s)  >>> Created relation DataFlowImpl1#bece54ca::TMkConfigState#dom#ff/2@b07213mr with 1 rows and digest 10e74fshto6abugc0chfuib0bgc.
[2026-01-21 06:10:58] (3s) Starting to evaluate predicate num#DataFlowImpl1#bece54ca::TMkConfigState#fff/3@eb43276m
[2026-01-21 06:10:58] (3s)  >>> Created relation num#DataFlowImpl1#bece54ca::TMkConfigState#fff/3@eb43276m with 1 rows and digest bafc8emigncm2ndu012nspdaktc.
[2026-01-21 06:10:58] (3s) Starting to evaluate predicate extract_var#fd003562::isFixLocation#1#f/1@da4c084g
[2026-01-21 06:10:58] (3s)  >>> Created relation extract_var#fd003562::isFixLocation#1#f/1@da4c084g with 7 rows and digest f91dcf40utngh482v3lmsslolba.
[2026-01-21 06:10:58] (3s) Starting to evaluate predicate extract_var#fd003562::isFixLocationStmt#1#f/1@b774c0ik
[2026-01-21 06:10:58] (3s)  >>> Created relation extract_var#fd003562::isFixLocationStmt#1#f/1@b774c0ik with 1 rows and digest 24cb3b688opps0dihpl8f6otkrc.
[2026-01-21 06:10:58] (3s) Starting to evaluate predicate ConstantExprs#68575382::Cached::successors_adapted#2#ff_10#join_rhs/2@1d8b457n
[2026-01-21 06:10:58] (3s)  >>> Created relation ConstantExprs#68575382::Cached::successors_adapted#2#ff_10#join_rhs/2@1d8b457n with 180900 rows and digest 33e771h2a8uduga2ni7moau7shb.
[2026-01-21 06:10:58] (3s) Starting to evaluate predicate _ConstantExprs#68575382::Cached::successors_adapted#2#ff_10#join_rhs_stmts_0#join_rhs#shared/2@062c4fbd
[2026-01-21 06:10:58] (3s)  >>> Created relation _ConstantExprs#68575382::Cached::successors_adapted#2#ff_10#join_rhs_stmts_0#join_rhs#shared/2@062c4fbd with 49119 rows and digest a4cf5budk3nujdl54ukqm005i72.
[2026-01-21 06:10:58] (3s) Starting to evaluate predicate ControlFlowGraph#d4dcb784::ControlFlowNode::getEnclosingStmt#0#dispred#ff/2@1da23fs5
[2026-01-21 06:10:58] (3s)  >>> Created relation ControlFlowGraph#d4dcb784::ControlFlowNode::getEnclosingStmt#0#dispred#ff/2@1da23fs5 with 209314 rows and digest 25690co4ojuroralsclokm5vnn7.
[2026-01-21 06:10:58] (3s) Starting to evaluate predicate _ControlFlowGraph#d4dcb784::ControlFlowNode::getEnclosingStmt#0#dispred#ff__ConstantExprs#68575382::__#join_rhs/2@429bbc3c
[2026-01-21 06:10:58] (3s)  >>> Created relation _ControlFlowGraph#d4dcb784::ControlFlowNode::getEnclosingStmt#0#dispred#ff__ConstantExprs#68575382::__#join_rhs/2@429bbc3c with 47999 rows and digest 05b488gqfmbhof2jhgj7d746rcb.
[2026-01-21 06:10:58] (3s) Starting to evaluate predicate ControlFlowGraph#d4dcb784::ControlFlowNode::getEnclosingStmt#0#dispred#ff_10#join_rhs/2@122af3er
[2026-01-21 06:10:58] (3s)  >>> Created relation ControlFlowGraph#d4dcb784::ControlFlowNode::getEnclosingStmt#0#dispred#ff_10#join_rhs/2@122af3er with 209314 rows and digest 075416aat2ia19uhmtvkioa7f73.
[2026-01-21 06:10:58] (3s) Starting to evaluate predicate extract_var#fd003562::ancestorOf#1#ff/2@i1#d2bec06t (iteration 1)
[2026-01-21 06:10:58] (3s) 			 - extract_var#fd003562::ancestorOf#1#ff_delta has 47999 rows (order for disjuncts: delta=<standard>).
[2026-01-21 06:10:58] (3s) Starting to evaluate predicate extract_var#fd003562::ancestorOf#1#ff/2@i2#d2bec06t (iteration 2)
[2026-01-21 06:10:58] (3s) 			 - extract_var#fd003562::ancestorOf#1#ff_delta has 48255 rows (order for disjuncts: delta=500000).
[2026-01-21 06:10:58] (3s) Starting to evaluate predicate extract_var#fd003562::ancestorOf#1#ff/2@i3#d2bec06t (iteration 3)
[2026-01-21 06:10:58] (3s) 			 - extract_var#fd003562::ancestorOf#1#ff_delta has 48024 rows (order for disjuncts: delta=500000).
[2026-01-21 06:10:58] (3s) Starting to evaluate predicate extract_var#fd003562::ancestorOf#1#ff/2@i4#d2bec06t (iteration 4)
[2026-01-21 06:10:58] (3s) 			 - extract_var#fd003562::ancestorOf#1#ff_delta has 46995 rows (order for disjuncts: delta=500000).
[2026-01-21 06:10:58] (3s) Starting to evaluate predicate extract_var#fd003562::ancestorOf#1#ff/2@i5#d2bec06t (iteration 5)
[2026-01-21 06:10:58] (4s) 			 - extract_var#fd003562::ancestorOf#1#ff_delta has 45277 rows (order for disjuncts: delta=500000).
[2026-01-21 06:10:58] (4s) Starting to evaluate predicate extract_var#fd003562::ancestorOf#1#ff/2@i6#d2bec06t (iteration 6)
[2026-01-21 06:10:58] (4s) 			 - extract_var#fd003562::ancestorOf#1#ff_delta has 42911 rows (order for disjuncts: delta=500000).
[2026-01-21 06:10:58] (4s) Starting to evaluate predicate extract_var#fd003562::ancestorOf#1#ff/2@i7#d2bec06t (iteration 7)
[2026-01-21 06:10:58] (4s) 			 - extract_var#fd003562::ancestorOf#1#ff_delta has 40373 rows (order for disjuncts: delta=500000).
[2026-01-21 06:10:58] (4s) Starting to evaluate predicate extract_var#fd003562::ancestorOf#1#ff/2@i8#d2bec06t (iteration 8)
[2026-01-21 06:10:58] (4s) 			 - extract_var#fd003562::ancestorOf#1#ff_delta has 37918 rows (order for disjuncts: delta=500000).
[2026-01-21 06:10:58] (4s) Starting to evaluate predicate extract_var#fd003562::ancestorOf#1#ff/2@i9#d2bec06t (iteration 9)
[2026-01-21 06:10:58] (4s) 			 - extract_var#fd003562::ancestorOf#1#ff_delta has 34724 rows (order for disjuncts: delta=500000).
[2026-01-21 06:10:58] (4s) Starting to evaluate predicate extract_var#fd003562::ancestorOf#1#ff/2@i10#d2bec06t (iteration 10)
[2026-01-21 06:10:58] (4s) 			 - extract_var#fd003562::ancestorOf#1#ff_delta has 32119 rows (order for disjuncts: delta=500000).
[2026-01-21 06:10:58] (4s) Starting to evaluate predicate extract_var#fd003562::ancestorOf#1#ff/2@i11#d2bec06t (iteration 11)
[2026-01-21 06:10:58] (4s) 			 - extract_var#fd003562::ancestorOf#1#ff_delta has 30105 rows (order for disjuncts: delta=500000).
[2026-01-21 06:10:58] (4s) Starting to evaluate predicate extract_var#fd003562::ancestorOf#1#ff/2@i12#d2bec06t (iteration 12)
[2026-01-21 06:10:58] (4s) 			 - extract_var#fd003562::ancestorOf#1#ff_delta has 28170 rows (order for disjuncts: delta=500000).
[2026-01-21 06:10:58] (4s) Starting to evaluate predicate extract_var#fd003562::ancestorOf#1#ff/2@i13#d2bec06t (iteration 13)
[2026-01-21 06:10:58] (4s) 			 - extract_var#fd003562::ancestorOf#1#ff_delta has 26244 rows (order for disjuncts: delta=500000).
[2026-01-21 06:10:58] (4s) Starting to evaluate predicate extract_var#fd003562::ancestorOf#1#ff/2@i14#d2bec06t (iteration 14)
[2026-01-21 06:10:58] (4s) 			 - extract_var#fd003562::ancestorOf#1#ff_delta has 24461 rows (order for disjuncts: delta=500000).
[2026-01-21 06:10:58] (4s) Starting to evaluate predicate extract_var#fd003562::ancestorOf#1#ff/2@i15#d2bec06t (iteration 15)
[2026-01-21 06:10:58] (4s) 			 - extract_var#fd003562::ancestorOf#1#ff_delta has 22777 rows (order for disjuncts: delta=500000).
[2026-01-21 06:10:58] (4s) Starting to evaluate predicate extract_var#fd003562::ancestorOf#1#ff/2@i16#d2bec06t (iteration 16)
[2026-01-21 06:10:58] (4s) 			 - extract_var#fd003562::ancestorOf#1#ff_delta has 21220 rows (order for disjuncts: delta=500000).
[2026-01-21 06:10:58] (4s) Starting to evaluate predicate extract_var#fd003562::ancestorOf#1#ff/2@i17#d2bec06t (iteration 17)
[2026-01-21 06:10:58] (4s) 			 - extract_var#fd003562::ancestorOf#1#ff_delta has 19661 rows (order for disjuncts: delta=500000).
[2026-01-21 06:10:58] (4s) Starting to evaluate predicate extract_var#fd003562::ancestorOf#1#ff/2@i18#d2bec06t (iteration 18)
[2026-01-21 06:10:58] (4s) 			 - extract_var#fd003562::ancestorOf#1#ff_delta has 18134 rows (order for disjuncts: delta=500000).
[2026-01-21 06:10:58] (4s) Starting to evaluate predicate extract_var#fd003562::ancestorOf#1#ff/2@i19#d2bec06t (iteration 19)
[2026-01-21 06:10:58] (4s) 			 - extract_var#fd003562::ancestorOf#1#ff_delta has 16646 rows (order for disjuncts: delta=500000).
[2026-01-21 06:10:58] (4s) Starting to evaluate predicate extract_var#fd003562::ancestorOf#1#ff/2@i20#d2bec06t (iteration 20)
[2026-01-21 06:10:59] (4s) 			 - extract_var#fd003562::ancestorOf#1#ff_delta has 15218 rows (order for disjuncts: delta=500000).
[2026-01-21 06:10:59] (4s) Starting to evaluate predicate extract_var#fd003562::ancestorOf#1#ff/2@i21#d2bec06t (iteration 21)
[2026-01-21 06:10:59] (4s) 			 - extract_var#fd003562::ancestorOf#1#ff_delta has 13978 rows (order for disjuncts: delta=500000).
[2026-01-21 06:10:59] (4s) Starting to evaluate predicate extract_var#fd003562::ancestorOf#1#ff/2@i22#d2bec06t (iteration 22)
[2026-01-21 06:10:59] (4s) 			 - extract_var#fd003562::ancestorOf#1#ff_delta has 12817 rows (order for disjuncts: delta=500000).
[2026-01-21 06:10:59] (4s) Starting to evaluate predicate extract_var#fd003562::ancestorOf#1#ff/2@i23#d2bec06t (iteration 23)
[2026-01-21 06:10:59] (4s) 			 - extract_var#fd003562::ancestorOf#1#ff_delta has 11756 rows (order for disjuncts: delta=500000).
[2026-01-21 06:10:59] (4s) Starting to evaluate predicate extract_var#fd003562::ancestorOf#1#ff/2@i24#d2bec06t (iteration 24)
[2026-01-21 06:10:59] (4s) 			 - extract_var#fd003562::ancestorOf#1#ff_delta has 10813 rows (order for disjuncts: delta=500000).
[2026-01-21 06:10:59] (4s) Starting to evaluate predicate extract_var#fd003562::ancestorOf#1#ff/2@i25#d2bec06t (iteration 25)
[2026-01-21 06:10:59] (4s) 			 - extract_var#fd003562::ancestorOf#1#ff_delta has 9927 rows (order for disjuncts: delta=500000).
[2026-01-21 06:10:59] (4s) Starting to evaluate predicate extract_var#fd003562::ancestorOf#1#ff/2@i26#d2bec06t (iteration 26)
[2026-01-21 06:10:59] (4s) 			 - extract_var#fd003562::ancestorOf#1#ff_delta has 9080 rows (order for disjuncts: delta=500000).
[2026-01-21 06:10:59] (4s) Starting to evaluate predicate extract_var#fd003562::ancestorOf#1#ff/2@i27#d2bec06t (iteration 27)
[2026-01-21 06:10:59] (4s) 			 - extract_var#fd003562::ancestorOf#1#ff_delta has 8364 rows (order for disjuncts: delta=500000).
[2026-01-21 06:10:59] (4s) Starting to evaluate predicate extract_var#fd003562::ancestorOf#1#ff/2@i28#d2bec06t (iteration 28)
[2026-01-21 06:10:59] (4s) 			 - extract_var#fd003562::ancestorOf#1#ff_delta has 7666 rows (order for disjuncts: delta=500000).
[2026-01-21 06:10:59] (4s) Starting to evaluate predicate extract_var#fd003562::ancestorOf#1#ff/2@i29#d2bec06t (iteration 29)
[2026-01-21 06:10:59] (4s) 			 - extract_var#fd003562::ancestorOf#1#ff_delta has 7045 rows (order for disjuncts: delta=500000).
[2026-01-21 06:10:59] (4s) Starting to evaluate predicate extract_var#fd003562::ancestorOf#1#ff/2@i30#d2bec06t (iteration 30)
[2026-01-21 06:10:59] (4s) 			 - extract_var#fd003562::ancestorOf#1#ff_delta has 6464 rows (order for disjuncts: delta=500000).
[2026-01-21 06:10:59] (4s) Starting to evaluate predicate extract_var#fd003562::ancestorOf#1#ff/2@i31#d2bec06t (iteration 31)
[2026-01-21 06:10:59] (4s) 			 - extract_var#fd003562::ancestorOf#1#ff_delta has 5939 rows (order for disjuncts: delta=500000).
[2026-01-21 06:10:59] (4s) Starting to evaluate predicate extract_var#fd003562::ancestorOf#1#ff/2@i32#d2bec06t (iteration 32)
[2026-01-21 06:10:59] (4s) 			 - extract_var#fd003562::ancestorOf#1#ff_delta has 5497 rows (order for disjuncts: delta=500000).
[2026-01-21 06:10:59] (4s) Starting to evaluate predicate extract_var#fd003562::ancestorOf#1#ff/2@i33#d2bec06t (iteration 33)
[2026-01-21 06:10:59] (4s) 			 - extract_var#fd003562::ancestorOf#1#ff_delta has 5140 rows (order for disjuncts: delta=500000).
[2026-01-21 06:10:59] (4s) Starting to evaluate predicate extract_var#fd003562::ancestorOf#1#ff/2@i34#d2bec06t (iteration 34)
[2026-01-21 06:10:59] (4s) 			 - extract_var#fd003562::ancestorOf#1#ff_delta has 4795 rows (order for disjuncts: delta=500000).
[2026-01-21 06:10:59] (4s) Starting to evaluate predicate extract_var#fd003562::ancestorOf#1#ff/2@i35#d2bec06t (iteration 35)
[2026-01-21 06:10:59] (4s) 			 - extract_var#fd003562::ancestorOf#1#ff_delta has 4461 rows (order for disjuncts: delta=500000).
[2026-01-21 06:10:59] (4s) Starting to evaluate predicate extract_var#fd003562::ancestorOf#1#ff/2@i36#d2bec06t (iteration 36)
[2026-01-21 06:10:59] (4s) 			 - extract_var#fd003562::ancestorOf#1#ff_delta has 4165 rows (order for disjuncts: delta=500000).
[2026-01-21 06:10:59] (4s) Starting to evaluate predicate extract_var#fd003562::ancestorOf#1#ff/2@i37#d2bec06t (iteration 37)
[2026-01-21 06:10:59] (4s) 			 - extract_var#fd003562::ancestorOf#1#ff_delta has 3812 rows (order for disjuncts: delta=500000).
[2026-01-21 06:10:59] (4s) Starting to evaluate predicate extract_var#fd003562::ancestorOf#1#ff/2@i38#d2bec06t (iteration 38)
[2026-01-21 06:10:59] (4s) 			 - extract_var#fd003562::ancestorOf#1#ff_delta has 3566 rows (order for disjuncts: delta=500000).
[2026-01-21 06:10:59] (4s) Starting to evaluate predicate extract_var#fd003562::ancestorOf#1#ff/2@i39#d2bec06t (iteration 39)
[2026-01-21 06:10:59] (4s) 			 - extract_var#fd003562::ancestorOf#1#ff_delta has 3337 rows (order for disjuncts: delta=500000).
[2026-01-21 06:10:59] (4s) Starting to evaluate predicate extract_var#fd003562::ancestorOf#1#ff/2@i40#d2bec06t (iteration 40)
[2026-01-21 06:10:59] (4s) 			 - extract_var#fd003562::ancestorOf#1#ff_delta has 3101 rows (order for disjuncts: delta=500000).
[2026-01-21 06:10:59] (4s) Starting to evaluate predicate extract_var#fd003562::ancestorOf#1#ff/2@i41#d2bec06t (iteration 41)
[2026-01-21 06:10:59] (4s) 			 - extract_var#fd003562::ancestorOf#1#ff_delta has 2891 rows (order for disjuncts: delta=500000).
[2026-01-21 06:10:59] (4s) Starting to evaluate predicate extract_var#fd003562::ancestorOf#1#ff/2@i42#d2bec06t (iteration 42)
[2026-01-21 06:10:59] (4s) 			 - extract_var#fd003562::ancestorOf#1#ff_delta has 2685 rows (order for disjuncts: delta=500000).
[2026-01-21 06:10:59] (4s) Starting to evaluate predicate extract_var#fd003562::ancestorOf#1#ff/2@i43#d2bec06t (iteration 43)
[2026-01-21 06:10:59] (4s) 			 - extract_var#fd003562::ancestorOf#1#ff_delta has 2534 rows (order for disjuncts: delta=500000).
[2026-01-21 06:10:59] (4s) Starting to evaluate predicate extract_var#fd003562::ancestorOf#1#ff/2@i44#d2bec06t (iteration 44)
[2026-01-21 06:10:59] (4s) 			 - extract_var#fd003562::ancestorOf#1#ff_delta has 2409 rows (order for disjuncts: delta=500000).
[2026-01-21 06:10:59] (4s) Starting to evaluate predicate extract_var#fd003562::ancestorOf#1#ff/2@i45#d2bec06t (iteration 45)
[2026-01-21 06:10:59] (4s) 			 - extract_var#fd003562::ancestorOf#1#ff_delta has 2300 rows (order for disjuncts: delta=500000).
[2026-01-21 06:10:59] (4s) Starting to evaluate predicate extract_var#fd003562::ancestorOf#1#ff/2@i46#d2bec06t (iteration 46)
[2026-01-21 06:10:59] (4s) 			 - extract_var#fd003562::ancestorOf#1#ff_delta has 2216 rows (order for disjuncts: delta=500000).
[2026-01-21 06:10:59] (4s) Starting to evaluate predicate extract_var#fd003562::ancestorOf#1#ff/2@i47#d2bec06t (iteration 47)
[2026-01-21 06:10:59] (4s) 			 - extract_var#fd003562::ancestorOf#1#ff_delta has 2136 rows (order for disjuncts: delta=500000).
[2026-01-21 06:10:59] (4s) Starting to evaluate predicate extract_var#fd003562::ancestorOf#1#ff/2@i48#d2bec06t (iteration 48)
[2026-01-21 06:10:59] (4s) 			 - extract_var#fd003562::ancestorOf#1#ff_delta has 2068 rows (order for disjuncts: delta=500000).
[2026-01-21 06:10:59] (4s) Starting to evaluate predicate extract_var#fd003562::ancestorOf#1#ff/2@i49#d2bec06t (iteration 49)
[2026-01-21 06:10:59] (4s) 			 - extract_var#fd003562::ancestorOf#1#ff_delta has 1996 rows (order for disjuncts: delta=500000).
[2026-01-21 06:10:59] (4s) Starting to evaluate predicate extract_var#fd003562::ancestorOf#1#ff/2@i50#d2bec06t (iteration 50)
[2026-01-21 06:10:59] (4s) 			 - extract_var#fd003562::ancestorOf#1#ff_delta has 1943 rows (order for disjuncts: delta=500000).
[2026-01-21 06:10:59] (4s) Starting to evaluate predicate extract_var#fd003562::ancestorOf#1#ff/2@i51#d2bec06t (iteration 51)
[2026-01-21 06:10:59] (4s) 			 - extract_var#fd003562::ancestorOf#1#ff_delta has 1898 rows (order for disjuncts: delta=500000).
[2026-01-21 06:10:59] (4s) Starting to evaluate predicate extract_var#fd003562::ancestorOf#1#ff/2@i52#d2bec06t (iteration 52)
[2026-01-21 06:10:59] (4s) 			 - extract_var#fd003562::ancestorOf#1#ff_delta has 1850 rows (order for disjuncts: delta=500000).
[2026-01-21 06:10:59] (4s) Starting to evaluate predicate extract_var#fd003562::ancestorOf#1#ff/2@i53#d2bec06t (iteration 53)
[2026-01-21 06:10:59] (4s) 			 - extract_var#fd003562::ancestorOf#1#ff_delta has 1800 rows (order for disjuncts: delta=500000).
[2026-01-21 06:10:59] (4s) Starting to evaluate predicate extract_var#fd003562::ancestorOf#1#ff/2@i54#d2bec06t (iteration 54)
[2026-01-21 06:10:59] (4s) 			 - extract_var#fd003562::ancestorOf#1#ff_delta has 1763 rows (order for disjuncts: delta=500000).
[2026-01-21 06:10:59] (4s) Starting to evaluate predicate extract_var#fd003562::ancestorOf#1#ff/2@i55#d2bec06t (iteration 55)
[2026-01-21 06:10:59] (4s) 			 - extract_var#fd003562::ancestorOf#1#ff_delta has 1736 rows (order for disjuncts: delta=500000).
[2026-01-21 06:10:59] (4s) Starting to evaluate predicate extract_var#fd003562::ancestorOf#1#ff/2@i56#d2bec06t (iteration 56)
[2026-01-21 06:10:59] (4s) 			 - extract_var#fd003562::ancestorOf#1#ff_delta has 1715 rows (order for disjuncts: delta=500000).
[2026-01-21 06:10:59] (4s) Starting to evaluate predicate extract_var#fd003562::ancestorOf#1#ff/2@i57#d2bec06t (iteration 57)
[2026-01-21 06:10:59] (4s) 			 - extract_var#fd003562::ancestorOf#1#ff_delta has 1680 rows (order for disjuncts: delta=500000).
[2026-01-21 06:10:59] (4s) Starting to evaluate predicate extract_var#fd003562::ancestorOf#1#ff/2@i58#d2bec06t (iteration 58)
[2026-01-21 06:10:59] (4s) 			 - extract_var#fd003562::ancestorOf#1#ff_delta has 1645 rows (order for disjuncts: delta=500000).
[2026-01-21 06:10:59] (4s) Starting to evaluate predicate extract_var#fd003562::ancestorOf#1#ff/2@i59#d2bec06t (iteration 59)
[2026-01-21 06:10:59] (4s) 			 - extract_var#fd003562::ancestorOf#1#ff_delta has 1584 rows (order for disjuncts: delta=500000).
[2026-01-21 06:10:59] (4s) Starting to evaluate predicate extract_var#fd003562::ancestorOf#1#ff/2@i60#d2bec06t (iteration 60)
[2026-01-21 06:10:59] (4s) 			 - extract_var#fd003562::ancestorOf#1#ff_delta has 1502 rows (order for disjuncts: delta=500000).
[2026-01-21 06:10:59] (4s) Starting to evaluate predicate extract_var#fd003562::ancestorOf#1#ff/2@i61#d2bec06t (iteration 61)
[2026-01-21 06:10:59] (4s) 			 - extract_var#fd003562::ancestorOf#1#ff_delta has 1411 rows (order for disjuncts: delta=500000).
[2026-01-21 06:10:59] (4s) Starting to evaluate predicate extract_var#fd003562::ancestorOf#1#ff/2@i62#d2bec06t (iteration 62)
[2026-01-21 06:10:59] (4s) 			 - extract_var#fd003562::ancestorOf#1#ff_delta has 1317 rows (order for disjuncts: delta=500000).
[2026-01-21 06:10:59] (4s) Starting to evaluate predicate extract_var#fd003562::ancestorOf#1#ff/2@i63#d2bec06t (iteration 63)
[2026-01-21 06:10:59] (4s) 			 - extract_var#fd003562::ancestorOf#1#ff_delta has 1215 rows (order for disjuncts: delta=500000).
[2026-01-21 06:10:59] (4s) Starting to evaluate predicate extract_var#fd003562::ancestorOf#1#ff/2@i64#d2bec06t (iteration 64)
[2026-01-21 06:10:59] (4s) 			 - extract_var#fd003562::ancestorOf#1#ff_delta has 1104 rows (order for disjuncts: delta=500000).
[2026-01-21 06:10:59] (4s) Starting to evaluate predicate extract_var#fd003562::ancestorOf#1#ff/2@i65#d2bec06t (iteration 65)
[2026-01-21 06:10:59] (4s) 			 - extract_var#fd003562::ancestorOf#1#ff_delta has 990 rows (order for disjuncts: delta=500000).
[2026-01-21 06:10:59] (4s) Starting to evaluate predicate extract_var#fd003562::ancestorOf#1#ff/2@i66#d2bec06t (iteration 66)
[2026-01-21 06:10:59] (4s) 			 - extract_var#fd003562::ancestorOf#1#ff_delta has 891 rows (order for disjuncts: delta=500000).
[2026-01-21 06:10:59] (4s) Starting to evaluate predicate extract_var#fd003562::ancestorOf#1#ff/2@i67#d2bec06t (iteration 67)
[2026-01-21 06:10:59] (4s) 			 - extract_var#fd003562::ancestorOf#1#ff_delta has 800 rows (order for disjuncts: delta=500000).
[2026-01-21 06:10:59] (4s) Starting to evaluate predicate extract_var#fd003562::ancestorOf#1#ff/2@i68#d2bec06t (iteration 68)
[2026-01-21 06:10:59] (4s) 			 - extract_var#fd003562::ancestorOf#1#ff_delta has 727 rows (order for disjuncts: delta=500000).
[2026-01-21 06:10:59] (4s) Starting to evaluate predicate extract_var#fd003562::ancestorOf#1#ff/2@i69#d2bec06t (iteration 69)
[2026-01-21 06:10:59] (4s) 			 - extract_var#fd003562::ancestorOf#1#ff_delta has 666 rows (order for disjuncts: delta=500000).
[2026-01-21 06:10:59] (4s) Starting to evaluate predicate extract_var#fd003562::ancestorOf#1#ff/2@i70#d2bec06t (iteration 70)
[2026-01-21 06:10:59] (4s) 			 - extract_var#fd003562::ancestorOf#1#ff_delta has 610 rows (order for disjuncts: delta=500000).
[2026-01-21 06:10:59] (4s) Starting to evaluate predicate extract_var#fd003562::ancestorOf#1#ff/2@i71#d2bec06t (iteration 71)
[2026-01-21 06:10:59] (4s) 			 - extract_var#fd003562::ancestorOf#1#ff_delta has 555 rows (order for disjuncts: delta=500000).
[2026-01-21 06:10:59] (4s) Starting to evaluate predicate extract_var#fd003562::ancestorOf#1#ff/2@i72#d2bec06t (iteration 72)
[2026-01-21 06:10:59] (4s) 			 - extract_var#fd003562::ancestorOf#1#ff_delta has 502 rows (order for disjuncts: delta=500000).
[2026-01-21 06:10:59] (4s) Starting to evaluate predicate extract_var#fd003562::ancestorOf#1#ff/2@i73#d2bec06t (iteration 73)
[2026-01-21 06:10:59] (4s) 			 - extract_var#fd003562::ancestorOf#1#ff_delta has 457 rows (order for disjuncts: delta=500000).
[2026-01-21 06:10:59] (4s) Starting to evaluate predicate extract_var#fd003562::ancestorOf#1#ff/2@i74#d2bec06t (iteration 74)
[2026-01-21 06:10:59] (4s) 			 - extract_var#fd003562::ancestorOf#1#ff_delta has 414 rows (order for disjuncts: delta=500000).
[2026-01-21 06:10:59] (4s) Starting to evaluate predicate extract_var#fd003562::ancestorOf#1#ff/2@i75#d2bec06t (iteration 75)
[2026-01-21 06:10:59] (4s) 			 - extract_var#fd003562::ancestorOf#1#ff_delta has 369 rows (order for disjuncts: delta=500000).
[2026-01-21 06:10:59] (4s) Starting to evaluate predicate extract_var#fd003562::ancestorOf#1#ff/2@i76#d2bec06t (iteration 76)
[2026-01-21 06:10:59] (4s) 			 - extract_var#fd003562::ancestorOf#1#ff_delta has 334 rows (order for disjuncts: delta=500000).
[2026-01-21 06:10:59] (4s) Starting to evaluate predicate extract_var#fd003562::ancestorOf#1#ff/2@i77#d2bec06t (iteration 77)
[2026-01-21 06:10:59] (4s) 			 - extract_var#fd003562::ancestorOf#1#ff_delta has 304 rows (order for disjuncts: delta=500000).
[2026-01-21 06:10:59] (4s) Starting to evaluate predicate extract_var#fd003562::ancestorOf#1#ff/2@i78#d2bec06t (iteration 78)
[2026-01-21 06:10:59] (4s) 			 - extract_var#fd003562::ancestorOf#1#ff_delta has 278 rows (order for disjuncts: delta=500000).
[2026-01-21 06:10:59] (4s) Starting to evaluate predicate extract_var#fd003562::ancestorOf#1#ff/2@i79#d2bec06t (iteration 79)
[2026-01-21 06:10:59] (4s) 			 - extract_var#fd003562::ancestorOf#1#ff_delta has 244 rows (order for disjuncts: delta=500000).
[2026-01-21 06:10:59] (4s) Starting to evaluate predicate extract_var#fd003562::ancestorOf#1#ff/2@i80#d2bec06t (iteration 80)
[2026-01-21 06:10:59] (4s) 			 - extract_var#fd003562::ancestorOf#1#ff_delta has 214 rows (order for disjuncts: delta=500000).
[2026-01-21 06:10:59] (4s) Starting to evaluate predicate extract_var#fd003562::ancestorOf#1#ff/2@i81#d2bec06t (iteration 81)
[2026-01-21 06:10:59] (4s) 			 - extract_var#fd003562::ancestorOf#1#ff_delta has 183 rows (order for disjuncts: delta=500000).
[2026-01-21 06:10:59] (4s) Starting to evaluate predicate extract_var#fd003562::ancestorOf#1#ff/2@i82#d2bec06t (iteration 82)
[2026-01-21 06:10:59] (4s) 			 - extract_var#fd003562::ancestorOf#1#ff_delta has 159 rows (order for disjuncts: delta=500000).
[2026-01-21 06:10:59] (4s) Starting to evaluate predicate extract_var#fd003562::ancestorOf#1#ff/2@i83#d2bec06t (iteration 83)
[2026-01-21 06:10:59] (4s) 			 - extract_var#fd003562::ancestorOf#1#ff_delta has 136 rows (order for disjuncts: delta=500000).
[2026-01-21 06:10:59] (4s) Starting to evaluate predicate extract_var#fd003562::ancestorOf#1#ff/2@i84#d2bec06t (iteration 84)
[2026-01-21 06:10:59] (4s) 			 - extract_var#fd003562::ancestorOf#1#ff_delta has 117 rows (order for disjuncts: delta=500000).
[2026-01-21 06:10:59] (4s) Starting to evaluate predicate extract_var#fd003562::ancestorOf#1#ff/2@i85#d2bec06t (iteration 85)
[2026-01-21 06:10:59] (4s) 			 - extract_var#fd003562::ancestorOf#1#ff_delta has 99 rows (order for disjuncts: delta=500000).
[2026-01-21 06:10:59] (4s) Starting to evaluate predicate extract_var#fd003562::ancestorOf#1#ff/2@i86#d2bec06t (iteration 86)
[2026-01-21 06:10:59] (4s) 			 - extract_var#fd003562::ancestorOf#1#ff_delta has 82 rows (order for disjuncts: delta=500000).
[2026-01-21 06:10:59] (4s) Starting to evaluate predicate extract_var#fd003562::ancestorOf#1#ff/2@i87#d2bec06t (iteration 87)
[2026-01-21 06:10:59] (4s) 			 - extract_var#fd003562::ancestorOf#1#ff_delta has 71 rows (order for disjuncts: delta=500000).
[2026-01-21 06:10:59] (4s) Starting to evaluate predicate extract_var#fd003562::ancestorOf#1#ff/2@i88#d2bec06t (iteration 88)
[2026-01-21 06:10:59] (4s) 			 - extract_var#fd003562::ancestorOf#1#ff_delta has 62 rows (order for disjuncts: delta=500000).
[2026-01-21 06:10:59] (4s) Starting to evaluate predicate extract_var#fd003562::ancestorOf#1#ff/2@i89#d2bec06t (iteration 89)
[2026-01-21 06:10:59] (4s) 			 - extract_var#fd003562::ancestorOf#1#ff_delta has 55 rows (order for disjuncts: delta=500000).
[2026-01-21 06:10:59] (4s) Starting to evaluate predicate extract_var#fd003562::ancestorOf#1#ff/2@i90#d2bec06t (iteration 90)
[2026-01-21 06:10:59] (4s) 			 - extract_var#fd003562::ancestorOf#1#ff_delta has 46 rows (order for disjuncts: delta=500000).
[2026-01-21 06:10:59] (4s) Starting to evaluate predicate extract_var#fd003562::ancestorOf#1#ff/2@i91#d2bec06t (iteration 91)
[2026-01-21 06:10:59] (4s) 			 - extract_var#fd003562::ancestorOf#1#ff_delta has 38 rows (order for disjuncts: delta=500000).
[2026-01-21 06:10:59] (4s) Starting to evaluate predicate extract_var#fd003562::ancestorOf#1#ff/2@i92#d2bec06t (iteration 92)
[2026-01-21 06:10:59] (4s) 			 - extract_var#fd003562::ancestorOf#1#ff_delta has 31 rows (order for disjuncts: delta=500000).
[2026-01-21 06:10:59] (4s) Starting to evaluate predicate extract_var#fd003562::ancestorOf#1#ff/2@i93#d2bec06t (iteration 93)
[2026-01-21 06:10:59] (4s) 			 - extract_var#fd003562::ancestorOf#1#ff_delta has 25 rows (order for disjuncts: delta=500000).
[2026-01-21 06:10:59] (4s) Starting to evaluate predicate extract_var#fd003562::ancestorOf#1#ff/2@i94#d2bec06t (iteration 94)
[2026-01-21 06:10:59] (4s) 			 - extract_var#fd003562::ancestorOf#1#ff_delta has 17 rows (order for disjuncts: delta=500000).
[2026-01-21 06:10:59] (4s) Starting to evaluate predicate extract_var#fd003562::ancestorOf#1#ff/2@i95#d2bec06t (iteration 95)
[2026-01-21 06:10:59] (4s) 			 - extract_var#fd003562::ancestorOf#1#ff_delta has 9 rows (order for disjuncts: delta=500000).
[2026-01-21 06:10:59] (4s) Starting to evaluate predicate extract_var#fd003562::ancestorOf#1#ff/2@i96#d2bec06t (iteration 96)
[2026-01-21 06:10:59] (4s) 			 - extract_var#fd003562::ancestorOf#1#ff_delta has 4 rows (order for disjuncts: delta=500000).
[2026-01-21 06:10:59] (4s) Starting to evaluate predicate extract_var#fd003562::ancestorOf#1#ff/2@i97#d2bec06t (iteration 97)
[2026-01-21 06:10:59] (4s) 			 - extract_var#fd003562::ancestorOf#1#ff_delta has 1 rows (order for disjuncts: delta=500000).
[2026-01-21 06:10:59] (4s) Starting to evaluate predicate extract_var#fd003562::ancestorOf#1#ff/2@i98#d2bec06t (iteration 98)
[2026-01-21 06:10:59] (4s) Empty delta for extract_var#fd003562::ancestorOf#1#ff_delta (order for disjuncts: delta=500000).
[2026-01-21 06:10:59] (4s) Accumulating deltas
[2026-01-21 06:10:59] (4s)  >>> Created relation extract_var#fd003562::ancestorOf#1#ff/2@d2bec06t with 843842 rows and digest 2a60ccn106uf2ondg5msakcr4g3.
[2026-01-21 06:10:59] (4s) Starting to evaluate predicate extract_var#fd003562::ancestorOfFixLoc#1#f/1@1db8d6pp
[2026-01-21 06:10:59] (4s)  >>> Created relation extract_var#fd003562::ancestorOfFixLoc#1#f/1@1db8d6pp with 10 rows and digest 4e928ds3s6v27boqfq95dvqdsm0.
[2026-01-21 06:10:59] (4s) Starting to evaluate predicate Expr#ef463c5d::Expr::getChild#1#dispred#fff/3@2667ff37
[2026-01-21 06:10:59] (4s)  >>> Created relation Expr#ef463c5d::Expr::getChild#1#dispred#fff/3@2667ff37 with 94703 rows and digest c947e7165ni6k14jrclc6ptrep2.
[2026-01-21 06:10:59] (4s) Starting to evaluate predicate locations_expr_23450#join_rhs/5@005e2dga
[2026-01-21 06:10:59] (4s)  >>> Created relation locations_expr_23450#join_rhs/5@005e2dga with 89952 rows and digest df9496fiu1vg5ikpqpg49cakocb.
[2026-01-21 06:10:59] (4s) Starting to evaluate predicate Location#bd5c7591::UnknownExprLocation#f/1@3a08d10p
[2026-01-21 06:10:59] (4s)  >>> Created relation Location#bd5c7591::UnknownExprLocation#f/1@3a08d10p with 1 rows and digest 706accuggjh0omsfn5u21p62639.
[2026-01-21 06:10:59] (4s) Starting to evaluate predicate _Expr#ef463c5d::Expr::getParent#0#dispred#ff_Location#bd5c7591::UnknownExprLocation#f_exprs#join_rhs/2@6f70basi
[2026-01-21 06:10:59] (4s)  >>> Created relation _Expr#ef463c5d::Expr::getParent#0#dispred#ff_Location#bd5c7591::UnknownExprLocation#f_exprs#join_rhs/2@6f70basi with 2064 rows and digest 9426ee0abmm15g3vuqc8r0s5dq9.
[2026-01-21 06:10:59] (4s) Starting to evaluate predicate Expr#ef463c5d::Expr::getExprLocationOverride#ff/2@i1#dc2b99hk (iteration 1)
[2026-01-21 06:10:59] (4s) 			 - Expr#ef463c5d::Expr::getExprLocationOverride#ff_delta has 4 rows (order for disjuncts: delta=<standard>).
[2026-01-21 06:10:59] (4s) Starting to evaluate predicate Expr#ef463c5d::Expr::getExprLocationOverride#ff/2@i2#dc2b99hk (iteration 2)
[2026-01-21 06:10:59] (4s) 			 - Expr#ef463c5d::Expr::getExprLocationOverride#ff_delta has 2 rows (order for disjuncts: delta=317).
[2026-01-21 06:10:59] (4s) Starting to evaluate predicate Expr#ef463c5d::Expr::getExprLocationOverride#ff/2@i3#dc2b99hk (iteration 3)
[2026-01-21 06:10:59] (4s) Empty delta for Expr#ef463c5d::Expr::getExprLocationOverride#ff_delta (order for disjuncts: delta=317).
[2026-01-21 06:10:59] (4s) Accumulating deltas
[2026-01-21 06:10:59] (4s)  >>> Created relation Expr#ef463c5d::Expr::getExprLocationOverride#ff/2@dc2b99hk with 6 rows and digest 875478ke2g3mvrhgb6k28bhn4j2.
[2026-01-21 06:10:59] (4s) Starting to evaluate predicate project#Expr#ef463c5d::Expr::getExprLocationOverride#ff/1@5f4b99gn
[2026-01-21 06:10:59] (4s)  >>> Created relation project#Expr#ef463c5d::Expr::getExprLocationOverride#ff/1@5f4b99gn with 6 rows and digest 4528fdis3v0gm70fbtvrapn01e9.
[2026-01-21 06:10:59] (4s) Starting to evaluate predicate Expr#ef463c5d::Expr::getLocation#0#dispred#ff/2@555a09jf
[2026-01-21 06:10:59] (4s)  >>> Created relation Expr#ef463c5d::Expr::getLocation#0#dispred#ff/2@555a09jf with 176625 rows and digest 3118965qgbn4fbkuuaohee23630.
[2026-01-21 06:10:59] (4s) Starting to evaluate predicate m#Assignment#9d5edc7a::Assignment::getLValue#0#dispred#fb/1@6a0b7eck
[2026-01-21 06:10:59] (4s)  >>> Created relation m#Assignment#9d5edc7a::Assignment::getLValue#0#dispred#fb/1@6a0b7eck with 6 rows and digest 05b3298o7t98fcae665fdkjgk05.
[2026-01-21 06:10:59] (4s) Starting to evaluate predicate Assignment#9d5edc7a::Assignment#b/1@8a98c438
[2026-01-21 06:10:59] (4s)  >>> Created relation Assignment#9d5edc7a::Assignment#b/1@8a98c438 with 1 rows and digest 366ee4rvet33lci232nsfvg4415.
[2026-01-21 06:10:59] (4s) Starting to evaluate predicate Assignment#9d5edc7a::Assignment::getLValue#0#dispred#fb/2@ac75a4km
[2026-01-21 06:10:59] (4s)  >>> Created relation Assignment#9d5edc7a::Assignment::getLValue#0#dispred#fb/2@ac75a4km with 1 rows and digest a6943faevrekseu6g43aqjc7mi9.
[2026-01-21 06:10:59] (4s) Starting to evaluate predicate extract_var#fd003562::isExprSource#1#f/1@04b20ev2
[2026-01-21 06:10:59] (4s)  >>> Created relation extract_var#fd003562::isExprSource#1#f/1@04b20ev2 with 1 rows and digest 7ba744s8t4ki5itlo4815545c3a.
[2026-01-21 06:10:59] (4s)  >>> Created relation var_def/1@4c1b4ejk with 13585 rows and digest 9b26bf90t3jkcjecoscbpskqlv6.
[2026-01-21 06:10:59] (4s)  >>> Created relation var_decls/5@71ec47li with 20248 rows and digest ba164b0jnhakovehb542es83m0f.
[2026-01-21 06:10:59] (4s) Starting to evaluate predicate Variable#7a968d4e::Variable::getDefinitionLocation#0#dispred#fb/2@b70799gp
[2026-01-21 06:10:59] (4s)  >>> Created relation Variable#7a968d4e::Variable::getDefinitionLocation#0#dispred#fb/2@b70799gp with 0 rows and digest THIS-RELATION-HAS-NO-TUPLES.
[2026-01-21 06:10:59] (4s) Inferred that Variable#7a968d4e::LocalVariable::getFunction#0#dispred#bb/2@823c8e0g is empty, due to Variable#7a968d4e::Variable::getDefinitionLocation#0#dispred#fb/2@b70799gp.
[2026-01-21 06:10:59] (4s) Inferred that extract_var#fd003562::isDeclarationSource#1#f/1@5528ff29 is empty, due to Variable#7a968d4e::LocalVariable::getFunction#0#dispred#bb/2@823c8e0g.
[2026-01-21 06:10:59] (4s)  >>> Created relation Variable#7a968d4e::LocalVariable::getFunction#0#dispred#bb/2@823c8e0g with 0 rows and digest THIS-RELATION-HAS-NO-TUPLES.
[2026-01-21 06:10:59] (4s)  >>> Created relation extract_var#fd003562::isDeclarationSource#1#f/1@5528ff29 with 0 rows and digest THIS-RELATION-HAS-NO-TUPLES.
[2026-01-21 06:10:59] (4s) Starting to evaluate predicate DataFlowImpl1#bece54ca::Configuration::isSource#1#dispred#cpe#2#f/1@4c1dcfcs
[2026-01-21 06:10:59] (4s)  >>> Created relation DataFlowImpl1#bece54ca::Configuration::isSource#1#dispred#cpe#2#f/1@4c1dcfcs with 1 rows and digest ad546a3cfvv2fi9ch3c37tpeadf.
[2026-01-21 06:10:59] (4s) Starting to evaluate predicate DataFlowImpl#6ed98661::Impl#DataFlowImpl1#bece54ca::Config#::sourceNode#2#ff/2@e428d50h
[2026-01-21 06:10:59] (4s)  >>> Created relation DataFlowImpl#6ed98661::Impl#DataFlowImpl1#bece54ca::Config#::sourceNode#2#ff/2@e428d50h with 1 rows and digest d3955fbqmgos1oe175qf9rp88ha.
[2026-01-21 06:10:59] (4s) Starting to evaluate predicate project#DataFlowImplCommon#6f4b4818::Cached::returnNodeExt#2/1@45262fdf
[2026-01-21 06:10:59] (4s)  >>> Created relation project#DataFlowImplCommon#6f4b4818::Cached::returnNodeExt#2/1@45262fdf with 10180 rows and digest 2b25b40bglb5u1poc1ralk22dia.
[2026-01-21 06:10:59] (4s) Starting to evaluate predicate DataFlowImpl#6ed98661::Impl#DataFlowImpl1#bece54ca::Config#::RetNodeEx#f/1@d9ce70qf
[2026-01-21 06:10:59] (4s)  >>> Created relation DataFlowImpl#6ed98661::Impl#DataFlowImpl1#bece54ca::Config#::RetNodeEx#f/1@d9ce70qf with 10180 rows and digest 2b25b40bglb5u1poc1ralk22dia.
[2026-01-21 06:10:59] (4s) Starting to evaluate predicate _DataFlowImpl#6ed98661::Impl#DataFlowImpl1#bece54ca::Config#::RetNodeEx#f_num#DataFlowImpl#6ed98661:__#shared/2@4fa78cpj
[2026-01-21 06:10:59] (4s)  >>> Created relation _DataFlowImpl#6ed98661::Impl#DataFlowImpl1#bece54ca::Config#::RetNodeEx#f_num#DataFlowImpl#6ed98661:__#shared/2@4fa78cpj with 10180 rows and digest 764fd6d782jurlh7umrendn243c.
[2026-01-21 06:10:59] (4s) Starting to evaluate predicate DataFlowImplCommon#6f4b4818::ReturnNodeExt::getKind#0#dispred#ff/2@7fc38f62
[2026-01-21 06:10:59] (4s)  >>> Created relation DataFlowImplCommon#6f4b4818::ReturnNodeExt::getKind#0#dispred#ff/2@7fc38f62 with 10180 rows and digest 723affsdtji0tie9sn04cqle9d2.
[2026-01-21 06:10:59] (4s) Starting to evaluate predicate DataFlowImplCommon#6f4b4818::returnNodeGetEnclosingCallable#1#ff/2@69501emi
[2026-01-21 06:10:59] (4s)  >>> Created relation DataFlowImplCommon#6f4b4818::returnNodeGetEnclosingCallable#1#ff/2@69501emi with 10180 rows and digest 8ef10eisncs7088dmf445nbj7e6.
[2026-01-21 06:10:59] (4s) Starting to evaluate predicate DataFlowImplCommon#6f4b4818::returnNodeGetEnclosingCallable#1#ff_10#join_rhs/2@e715947j
[2026-01-21 06:10:59] (4s)  >>> Created relation DataFlowImplCommon#6f4b4818::returnNodeGetEnclosingCallable#1#ff_10#join_rhs/2@e715947j with 10180 rows and digest f29286o6vi027sgfjhf6ojhf4ca.
[2026-01-21 06:10:59] (4s) Starting to evaluate predicate DataFlowImplCommon#6f4b4818::getReturnPosition0#2#fff/3@edf6ebt7
[2026-01-21 06:10:59] (4s)  >>> Created relation DataFlowImplCommon#6f4b4818::getReturnPosition0#2#fff/3@edf6ebt7 with 42787 rows and digest a31112bigaaccadkom6kt0ne8f6.
[2026-01-21 06:10:59] (4s) Starting to evaluate predicate DataFlowImplCommon#6f4b4818::getReturnPosition#1#ff/2@d39062hc
[2026-01-21 06:10:59] (4s)  >>> Created relation DataFlowImplCommon#6f4b4818::getReturnPosition#1#ff/2@d39062hc with 10180 rows and digest 24e81fe3kn97ev7nle2btecq1d0.
[2026-01-21 06:10:59] (4s) Starting to evaluate predicate DataFlowImpl#6ed98661::Impl#DataFlowImpl1#bece54ca::Config#::getReturnPosition#0#dispred#ff/2@75f0781f
[2026-01-21 06:10:59] (4s)  >>> Created relation DataFlowImpl#6ed98661::Impl#DataFlowImpl1#bece54ca::Config#::getReturnPosition#0#dispred#ff/2@75f0781f with 10180 rows and digest 24e81fe3kn97ev7nle2btecq1d0.
[2026-01-21 06:10:59] (4s) Starting to evaluate predicate DataFlowImpl#6ed98661::Impl#DataFlowImpl1#bece54ca::Config#::getKind#0#dispred#ff/2@52272eug
[2026-01-21 06:10:59] (4s)  >>> Created relation DataFlowImpl#6ed98661::Impl#DataFlowImpl1#bece54ca::Config#::getKind#0#dispred#ff/2@52272eug with 10180 rows and digest 723affsdtji0tie9sn04cqle9d2.
[2026-01-21 06:10:59] (4s) Starting to evaluate predicate extract_var#fd003562::isExprSink#1#f/1@b2fae01d
[2026-01-21 06:10:59] (4s)  >>> Created relation extract_var#fd003562::isExprSink#1#f/1@b2fae01d with 13 rows and digest 6f6c0e3ias7fad2rv9ai6i9i924.
[2026-01-21 06:10:59] (4s) Starting to evaluate predicate DataFlowImpl#6ed98661::Impl#DataFlowImpl1#bece54ca::Config#::sinkNode#2#ff/2@54edf6d1
[2026-01-21 06:10:59] (4s)  >>> Created relation DataFlowImpl#6ed98661::Impl#DataFlowImpl1#bece54ca::Config#::sinkNode#2#ff/2@54edf6d1 with 13 rows and digest 769c919b5gjl829umd43vdcbph2.
[2026-01-21 06:10:59] (4s) Starting to evaluate predicate const_false/1@e7af61d6
[2026-01-21 06:10:59] (4s)  >>> Created relation const_false/1@e7af61d6 with 1 rows and digest 7e2960edn065n1qkkkdo9atsec4.
[2026-01-21 06:10:59] (4s) Starting to evaluate predicate const_true/1@b54f59f4
[2026-01-21 06:10:59] (4s)  >>> Created relation const_true/1@b54f59f4 with 1 rows and digest a893328hs05n6r6ac664gmlsk88.
[2026-01-21 06:10:59] (4s) Starting to evaluate predicate DataFlowImpl#6ed98661::Impl#DataFlowImpl1#bece54ca::Config#::Stage2Param::Ap#f/1@2fc28eiq
[2026-01-21 06:10:59] (4s)  >>> Created relation DataFlowImpl#6ed98661::Impl#DataFlowImpl1#bece54ca::Config#::Stage2Param::Ap#f/1@2fc28eiq with 2 rows and digest 607404kiu5j9p096j0t56i87r4d.
[2026-01-21 06:10:59] (4s) Starting to evaluate predicate _DataFlowImpl#6ed98661::Impl#DataFlowImpl1#bece54ca::Config#::Stage2Param::Ap#f_const_false#join_rhs/0@d18ba3ot
[2026-01-21 06:10:59] (4s)  >>> Created relation _DataFlowImpl#6ed98661::Impl#DataFlowImpl1#bece54ca::Config#::Stage2Param::Ap#f_const_false#join_rhs/0@d18ba3ot with 1 rows and digest fd6820o6135r0vvaoscapm97f53.
[2026-01-21 06:10:59] (4s) Starting to evaluate predicate _DataFlowImplCommon#6f4b4818::Cached::TAnyCallContext#f_DataFlowImplCommon#6f4b4818::Cached::TParamN__#shared/2@4154c8hh
[2026-01-21 06:10:59] (4s)  >>> Created relation _DataFlowImplCommon#6f4b4818::Cached::TAnyCallContext#f_DataFlowImplCommon#6f4b4818::Cached::TParamN__#shared/2@4154c8hh with 1 rows and digest 3557295s01c2e6rlm01uv27d50d.
[2026-01-21 06:10:59] (4s) Starting to evaluate predicate project#DataFlowImpl#6ed98661::Impl#DataFlowImpl1#bece54ca::Config#::sourceNode#2#ff/1@1f87fdl3
[2026-01-21 06:10:59] (4s)  >>> Created relation project#DataFlowImpl#6ed98661::Impl#DataFlowImpl1#bece54ca::Config#::sourceNode#2#ff/1@1f87fdl3 with 1 rows and digest 751409erq7l4p07vda6rsvi12cf.
[2026-01-21 06:10:59] (4s) Starting to evaluate predicate DataFlowImpl#6ed98661::Impl#DataFlowImpl1#bece54ca::Config#::sinkNode#2#ff_10#join_rhs/2@b70b74me
[2026-01-21 06:10:59] (4s)  >>> Created relation DataFlowImpl#6ed98661::Impl#DataFlowImpl1#bece54ca::Config#::sinkNode#2#ff_10#join_rhs/2@b70b74me with 13 rows and digest a60895nsaengfff1q8rvdhusgbc.
[2026-01-21 06:10:59] (4s) Starting to evaluate predicate const_false_false/2@26fecfl2
[2026-01-21 06:10:59] (4s)  >>> Created relation const_false_false/2@26fecfl2 with 1 rows and digest c7c194iqr8jjvbbfd5u044hrggd.
[2026-01-21 06:10:59] (4s) Starting to evaluate predicate const_true_true/2@9c90fail
[2026-01-21 06:10:59] (4s)  >>> Created relation const_true_true/2@9c90fail with 1 rows and digest 99ce72sdbl3fa63jg6a6tjbsb7a.
[2026-01-21 06:10:59] (4s) Starting to evaluate predicate DataFlowImplCommon#6f4b4818::Cached::viableParamArg#3#fff_102#join_rhs/3@3c9f2fqp
[2026-01-21 06:10:59] (4s)  >>> Created relation DataFlowImplCommon#6f4b4818::Cached::viableParamArg#3#fff_102#join_rhs/3@3c9f2fqp with 11776 rows and digest c72dfai9ll0ef4stjq76t6ouog7.
[2026-01-21 06:10:59] (4s) Starting to evaluate predicate DataFlowImpl#6ed98661::Impl#DataFlowImpl1#bece54ca::Config#::viableParamArgEx#3#fff/3@e027f7d2
[2026-01-21 06:10:59] (4s)  >>> Created relation DataFlowImpl#6ed98661::Impl#DataFlowImpl1#bece54ca::Config#::viableParamArgEx#3#fff/3@e027f7d2 with 11776 rows and digest d1df4fe579oq8ipo7nu30ntkoh9.
[2026-01-21 06:10:59] (4s) Starting to evaluate predicate project#DataFlowImpl#6ed98661::Impl#DataFlowImpl1#bece54ca::Config#::viableParamArgEx#3#fff/2@a045e819
[2026-01-21 06:10:59] (4s)  >>> Created relation project#DataFlowImpl#6ed98661::Impl#DataFlowImpl1#bece54ca::Config#::viableParamArgEx#3#fff/2@a045e819 with 11776 rows and digest f59d1d5b1fk2vbp61jbs0okhqo9.
[2026-01-21 06:10:59] (4s) Starting to evaluate predicate project#DataFlowImpl#6ed98661::Impl#DataFlowImpl1#bece54ca::Config#::viableParamArgEx#3#fff_10#join_rhs/2@4133d6tm
[2026-01-21 06:10:59] (4s)  >>> Created relation project#DataFlowImpl#6ed98661::Impl#DataFlowImpl1#bece54ca::Config#::viableParamArgEx#3#fff_10#join_rhs/2@4133d6tm with 11776 rows and digest 1bf06d2p9dhg9hn07fo20a0il98.
[2026-01-21 06:10:59] (4s) Starting to evaluate predicate _const_true_true#join_rhs/2@7fa00373
[2026-01-21 06:10:59] (4s)  >>> Created relation _const_true_true#join_rhs/2@7fa00373 with 1 rows and digest 3f79e9oqjb2b68do6dn1esp2rn0.
[2026-01-21 06:10:59] (4s) Starting to evaluate predicate DataFlowImpl#6ed98661::Impl#DataFlowImpl1#bece54ca::Config#::viableReturnPosOutEx#3#fff/3@381981f4
[2026-01-21 06:10:59] (4s)  >>> Created relation DataFlowImpl#6ed98661::Impl#DataFlowImpl1#bece54ca::Config#::viableReturnPosOutEx#3#fff/3@381981f4 with 10532 rows and digest 922220e4ur05946qsg8t0fqg4l4.
[2026-01-21 06:10:59] (4s) Starting to evaluate predicate project#DataFlowImpl#6ed98661::Impl#DataFlowImpl1#bece54ca::Config#::viableReturnPosOutEx#3#fff/2@79d05591
[2026-01-21 06:10:59] (4s)  >>> Created relation project#DataFlowImpl#6ed98661::Impl#DataFlowImpl1#bece54ca::Config#::viableReturnPosOutEx#3#fff/2@79d05591 with 10532 rows and digest 370c3fisi16j4gioc6afd0rogc0.
[2026-01-21 06:10:59] (4s) Starting to evaluate predicate DataFlowImpl#6ed98661::Impl#DataFlowImpl1#bece54ca::Config#::readSetEx#3#fff/3@c6e89d7e
[2026-01-21 06:10:59] (4s)  >>> Created relation DataFlowImpl#6ed98661::Impl#DataFlowImpl1#bece54ca::Config#::readSetEx#3#fff/3@c6e89d7e with 7241 rows and digest 684eefnclf1tvpciksg2m57179f.
[2026-01-21 06:10:59] (4s) Starting to evaluate predicate DataFlowImpl#6ed98661::Impl#DataFlowImpl1#bece54ca::Config#::additionalLocalFlowStep#2#ff/2@f806172l
[2026-01-21 06:10:59] (5s)  >>> Created relation DataFlowImpl#6ed98661::Impl#DataFlowImpl1#bece54ca::Config#::additionalLocalFlowStep#2#ff/2@f806172l with 535177 rows and digest 7500db98s3je2jdurns3d5ovqq8.
[2026-01-21 06:10:59] (5s) Starting to evaluate predicate DataFlowImpl#6ed98661::Impl#DataFlowImpl1#bece54ca::Config#::localFlowStepEx#2#ff/2@831c315a
[2026-01-21 06:10:59] (5s)  >>> Created relation DataFlowImpl#6ed98661::Impl#DataFlowImpl1#bece54ca::Config#::localFlowStepEx#2#ff/2@831c315a with 96430 rows and digest d13dc4a84knrne2ooihe8nv0vkf.
[2026-01-21 06:10:59] (5s) Starting to evaluate predicate DataFlowImpl#6ed98661::Impl#DataFlowImpl1#bece54ca::Config#::viableReturnPosOutEx#3#fff_102#join_rhs/3@82f743mq
[2026-01-21 06:10:59] (5s)  >>> Created relation DataFlowImpl#6ed98661::Impl#DataFlowImpl1#bece54ca::Config#::viableReturnPosOutEx#3#fff_102#join_rhs/3@82f743mq with 10532 rows and digest 6ee892qrhirf5fbcm5giq45a178.
[2026-01-21 06:10:59] (5s) Starting to evaluate predicate project#DataFlowImpl#6ed98661::Impl#DataFlowImpl1#bece54ca::Config#::viableParamArgEx#3#fff#2/2@ed4adamr
[2026-01-21 06:10:59] (5s)  >>> Created relation project#DataFlowImpl#6ed98661::Impl#DataFlowImpl1#bece54ca::Config#::viableParamArgEx#3#fff#2/2@ed4adamr with 11776 rows and digest ea83128b06637ijgq7raa47igse.
[2026-01-21 06:10:59] (5s) Starting to evaluate predicate project#DataFlowImpl#6ed98661::Impl#DataFlowImpl1#bece54ca::Config#::viableParamArgEx#3#fff#2_10#join_rhs/2@9ddd5d5u
[2026-01-21 06:10:59] (5s)  >>> Created relation project#DataFlowImpl#6ed98661::Impl#DataFlowImpl1#bece54ca::Config#::viableParamArgEx#3#fff#2_10#join_rhs/2@9ddd5d5u with 11776 rows and digest 1043a0kh5ogplip1fakqtr8qj69.
[2026-01-21 06:10:59] (5s) Starting to evaluate predicate num#DataFlowUtil#7572fbec::TFieldContent#ff/2@90f652ec
[2026-01-21 06:10:59] (5s)  >>> Created relation num#DataFlowUtil#7572fbec::TFieldContent#ff/2@90f652ec with 1899 rows and digest dfdebc9mug2ctqu0rd2kh000tuc.
[2026-01-21 06:10:59] (5s) Starting to evaluate predicate num#DataFlowUtil#7572fbec::TArrayContent#f/1@894b55lh
[2026-01-21 06:10:59] (5s)  >>> Created relation num#DataFlowUtil#7572fbec::TArrayContent#f/1@894b55lh with 1 rows and digest 7716e5cccev4f2kt2t9642fe1j4.
[2026-01-21 06:10:59] (5s) Starting to evaluate predicate num#DataFlowUtil#7572fbec::TCollectionContent#f/1@e1e484et
[2026-01-21 06:10:59] (5s)  >>> Created relation num#DataFlowUtil#7572fbec::TCollectionContent#f/1@e1e484et with 1 rows and digest 63ae8dqgl753h2rcd4950ruah83.
[2026-01-21 06:10:59] (5s) Starting to evaluate predicate DataFlowUtil#7572fbec::Content#f/1@744070j9
[2026-01-21 06:10:59] (5s)  >>> Created relation DataFlowUtil#7572fbec::Content#f/1@744070j9 with 1901 rows and digest 1065b4graillfic4g7hc56tr6fc.
[2026-01-21 06:10:59] (5s) Starting to evaluate predicate project#DataFlowImpl#6ed98661::Impl#DataFlowImpl1#bece54ca::Config#::readSetEx#3#fff/1@40c660gk
[2026-01-21 06:10:59] (5s)  >>> Created relation project#DataFlowImpl#6ed98661::Impl#DataFlowImpl1#bece54ca::Config#::readSetEx#3#fff/1@40c660gk with 746 rows and digest c9cf66l1hp0a6nf9dreudspode5.
[2026-01-21 06:10:59] (5s) Starting to evaluate predicate DataFlowImpl#6ed98661::Impl#DataFlowImpl1#bece54ca::Config#::hasReadStep#1#f/1@1522c8to
[2026-01-21 06:10:59] (5s)  >>> Created relation DataFlowImpl#6ed98661::Impl#DataFlowImpl1#bece54ca::Config#::hasReadStep#1#f/1@1522c8to with 746 rows and digest 9859f3i23i80aj5ocauv86hk4bd.
[2026-01-21 06:10:59] (5s) Starting to evaluate predicate DataFlowImplCommon#6f4b4818::Cached::store#4#ffff_1023#join_rhs/4@71ae1cbd
[2026-01-21 06:10:59] (5s)  >>> Created relation DataFlowImplCommon#6f4b4818::Cached::store#4#ffff_1023#join_rhs/4@71ae1cbd with 14482 rows and digest 4e87648vdbht57vukv8u687gtlb.
[2026-01-21 06:10:59] (5s) Starting to evaluate predicate DataFlowImpl#6ed98661::Impl#DataFlowImpl1#bece54ca::Config#::storeEx#4#ffff/4@5b45d06d
[2026-01-21 06:10:59] (5s)  >>> Created relation DataFlowImpl#6ed98661::Impl#DataFlowImpl1#bece54ca::Config#::storeEx#4#ffff/4@5b45d06d with 14013 rows and digest c0f0ebopgcgc3ss23m8qbcv29ja.
[2026-01-21 06:10:59] (5s) Starting to evaluate predicate project#DataFlowImpl#6ed98661::Impl#DataFlowImpl1#bece54ca::Config#::storeEx#4#ffff/2@70b67bq8
[2026-01-21 06:10:59] (5s)  >>> Created relation project#DataFlowImpl#6ed98661::Impl#DataFlowImpl1#bece54ca::Config#::storeEx#4#ffff/2@70b67bq8 with 14013 rows and digest a923a736leehqok0nb9vtgqg8i5.
[2026-01-21 06:10:59] (5s) Starting to evaluate predicate project#DataFlowImpl#6ed98661::Impl#DataFlowImpl1#bece54ca::Config#::storeEx#4#ffff#2/2@50296afs
[2026-01-21 06:10:59] (5s)  >>> Created relation project#DataFlowImpl#6ed98661::Impl#DataFlowImpl1#bece54ca::Config#::storeEx#4#ffff#2/2@50296afs with 14013 rows and digest 2574ccjjn0e09e6ngjhf3clc2r8.
[2026-01-21 06:10:59] (5s) Starting to evaluate predicate const_2/1@cf2cf6fm
[2026-01-21 06:10:59] (5s)  >>> Created relation const_2/1@cf2cf6fm with 1 rows and digest 424b0fsiq70pe9b20lesur9c1na.
[2026-01-21 06:10:59] (5s) Starting to evaluate predicate const_2_2/2@3c1025bs
[2026-01-21 06:10:59] (5s)  >>> Created relation const_2_2/2@3c1025bs with 1 rows and digest 02d003ks765tddepnh50v8d3n26.
[2026-01-21 06:10:59] (5s) Starting to evaluate predicate DataFlowImpl1#bece54ca::Config::fieldFlowBranchLimit#0#f/1@43d8813k
[2026-01-21 06:10:59] (5s)  >>> Created relation DataFlowImpl1#bece54ca::Config::fieldFlowBranchLimit#0#f/1@43d8813k with 1 rows and digest 424b0fsiq70pe9b20lesur9c1na.
[2026-01-21 06:10:59] (5s) Starting to evaluate predicate DataFlowImpl#6ed98661::Impl#DataFlowImpl1#bece54ca::Config#::useFieldFlow#0#/0@1d2b0eq2
[2026-01-21 06:10:59] (5s)  >>> Created relation DataFlowImpl#6ed98661::Impl#DataFlowImpl1#bece54ca::Config#::useFieldFlow#0#/0@1d2b0eq2 with 1 rows and digest fd6820o6135r0vvaoscapm97f53.
[2026-01-21 06:10:59] (5s) Starting to evaluate predicate DataFlowImpl#6ed98661::Impl#DataFlowImpl1#bece54ca::Config#::Stage1::fwdFlowConsCand#1#f/1@i1#c83af2w8 (iteration 1)
[2026-01-21 06:10:59] (5s) Empty delta for DataFlowImpl#6ed98661::Impl#DataFlowImpl1#bece54ca::Config#::Stage1::fwdFlowConsCand#1#f_delta (order for disjuncts: delta=<standard>).
[2026-01-21 06:10:59] (5s) Starting to evaluate predicate DataFlowImpl#6ed98661::Impl#DataFlowImpl1#bece54ca::Config#::Stage1::fwdFlowIsEntered#2#ff/2@i1#c83af1w8 (iteration 1)
[2026-01-21 06:10:59] (5s) Empty delta for DataFlowImpl#6ed98661::Impl#DataFlowImpl1#bece54ca::Config#::Stage1::fwdFlowIsEntered#2#ff_delta (order for disjuncts: delta=<standard>).
[2026-01-21 06:10:59] (5s) Starting to evaluate predicate DataFlowImpl#6ed98661::Impl#DataFlowImpl1#bece54ca::Config#::Stage1::fwdFlowOutFromArg#2#ff/2@i1#c83af0w8 (iteration 1)
[2026-01-21 06:10:59] (5s) Empty delta for DataFlowImpl#6ed98661::Impl#DataFlowImpl1#bece54ca::Config#::Stage1::fwdFlowOutFromArg#2#ff_delta (order for disjuncts: delta=<standard>).
[2026-01-21 06:10:59] (5s) Starting to evaluate predicate DataFlowImpl#6ed98661::Impl#DataFlowImpl1#bece54ca::Config#::Stage1::fwdFlowConsCandSet#2#ff/2@i1#c83afzc8 (iteration 1)
[2026-01-21 06:10:59] (5s) Empty delta for DataFlowImpl#6ed98661::Impl#DataFlowImpl1#bece54ca::Config#::Stage1::fwdFlowConsCandSet#2#ff_delta (order for disjuncts: delta=<standard>).
[2026-01-21 06:10:59] (5s) Starting to evaluate predicate DataFlowImpl#6ed98661::Impl#DataFlowImpl1#bece54ca::Config#::Stage1::fwdFlowReadSet#3#fff/3@i1#c83afyc8 (iteration 1)
[2026-01-21 06:10:59] (5s) Empty delta for DataFlowImpl#6ed98661::Impl#DataFlowImpl1#bece54ca::Config#::Stage1::fwdFlowReadSet#3#fff_delta (order for disjuncts: delta=<standard>).
[2026-01-21 06:10:59] (5s) Starting to evaluate predicate DataFlowImpl#6ed98661::Impl#DataFlowImpl1#bece54ca::Config#::Stage1::fwdFlowReturnPosition#2#ff/2@i1#c83afxc8 (iteration 1)
[2026-01-21 06:10:59] (5s) Empty delta for DataFlowImpl#6ed98661::Impl#DataFlowImpl1#bece54ca::Config#::Stage1::fwdFlowReturnPosition#2#ff_delta (order for disjuncts: delta=<standard>).
[2026-01-21 06:10:59] (5s) Starting to evaluate predicate DataFlowImpl#6ed98661::Impl#DataFlowImpl1#bece54ca::Config#::Stage1::fwdFlow#2#ff/2@i1#c83afwc8 (iteration 1)
[2026-01-21 06:10:59] (5s) 			 - DataFlowImpl#6ed98661::Impl#DataFlowImpl1#bece54ca::Config#::Stage1::fwdFlow#2#ff_delta has 1 rows (order for disjuncts: delta=<standard>).
[2026-01-21 06:10:59] (5s) Starting to evaluate predicate DataFlowImpl#6ed98661::Impl#DataFlowImpl1#bece54ca::Config#::Stage1::fwdFlowConsCand#1#f/1@i2#c83af2w8 (iteration 2)
[2026-01-21 06:10:59] (5s) Empty delta for DataFlowImpl#6ed98661::Impl#DataFlowImpl1#bece54ca::Config#::Stage1::fwdFlowConsCand#1#f_delta (order for disjuncts: delta=<standard>).
[2026-01-21 06:10:59] (5s) Starting to evaluate predicate DataFlowImpl#6ed98661::Impl#DataFlowImpl1#bece54ca::Config#::Stage1::fwdFlowIsEntered#2#ff/2@i2#c83af1w8 (iteration 2)
[2026-01-21 06:10:59] (5s) Empty delta for DataFlowImpl#6ed98661::Impl#DataFlowImpl1#bece54ca::Config#::Stage1::fwdFlowIsEntered#2#ff_delta (order for disjuncts: delta=<standard>).
[2026-01-21 06:10:59] (5s) Empty delta for DataFlowImpl#6ed98661::Impl#DataFlowImpl1#bece54ca::Config#::Stage1::fwdFlowOutFromArg#2#ff_delta (order for disjuncts: delta=<standard>).
[2026-01-21 06:10:59] (5s) Empty delta for DataFlowImpl#6ed98661::Impl#DataFlowImpl1#bece54ca::Config#::Stage1::fwdFlowConsCandSet#2#ff_delta (order for disjuncts: delta=<standard>).
[2026-01-21 06:10:59] (5s) Starting to evaluate predicate DataFlowImpl#6ed98661::Impl#DataFlowImpl1#bece54ca::Config#::Stage1::fwdFlowReadSet#3#fff/3@i2#c83afyc8 (iteration 2)
[2026-01-21 06:10:59] (5s) Empty delta for DataFlowImpl#6ed98661::Impl#DataFlowImpl1#bece54ca::Config#::Stage1::fwdFlowReadSet#3#fff_delta (order for disjuncts: delta=<standard>).
[2026-01-21 06:10:59] (5s) Starting to evaluate predicate DataFlowImpl#6ed98661::Impl#DataFlowImpl1#bece54ca::Config#::Stage1::fwdFlowReturnPosition#2#ff/2@i2#c83afxc8 (iteration 2)
[2026-01-21 06:10:59] (5s) Empty delta for DataFlowImpl#6ed98661::Impl#DataFlowImpl1#bece54ca::Config#::Stage1::fwdFlowReturnPosition#2#ff_delta (order for disjuncts: delta=<standard>).
[2026-01-21 06:10:59] (5s) Starting to evaluate predicate DataFlowImpl#6ed98661::Impl#DataFlowImpl1#bece54ca::Config#::Stage1::fwdFlow#2#ff/2@i2#c83afwc8 (iteration 2)
[2026-01-21 06:10:59] (5s) 			 - DataFlowImpl#6ed98661::Impl#DataFlowImpl1#bece54ca::Config#::Stage1::fwdFlow#2#ff_delta has 1 rows (order for disjuncts: delta=<standard>).
[2026-01-21 06:10:59] (5s) Starting to evaluate predicate DataFlowImpl#6ed98661::Impl#DataFlowImpl1#bece54ca::Config#::Stage1::fwdFlowConsCand#1#f/1@i3#c83af2w8 (iteration 3)
[2026-01-21 06:10:59] (5s) Empty delta for DataFlowImpl#6ed98661::Impl#DataFlowImpl1#bece54ca::Config#::Stage1::fwdFlowConsCand#1#f_delta (order for disjuncts: delta=<standard>).
[2026-01-21 06:10:59] (5s) Starting to evaluate predicate DataFlowImpl#6ed98661::Impl#DataFlowImpl1#bece54ca::Config#::Stage1::fwdFlowIsEntered#2#ff/2@i3#c83af1w8 (iteration 3)
[2026-01-21 06:10:59] (5s) Empty delta for DataFlowImpl#6ed98661::Impl#DataFlowImpl1#bece54ca::Config#::Stage1::fwdFlowIsEntered#2#ff_delta (order for disjuncts: delta=<standard>).
[2026-01-21 06:10:59] (5s) Empty delta for DataFlowImpl#6ed98661::Impl#DataFlowImpl1#bece54ca::Config#::Stage1::fwdFlowOutFromArg#2#ff_delta (order for disjuncts: delta=<standard>).
[2026-01-21 06:10:59] (5s) Empty delta for DataFlowImpl#6ed98661::Impl#DataFlowImpl1#bece54ca::Config#::Stage1::fwdFlowConsCandSet#2#ff_delta (order for disjuncts: delta=<standard>).
[2026-01-21 06:10:59] (5s) Starting to evaluate predicate DataFlowImpl#6ed98661::Impl#DataFlowImpl1#bece54ca::Config#::Stage1::fwdFlowReadSet#3#fff/3@i3#c83afyc8 (iteration 3)
[2026-01-21 06:10:59] (5s) Empty delta for DataFlowImpl#6ed98661::Impl#DataFlowImpl1#bece54ca::Config#::Stage1::fwdFlowReadSet#3#fff_delta (order for disjuncts: delta=<standard>).
[2026-01-21 06:10:59] (5s) Starting to evaluate predicate DataFlowImpl#6ed98661::Impl#DataFlowImpl1#bece54ca::Config#::Stage1::fwdFlowReturnPosition#2#ff/2@i3#c83afxc8 (iteration 3)
[2026-01-21 06:10:59] (5s) Empty delta for DataFlowImpl#6ed98661::Impl#DataFlowImpl1#bece54ca::Config#::Stage1::fwdFlowReturnPosition#2#ff_delta (order for disjuncts: delta=<standard>).
[2026-01-21 06:10:59] (5s) Starting to evaluate predicate DataFlowImpl#6ed98661::Impl#DataFlowImpl1#bece54ca::Config#::Stage1::fwdFlow#2#ff/2@i3#c83afwc8 (iteration 3)
[2026-01-21 06:10:59] (5s) 			 - DataFlowImpl#6ed98661::Impl#DataFlowImpl1#bece54ca::Config#::Stage1::fwdFlow#2#ff_delta has 4 rows (order for disjuncts: delta=<standard>).
[2026-01-21 06:10:59] (5s) Starting to evaluate predicate DataFlowImpl#6ed98661::Impl#DataFlowImpl1#bece54ca::Config#::Stage1::fwdFlowConsCand#1#f/1@i4#c83af2w8 (iteration 4)
[2026-01-21 06:10:59] (5s) Empty delta for DataFlowImpl#6ed98661::Impl#DataFlowImpl1#bece54ca::Config#::Stage1::fwdFlowConsCand#1#f_delta (order for disjuncts: delta=<standard>).
[2026-01-21 06:10:59] (5s) Starting to evaluate predicate DataFlowImpl#6ed98661::Impl#DataFlowImpl1#bece54ca::Config#::Stage1::fwdFlowIsEntered#2#ff/2@i4#c83af1w8 (iteration 4)
[2026-01-21 06:10:59] (5s) Empty delta for DataFlowImpl#6ed98661::Impl#DataFlowImpl1#bece54ca::Config#::Stage1::fwdFlowIsEntered#2#ff_delta (order for disjuncts: delta=<standard>).
[2026-01-21 06:10:59] (5s) Empty delta for DataFlowImpl#6ed98661::Impl#DataFlowImpl1#bece54ca::Config#::Stage1::fwdFlowOutFromArg#2#ff_delta (order for disjuncts: delta=<standard>).
[2026-01-21 06:10:59] (5s) Empty delta for DataFlowImpl#6ed98661::Impl#DataFlowImpl1#bece54ca::Config#::Stage1::fwdFlowConsCandSet#2#ff_delta (order for disjuncts: delta=<standard>).
[2026-01-21 06:10:59] (5s) Starting to evaluate predicate DataFlowImpl#6ed98661::Impl#DataFlowImpl1#bece54ca::Config#::Stage1::fwdFlowReadSet#3#fff/3@i4#c83afyc8 (iteration 4)
[2026-01-21 06:10:59] (5s) Empty delta for DataFlowImpl#6ed98661::Impl#DataFlowImpl1#bece54ca::Config#::Stage1::fwdFlowReadSet#3#fff_delta (order for disjuncts: delta=<standard>).
[2026-01-21 06:10:59] (5s) Starting to evaluate predicate DataFlowImpl#6ed98661::Impl#DataFlowImpl1#bece54ca::Config#::Stage1::fwdFlowReturnPosition#2#ff/2@i4#c83afxc8 (iteration 4)
[2026-01-21 06:10:59] (5s) Empty delta for DataFlowImpl#6ed98661::Impl#DataFlowImpl1#bece54ca::Config#::Stage1::fwdFlowReturnPosition#2#ff_delta (order for disjuncts: delta=<standard>).
[2026-01-21 06:10:59] (5s) Starting to evaluate predicate DataFlowImpl#6ed98661::Impl#DataFlowImpl1#bece54ca::Config#::Stage1::fwdFlow#2#ff/2@i4#c83afwc8 (iteration 4)
[2026-01-21 06:10:59] (5s) 			 - DataFlowImpl#6ed98661::Impl#DataFlowImpl1#bece54ca::Config#::Stage1::fwdFlow#2#ff_delta has 15 rows (order for disjuncts: delta=<standard>).
[2026-01-21 06:10:59] (5s) Starting to evaluate predicate DataFlowImpl#6ed98661::Impl#DataFlowImpl1#bece54ca::Config#::Stage1::fwdFlowConsCand#1#f/1@i5#c83af2w8 (iteration 5)
[2026-01-21 06:10:59] (5s) Empty delta for DataFlowImpl#6ed98661::Impl#DataFlowImpl1#bece54ca::Config#::Stage1::fwdFlowConsCand#1#f_delta (order for disjuncts: delta=<standard>).
[2026-01-21 06:10:59] (5s) Starting to evaluate predicate DataFlowImpl#6ed98661::Impl#DataFlowImpl1#bece54ca::Config#::Stage1::fwdFlowIsEntered#2#ff/2@i5#c83af1w8 (iteration 5)
[2026-01-21 06:10:59] (5s) Empty delta for DataFlowImpl#6ed98661::Impl#DataFlowImpl1#bece54ca::Config#::Stage1::fwdFlowIsEntered#2#ff_delta (order for disjuncts: delta=<standard>).
[2026-01-21 06:10:59] (5s) Empty delta for DataFlowImpl#6ed98661::Impl#DataFlowImpl1#bece54ca::Config#::Stage1::fwdFlowOutFromArg#2#ff_delta (order for disjuncts: delta=<standard>).
[2026-01-21 06:10:59] (5s) Empty delta for DataFlowImpl#6ed98661::Impl#DataFlowImpl1#bece54ca::Config#::Stage1::fwdFlowConsCandSet#2#ff_delta (order for disjuncts: delta=<standard>).
[2026-01-21 06:10:59] (5s) Starting to evaluate predicate DataFlowImpl#6ed98661::Impl#DataFlowImpl1#bece54ca::Config#::Stage1::fwdFlowReadSet#3#fff/3@i5#c83afyc8 (iteration 5)
[2026-01-21 06:10:59] (5s) 			 - DataFlowImpl#6ed98661::Impl#DataFlowImpl1#bece54ca::Config#::Stage1::fwdFlowReadSet#3#fff_delta has 3 rows (order for disjuncts: delta=<standard>).
[2026-01-21 06:10:59] (5s) Starting to evaluate predicate DataFlowImpl#6ed98661::Impl#DataFlowImpl1#bece54ca::Config#::Stage1::fwdFlowReturnPosition#2#ff/2@i5#c83afxc8 (iteration 5)
[2026-01-21 06:10:59] (5s) Empty delta for DataFlowImpl#6ed98661::Impl#DataFlowImpl1#bece54ca::Config#::Stage1::fwdFlowReturnPosition#2#ff_delta (order for disjuncts: delta=<standard>).
[2026-01-21 06:10:59] (5s) Starting to evaluate predicate DataFlowImpl#6ed98661::Impl#DataFlowImpl1#bece54ca::Config#::Stage1::fwdFlow#2#ff/2@i5#c83afwc8 (iteration 5)
[2026-01-21 06:10:59] (5s) 			 - DataFlowImpl#6ed98661::Impl#DataFlowImpl1#bece54ca::Config#::Stage1::fwdFlow#2#ff_delta has 15 rows (order for disjuncts: delta=<standard>).
[2026-01-21 06:10:59] (5s) Starting to evaluate predicate DataFlowImpl#6ed98661::Impl#DataFlowImpl1#bece54ca::Config#::Stage1::fwdFlowConsCand#1#f/1@i6#c83af2w8 (iteration 6)
[2026-01-21 06:10:59] (5s) Empty delta for DataFlowImpl#6ed98661::Impl#DataFlowImpl1#bece54ca::Config#::Stage1::fwdFlowConsCand#1#f_delta (order for disjuncts: delta=<standard>).
[2026-01-21 06:10:59] (5s) Starting to evaluate predicate DataFlowImpl#6ed98661::Impl#DataFlowImpl1#bece54ca::Config#::Stage1::fwdFlowIsEntered#2#ff/2@i6#c83af1w8 (iteration 6)
[2026-01-21 06:10:59] (5s) Empty delta for DataFlowImpl#6ed98661::Impl#DataFlowImpl1#bece54ca::Config#::Stage1::fwdFlowIsEntered#2#ff_delta (order for disjuncts: delta=<standard>).
[2026-01-21 06:10:59] (5s) Empty delta for DataFlowImpl#6ed98661::Impl#DataFlowImpl1#bece54ca::Config#::Stage1::fwdFlowOutFromArg#2#ff_delta (order for disjuncts: delta=<standard>).
[2026-01-21 06:10:59] (5s) Empty delta for DataFlowImpl#6ed98661::Impl#DataFlowImpl1#bece54ca::Config#::Stage1::fwdFlowConsCandSet#2#ff_delta (order for disjuncts: delta=<standard>).
[2026-01-21 06:10:59] (5s) Starting to evaluate predicate DataFlowImpl#6ed98661::Impl#DataFlowImpl1#bece54ca::Config#::Stage1::fwdFlowReadSet#3#fff/3@i6#c83afyc8 (iteration 6)
[2026-01-21 06:10:59] (5s) Empty delta for DataFlowImpl#6ed98661::Impl#DataFlowImpl1#bece54ca::Config#::Stage1::fwdFlowReadSet#3#fff_delta (order for disjuncts: delta=<standard>).
[2026-01-21 06:10:59] (5s) Starting to evaluate predicate DataFlowImpl#6ed98661::Impl#DataFlowImpl1#bece54ca::Config#::Stage1::fwdFlowReturnPosition#2#ff/2@i6#c83afxc8 (iteration 6)
[2026-01-21 06:10:59] (5s) Empty delta for DataFlowImpl#6ed98661::Impl#DataFlowImpl1#bece54ca::Config#::Stage1::fwdFlowReturnPosition#2#ff_delta (order for disjuncts: delta=<standard>).
[2026-01-21 06:10:59] (5s) Starting to evaluate predicate DataFlowImpl#6ed98661::Impl#DataFlowImpl1#bece54ca::Config#::Stage1::fwdFlow#2#ff/2@i6#c83afwc8 (iteration 6)
[2026-01-21 06:10:59] (5s) 			 - DataFlowImpl#6ed98661::Impl#DataFlowImpl1#bece54ca::Config#::Stage1::fwdFlow#2#ff_delta has 8 rows (order for disjuncts: delta=<standard>).
[2026-01-21 06:10:59] (5s) Starting to evaluate predicate DataFlowImpl#6ed98661::Impl#DataFlowImpl1#bece54ca::Config#::Stage1::fwdFlowConsCand#1#f/1@i7#c83af2w8 (iteration 7)
[2026-01-21 06:10:59] (5s) 			 - DataFlowImpl#6ed98661::Impl#DataFlowImpl1#bece54ca::Config#::Stage1::fwdFlowConsCand#1#f_delta has 2 rows (order for disjuncts: delta=<standard>).
[2026-01-21 06:10:59] (5s) Starting to evaluate predicate DataFlowImpl#6ed98661::Impl#DataFlowImpl1#bece54ca::Config#::Stage1::fwdFlowIsEntered#2#ff/2@i7#c83af1w8 (iteration 7)
[2026-01-21 06:10:59] (5s) Empty delta for DataFlowImpl#6ed98661::Impl#DataFlowImpl1#bece54ca::Config#::Stage1::fwdFlowIsEntered#2#ff_delta (order for disjuncts: delta=<standard>).
[2026-01-21 06:10:59] (5s) Empty delta for DataFlowImpl#6ed98661::Impl#DataFlowImpl1#bece54ca::Config#::Stage1::fwdFlowOutFromArg#2#ff_delta (order for disjuncts: delta=<standard>).
[2026-01-21 06:10:59] (5s) Empty delta for DataFlowImpl#6ed98661::Impl#DataFlowImpl1#bece54ca::Config#::Stage1::fwdFlowConsCandSet#2#ff_delta (order for disjuncts: delta=<standard>).
[2026-01-21 06:10:59] (5s) Starting to evaluate predicate DataFlowImpl#6ed98661::Impl#DataFlowImpl1#bece54ca::Config#::Stage1::fwdFlowReadSet#3#fff/3@i7#c83afyc8 (iteration 7)
[2026-01-21 06:10:59] (5s) Empty delta for DataFlowImpl#6ed98661::Impl#DataFlowImpl1#bece54ca::Config#::Stage1::fwdFlowReadSet#3#fff_delta (order for disjuncts: delta=<standard>).
[2026-01-21 06:10:59] (5s) Starting to evaluate predicate DataFlowImpl#6ed98661::Impl#DataFlowImpl1#bece54ca::Config#::Stage1::fwdFlowReturnPosition#2#ff/2@i7#c83afxc8 (iteration 7)
[2026-01-21 06:10:59] (5s) Empty delta for DataFlowImpl#6ed98661::Impl#DataFlowImpl1#bece54ca::Config#::Stage1::fwdFlowReturnPosition#2#ff_delta (order for disjuncts: delta=<standard>).
[2026-01-21 06:10:59] (5s) Starting to evaluate predicate DataFlowImpl#6ed98661::Impl#DataFlowImpl1#bece54ca::Config#::Stage1::fwdFlow#2#ff/2@i7#c83afwc8 (iteration 7)
[2026-01-21 06:10:59] (5s) 			 - DataFlowImpl#6ed98661::Impl#DataFlowImpl1#bece54ca::Config#::Stage1::fwdFlow#2#ff_delta has 12 rows (order for disjuncts: delta=<standard>).
[2026-01-21 06:10:59] (5s) Starting to evaluate predicate DataFlowImpl#6ed98661::Impl#DataFlowImpl1#bece54ca::Config#::Stage1::fwdFlowConsCand#1#f/1@i8#c83af2w8 (iteration 8)
[2026-01-21 06:10:59] (5s) Empty delta for DataFlowImpl#6ed98661::Impl#DataFlowImpl1#bece54ca::Config#::Stage1::fwdFlowConsCand#1#f_delta (order for disjuncts: delta=<standard>).
[2026-01-21 06:10:59] (5s) Starting to evaluate predicate DataFlowImpl#6ed98661::Impl#DataFlowImpl1#bece54ca::Config#::Stage1::fwdFlowIsEntered#2#ff/2@i8#c83af1w8 (iteration 8)
[2026-01-21 06:10:59] (5s) Empty delta for DataFlowImpl#6ed98661::Impl#DataFlowImpl1#bece54ca::Config#::Stage1::fwdFlowIsEntered#2#ff_delta (order for disjuncts: delta=<standard>).
[2026-01-21 06:10:59] (5s) Empty delta for DataFlowImpl#6ed98661::Impl#DataFlowImpl1#bece54ca::Config#::Stage1::fwdFlowOutFromArg#2#ff_delta (order for disjuncts: delta=<standard>).
[2026-01-21 06:10:59] (5s) Starting to evaluate predicate DataFlowImpl#6ed98661::Impl#DataFlowImpl1#bece54ca::Config#::Stage1::fwdFlowConsCandSet#2#ff/2@i8#c83afzc8 (iteration 8)
[2026-01-21 06:10:59] (5s) 			 - DataFlowImpl#6ed98661::Impl#DataFlowImpl1#bece54ca::Config#::Stage1::fwdFlowConsCandSet#2#ff_delta has 2 rows (order for disjuncts: delta=<standard>).
[2026-01-21 06:10:59] (5s) Starting to evaluate predicate DataFlowImpl#6ed98661::Impl#DataFlowImpl1#bece54ca::Config#::Stage1::fwdFlowReadSet#3#fff/3@i8#c83afyc8 (iteration 8)
[2026-01-21 06:10:59] (5s) Empty delta for DataFlowImpl#6ed98661::Impl#DataFlowImpl1#bece54ca::Config#::Stage1::fwdFlowReadSet#3#fff_delta (order for disjuncts: delta=<standard>).
[2026-01-21 06:10:59] (5s) Starting to evaluate predicate DataFlowImpl#6ed98661::Impl#DataFlowImpl1#bece54ca::Config#::Stage1::fwdFlowReturnPosition#2#ff/2@i8#c83afxc8 (iteration 8)
[2026-01-21 06:10:59] (5s) Empty delta for DataFlowImpl#6ed98661::Impl#DataFlowImpl1#bece54ca::Config#::Stage1::fwdFlowReturnPosition#2#ff_delta (order for disjuncts: delta=<standard>).
[2026-01-21 06:10:59] (5s) Starting to evaluate predicate DataFlowImpl#6ed98661::Impl#DataFlowImpl1#bece54ca::Config#::Stage1::fwdFlow#2#ff/2@i8#c83afwc8 (iteration 8)
[2026-01-21 06:10:59] (5s) 			 - DataFlowImpl#6ed98661::Impl#DataFlowImpl1#bece54ca::Config#::Stage1::fwdFlow#2#ff_delta has 3 rows (order for disjuncts: delta=<standard>).
[2026-01-21 06:10:59] (5s) Starting to evaluate predicate DataFlowImpl#6ed98661::Impl#DataFlowImpl1#bece54ca::Config#::Stage1::fwdFlowConsCand#1#f/1@i9#c83af2w8 (iteration 9)
[2026-01-21 06:10:59] (5s) Empty delta for DataFlowImpl#6ed98661::Impl#DataFlowImpl1#bece54ca::Config#::Stage1::fwdFlowConsCand#1#f_delta (order for disjuncts: delta=<standard>).
[2026-01-21 06:10:59] (5s) Starting to evaluate predicate DataFlowImpl#6ed98661::Impl#DataFlowImpl1#bece54ca::Config#::Stage1::fwdFlowIsEntered#2#ff/2@i9#c83af1w8 (iteration 9)
[2026-01-21 06:10:59] (5s) Empty delta for DataFlowImpl#6ed98661::Impl#DataFlowImpl1#bece54ca::Config#::Stage1::fwdFlowIsEntered#2#ff_delta (order for disjuncts: delta=<standard>).
[2026-01-21 06:10:59] (5s) Empty delta for DataFlowImpl#6ed98661::Impl#DataFlowImpl1#bece54ca::Config#::Stage1::fwdFlowOutFromArg#2#ff_delta (order for disjuncts: delta=<standard>).
[2026-01-21 06:10:59] (5s) Empty delta for DataFlowImpl#6ed98661::Impl#DataFlowImpl1#bece54ca::Config#::Stage1::fwdFlowConsCandSet#2#ff_delta (order for disjuncts: delta=<standard>).
[2026-01-21 06:10:59] (5s) Starting to evaluate predicate DataFlowImpl#6ed98661::Impl#DataFlowImpl1#bece54ca::Config#::Stage1::fwdFlowReadSet#3#fff/3@i9#c83afyc8 (iteration 9)
[2026-01-21 06:10:59] (5s) Empty delta for DataFlowImpl#6ed98661::Impl#DataFlowImpl1#bece54ca::Config#::Stage1::fwdFlowReadSet#3#fff_delta (order for disjuncts: delta=<standard>).
[2026-01-21 06:10:59] (5s) Starting to evaluate predicate DataFlowImpl#6ed98661::Impl#DataFlowImpl1#bece54ca::Config#::Stage1::fwdFlowReturnPosition#2#ff/2@i9#c83afxc8 (iteration 9)
[2026-01-21 06:10:59] (5s) Empty delta for DataFlowImpl#6ed98661::Impl#DataFlowImpl1#bece54ca::Config#::Stage1::fwdFlowReturnPosition#2#ff_delta (order for disjuncts: delta=<standard>).
[2026-01-21 06:10:59] (5s) Starting to evaluate predicate DataFlowImpl#6ed98661::Impl#DataFlowImpl1#bece54ca::Config#::Stage1::fwdFlow#2#ff/2@i9#c83afwc8 (iteration 9)
[2026-01-21 06:10:59] (5s) 			 - DataFlowImpl#6ed98661::Impl#DataFlowImpl1#bece54ca::Config#::Stage1::fwdFlow#2#ff_delta has 2 rows (order for disjuncts: delta=<standard>).
[2026-01-21 06:10:59] (5s) Starting to evaluate predicate DataFlowImpl#6ed98661::Impl#DataFlowImpl1#bece54ca::Config#::Stage1::fwdFlowConsCand#1#f/1@i10#c83af2w8 (iteration 10)
[2026-01-21 06:10:59] (5s) Empty delta for DataFlowImpl#6ed98661::Impl#DataFlowImpl1#bece54ca::Config#::Stage1::fwdFlowConsCand#1#f_delta (order for disjuncts: delta=<standard>).
[2026-01-21 06:10:59] (5s) Starting to evaluate predicate DataFlowImpl#6ed98661::Impl#DataFlowImpl1#bece54ca::Config#::Stage1::fwdFlowIsEntered#2#ff/2@i10#c83af1w8 (iteration 10)
[2026-01-21 06:10:59] (5s) Empty delta for DataFlowImpl#6ed98661::Impl#DataFlowImpl1#bece54ca::Config#::Stage1::fwdFlowIsEntered#2#ff_delta (order for disjuncts: delta=<standard>).
[2026-01-21 06:10:59] (5s) Empty delta for DataFlowImpl#6ed98661::Impl#DataFlowImpl1#bece54ca::Config#::Stage1::fwdFlowOutFromArg#2#ff_delta (order for disjuncts: delta=<standard>).
[2026-01-21 06:10:59] (5s) Empty delta for DataFlowImpl#6ed98661::Impl#DataFlowImpl1#bece54ca::Config#::Stage1::fwdFlowConsCandSet#2#ff_delta (order for disjuncts: delta=<standard>).
[2026-01-21 06:10:59] (5s) Starting to evaluate predicate DataFlowImpl#6ed98661::Impl#DataFlowImpl1#bece54ca::Config#::Stage1::fwdFlowReadSet#3#fff/3@i10#c83afyc8 (iteration 10)
[2026-01-21 06:10:59] (5s) Empty delta for DataFlowImpl#6ed98661::Impl#DataFlowImpl1#bece54ca::Config#::Stage1::fwdFlowReadSet#3#fff_delta (order for disjuncts: delta=<standard>).
[2026-01-21 06:10:59] (5s) Starting to evaluate predicate DataFlowImpl#6ed98661::Impl#DataFlowImpl1#bece54ca::Config#::Stage1::fwdFlowReturnPosition#2#ff/2@i10#c83afxc8 (iteration 10)
[2026-01-21 06:10:59] (5s) Empty delta for DataFlowImpl#6ed98661::Impl#DataFlowImpl1#bece54ca::Config#::Stage1::fwdFlowReturnPosition#2#ff_delta (order for disjuncts: delta=<standard>).
[2026-01-21 06:10:59] (5s) Starting to evaluate predicate DataFlowImpl#6ed98661::Impl#DataFlowImpl1#bece54ca::Config#::Stage1::fwdFlow#2#ff/2@i10#c83afwc8 (iteration 10)
[2026-01-21 06:10:59] (5s) 			 - DataFlowImpl#6ed98661::Impl#DataFlowImpl1#bece54ca::Config#::Stage1::fwdFlow#2#ff_delta has 2 rows (order for disjuncts: delta=<standard>).
[2026-01-21 06:10:59] (5s) Starting to evaluate predicate DataFlowImpl#6ed98661::Impl#DataFlowImpl1#bece54ca::Config#::Stage1::fwdFlowConsCand#1#f/1@i11#c83af2w8 (iteration 11)
[2026-01-21 06:10:59] (5s) Empty delta for DataFlowImpl#6ed98661::Impl#DataFlowImpl1#bece54ca::Config#::Stage1::fwdFlowConsCand#1#f_delta (order for disjuncts: delta=<standard>).
[2026-01-21 06:10:59] (5s) Starting to evaluate predicate DataFlowImpl#6ed98661::Impl#DataFlowImpl1#bece54ca::Config#::Stage1::fwdFlowIsEntered#2#ff/2@i11#c83af1w8 (iteration 11)
[2026-01-21 06:10:59] (5s) Empty delta for DataFlowImpl#6ed98661::Impl#DataFlowImpl1#bece54ca::Config#::Stage1::fwdFlowIsEntered#2#ff_delta (order for disjuncts: delta=<standard>).
[2026-01-21 06:10:59] (5s) Empty delta for DataFlowImpl#6ed98661::Impl#DataFlowImpl1#bece54ca::Config#::Stage1::fwdFlowOutFromArg#2#ff_delta (order for disjuncts: delta=<standard>).
[2026-01-21 06:10:59] (5s) Empty delta for DataFlowImpl#6ed98661::Impl#DataFlowImpl1#bece54ca::Config#::Stage1::fwdFlowConsCandSet#2#ff_delta (order for disjuncts: delta=<standard>).
[2026-01-21 06:10:59] (5s) Starting to evaluate predicate DataFlowImpl#6ed98661::Impl#DataFlowImpl1#bece54ca::Config#::Stage1::fwdFlowReadSet#3#fff/3@i11#c83afyc8 (iteration 11)
[2026-01-21 06:10:59] (5s) Empty delta for DataFlowImpl#6ed98661::Impl#DataFlowImpl1#bece54ca::Config#::Stage1::fwdFlowReadSet#3#fff_delta (order for disjuncts: delta=<standard>).
[2026-01-21 06:10:59] (5s) Starting to evaluate predicate DataFlowImpl#6ed98661::Impl#DataFlowImpl1#bece54ca::Config#::Stage1::fwdFlowReturnPosition#2#ff/2@i11#c83afxc8 (iteration 11)
[2026-01-21 06:10:59] (5s) Empty delta for DataFlowImpl#6ed98661::Impl#DataFlowImpl1#bece54ca::Config#::Stage1::fwdFlowReturnPosition#2#ff_delta (order for disjuncts: delta=<standard>).
[2026-01-21 06:10:59] (5s) Starting to evaluate predicate DataFlowImpl#6ed98661::Impl#DataFlowImpl1#bece54ca::Config#::Stage1::fwdFlow#2#ff/2@i11#c83afwc8 (iteration 11)
[2026-01-21 06:10:59] (5s) Empty delta for DataFlowImpl#6ed98661::Impl#DataFlowImpl1#bece54ca::Config#::Stage1::fwdFlow#2#ff_delta (order for disjuncts: delta=<standard>).
[2026-01-21 06:10:59] (5s) Accumulating deltas
[2026-01-21 06:10:59] (5s)  >>> Created relation DataFlowImpl#6ed98661::Impl#DataFlowImpl1#bece54ca::Config#::Stage1::fwdFlow#2#ff/2@c83afwc8 with 63 rows and digest fe5cc5aohuahcgr7843rjfi1co3.
[2026-01-21 06:10:59] (5s)  >>> Created relation DataFlowImpl#6ed98661::Impl#DataFlowImpl1#bece54ca::Config#::Stage1::fwdFlowReturnPosition#2#ff/2@c83afxc8 with 0 rows and digest THIS-RELATION-HAS-NO-TUPLES.
[2026-01-21 06:10:59] (5s)  >>> Created relation DataFlowImpl#6ed98661::Impl#DataFlowImpl1#bece54ca::Config#::Stage1::fwdFlowReadSet#3#fff/3@c83afyc8 with 3 rows and digest c05007bi7gmsa00i6ub260gc156.
[2026-01-21 06:10:59] (5s)  >>> Created relation DataFlowImpl#6ed98661::Impl#DataFlowImpl1#bece54ca::Config#::Stage1::fwdFlowConsCandSet#2#ff/2@c83afzc8 with 2 rows and digest 435850h49iugddjb3mk9sqa0ag8.
[2026-01-21 06:10:59] (5s)  >>> Created relation DataFlowImpl#6ed98661::Impl#DataFlowImpl1#bece54ca::Config#::Stage1::fwdFlowOutFromArg#2#ff/2@c83af0w8 with 0 rows and digest THIS-RELATION-HAS-NO-TUPLES.
[2026-01-21 06:10:59] (5s)  >>> Created relation DataFlowImpl#6ed98661::Impl#DataFlowImpl1#bece54ca::Config#::Stage1::fwdFlowIsEntered#2#ff/2@c83af1w8 with 0 rows and digest THIS-RELATION-HAS-NO-TUPLES.
[2026-01-21 06:10:59] (5s)  >>> Created relation DataFlowImpl#6ed98661::Impl#DataFlowImpl1#bece54ca::Config#::Stage1::fwdFlowConsCand#1#f/1@c83af2w8 with 2 rows and digest 7b63f9gi1059dt7o3lur333juf0.
[2026-01-21 06:10:59] (5s) Inferred that DataFlowImpl#6ed98661::Impl#DataFlowImpl1#bece54ca::Config#::Stage1::viableReturnPosOutNodeCandFwd1#3#fff/3@c67b32q4 is empty, due to DataFlowImpl#6ed98661::Impl#DataFlowImpl1#bece54ca::Config#::Stage1::fwdFlowReturnPosition#2#ff/2@c83afxc8.
[2026-01-21 06:10:59] (5s) Inferred that DataFlowImpl#6ed98661::Impl#DataFlowImpl1#bece54ca::Config#::Stage1::fwdFlowOutFromArg#2#ff_10#join_rhs/2@eb74d4su is empty, due to DataFlowImpl#6ed98661::Impl#DataFlowImpl1#bece54ca::Config#::Stage1::fwdFlowOutFromArg#2#ff/2@c83af0w8.
[2026-01-21 06:10:59] (5s) Inferred that project#DataFlowImpl#6ed98661::Impl#DataFlowImpl1#bece54ca::Config#::Stage1::viableReturnPosOutNodeCandFwd1#3#fff/2@97bca199 is empty, due to DataFlowImpl#6ed98661::Impl#DataFlowImpl1#bece54ca::Config#::Stage1::viableReturnPosOutNodeCandFwd1#3#fff/3@c67b32q4.
[2026-01-21 06:10:59] (5s) Inferred that DataFlowImpl#6ed98661::Impl#DataFlowImpl1#bece54ca::Config#::viableReturnPosOutNodeCand1#3#fff/3@eb7e1329 is empty, due to DataFlowImpl#6ed98661::Impl#DataFlowImpl1#bece54ca::Config#::Stage1::viableReturnPosOutNodeCandFwd1#3#fff/3@c67b32q4.
[2026-01-21 06:10:59] (5s) Inferred that DataFlowImpl#6ed98661::Impl#DataFlowImpl1#bece54ca::Config#::Stage1::revFlowIsReturned#2#ff/2@1b33d2wi is empty, due to DataFlowImpl#6ed98661::Impl#DataFlowImpl1#bece54ca::Config#::Stage1::fwdFlowOutFromArg#2#ff_10#join_rhs/2@eb74d4su.
[2026-01-21 06:10:59] (5s) Inferred that project#DataFlowImpl#6ed98661::Impl#DataFlowImpl1#bece54ca::Config#::Stage1::viableReturnPosOutNodeCandFwd1#3#fff_10#join_rhs/2@4b9a4e3h is empty, due to project#DataFlowImpl#6ed98661::Impl#DataFlowImpl1#bece54ca::Config#::Stage1::viableReturnPosOutNodeCandFwd1#3#fff/2@97bca199.
[2026-01-21 06:10:59] (5s) Inferred that DataFlowImpl#6ed98661::Impl#DataFlowImpl1#bece54ca::Config#::viableReturnPosOutNodeCand1#3#fff_102#join_rhs/3@77cdf6a3 is empty, due to DataFlowImpl#6ed98661::Impl#DataFlowImpl1#bece54ca::Config#::viableReturnPosOutNodeCand1#3#fff/3@eb7e1329.
[2026-01-21 06:10:59] (5s) Inferred that DataFlowImpl#6ed98661::Impl#DataFlowImpl1#bece54ca::Config#::Stage1::callMayFlowThroughRev#1#f/1@a25153ie is empty, due to DataFlowImpl#6ed98661::Impl#DataFlowImpl1#bece54ca::Config#::Stage1::revFlowIsReturned#2#ff/2@1b33d2wi.
[2026-01-21 06:10:59] (5s) Inferred that DataFlowImpl#6ed98661::Impl#DataFlowImpl1#bece54ca::Config#::Stage1::revFlowOut#1#f/1@1b33dzmi is empty, due to project#DataFlowImpl#6ed98661::Impl#DataFlowImpl1#bece54ca::Config#::Stage1::viableReturnPosOutNodeCandFwd1#3#fff_10#join_rhs/2@4b9a4e3h.
[2026-01-21 06:10:59] (5s) Inferred that DataFlowImpl#6ed98661::Impl#DataFlowImpl1#bece54ca::Config#::flowOutOfCallNodeCand1#4#ffff/4@b1625156 is empty, due to DataFlowImpl#6ed98661::Impl#DataFlowImpl1#bece54ca::Config#::viableReturnPosOutNodeCand1#3#fff_102#join_rhs/3@77cdf6a3.
[2026-01-21 06:10:59] (5s) Inferred that DataFlowImpl#6ed98661::Impl#DataFlowImpl1#bece54ca::Config#::MkStage#Stage1#::Stage#Stage2Param#::flowThroughOutOfCall#7#fffffff/7@848da7cd is empty, due to DataFlowImpl#6ed98661::Impl#DataFlowImpl1#bece54ca::Config#::Stage1::callMayFlowThroughRev#1#f/1@a25153ie.
[2026-01-21 06:10:59] (5s) Inferred that DataFlowImpl#6ed98661::Impl#DataFlowImpl1#bece54ca::Config#::MkStage#Stage1#::Stage#Stage2Param#::fwdFlowThrough#10#ffffffffff/10@33e71yrj is empty, due to DataFlowImpl#6ed98661::Impl#DataFlowImpl1#bece54ca::Config#::Stage1::callMayFlowThroughRev#1#f/1@a25153ie.
[2026-01-21 06:10:59] (5s) Inferred that DataFlowImpl#6ed98661::Impl#DataFlowImpl1#bece54ca::Config#::MkStage#Stage1#::Stage#Stage2Param#::fwdFlowIsEntered#7#fffffff#reorder_2_5_6_0_1_3_4/7@33e713wj is empty, due to DataFlowImpl#6ed98661::Impl#DataFlowImpl1#bece54ca::Config#::Stage1::callMayFlowThroughRev#1#f/1@a25153ie.
[2026-01-21 06:10:59] (5s) Inferred that project#DataFlowImpl#6ed98661::Impl#DataFlowImpl1#bece54ca::Config#::flowOutOfCallNodeCand1#4#ffff/2@4196646a is empty, due to DataFlowImpl#6ed98661::Impl#DataFlowImpl1#bece54ca::Config#::flowOutOfCallNodeCand1#4#ffff/4@b1625156.
[2026-01-21 06:10:59] (5s) Inferred that _DataFlowImpl#6ed98661::Impl#DataFlowImpl1#bece54ca::Config#::branch#1#ff_DataFlowImpl#6ed98661::Imp__#shared#1/5@b72047qi is empty, due to DataFlowImpl#6ed98661::Impl#DataFlowImpl1#bece54ca::Config#::flowOutOfCallNodeCand1#4#ffff/4@b1625156.
[2026-01-21 06:10:59] (5s) Inferred that DataFlowImpl#6ed98661::Impl#DataFlowImpl1#bece54ca::Config#::MkStage#Stage1#::Stage#Stage2Param#::flowThroughOutOfCall#7#fffffff_0125634#join_rhs/7@91bf4f8n is empty, due to DataFlowImpl#6ed98661::Impl#DataFlowImpl1#bece54ca::Config#::MkStage#Stage1#::Stage#Stage2Param#::flowThroughOutOfCall#7#fffffff/7@848da7cd.
[2026-01-21 06:10:59] (5s) Inferred that project#DataFlowImpl#6ed98661::Impl#DataFlowImpl1#bece54ca::Config#::MkStage#Stage1#::Stage#Stage2Param#::flowThroughOutOfCall#7#fffffff/6@ad3bfej3 is empty, due to DataFlowImpl#6ed98661::Impl#DataFlowImpl1#bece54ca::Config#::MkStage#Stage1#::Stage#Stage2Param#::flowThroughOutOfCall#7#fffffff/7@848da7cd.
[2026-01-21 06:10:59] (5s) Inferred that project#DataFlowImpl#6ed98661::Impl#DataFlowImpl1#bece54ca::Config#::MkStage#Stage1#::Stage#Stage2Param#::fwdFlowIsEntered#7#fffffff/4@1545a27i is empty, due to DataFlowImpl#6ed98661::Impl#DataFlowImpl1#bece54ca::Config#::MkStage#Stage1#::Stage#Stage2Param#::fwdFlowIsEntered#7#fffffff#reorder_2_5_6_0_1_3_4/7@33e713wj.
[2026-01-21 06:10:59] (5s) Inferred that _DataFlowImpl#6ed98661::Impl#DataFlowImpl1#bece54ca::Config#::join#1#ff_DataFlowImpl1#bece54ca::Conf__#shared#1/8@62d063ft is empty, due to _DataFlowImpl#6ed98661::Impl#DataFlowImpl1#bece54ca::Config#::branch#1#ff_DataFlowImpl#6ed98661::Imp__#shared#1/5@b72047qi.
[2026-01-21 06:10:59] (5s) Inferred that DataFlowImpl#6ed98661::Impl#DataFlowImpl1#bece54ca::Config#::flowOutOfCallNodeCand1#5#fffff/5@ead76bqk is empty, due to _DataFlowImpl#6ed98661::Impl#DataFlowImpl1#bece54ca::Config#::branch#1#ff_DataFlowImpl#6ed98661::Imp__#shared#1/5@b72047qi.
[2026-01-21 06:10:59] (5s) Inferred that DataFlowImpl#6ed98661::Impl#DataFlowImpl1#bece54ca::Config#::MkStage#Stage1#::Stage#Stage2Param#::returnFlowsThrough#7#fffffff/7@8bba41ej is empty, due to project#DataFlowImpl#6ed98661::Impl#DataFlowImpl1#bece54ca::Config#::MkStage#Stage1#::Stage#Stage2Param#::flowThroughOutOfCall#7#fffffff/6@ad3bfej3.
[2026-01-21 06:10:59] (5s) Inferred that DataFlowImpl#6ed98661::Impl#DataFlowImpl1#bece54ca::Config#::MkStage#Stage1#::Stage#Stage2Param#::returnFlowsThrough0#9#fffffffff/9@f5a470ab is empty, due to project#DataFlowImpl#6ed98661::Impl#DataFlowImpl1#bece54ca::Config#::MkStage#Stage1#::Stage#Stage2Param#::fwdFlowIsEntered#7#fffffff/4@1545a27i.
[2026-01-21 06:10:59] (5s) Inferred that __DataFlowImpl#6ed98661::Impl#DataFlowImpl1#bece54ca::Config#::join#1#ff_DataFlowImpl1#bece54ca::Con__#antijoin_rhs#1/6@3edc5f8j is empty, due to _DataFlowImpl#6ed98661::Impl#DataFlowImpl1#bece54ca::Config#::join#1#ff_DataFlowImpl1#bece54ca::Conf__#shared#1/8@62d063ft.
[2026-01-21 06:10:59] (5s) Inferred that DataFlowImpl#6ed98661::Impl#DataFlowImpl1#bece54ca::Config#::MkStage#Stage1#::Stage#Stage2Param#::flowOutOfCallApa#6#ffffff/6@2679c98l is empty, due to DataFlowImpl#6ed98661::Impl#DataFlowImpl1#bece54ca::Config#::flowOutOfCallNodeCand1#5#fffff/5@ead76bqk.
[2026-01-21 06:10:59] (5s) Inferred that DataFlowImpl#6ed98661::Impl#DataFlowImpl1#bece54ca::Config#::flowOutOfCallNodeCand2#5#fffff/5@3a7131s8 is empty, due to DataFlowImpl#6ed98661::Impl#DataFlowImpl1#bece54ca::Config#::flowOutOfCallNodeCand1#5#fffff/5@ead76bqk.
[2026-01-21 06:10:59] (5s) Inferred that DataFlowImpl#6ed98661::Impl#DataFlowImpl1#bece54ca::Config#::MkStage#Stage1#::Stage#Stage2Param#::returnFlowsThrough0#9#fffffffff_024581367#join_rhs/9@e7e8bbjm is empty, due to DataFlowImpl#6ed98661::Impl#DataFlowImpl1#bece54ca::Config#::MkStage#Stage1#::Stage#Stage2Param#::returnFlowsThrough0#9#fffffffff/9@f5a470ab.
[2026-01-21 06:10:59] (5s) Inferred that project#DataFlowImpl#6ed98661::Impl#DataFlowImpl1#bece54ca::Config#::MkStage#Stage1#::Stage#Stage2Param#::returnFlowsThrough#7#fffffff/3@d0c487da is empty, due to DataFlowImpl#6ed98661::Impl#DataFlowImpl1#bece54ca::Config#::MkStage#Stage1#::Stage#Stage2Param#::returnFlowsThrough#7#fffffff/7@8bba41ej.
[2026-01-21 06:10:59] (5s) Inferred that project#DataFlowImpl#6ed98661::Impl#DataFlowImpl1#bece54ca::Config#::MkStage#Stage1#::Stage#Stage2Param#::returnFlowsThrough#7#fffffff#2/4@c70b76u6 is empty, due to DataFlowImpl#6ed98661::Impl#DataFlowImpl1#bece54ca::Config#::MkStage#Stage1#::Stage#Stage2Param#::returnFlowsThrough#7#fffffff/7@8bba41ej.
[2026-01-21 06:10:59] (5s) Inferred that DataFlowImpl#6ed98661::Impl#DataFlowImpl1#bece54ca::Config#::MkStage#Stage1#::Stage#Stage2Param#::returnFlowsThrough#7#fffffff_14560#join_rhs/5@20ad176v is empty, due to DataFlowImpl#6ed98661::Impl#DataFlowImpl1#bece54ca::Config#::MkStage#Stage1#::Stage#Stage2Param#::returnFlowsThrough#7#fffffff/7@8bba41ej.
[2026-01-21 06:10:59] (5s) Inferred that project#DataFlowImpl#6ed98661::Impl#DataFlowImpl1#bece54ca::Config#::MkStage#Stage1#::Stage#Stage2Param#::returnFlowsThrough#7#fffffff#4/3@219a62fk is empty, due to DataFlowImpl#6ed98661::Impl#DataFlowImpl1#bece54ca::Config#::MkStage#Stage1#::Stage#Stage2Param#::returnFlowsThrough#7#fffffff/7@8bba41ej.
[2026-01-21 06:10:59] (5s) Inferred that project#DataFlowImpl#6ed98661::Impl#DataFlowImpl1#bece54ca::Config#::MkStage#Stage1#::Stage#Stage2Param#::flowOutOfCallApa#6#ffffff/4@aed80fql is empty, due to DataFlowImpl#6ed98661::Impl#DataFlowImpl1#bece54ca::Config#::MkStage#Stage1#::Stage#Stage2Param#::flowOutOfCallApa#6#ffffff/6@2679c98l.
[2026-01-21 06:10:59] (5s) Inferred that project#DataFlowImpl#6ed98661::Impl#DataFlowImpl1#bece54ca::Config#::MkStage#Stage1#::Stage#Stage2Param#::flowOutOfCallApa#6#ffffff#2/5@6912ecpk is empty, due to DataFlowImpl#6ed98661::Impl#DataFlowImpl1#bece54ca::Config#::MkStage#Stage1#::Stage#Stage2Param#::flowOutOfCallApa#6#ffffff/6@2679c98l.
[2026-01-21 06:10:59] (5s) Inferred that DataFlowImpl#6ed98661::Impl#DataFlowImpl1#bece54ca::Config#::MkStage#Stage2#::Stage#Stage3Param#::flowOutOfCallApa#6#ffffff/6@7bc7259o is empty, due to DataFlowImpl#6ed98661::Impl#DataFlowImpl1#bece54ca::Config#::flowOutOfCallNodeCand2#5#fffff/5@3a7131s8.
[2026-01-21 06:10:59] (5s) Inferred that project#DataFlowImpl#6ed98661::Impl#DataFlowImpl1#bece54ca::Config#::flowOutOfCallNodeCand2#5#fffff/2@6a5d57g7 is empty, due to DataFlowImpl#6ed98661::Impl#DataFlowImpl1#bece54ca::Config#::flowOutOfCallNodeCand2#5#fffff/5@3a7131s8.
[2026-01-21 06:10:59] (5s) Inferred that DataFlowImpl#6ed98661::Impl#DataFlowImpl1#bece54ca::Config#::Stage4Param::flowOutOfCall#5#fffff/5@8ee824kj is empty, due to DataFlowImpl#6ed98661::Impl#DataFlowImpl1#bece54ca::Config#::flowOutOfCallNodeCand2#5#fffff/5@3a7131s8.
[2026-01-21 06:10:59] (5s) Inferred that DataFlowImpl#6ed98661::Impl#DataFlowImpl1#bece54ca::Config#::Stage5Param::flowOutOfCall#5#fffff/5@af4c1df2 is empty, due to DataFlowImpl#6ed98661::Impl#DataFlowImpl1#bece54ca::Config#::flowOutOfCallNodeCand2#5#fffff/5@3a7131s8.
[2026-01-21 06:10:59] (5s) Inferred that DataFlowImpl#6ed98661::Impl#DataFlowImpl1#bece54ca::Config#::MkStage#Stage1#::Stage#Stage2Param#::flowThroughIntoCall#6#ffffff/6@9dcbc0p6 is empty, due to project#DataFlowImpl#6ed98661::Impl#DataFlowImpl1#bece54ca::Config#::MkStage#Stage1#::Stage#Stage2Param#::returnFlowsThrough#7#fffffff/3@d0c487da.
[2026-01-21 06:10:59] (5s) Inferred that DataFlowImpl#6ed98661::Impl#DataFlowImpl1#bece54ca::Config#::MkStage#Stage1#::Stage#Stage2Param#::revFlowThrough#8#ffffffff/8@d2435z5o is empty, due to project#DataFlowImpl#6ed98661::Impl#DataFlowImpl1#bece54ca::Config#::MkStage#Stage1#::Stage#Stage2Param#::returnFlowsThrough#7#fffffff#2/4@c70b76u6.
[2026-01-21 06:10:59] (5s) Inferred that DataFlowImpl#6ed98661::Impl#DataFlowImpl1#bece54ca::Config#::MkStage#Stage1#::Stage#Stage2Param#::revFlowIsReturned#5#fffff#reorder_3_4_0_1_2/5@d24352wo is empty, due to project#DataFlowImpl#6ed98661::Impl#DataFlowImpl1#bece54ca::Config#::MkStage#Stage1#::Stage#Stage2Param#::returnFlowsThrough#7#fffffff#2/4@c70b76u6.
[2026-01-21 06:10:59] (5s) Inferred that DataFlowImpl#6ed98661::Impl#DataFlowImpl1#bece54ca::Config#::MkStage#Stage1#::Stage#Stage2Param#::returnMayFlowThrough#4#ffff/4@0fd2f60b is empty, due to DataFlowImpl#6ed98661::Impl#DataFlowImpl1#bece54ca::Config#::MkStage#Stage1#::Stage#Stage2Param#::returnFlowsThrough#7#fffffff_14560#join_rhs/5@20ad176v.
[2026-01-21 06:10:59] (5s) Inferred that DataFlowImpl#6ed98661::Impl#DataFlowImpl1#bece54ca::Config#::MkStage#Stage1#::Stage#Stage2Param#::parameterMayFlowThrough#2#ff/2@0f5f87gq is empty, due to project#DataFlowImpl#6ed98661::Impl#DataFlowImpl1#bece54ca::Config#::MkStage#Stage1#::Stage#Stage2Param#::returnFlowsThrough#7#fffffff#4/3@219a62fk.
[2026-01-21 06:10:59] (5s) Inferred that project#DataFlowImpl#6ed98661::Impl#DataFlowImpl1#bece54ca::Config#::MkStage#Stage1#::Stage#Stage2Param#::flowOutOfCallApa#6#ffffff_0312#join_rhs/4@1bc6cb55 is empty, due to project#DataFlowImpl#6ed98661::Impl#DataFlowImpl1#bece54ca::Config#::MkStage#Stage1#::Stage#Stage2Param#::flowOutOfCallApa#6#ffffff/4@aed80fql.
[2026-01-21 06:10:59] (5s) Inferred that project#DataFlowImpl#6ed98661::Impl#DataFlowImpl1#bece54ca::Config#::MkStage#Stage1#::Stage#Stage2Param#::flowOutOfCallApa#6#ffffff#2_14023#join_rhs/5@cc48c0ie is empty, due to project#DataFlowImpl#6ed98661::Impl#DataFlowImpl1#bece54ca::Config#::MkStage#Stage1#::Stage#Stage2Param#::flowOutOfCallApa#6#ffffff#2/5@6912ecpk.
[2026-01-21 06:10:59] (5s) Inferred that DataFlowImpl#6ed98661::Impl#DataFlowImpl1#bece54ca::Config#::MkStage#Stage2#::Stage#Stage3Param#::flowThroughOutOfCall#7#fffffff/7@fd59fek3 is empty, due to DataFlowImpl#6ed98661::Impl#DataFlowImpl1#bece54ca::Config#::MkStage#Stage2#::Stage#Stage3Param#::flowOutOfCallApa#6#ffffff/6@7bc7259o.
[2026-01-21 06:10:59] (5s) Inferred that project#DataFlowImpl#6ed98661::Impl#DataFlowImpl1#bece54ca::Config#::MkStage#Stage2#::Stage#Stage3Param#::flowOutOfCallApa#6#ffffff/4@3efffcq7 is empty, due to DataFlowImpl#6ed98661::Impl#DataFlowImpl1#bece54ca::Config#::MkStage#Stage2#::Stage#Stage3Param#::flowOutOfCallApa#6#ffffff/6@7bc7259o.
[2026-01-21 06:10:59] (5s) Inferred that project#DataFlowImpl#6ed98661::Impl#DataFlowImpl1#bece54ca::Config#::MkStage#Stage2#::Stage#Stage3Param#::flowOutOfCallApa#6#ffffff#2/5@8240478j is empty, due to DataFlowImpl#6ed98661::Impl#DataFlowImpl1#bece54ca::Config#::MkStage#Stage2#::Stage#Stage3Param#::flowOutOfCallApa#6#ffffff/6@7bc7259o.
[2026-01-21 06:10:59] (5s) Inferred that DataFlowImpl#6ed98661::Impl#DataFlowImpl1#bece54ca::Config#::MkStage#Stage3#::Stage#Stage4Param#::flowOutOfCallApa#6#ffffff/6@5962bf91 is empty, due to DataFlowImpl#6ed98661::Impl#DataFlowImpl1#bece54ca::Config#::Stage4Param::flowOutOfCall#5#fffff/5@8ee824kj.
[2026-01-21 06:10:59] (5s) Inferred that DataFlowImpl#6ed98661::Impl#DataFlowImpl1#bece54ca::Config#::MkStage#Stage4#::Stage#Stage5Param#::flowOutOfCallApa#6#ffffff/6@c0de58tn is empty, due to DataFlowImpl#6ed98661::Impl#DataFlowImpl1#bece54ca::Config#::Stage5Param::flowOutOfCall#5#fffff/5@af4c1df2.
[2026-01-21 06:10:59] (5s) Inferred that DataFlowImpl#6ed98661::Impl#DataFlowImpl1#bece54ca::Config#::MkStage#Stage1#::Stage#Stage2Param#::flowThroughIntoCall#6#ffffff_02451#join_rhs/5@e05097oj is empty, due to DataFlowImpl#6ed98661::Impl#DataFlowImpl1#bece54ca::Config#::MkStage#Stage1#::Stage#Stage2Param#::flowThroughIntoCall#6#ffffff/6@9dcbc0p6.
[2026-01-21 06:10:59] (5s) Inferred that project#DataFlowImpl#6ed98661::Impl#DataFlowImpl1#bece54ca::Config#::MkStage#Stage1#::Stage#Stage2Param#::revFlowThrough#8#ffffffff/7@fc02f32d is empty, due to DataFlowImpl#6ed98661::Impl#DataFlowImpl1#bece54ca::Config#::MkStage#Stage1#::Stage#Stage2Param#::revFlowThrough#8#ffffffff/8@d2435z5o.
[2026-01-21 06:10:59] (5s) Inferred that DataFlowImpl#6ed98661::Impl#DataFlowImpl1#bece54ca::Config#::MkStage#Stage1#::Stage#Stage2Param#::returnMayFlowThrough#4#ffff_0231#join_rhs/4@54901576 is empty, due to DataFlowImpl#6ed98661::Impl#DataFlowImpl1#bece54ca::Config#::MkStage#Stage1#::Stage#Stage2Param#::returnMayFlowThrough#4#ffff/4@0fd2f60b.
[2026-01-21 06:10:59] (5s) Inferred that DataFlowImpl#6ed98661::Impl#DataFlowImpl1#bece54ca::Config#::MkStage#Stage2#::Stage#Stage3Param#::fwdFlowThrough#10#ffffffffff/10@f702f0w7 is empty, due to DataFlowImpl#6ed98661::Impl#DataFlowImpl1#bece54ca::Config#::MkStage#Stage1#::Stage#Stage2Param#::returnMayFlowThrough#4#ffff/4@0fd2f60b.
[2026-01-21 06:10:59] (5s) Inferred that DataFlowImpl#6ed98661::Impl#DataFlowImpl1#bece54ca::Config#::MkStage#Stage2#::Stage#Stage3Param#::fwdFlowRetFromArg#8#ffffffff#reorder_2_3_4_0_1_5_6_7/8@f702f2w7 is empty, due to DataFlowImpl#6ed98661::Impl#DataFlowImpl1#bece54ca::Config#::MkStage#Stage1#::Stage#Stage2Param#::returnMayFlowThrough#4#ffff/4@0fd2f60b.
[2026-01-21 06:10:59] (5s) Inferred that DataFlowImpl#6ed98661::Impl#DataFlowImpl1#bece54ca::Config#::MkStage#Stage2#::Stage#Stage3Param#::fwdFlowIsEntered#7#fffffff#reorder_2_5_6_0_1_3_4/7@f702f3w7 is empty, due to DataFlowImpl#6ed98661::Impl#DataFlowImpl1#bece54ca::Config#::MkStage#Stage1#::Stage#Stage2Param#::parameterMayFlowThrough#2#ff/2@0f5f87gq.
[2026-01-21 06:10:59] (5s) Inferred that DataFlowImpl#6ed98661::Impl#DataFlowImpl1#bece54ca::Config#::MkStage#Stage2#::Stage#Stage3Param#::revFlowParamToReturn#5#fffff#reorder_2_3_0_1_4/5@94d42x9t is empty, due to DataFlowImpl#6ed98661::Impl#DataFlowImpl1#bece54ca::Config#::MkStage#Stage1#::Stage#Stage2Param#::parameterMayFlowThrough#2#ff/2@0f5f87gq.
[2026-01-21 06:10:59] (5s) Inferred that DataFlowImpl#6ed98661::Impl#DataFlowImpl1#bece54ca::Config#::MkStage#Stage1#::Stage#Stage2Param#::flowOutOfCallAp#6#ffffff/6@2c97596v is empty, due to project#DataFlowImpl#6ed98661::Impl#DataFlowImpl1#bece54ca::Config#::MkStage#Stage1#::Stage#Stage2Param#::flowOutOfCallApa#6#ffffff#2_14023#join_rhs/5@cc48c0ie.
[2026-01-21 06:10:59] (5s) Inferred that project#DataFlowImpl#6ed98661::Impl#DataFlowImpl1#bece54ca::Config#::MkStage#Stage2#::Stage#Stage3Param#::flowThroughOutOfCall#7#fffffff/6@43186cdk is empty, due to DataFlowImpl#6ed98661::Impl#DataFlowImpl1#bece54ca::Config#::MkStage#Stage2#::Stage#Stage3Param#::flowThroughOutOfCall#7#fffffff/7@fd59fek3.
[2026-01-21 06:10:59] (5s) Inferred that DataFlowImpl#6ed98661::Impl#DataFlowImpl1#bece54ca::Config#::MkStage#Stage2#::Stage#Stage3Param#::flowThroughOutOfCall#7#fffffff_0125634#join_rhs/7@c3aeaf1s is empty, due to DataFlowImpl#6ed98661::Impl#DataFlowImpl1#bece54ca::Config#::MkStage#Stage2#::Stage#Stage3Param#::flowThroughOutOfCall#7#fffffff/7@fd59fek3.
[2026-01-21 06:10:59] (5s) Inferred that project#DataFlowImpl#6ed98661::Impl#DataFlowImpl1#bece54ca::Config#::MkStage#Stage2#::Stage#Stage3Param#::flowOutOfCallApa#6#ffffff_0312#join_rhs/4@609bddp5 is empty, due to project#DataFlowImpl#6ed98661::Impl#DataFlowImpl1#bece54ca::Config#::MkStage#Stage2#::Stage#Stage3Param#::flowOutOfCallApa#6#ffffff/4@3efffcq7.
[2026-01-21 06:10:59] (5s) Inferred that project#DataFlowImpl#6ed98661::Impl#DataFlowImpl1#bece54ca::Config#::MkStage#Stage2#::Stage#Stage3Param#::flowOutOfCallApa#6#ffffff#2_14023#join_rhs/5@bb453edr is empty, due to project#DataFlowImpl#6ed98661::Impl#DataFlowImpl1#bece54ca::Config#::MkStage#Stage2#::Stage#Stage3Param#::flowOutOfCallApa#6#ffffff#2/5@8240478j.
[2026-01-21 06:10:59] (5s) Inferred that DataFlowImpl#6ed98661::Impl#DataFlowImpl1#bece54ca::Config#::MkStage#Stage3#::Stage#Stage4Param#::flowThroughOutOfCall#7#fffffff/7@99de9b9n is empty, due to DataFlowImpl#6ed98661::Impl#DataFlowImpl1#bece54ca::Config#::MkStage#Stage3#::Stage#Stage4Param#::flowOutOfCallApa#6#ffffff/6@5962bf91.
[2026-01-21 06:10:59] (5s) Inferred that project#DataFlowImpl#6ed98661::Impl#DataFlowImpl1#bece54ca::Config#::MkStage#Stage3#::Stage#Stage4Param#::flowOutOfCallApa#6#ffffff/4@7e6c69h0 is empty, due to DataFlowImpl#6ed98661::Impl#DataFlowImpl1#bece54ca::Config#::MkStage#Stage3#::Stage#Stage4Param#::flowOutOfCallApa#6#ffffff/6@5962bf91.
[2026-01-21 06:10:59] (5s) Inferred that project#DataFlowImpl#6ed98661::Impl#DataFlowImpl1#bece54ca::Config#::MkStage#Stage3#::Stage#Stage4Param#::flowOutOfCallApa#6#ffffff#2/5@f66e4562 is empty, due to DataFlowImpl#6ed98661::Impl#DataFlowImpl1#bece54ca::Config#::MkStage#Stage3#::Stage#Stage4Param#::flowOutOfCallApa#6#ffffff/6@5962bf91.
[2026-01-21 06:10:59] (5s) Inferred that DataFlowImpl#6ed98661::Impl#DataFlowImpl1#bece54ca::Config#::MkStage#Stage4#::Stage#Stage5Param#::flowThroughOutOfCall#7#fffffff/7@a4b5bbp7 is empty, due to DataFlowImpl#6ed98661::Impl#DataFlowImpl1#bece54ca::Config#::MkStage#Stage4#::Stage#Stage5Param#::flowOutOfCallApa#6#ffffff/6@c0de58tn.
[2026-01-21 06:10:59] (5s) Inferred that project#DataFlowImpl#6ed98661::Impl#DataFlowImpl1#bece54ca::Config#::MkStage#Stage4#::Stage#Stage5Param#::flowOutOfCallApa#6#ffffff/4@32b214tb is empty, due to DataFlowImpl#6ed98661::Impl#DataFlowImpl1#bece54ca::Config#::MkStage#Stage4#::Stage#Stage5Param#::flowOutOfCallApa#6#ffffff/6@c0de58tn.
[2026-01-21 06:10:59] (5s) Inferred that project#DataFlowImpl#6ed98661::Impl#DataFlowImpl1#bece54ca::Config#::MkStage#Stage4#::Stage#Stage5Param#::flowOutOfCallApa#6#ffffff#2/5@9fd479rv is empty, due to DataFlowImpl#6ed98661::Impl#DataFlowImpl1#bece54ca::Config#::MkStage#Stage4#::Stage#Stage5Param#::flowOutOfCallApa#6#ffffff/6@c0de58tn.
[2026-01-21 06:10:59] (5s) Inferred that DataFlowImpl#6ed98661::Impl#DataFlowImpl1#bece54ca::Config#::MkStage#Stage1#::Stage#Stage2Param#::revFlowThroughArg#6#ffffff/6@604385tu is empty, due to DataFlowImpl#6ed98661::Impl#DataFlowImpl1#bece54ca::Config#::MkStage#Stage1#::Stage#Stage2Param#::flowThroughIntoCall#6#ffffff_02451#join_rhs/5@e05097oj.
[2026-01-21 06:10:59] (5s) Inferred that project#DataFlowImpl#6ed98661::Impl#DataFlowImpl1#bece54ca::Config#::MkStage#Stage1#::Stage#Stage2Param#::revFlowThrough#8#ffffffff_0256134#join_rhs/7@32e2cfmq is empty, due to project#DataFlowImpl#6ed98661::Impl#DataFlowImpl1#bece54ca::Config#::MkStage#Stage1#::Stage#Stage2Param#::revFlowThrough#8#ffffffff/7@fc02f32d.
[2026-01-21 06:10:59] (5s) Inferred that DataFlowImpl#6ed98661::Impl#DataFlowImpl1#bece54ca::Config#::MkStage#Stage2#::Stage#Stage3Param#::returnFlowsThrough0#9#fffffffff/9@6d71cdrd is empty, due to DataFlowImpl#6ed98661::Impl#DataFlowImpl1#bece54ca::Config#::MkStage#Stage2#::Stage#Stage3Param#::fwdFlowRetFromArg#8#ffffffff#reorder_2_3_4_0_1_5_6_7/8@f702f2w7.
[2026-01-21 06:10:59] (5s) Inferred that project#DataFlowImpl#6ed98661::Impl#DataFlowImpl1#bece54ca::Config#::MkStage#Stage2#::Stage#Stage3Param#::fwdFlowIsEntered#7#fffffff/4@fd30d5kv is empty, due to DataFlowImpl#6ed98661::Impl#DataFlowImpl1#bece54ca::Config#::MkStage#Stage2#::Stage#Stage3Param#::fwdFlowIsEntered#7#fffffff#reorder_2_5_6_0_1_3_4/7@f702f3w7.
[2026-01-21 06:10:59] (5s) Inferred that _DataFlowImpl#6ed98661::Impl#DataFlowImpl1#bece54ca::Config#::MkStage#Stage1#::Stage#Stage2Param#::f__#join_rhs#1/5@f655fcov is empty, due to DataFlowImpl#6ed98661::Impl#DataFlowImpl1#bece54ca::Config#::MkStage#Stage1#::Stage#Stage2Param#::flowOutOfCallAp#6#ffffff/6@2c97596v.
[2026-01-21 06:10:59] (5s) Inferred that DataFlowImpl#6ed98661::Impl#DataFlowImpl1#bece54ca::Config#::MkStage#Stage1#::Stage#Stage2Param#::flowOutOfCallAp#6#ffffff_350124#join_rhs/6@7ff6318g is empty, due to DataFlowImpl#6ed98661::Impl#DataFlowImpl1#bece54ca::Config#::MkStage#Stage1#::Stage#Stage2Param#::flowOutOfCallAp#6#ffffff/6@2c97596v.
[2026-01-21 06:10:59] (5s) Inferred that project#DataFlowImpl#6ed98661::Impl#DataFlowImpl1#bece54ca::Config#::MkStage#Stage2#::Stage#Stage3Param#::flowThroughOutOfCall#7#fffffff_012453#join_rhs/6@d5caaft2 is empty, due to project#DataFlowImpl#6ed98661::Impl#DataFlowImpl1#bece54ca::Config#::MkStage#Stage2#::Stage#Stage3Param#::flowThroughOutOfCall#7#fffffff/6@43186cdk.
[2026-01-21 06:10:59] (5s) Inferred that DataFlowImpl#6ed98661::Impl#DataFlowImpl1#bece54ca::Config#::MkStage#Stage2#::Stage#Stage3Param#::flowOutOfCallAp#6#ffffff/6@997cb41h is empty, due to project#DataFlowImpl#6ed98661::Impl#DataFlowImpl1#bece54ca::Config#::MkStage#Stage2#::Stage#Stage3Param#::flowOutOfCallApa#6#ffffff#2_14023#join_rhs/5@bb453edr.
[2026-01-21 06:10:59] (5s) Inferred that project#DataFlowImpl#6ed98661::Impl#DataFlowImpl1#bece54ca::Config#::MkStage#Stage3#::Stage#Stage4Param#::flowThroughOutOfCall#7#fffffff/6@abf5999b is empty, due to DataFlowImpl#6ed98661::Impl#DataFlowImpl1#bece54ca::Config#::MkStage#Stage3#::Stage#Stage4Param#::flowThroughOutOfCall#7#fffffff/7@99de9b9n.
[2026-01-21 06:10:59] (5s) Inferred that DataFlowImpl#6ed98661::Impl#DataFlowImpl1#bece54ca::Config#::MkStage#Stage3#::Stage#Stage4Param#::flowThroughOutOfCall#7#fffffff_0125634#join_rhs/7@8ede2eql is empty, due to DataFlowImpl#6ed98661::Impl#DataFlowImpl1#bece54ca::Config#::MkStage#Stage3#::Stage#Stage4Param#::flowThroughOutOfCall#7#fffffff/7@99de9b9n.
[2026-01-21 06:10:59] (5s) Inferred that project#DataFlowImpl#6ed98661::Impl#DataFlowImpl1#bece54ca::Config#::MkStage#Stage3#::Stage#Stage4Param#::flowOutOfCallApa#6#ffffff_0312#join_rhs/4@43e1a4ta is empty, due to project#DataFlowImpl#6ed98661::Impl#DataFlowImpl1#bece54ca::Config#::MkStage#Stage3#::Stage#Stage4Param#::flowOutOfCallApa#6#ffffff/4@7e6c69h0.
[2026-01-21 06:10:59] (5s) Inferred that project#DataFlowImpl#6ed98661::Impl#DataFlowImpl1#bece54ca::Config#::MkStage#Stage3#::Stage#Stage4Param#::flowOutOfCallApa#6#ffffff#2_14023#join_rhs/5@5d785bpu is empty, due to project#DataFlowImpl#6ed98661::Impl#DataFlowImpl1#bece54ca::Config#::MkStage#Stage3#::Stage#Stage4Param#::flowOutOfCallApa#6#ffffff#2/5@f66e4562.
[2026-01-21 06:10:59] (5s) Inferred that project#DataFlowImpl#6ed98661::Impl#DataFlowImpl1#bece54ca::Config#::MkStage#Stage4#::Stage#Stage5Param#::flowThroughOutOfCall#7#fffffff/6@04de9brq is empty, due to DataFlowImpl#6ed98661::Impl#DataFlowImpl1#bece54ca::Config#::MkStage#Stage4#::Stage#Stage5Param#::flowThroughOutOfCall#7#fffffff/7@a4b5bbp7.
[2026-01-21 06:10:59] (5s) Inferred that DataFlowImpl#6ed98661::Impl#DataFlowImpl1#bece54ca::Config#::MkStage#Stage4#::Stage#Stage5Param#::flowThroughOutOfCall#7#fffffff_0125634#join_rhs/7@a39638lo is empty, due to DataFlowImpl#6ed98661::Impl#DataFlowImpl1#bece54ca::Config#::MkStage#Stage4#::Stage#Stage5Param#::flowThroughOutOfCall#7#fffffff/7@a4b5bbp7.
[2026-01-21 06:10:59] (5s) Inferred that project#DataFlowImpl#6ed98661::Impl#DataFlowImpl1#bece54ca::Config#::MkStage#Stage4#::Stage#Stage5Param#::flowOutOfCallApa#6#ffffff_0312#join_rhs/4@3a24a4ud is empty, due to project#DataFlowImpl#6ed98661::Impl#DataFlowImpl1#bece54ca::Config#::MkStage#Stage4#::Stage#Stage5Param#::flowOutOfCallApa#6#ffffff/4@32b214tb.
[2026-01-21 06:10:59] (5s) Inferred that project#DataFlowImpl#6ed98661::Impl#DataFlowImpl1#bece54ca::Config#::MkStage#Stage4#::Stage#Stage5Param#::flowOutOfCallApa#6#ffffff#2_14023#join_rhs/5@6ea1313h is empty, due to project#DataFlowImpl#6ed98661::Impl#DataFlowImpl1#bece54ca::Config#::MkStage#Stage4#::Stage#Stage5Param#::flowOutOfCallApa#6#ffffff#2/5@9fd479rv.
[2026-01-21 06:10:59] (5s) Inferred that DataFlowImpl#6ed98661::Impl#DataFlowImpl1#bece54ca::Config#::MkStage#Stage1#::Stage#Stage2Param#::callMayFlowThroughRev#1#f/1@afa9d77b is empty, due to DataFlowImpl#6ed98661::Impl#DataFlowImpl1#bece54ca::Config#::MkStage#Stage1#::Stage#Stage2Param#::revFlowThroughArg#6#ffffff/6@604385tu.
[2026-01-21 06:10:59] (5s) Inferred that DataFlowImpl#6ed98661::Impl#DataFlowImpl1#bece54ca::Config#::MkStage#Stage2#::Stage#Stage3Param#::returnFlowsThrough#7#fffffff/7@1a5577u7 is empty, due to DataFlowImpl#6ed98661::Impl#DataFlowImpl1#bece54ca::Config#::MkStage#Stage2#::Stage#Stage3Param#::returnFlowsThrough0#9#fffffffff/9@6d71cdrd.
[2026-01-21 06:10:59] (5s) Inferred that DataFlowImpl#6ed98661::Impl#DataFlowImpl1#bece54ca::Config#::MkStage#Stage1#::Stage#Stage2Param#::revFlowOut#7#fffffff/7@d24350wo is empty, due to _DataFlowImpl#6ed98661::Impl#DataFlowImpl1#bece54ca::Config#::MkStage#Stage1#::Stage#Stage2Param#::f__#join_rhs#1/5@f655fcov.
[2026-01-21 06:10:59] (5s) Inferred that _DataFlowImpl#6ed98661::Impl#DataFlowImpl1#bece54ca::Config#::MkStage#Stage2#::Stage#Stage3Param#::f__#join_rhs/5@fdcfb7mv is empty, due to DataFlowImpl#6ed98661::Impl#DataFlowImpl1#bece54ca::Config#::MkStage#Stage2#::Stage#Stage3Param#::flowOutOfCallAp#6#ffffff/6@997cb41h.
[2026-01-21 06:10:59] (5s) Inferred that DataFlowImpl#6ed98661::Impl#DataFlowImpl1#bece54ca::Config#::MkStage#Stage2#::Stage#Stage3Param#::flowOutOfCallAp#6#ffffff_350124#join_rhs/6@b1cc47ra is empty, due to DataFlowImpl#6ed98661::Impl#DataFlowImpl1#bece54ca::Config#::MkStage#Stage2#::Stage#Stage3Param#::flowOutOfCallAp#6#ffffff/6@997cb41h.
[2026-01-21 06:10:59] (5s) Inferred that project#DataFlowImpl#6ed98661::Impl#DataFlowImpl1#bece54ca::Config#::MkStage#Stage3#::Stage#Stage4Param#::flowThroughOutOfCall#7#fffffff_012453#join_rhs/6@921266mv is empty, due to project#DataFlowImpl#6ed98661::Impl#DataFlowImpl1#bece54ca::Config#::MkStage#Stage3#::Stage#Stage4Param#::flowThroughOutOfCall#7#fffffff/6@abf5999b.
[2026-01-21 06:10:59] (5s) Inferred that DataFlowImpl#6ed98661::Impl#DataFlowImpl1#bece54ca::Config#::MkStage#Stage3#::Stage#Stage4Param#::flowOutOfCallAp#6#ffffff/6@1b19561f is empty, due to project#DataFlowImpl#6ed98661::Impl#DataFlowImpl1#bece54ca::Config#::MkStage#Stage3#::Stage#Stage4Param#::flowOutOfCallApa#6#ffffff#2_14023#join_rhs/5@5d785bpu.
[2026-01-21 06:10:59] (5s) Inferred that project#DataFlowImpl#6ed98661::Impl#DataFlowImpl1#bece54ca::Config#::MkStage#Stage4#::Stage#Stage5Param#::flowThroughOutOfCall#7#fffffff_012453#join_rhs/6@b8ffc9lj is empty, due to project#DataFlowImpl#6ed98661::Impl#DataFlowImpl1#bece54ca::Config#::MkStage#Stage4#::Stage#Stage5Param#::flowThroughOutOfCall#7#fffffff/6@04de9brq.
[2026-01-21 06:10:59] (5s) Inferred that DataFlowImpl#6ed98661::Impl#DataFlowImpl1#bece54ca::Config#::MkStage#Stage4#::Stage#Stage5Param#::flowOutOfCallAp#6#ffffff/6@3c98c45t is empty, due to project#DataFlowImpl#6ed98661::Impl#DataFlowImpl1#bece54ca::Config#::MkStage#Stage4#::Stage#Stage5Param#::flowOutOfCallApa#6#ffffff#2_14023#join_rhs/5@6ea1313h.
[2026-01-21 06:10:59] (5s) Inferred that project#DataFlowImpl#6ed98661::Impl#DataFlowImpl1#bece54ca::Config#::MkStage#Stage2#::Stage#Stage3Param#::returnFlowsThrough#7#fffffff/3@65f5c4qm is empty, due to DataFlowImpl#6ed98661::Impl#DataFlowImpl1#bece54ca::Config#::MkStage#Stage2#::Stage#Stage3Param#::returnFlowsThrough#7#fffffff/7@1a5577u7.
[2026-01-21 06:10:59] (5s) Inferred that project#DataFlowImpl#6ed98661::Impl#DataFlowImpl1#bece54ca::Config#::MkStage#Stage2#::Stage#Stage3Param#::returnFlowsThrough#7#fffffff#2/4@8c19a7qn is empty, due to DataFlowImpl#6ed98661::Impl#DataFlowImpl1#bece54ca::Config#::MkStage#Stage2#::Stage#Stage3Param#::returnFlowsThrough#7#fffffff/7@1a5577u7.
[2026-01-21 06:10:59] (5s) Inferred that project#DataFlowImpl#6ed98661::Impl#DataFlowImpl1#bece54ca::Config#::MkStage#Stage2#::Stage#Stage3Param#::returnFlowsThrough#7#fffffff#4/3@3841c4au is empty, due to DataFlowImpl#6ed98661::Impl#DataFlowImpl1#bece54ca::Config#::MkStage#Stage2#::Stage#Stage3Param#::returnFlowsThrough#7#fffffff/7@1a5577u7.
[2026-01-21 06:10:59] (5s) Inferred that DataFlowImpl#6ed98661::Impl#DataFlowImpl1#bece54ca::Config#::MkStage#Stage2#::Stage#Stage3Param#::returnFlowsThrough#7#fffffff_14560#join_rhs/5@36eeb3me is empty, due to DataFlowImpl#6ed98661::Impl#DataFlowImpl1#bece54ca::Config#::MkStage#Stage2#::Stage#Stage3Param#::returnFlowsThrough#7#fffffff/7@1a5577u7.
[2026-01-21 06:10:59] (5s) Inferred that DataFlowImpl#6ed98661::Impl#DataFlowImpl1#bece54ca::Config#::MkStage#Stage2#::Stage#Stage3Param#::revFlowThrough#8#ffffffff/8@94d420wt is empty, due to _DataFlowImpl#6ed98661::Impl#DataFlowImpl1#bece54ca::Config#::MkStage#Stage2#::Stage#Stage3Param#::f__#join_rhs/5@fdcfb7mv.
[2026-01-21 06:10:59] (5s) Inferred that DataFlowImpl#6ed98661::Impl#DataFlowImpl1#bece54ca::Config#::MkStage#Stage2#::Stage#Stage3Param#::revFlowOut#7#fffffff/7@94d421wt is empty, due to _DataFlowImpl#6ed98661::Impl#DataFlowImpl1#bece54ca::Config#::MkStage#Stage2#::Stage#Stage3Param#::f__#join_rhs/5@fdcfb7mv.
[2026-01-21 06:10:59] (5s) Inferred that DataFlowImpl#6ed98661::Impl#DataFlowImpl1#bece54ca::Config#::MkStage#Stage2#::Stage#Stage3Param#::revFlowIsReturned#5#fffff#reorder_3_4_0_1_2/5@94d422wt is empty, due to _DataFlowImpl#6ed98661::Impl#DataFlowImpl1#bece54ca::Config#::MkStage#Stage2#::Stage#Stage3Param#::f__#join_rhs/5@fdcfb7mv.
[2026-01-21 06:10:59] (5s) Inferred that DataFlowImpl#6ed98661::Impl#DataFlowImpl1#bece54ca::Config#::MkStage#Stage3#::Stage#Stage4Param#::returnFlowsThrough#7#fffffff/7@39daca9l is empty, due to project#DataFlowImpl#6ed98661::Impl#DataFlowImpl1#bece54ca::Config#::MkStage#Stage3#::Stage#Stage4Param#::flowThroughOutOfCall#7#fffffff_012453#join_rhs/6@921266mv.
[2026-01-21 06:10:59] (5s) Inferred that _DataFlowImpl#6ed98661::Impl#DataFlowImpl1#bece54ca::Config#::MkStage#Stage3#::Stage#Stage4Param#::f__#join_rhs/5@91cd933g is empty, due to DataFlowImpl#6ed98661::Impl#DataFlowImpl1#bece54ca::Config#::MkStage#Stage3#::Stage#Stage4Param#::flowOutOfCallAp#6#ffffff/6@1b19561f.
[2026-01-21 06:10:59] (5s) Inferred that DataFlowImpl#6ed98661::Impl#DataFlowImpl1#bece54ca::Config#::MkStage#Stage3#::Stage#Stage4Param#::flowOutOfCallAp#6#ffffff_350124#join_rhs/6@2968655d is empty, due to DataFlowImpl#6ed98661::Impl#DataFlowImpl1#bece54ca::Config#::MkStage#Stage3#::Stage#Stage4Param#::flowOutOfCallAp#6#ffffff/6@1b19561f.
[2026-01-21 06:10:59] (5s) Inferred that DataFlowImpl#6ed98661::Impl#DataFlowImpl1#bece54ca::Config#::MkStage#Stage3#::Stage#Stage4Param#::returnFlowsThrough#7#fffffff_14560#join_rhs/5@5973ccfq is empty, due to DataFlowImpl#6ed98661::Impl#DataFlowImpl1#bece54ca::Config#::MkStage#Stage3#::Stage#Stage4Param#::returnFlowsThrough#7#fffffff/7@39daca9l.
[2026-01-21 06:10:59] (5s) Inferred that DataFlowImpl#6ed98661::Impl#DataFlowImpl1#bece54ca::Config#::MkStage#Stage4#::Stage#Stage5Param#::returnFlowsThrough#7#fffffff/7@69b4faic is empty, due to project#DataFlowImpl#6ed98661::Impl#DataFlowImpl1#bece54ca::Config#::MkStage#Stage4#::Stage#Stage5Param#::flowThroughOutOfCall#7#fffffff_012453#join_rhs/6@b8ffc9lj.
[2026-01-21 06:10:59] (5s) Inferred that _DataFlowImpl#6ed98661::Impl#DataFlowImpl1#bece54ca::Config#::MkStage#Stage4#::Stage#Stage5Param#::f__#join_rhs#2/5@76a742ek is empty, due to DataFlowImpl#6ed98661::Impl#DataFlowImpl1#bece54ca::Config#::MkStage#Stage4#::Stage#Stage5Param#::flowOutOfCallAp#6#ffffff/6@3c98c45t.
[2026-01-21 06:10:59] (5s) Inferred that DataFlowImpl#6ed98661::Impl#DataFlowImpl1#bece54ca::Config#::MkStage#Stage4#::Stage#Stage5Param#::flowOutOfCallAp#6#ffffff_350124#join_rhs/6@9b3a7dao is empty, due to DataFlowImpl#6ed98661::Impl#DataFlowImpl1#bece54ca::Config#::MkStage#Stage4#::Stage#Stage5Param#::flowOutOfCallAp#6#ffffff/6@3c98c45t.
[2026-01-21 06:10:59] (5s) Inferred that DataFlowImpl#6ed98661::Impl#DataFlowImpl1#bece54ca::Config#::MkStage#Stage2#::Stage#Stage3Param#::flowThroughIntoCall#6#ffffff/6@170e45pt is empty, due to project#DataFlowImpl#6ed98661::Impl#DataFlowImpl1#bece54ca::Config#::MkStage#Stage2#::Stage#Stage3Param#::returnFlowsThrough#7#fffffff/3@65f5c4qm.
[2026-01-21 06:10:59] (5s) Inferred that DataFlowImpl#6ed98661::Impl#DataFlowImpl1#bece54ca::Config#::MkStage#Stage2#::Stage#Stage3Param#::parameterMayFlowThrough#2#ff/2@3849107e is empty, due to project#DataFlowImpl#6ed98661::Impl#DataFlowImpl1#bece54ca::Config#::MkStage#Stage2#::Stage#Stage3Param#::returnFlowsThrough#7#fffffff#4/3@3841c4au.
[2026-01-21 06:10:59] (5s) Inferred that DataFlowImpl#6ed98661::Impl#DataFlowImpl1#bece54ca::Config#::MkStage#Stage2#::Stage#Stage3Param#::returnMayFlowThrough#4#ffff/4@d72926ps is empty, due to DataFlowImpl#6ed98661::Impl#DataFlowImpl1#bece54ca::Config#::MkStage#Stage2#::Stage#Stage3Param#::returnFlowsThrough#7#fffffff_14560#join_rhs/5@36eeb3me.
[2026-01-21 06:10:59] (5s) Inferred that project#DataFlowImpl#6ed98661::Impl#DataFlowImpl1#bece54ca::Config#::MkStage#Stage2#::Stage#Stage3Param#::revFlowThrough#8#ffffffff/7@8d9d9ef5 is empty, due to DataFlowImpl#6ed98661::Impl#DataFlowImpl1#bece54ca::Config#::MkStage#Stage2#::Stage#Stage3Param#::revFlowThrough#8#ffffffff/8@94d420wt.
[2026-01-21 06:10:59] (5s) Inferred that project#DataFlowImpl#6ed98661::Impl#DataFlowImpl1#bece54ca::Config#::MkStage#Stage3#::Stage#Stage4Param#::returnFlowsThrough#7#fffffff/3@309f406c is empty, due to DataFlowImpl#6ed98661::Impl#DataFlowImpl1#bece54ca::Config#::MkStage#Stage3#::Stage#Stage4Param#::returnFlowsThrough#7#fffffff/7@39daca9l.
[2026-01-21 06:10:59] (5s) Inferred that project#DataFlowImpl#6ed98661::Impl#DataFlowImpl1#bece54ca::Config#::MkStage#Stage3#::Stage#Stage4Param#::returnFlowsThrough#7#fffffff#2/4@001094u2 is empty, due to DataFlowImpl#6ed98661::Impl#DataFlowImpl1#bece54ca::Config#::MkStage#Stage3#::Stage#Stage4Param#::returnFlowsThrough#7#fffffff/7@39daca9l.
[2026-01-21 06:10:59] (5s) Inferred that project#DataFlowImpl#6ed98661::Impl#DataFlowImpl1#bece54ca::Config#::MkStage#Stage3#::Stage#Stage4Param#::returnFlowsThrough#7#fffffff#4/3@913efddh is empty, due to DataFlowImpl#6ed98661::Impl#DataFlowImpl1#bece54ca::Config#::MkStage#Stage3#::Stage#Stage4Param#::returnFlowsThrough#7#fffffff/7@39daca9l.
[2026-01-21 06:10:59] (5s) Inferred that DataFlowImpl#6ed98661::Impl#DataFlowImpl1#bece54ca::Config#::MkStage#Stage3#::Stage#Stage4Param#::revFlowThrough#8#ffffffff/8@a568e0w0 is empty, due to _DataFlowImpl#6ed98661::Impl#DataFlowImpl1#bece54ca::Config#::MkStage#Stage3#::Stage#Stage4Param#::f__#join_rhs/5@91cd933g.
[2026-01-21 06:10:59] (5s) Inferred that DataFlowImpl#6ed98661::Impl#DataFlowImpl1#bece54ca::Config#::MkStage#Stage3#::Stage#Stage4Param#::revFlowOut#7#fffffff/7@a568e1w0 is empty, due to _DataFlowImpl#6ed98661::Impl#DataFlowImpl1#bece54ca::Config#::MkStage#Stage3#::Stage#Stage4Param#::f__#join_rhs/5@91cd933g.
[2026-01-21 06:10:59] (5s) Inferred that DataFlowImpl#6ed98661::Impl#DataFlowImpl1#bece54ca::Config#::MkStage#Stage3#::Stage#Stage4Param#::revFlowIsReturned#5#fffff#reorder_3_4_0_1_2/5@a568e2w0 is empty, due to _DataFlowImpl#6ed98661::Impl#DataFlowImpl1#bece54ca::Config#::MkStage#Stage3#::Stage#Stage4Param#::f__#join_rhs/5@91cd933g.
[2026-01-21 06:10:59] (5s) Inferred that DataFlowImpl#6ed98661::Impl#DataFlowImpl1#bece54ca::Config#::MkStage#Stage3#::Stage#Stage4Param#::flowThroughIntoCall#6#ffffff/6@848213vk is empty, due to project#DataFlowImpl#6ed98661::Impl#DataFlowImpl1#bece54ca::Config#::MkStage#Stage3#::Stage#Stage4Param#::returnFlowsThrough#7#fffffff/3@309f406c.
[2026-01-21 06:10:59] (5s) Inferred that project#DataFlowImpl#6ed98661::Impl#DataFlowImpl1#bece54ca::Config#::MkStage#Stage3#::Stage#Stage4Param#::revFlowThrough#8#ffffffff/7@f9f0aei1 is empty, due to DataFlowImpl#6ed98661::Impl#DataFlowImpl1#bece54ca::Config#::MkStage#Stage3#::Stage#Stage4Param#::revFlowThrough#8#ffffffff/8@a568e0w0.
[2026-01-21 06:10:59] (5s) Inferred that DataFlowImpl#6ed98661::Impl#DataFlowImpl1#bece54ca::Config#::MkStage#Stage3#::Stage#Stage4Param#::returnMayFlowThrough#4#ffff/4@3ea2d1mf is empty, due to DataFlowImpl#6ed98661::Impl#DataFlowImpl1#bece54ca::Config#::MkStage#Stage3#::Stage#Stage4Param#::returnFlowsThrough#7#fffffff_14560#join_rhs/5@5973ccfq.
[2026-01-21 06:10:59] (5s) Inferred that project#DataFlowImpl#6ed98661::Impl#DataFlowImpl1#bece54ca::Config#::MkStage#Stage4#::Stage#Stage5Param#::returnFlowsThrough#7#fffffff/3@c17f66iu is empty, due to DataFlowImpl#6ed98661::Impl#DataFlowImpl1#bece54ca::Config#::MkStage#Stage4#::Stage#Stage5Param#::returnFlowsThrough#7#fffffff/7@69b4faic.
[2026-01-21 06:10:59] (5s) Inferred that project#DataFlowImpl#6ed98661::Impl#DataFlowImpl1#bece54ca::Config#::MkStage#Stage4#::Stage#Stage5Param#::returnFlowsThrough#7#fffffff#2/4@3e2690te is empty, due to DataFlowImpl#6ed98661::Impl#DataFlowImpl1#bece54ca::Config#::MkStage#Stage4#::Stage#Stage5Param#::returnFlowsThrough#7#fffffff/7@69b4faic.
[2026-01-21 06:10:59] (5s) Inferred that project#DataFlowImpl#6ed98661::Impl#DataFlowImpl1#bece54ca::Config#::MkStage#Stage4#::Stage#Stage5Param#::returnFlowsThrough#7#fffffff#4/3@166e4198 is empty, due to DataFlowImpl#6ed98661::Impl#DataFlowImpl1#bece54ca::Config#::MkStage#Stage4#::Stage#Stage5Param#::returnFlowsThrough#7#fffffff/7@69b4faic.
[2026-01-21 06:10:59] (5s) Inferred that DataFlowImpl#6ed98661::Impl#DataFlowImpl1#bece54ca::Config#::MkStage#Stage4#::Stage#Stage5Param#::revFlowThrough#8#ffffffff/8@8aee10wr is empty, due to _DataFlowImpl#6ed98661::Impl#DataFlowImpl1#bece54ca::Config#::MkStage#Stage4#::Stage#Stage5Param#::f__#join_rhs#2/5@76a742ek.
[2026-01-21 06:10:59] (5s) Inferred that DataFlowImpl#6ed98661::Impl#DataFlowImpl1#bece54ca::Config#::MkStage#Stage4#::Stage#Stage5Param#::revFlowOut#7#fffffff/7@8aee11wr is empty, due to _DataFlowImpl#6ed98661::Impl#DataFlowImpl1#bece54ca::Config#::MkStage#Stage4#::Stage#Stage5Param#::f__#join_rhs#2/5@76a742ek.
[2026-01-21 06:10:59] (5s) Inferred that DataFlowImpl#6ed98661::Impl#DataFlowImpl1#bece54ca::Config#::MkStage#Stage4#::Stage#Stage5Param#::revFlowIsReturned#5#fffff#reorder_3_4_0_1_2/5@8aee12wr is empty, due to _DataFlowImpl#6ed98661::Impl#DataFlowImpl1#bece54ca::Config#::MkStage#Stage4#::Stage#Stage5Param#::f__#join_rhs#2/5@76a742ek.
[2026-01-21 06:10:59] (5s) Inferred that DataFlowImpl#6ed98661::Impl#DataFlowImpl1#bece54ca::Config#::MkStage#Stage2#::Stage#Stage3Param#::flowThroughIntoCall#6#ffffff_02451#join_rhs/5@ec85776s is empty, due to DataFlowImpl#6ed98661::Impl#DataFlowImpl1#bece54ca::Config#::MkStage#Stage2#::Stage#Stage3Param#::flowThroughIntoCall#6#ffffff/6@170e45pt.
[2026-01-21 06:10:59] (5s) Inferred that DataFlowImpl#6ed98661::Impl#DataFlowImpl1#bece54ca::Config#::MkStage#Stage3#::Stage#Stage4Param#::fwdFlowThrough#10#ffffffffff/10@dd0a80wk is empty, due to DataFlowImpl#6ed98661::Impl#DataFlowImpl1#bece54ca::Config#::MkStage#Stage2#::Stage#Stage3Param#::parameterMayFlowThrough#2#ff/2@3849107e.
[2026-01-21 06:10:59] (5s) Inferred that DataFlowImpl#6ed98661::Impl#DataFlowImpl1#bece54ca::Config#::MkStage#Stage3#::Stage#Stage4Param#::fwdFlowIsEntered#7#fffffff#reorder_2_5_6_0_1_3_4/7@dd0a83wk is empty, due to DataFlowImpl#6ed98661::Impl#DataFlowImpl1#bece54ca::Config#::MkStage#Stage2#::Stage#Stage3Param#::parameterMayFlowThrough#2#ff/2@3849107e.
[2026-01-21 06:10:59] (5s) Inferred that DataFlowImpl#6ed98661::Impl#DataFlowImpl1#bece54ca::Config#::MkStage#Stage3#::Stage#Stage4Param#::revFlowParamToReturn#5#fffff#reorder_2_3_0_1_4/5@a568ex30 is empty, due to DataFlowImpl#6ed98661::Impl#DataFlowImpl1#bece54ca::Config#::MkStage#Stage2#::Stage#Stage3Param#::parameterMayFlowThrough#2#ff/2@3849107e.
[2026-01-21 06:10:59] (5s) Inferred that DataFlowImpl#6ed98661::Impl#DataFlowImpl1#bece54ca::Config#::MkStage#Stage2#::Stage#Stage3Param#::returnMayFlowThrough#4#ffff_0231#join_rhs/4@a75c7649 is empty, due to DataFlowImpl#6ed98661::Impl#DataFlowImpl1#bece54ca::Config#::MkStage#Stage2#::Stage#Stage3Param#::returnMayFlowThrough#4#ffff/4@d72926ps.
[2026-01-21 06:10:59] (5s) Inferred that DataFlowImpl#6ed98661::Impl#DataFlowImpl1#bece54ca::Config#::MkStage#Stage3#::Stage#Stage4Param#::fwdFlowRetFromArg#8#ffffffff#reorder_2_3_4_0_1_5_6_7/8@dd0a82wk is empty, due to DataFlowImpl#6ed98661::Impl#DataFlowImpl1#bece54ca::Config#::MkStage#Stage2#::Stage#Stage3Param#::returnMayFlowThrough#4#ffff/4@d72926ps.
[2026-01-21 06:10:59] (5s) Inferred that project#DataFlowImpl#6ed98661::Impl#DataFlowImpl1#bece54ca::Config#::MkStage#Stage2#::Stage#Stage3Param#::revFlowThrough#8#ffffffff_0256134#join_rhs/7@81c8a1ht is empty, due to project#DataFlowImpl#6ed98661::Impl#DataFlowImpl1#bece54ca::Config#::MkStage#Stage2#::Stage#Stage3Param#::revFlowThrough#8#ffffffff/7@8d9d9ef5.
[2026-01-21 06:10:59] (5s) Inferred that project#DataFlowImpl#6ed98661::Impl#DataFlowImpl1#bece54ca::Config#::MkStage#Stage3#::Stage#Stage4Param#::fwdFlowIsEntered#7#fffffff/4@bb14938n is empty, due to DataFlowImpl#6ed98661::Impl#DataFlowImpl1#bece54ca::Config#::MkStage#Stage3#::Stage#Stage4Param#::fwdFlowIsEntered#7#fffffff#reorder_2_5_6_0_1_3_4/7@dd0a83wk.
[2026-01-21 06:10:59] (5s) Inferred that DataFlowImpl#6ed98661::Impl#DataFlowImpl1#bece54ca::Config#::MkStage#Stage3#::Stage#Stage4Param#::parameterMayFlowThrough#2#ff/2@445348j7 is empty, due to project#DataFlowImpl#6ed98661::Impl#DataFlowImpl1#bece54ca::Config#::MkStage#Stage3#::Stage#Stage4Param#::returnFlowsThrough#7#fffffff#4/3@913efddh.
[2026-01-21 06:10:59] (5s) Inferred that DataFlowImpl#6ed98661::Impl#DataFlowImpl1#bece54ca::Config#::MkStage#Stage3#::Stage#Stage4Param#::flowThroughIntoCall#6#ffffff_02451#join_rhs/5@91a5c608 is empty, due to DataFlowImpl#6ed98661::Impl#DataFlowImpl1#bece54ca::Config#::MkStage#Stage3#::Stage#Stage4Param#::flowThroughIntoCall#6#ffffff/6@848213vk.
[2026-01-21 06:10:59] (5s) Inferred that project#DataFlowImpl#6ed98661::Impl#DataFlowImpl1#bece54ca::Config#::MkStage#Stage3#::Stage#Stage4Param#::revFlowThrough#8#ffffffff_0256134#join_rhs/7@f02f1936 is empty, due to project#DataFlowImpl#6ed98661::Impl#DataFlowImpl1#bece54ca::Config#::MkStage#Stage3#::Stage#Stage4Param#::revFlowThrough#8#ffffffff/7@f9f0aei1.
[2026-01-21 06:10:59] (5s) Inferred that DataFlowImpl#6ed98661::Impl#DataFlowImpl1#bece54ca::Config#::MkStage#Stage3#::Stage#Stage4Param#::returnMayFlowThrough#4#ffff_0231#join_rhs/4@0b87fap8 is empty, due to DataFlowImpl#6ed98661::Impl#DataFlowImpl1#bece54ca::Config#::MkStage#Stage3#::Stage#Stage4Param#::returnMayFlowThrough#4#ffff/4@3ea2d1mf.
[2026-01-21 06:10:59] (5s) Inferred that DataFlowImpl#6ed98661::Impl#DataFlowImpl1#bece54ca::Config#::MkStage#Stage4#::Stage#Stage5Param#::fwdFlowRetFromArg#8#ffffffff#reorder_2_3_4_0_1_5_6_7/8@e103cwqj is empty, due to DataFlowImpl#6ed98661::Impl#DataFlowImpl1#bece54ca::Config#::MkStage#Stage3#::Stage#Stage4Param#::returnMayFlowThrough#4#ffff/4@3ea2d1mf.
[2026-01-21 06:10:59] (5s) Inferred that DataFlowImpl#6ed98661::Impl#DataFlowImpl1#bece54ca::Config#::MkStage#Stage4#::Stage#Stage5Param#::fwdFlowThrough#10#ffffffffff/10@e103c1wj is empty, due to DataFlowImpl#6ed98661::Impl#DataFlowImpl1#bece54ca::Config#::MkStage#Stage3#::Stage#Stage4Param#::parameterMayFlowThrough#2#ff/2@445348j7.
[2026-01-21 06:10:59] (5s) Inferred that DataFlowImpl#6ed98661::Impl#DataFlowImpl1#bece54ca::Config#::MkStage#Stage4#::Stage#Stage5Param#::flowThroughIntoCall#6#ffffff/6@255978ti is empty, due to project#DataFlowImpl#6ed98661::Impl#DataFlowImpl1#bece54ca::Config#::MkStage#Stage4#::Stage#Stage5Param#::returnFlowsThrough#7#fffffff/3@c17f66iu.
[2026-01-21 06:10:59] (5s) Inferred that DataFlowImpl#6ed98661::Impl#DataFlowImpl1#bece54ca::Config#::MkStage#Stage4#::Stage#Stage5Param#::parameterMayFlowThrough#2#ff/2@e4a0bdb9 is empty, due to project#DataFlowImpl#6ed98661::Impl#DataFlowImpl1#bece54ca::Config#::MkStage#Stage4#::Stage#Stage5Param#::returnFlowsThrough#7#fffffff#4/3@166e4198.
[2026-01-21 06:10:59] (5s) Inferred that DataFlowImpl#6ed98661::Impl#DataFlowImpl1#bece54ca::Config#::MkStage#Stage2#::Stage#Stage3Param#::revFlowThroughArg#6#ffffff/6@fa6cd55l is empty, due to DataFlowImpl#6ed98661::Impl#DataFlowImpl1#bece54ca::Config#::MkStage#Stage2#::Stage#Stage3Param#::flowThroughIntoCall#6#ffffff_02451#join_rhs/5@ec85776s.
[2026-01-21 06:10:59] (5s) Inferred that DataFlowImpl#6ed98661::Impl#DataFlowImpl1#bece54ca::Config#::MkStage#Stage2#::Stage#Stage3Param#::callMayFlowThroughRev#1#f/1@d8a4e70l is empty, due to DataFlowImpl#6ed98661::Impl#DataFlowImpl1#bece54ca::Config#::MkStage#Stage2#::Stage#Stage3Param#::revFlowThroughArg#6#ffffff/6@fa6cd55l.
[2026-01-21 06:10:59] (5s) Inferred that DataFlowImpl#6ed98661::Impl#DataFlowImpl1#bece54ca::Config#::MkStage#Stage3#::Stage#Stage4Param#::returnFlowsThrough0#9#fffffffff/9@7eafe872 is empty, due to project#DataFlowImpl#6ed98661::Impl#DataFlowImpl1#bece54ca::Config#::MkStage#Stage3#::Stage#Stage4Param#::fwdFlowIsEntered#7#fffffff/4@bb14938n.
[2026-01-21 06:10:59] (5s) Inferred that DataFlowImpl#6ed98661::Impl#DataFlowImpl1#bece54ca::Config#::MkStage#Stage4#::Stage#Stage5Param#::fwdFlowIsEntered#7#fffffff#reorder_2_5_6_0_1_3_4/7@e103c3wj is empty, due to DataFlowImpl#6ed98661::Impl#DataFlowImpl1#bece54ca::Config#::MkStage#Stage3#::Stage#Stage4Param#::parameterMayFlowThrough#2#ff/2@445348j7.
[2026-01-21 06:10:59] (5s) Inferred that DataFlowImpl#6ed98661::Impl#DataFlowImpl1#bece54ca::Config#::MkStage#Stage4#::Stage#Stage5Param#::revFlowParamToReturn#5#fffff#reorder_2_3_0_1_4/5@8aee1x5r is empty, due to DataFlowImpl#6ed98661::Impl#DataFlowImpl1#bece54ca::Config#::MkStage#Stage3#::Stage#Stage4Param#::parameterMayFlowThrough#2#ff/2@445348j7.
[2026-01-21 06:10:59] (5s) Inferred that DataFlowImpl#6ed98661::Impl#DataFlowImpl1#bece54ca::Config#::MkStage#Stage3#::Stage#Stage4Param#::revFlowThroughArg#6#ffffff/6@05ef69ip is empty, due to DataFlowImpl#6ed98661::Impl#DataFlowImpl1#bece54ca::Config#::MkStage#Stage3#::Stage#Stage4Param#::flowThroughIntoCall#6#ffffff_02451#join_rhs/5@91a5c608.
[2026-01-21 06:10:59] (5s) Inferred that DataFlowImpl#6ed98661::Impl#DataFlowImpl1#bece54ca::Config#::MkStage#Stage4#::Stage#Stage5Param#::returnFlowsThrough0#9#fffffffff/9@fad62e0v is empty, due to DataFlowImpl#6ed98661::Impl#DataFlowImpl1#bece54ca::Config#::MkStage#Stage4#::Stage#Stage5Param#::fwdFlowRetFromArg#8#ffffffff#reorder_2_3_4_0_1_5_6_7/8@e103cwqj.
[2026-01-21 06:10:59] (5s) Inferred that DataFlowImpl#6ed98661::Impl#DataFlowImpl1#bece54ca::Config#::MkStage#Stage4#::Stage#Stage5Param#::flowThroughIntoCall#6#ffffff_02451#join_rhs/5@6bb63b3b is empty, due to DataFlowImpl#6ed98661::Impl#DataFlowImpl1#bece54ca::Config#::MkStage#Stage4#::Stage#Stage5Param#::flowThroughIntoCall#6#ffffff/6@255978ti.
[2026-01-21 06:10:59] (5s) Inferred that project#DataFlowImpl#6ed98661::Impl#DataFlowImpl1#bece54ca::Config#::MkStage#Stage4#::Stage#Stage5Param#::parameterMayFlowThrough#2#ff/1@c3e3a2h1 is empty, due to DataFlowImpl#6ed98661::Impl#DataFlowImpl1#bece54ca::Config#::MkStage#Stage4#::Stage#Stage5Param#::parameterMayFlowThrough#2#ff/2@e4a0bdb9.
[2026-01-21 06:10:59] (5s) Inferred that DataFlowImpl#6ed98661::Impl#DataFlowImpl1#bece54ca::Config#::TSummaryCtxSome#dom#fff/3@ec77895k is empty, due to DataFlowImpl#6ed98661::Impl#DataFlowImpl1#bece54ca::Config#::MkStage#Stage4#::Stage#Stage5Param#::parameterMayFlowThrough#2#ff/2@e4a0bdb9.
[2026-01-21 06:10:59] (5s) Inferred that DataFlowImpl#6ed98661::Impl#DataFlowImpl1#bece54ca::Config#::MkStage#Stage3#::Stage#Stage4Param#::callMayFlowThroughRev#1#f/1@2344batd is empty, due to DataFlowImpl#6ed98661::Impl#DataFlowImpl1#bece54ca::Config#::MkStage#Stage3#::Stage#Stage4Param#::revFlowThroughArg#6#ffffff/6@05ef69ip.
[2026-01-21 06:10:59] (5s) Inferred that project#DataFlowImpl#6ed98661::Impl#DataFlowImpl1#bece54ca::Config#::MkStage#Stage4#::Stage#Stage5Param#::fwdFlowIsEntered#7#fffffff/4@db70edgv is empty, due to DataFlowImpl#6ed98661::Impl#DataFlowImpl1#bece54ca::Config#::MkStage#Stage4#::Stage#Stage5Param#::fwdFlowIsEntered#7#fffffff#reorder_2_5_6_0_1_3_4/7@e103c3wj.
[2026-01-21 06:10:59] (5s) Inferred that DataFlowImpl#6ed98661::Impl#DataFlowImpl1#bece54ca::Config#::nodeMayUseSummary0#4#ffff/4@bdfd0eq3 is empty, due to project#DataFlowImpl#6ed98661::Impl#DataFlowImpl1#bece54ca::Config#::MkStage#Stage4#::Stage#Stage5Param#::parameterMayFlowThrough#2#ff/1@c3e3a2h1.
[2026-01-21 06:10:59] (5s) Inferred that DataFlowImpl#6ed98661::Impl#DataFlowImpl1#bece54ca::Config#::nodeMayUseSummary#3#fff/3@add8b0m0 is empty, due to DataFlowImpl#6ed98661::Impl#DataFlowImpl1#bece54ca::Config#::nodeMayUseSummary0#4#ffff/4@bdfd0eq3.
[2026-01-21 06:10:59] (5s)  >>> Created relation DataFlowImpl#6ed98661::Impl#DataFlowImpl1#bece54ca::Config#::MkStage#Stage4#::Stage#Stage5Param#::flowThroughIntoCall#6#ffffff_02451#join_rhs/5@6bb63b3b with 0 rows and digest THIS-RELATION-HAS-NO-TUPLES.
[2026-01-21 06:10:59] (5s)  >>> Created relation DataFlowImpl#6ed98661::Impl#DataFlowImpl1#bece54ca::Config#::MkStage#Stage4#::Stage#Stage5Param#::returnFlowsThrough0#9#fffffffff/9@fad62e0v with 0 rows and digest THIS-RELATION-HAS-NO-TUPLES.
[2026-01-21 06:10:59] (5s)  >>> Created relation DataFlowImpl#6ed98661::Impl#DataFlowImpl1#bece54ca::Config#::TSummaryCtxSome#dom#fff/3@ec77895k with 0 rows and digest THIS-RELATION-HAS-NO-TUPLES.
[2026-01-21 06:10:59] (5s)  >>> Created relation DataFlowImpl#6ed98661::Impl#DataFlowImpl1#bece54ca::Config#::MkStage#Stage4#::Stage#Stage5Param#::revFlowParamToReturn#5#fffff#reorder_2_3_0_1_4/5@8aee1x5r with 0 rows and digest THIS-RELATION-HAS-NO-TUPLES.
[2026-01-21 06:10:59] (5s)  >>> Created relation DataFlowImpl#6ed98661::Impl#DataFlowImpl1#bece54ca::Config#::MkStage#Stage4#::Stage#Stage5Param#::fwdFlowIsEntered#7#fffffff#reorder_2_5_6_0_1_3_4/7@e103c3wj with 0 rows and digest THIS-RELATION-HAS-NO-TUPLES.
[2026-01-21 06:10:59] (5s)  >>> Created relation DataFlowImpl#6ed98661::Impl#DataFlowImpl1#bece54ca::Config#::MkStage#Stage3#::Stage#Stage4Param#::returnFlowsThrough0#9#fffffffff/9@7eafe872 with 0 rows and digest THIS-RELATION-HAS-NO-TUPLES.
[2026-01-21 06:10:59] (5s)  >>> Created relation DataFlowImpl#6ed98661::Impl#DataFlowImpl1#bece54ca::Config#::MkStage#Stage2#::Stage#Stage3Param#::callMayFlowThroughRev#1#f/1@d8a4e70l with 0 rows and digest THIS-RELATION-HAS-NO-TUPLES.
[2026-01-21 06:10:59] (5s)  >>> Created relation DataFlowImpl#6ed98661::Impl#DataFlowImpl1#bece54ca::Config#::MkStage#Stage2#::Stage#Stage3Param#::revFlowThroughArg#6#ffffff/6@fa6cd55l with 0 rows and digest THIS-RELATION-HAS-NO-TUPLES.
[2026-01-21 06:10:59] (5s)  >>> Created relation DataFlowImpl#6ed98661::Impl#DataFlowImpl1#bece54ca::Config#::MkStage#Stage4#::Stage#Stage5Param#::parameterMayFlowThrough#2#ff/2@e4a0bdb9 with 0 rows and digest THIS-RELATION-HAS-NO-TUPLES.
[2026-01-21 06:10:59] (5s)  >>> Created relation DataFlowImpl#6ed98661::Impl#DataFlowImpl1#bece54ca::Config#::MkStage#Stage4#::Stage#Stage5Param#::flowThroughIntoCall#6#ffffff/6@255978ti with 0 rows and digest THIS-RELATION-HAS-NO-TUPLES.
[2026-01-21 06:10:59] (5s)  >>> Created relation DataFlowImpl#6ed98661::Impl#DataFlowImpl1#bece54ca::Config#::nodeMayUseSummary#3#fff/3@add8b0m0 with 0 rows and digest THIS-RELATION-HAS-NO-TUPLES.
[2026-01-21 06:10:59] (5s)  >>> Created relation DataFlowImpl#6ed98661::Impl#DataFlowImpl1#bece54ca::Config#::MkStage#Stage4#::Stage#Stage5Param#::fwdFlowRetFromArg#8#ffffffff#reorder_2_3_4_0_1_5_6_7/8@e103cwqj with 0 rows and digest THIS-RELATION-HAS-NO-TUPLES.
[2026-01-21 06:10:59] (5s)  >>> Created relation DataFlowImpl#6ed98661::Impl#DataFlowImpl1#bece54ca::Config#::MkStage#Stage3#::Stage#Stage4Param#::returnMayFlowThrough#4#ffff_0231#join_rhs/4@0b87fap8 with 0 rows and digest THIS-RELATION-HAS-NO-TUPLES.
[2026-01-21 06:10:59] (5s)  >>> Created relation project#DataFlowImpl#6ed98661::Impl#DataFlowImpl1#bece54ca::Config#::MkStage#Stage3#::Stage#Stage4Param#::revFlowThrough#8#ffffffff_0256134#join_rhs/7@f02f1936 with 0 rows and digest THIS-RELATION-HAS-NO-TUPLES.
[2026-01-21 06:10:59] (5s)  >>> Created relation DataFlowImpl#6ed98661::Impl#DataFlowImpl1#bece54ca::Config#::MkStage#Stage3#::Stage#Stage4Param#::flowThroughIntoCall#6#ffffff_02451#join_rhs/5@91a5c608 with 0 rows and digest THIS-RELATION-HAS-NO-TUPLES.
[2026-01-21 06:10:59] (5s)  >>> Created relation DataFlowImpl#6ed98661::Impl#DataFlowImpl1#bece54ca::Config#::MkStage#Stage3#::Stage#Stage4Param#::parameterMayFlowThrough#2#ff/2@445348j7 with 0 rows and digest THIS-RELATION-HAS-NO-TUPLES.
[2026-01-21 06:10:59] (5s)  >>> Created relation project#DataFlowImpl#6ed98661::Impl#DataFlowImpl1#bece54ca::Config#::MkStage#Stage3#::Stage#Stage4Param#::fwdFlowIsEntered#7#fffffff/4@bb14938n with 0 rows and digest THIS-RELATION-HAS-NO-TUPLES.
[2026-01-21 06:10:59] (5s)  >>> Created relation project#DataFlowImpl#6ed98661::Impl#DataFlowImpl1#bece54ca::Config#::MkStage#Stage2#::Stage#Stage3Param#::revFlowThrough#8#ffffffff_0256134#join_rhs/7@81c8a1ht with 0 rows and digest THIS-RELATION-HAS-NO-TUPLES.
[2026-01-21 06:10:59] (5s)  >>> Created relation DataFlowImpl#6ed98661::Impl#DataFlowImpl1#bece54ca::Config#::Stage1::revFlowOut#1#f/1@1b33dzmi with 0 rows and digest THIS-RELATION-HAS-NO-TUPLES.
[2026-01-21 06:10:59] (5s)  >>> Created relation DataFlowImpl#6ed98661::Impl#DataFlowImpl1#bece54ca::Config#::MkStage#Stage2#::Stage#Stage3Param#::returnMayFlowThrough#4#ffff_0231#join_rhs/4@a75c7649 with 0 rows and digest THIS-RELATION-HAS-NO-TUPLES.
[2026-01-21 06:10:59] (5s)  >>> Created relation DataFlowImpl#6ed98661::Impl#DataFlowImpl1#bece54ca::Config#::MkStage#Stage3#::Stage#Stage4Param#::revFlowParamToReturn#5#fffff#reorder_2_3_0_1_4/5@a568ex30 with 0 rows and digest THIS-RELATION-HAS-NO-TUPLES.
[2026-01-21 06:10:59] (5s)  >>> Created relation DataFlowImpl#6ed98661::Impl#DataFlowImpl1#bece54ca::Config#::MkStage#Stage3#::Stage#Stage4Param#::fwdFlowIsEntered#7#fffffff#reorder_2_5_6_0_1_3_4/7@dd0a83wk with 0 rows and digest THIS-RELATION-HAS-NO-TUPLES.
[2026-01-21 06:10:59] (5s)  >>> Created relation DataFlowImpl#6ed98661::Impl#DataFlowImpl1#bece54ca::Config#::MkStage#Stage3#::Stage#Stage4Param#::fwdFlowThrough#10#ffffffffff/10@dd0a80wk with 0 rows and digest THIS-RELATION-HAS-NO-TUPLES.
[2026-01-21 06:10:59] (5s)  >>> Created relation DataFlowImpl#6ed98661::Impl#DataFlowImpl1#bece54ca::Config#::MkStage#Stage2#::Stage#Stage3Param#::flowThroughIntoCall#6#ffffff_02451#join_rhs/5@ec85776s with 0 rows and digest THIS-RELATION-HAS-NO-TUPLES.
[2026-01-21 06:10:59] (5s)  >>> Created relation DataFlowImpl#6ed98661::Impl#DataFlowImpl1#bece54ca::Config#::MkStage#Stage4#::Stage#Stage5Param#::revFlowIsReturned#5#fffff#reorder_3_4_0_1_2/5@8aee12wr with 0 rows and digest THIS-RELATION-HAS-NO-TUPLES.
[2026-01-21 06:10:59] (5s)  >>> Created relation DataFlowImpl#6ed98661::Impl#DataFlowImpl1#bece54ca::Config#::flowOutOfCallNodeCand1#4#ffff/4@b1625156 with 0 rows and digest THIS-RELATION-HAS-NO-TUPLES.
[2026-01-21 06:10:59] (5s)  >>> Created relation project#DataFlowImpl#6ed98661::Impl#DataFlowImpl1#bece54ca::Config#::MkStage#Stage1#::Stage#Stage2Param#::flowOutOfCallApa#6#ffffff_0312#join_rhs/4@1bc6cb55 with 0 rows and digest THIS-RELATION-HAS-NO-TUPLES.
[2026-01-21 06:10:59] (5s)  >>> Created relation project#DataFlowImpl#6ed98661::Impl#DataFlowImpl1#bece54ca::Config#::MkStage#Stage4#::Stage#Stage5Param#::returnFlowsThrough#7#fffffff#4/3@166e4198 with 0 rows and digest THIS-RELATION-HAS-NO-TUPLES.
[2026-01-21 06:10:59] (5s)  >>> Created relation project#DataFlowImpl#6ed98661::Impl#DataFlowImpl1#bece54ca::Config#::MkStage#Stage4#::Stage#Stage5Param#::returnFlowsThrough#7#fffffff#2/4@3e2690te with 0 rows and digest THIS-RELATION-HAS-NO-TUPLES.
[2026-01-21 06:10:59] (5s)  >>> Created relation project#DataFlowImpl#6ed98661::Impl#DataFlowImpl1#bece54ca::Config#::MkStage#Stage4#::Stage#Stage5Param#::returnFlowsThrough#7#fffffff/3@c17f66iu with 0 rows and digest THIS-RELATION-HAS-NO-TUPLES.
[2026-01-21 06:10:59] (5s)  >>> Created relation DataFlowImpl#6ed98661::Impl#DataFlowImpl1#bece54ca::Config#::MkStage#Stage3#::Stage#Stage4Param#::returnMayFlowThrough#4#ffff/4@3ea2d1mf with 0 rows and digest THIS-RELATION-HAS-NO-TUPLES.
[2026-01-21 06:10:59] (5s)  >>> Created relation project#DataFlowImpl#6ed98661::Impl#DataFlowImpl1#bece54ca::Config#::MkStage#Stage3#::Stage#Stage4Param#::revFlowThrough#8#ffffffff/7@f9f0aei1 with 0 rows and digest THIS-RELATION-HAS-NO-TUPLES.
[2026-01-21 06:10:59] (5s)  >>> Created relation DataFlowImpl#6ed98661::Impl#DataFlowImpl1#bece54ca::Config#::MkStage#Stage3#::Stage#Stage4Param#::flowThroughIntoCall#6#ffffff/6@848213vk with 0 rows and digest THIS-RELATION-HAS-NO-TUPLES.
[2026-01-21 06:10:59] (5s)  >>> Created relation DataFlowImpl#6ed98661::Impl#DataFlowImpl1#bece54ca::Config#::MkStage#Stage3#::Stage#Stage4Param#::revFlowIsReturned#5#fffff#reorder_3_4_0_1_2/5@a568e2w0 with 0 rows and digest THIS-RELATION-HAS-NO-TUPLES.
[2026-01-21 06:10:59] (5s)  >>> Created relation DataFlowImpl#6ed98661::Impl#DataFlowImpl1#bece54ca::Config#::MkStage#Stage3#::Stage#Stage4Param#::revFlowOut#7#fffffff/7@a568e1w0 with 0 rows and digest THIS-RELATION-HAS-NO-TUPLES.
[2026-01-21 06:10:59] (5s)  >>> Created relation DataFlowImpl#6ed98661::Impl#DataFlowImpl1#bece54ca::Config#::MkStage#Stage3#::Stage#Stage4Param#::revFlowThrough#8#ffffffff/8@a568e0w0 with 0 rows and digest THIS-RELATION-HAS-NO-TUPLES.
[2026-01-21 06:10:59] (5s)  >>> Created relation project#DataFlowImpl#6ed98661::Impl#DataFlowImpl1#bece54ca::Config#::MkStage#Stage3#::Stage#Stage4Param#::returnFlowsThrough#7#fffffff#4/3@913efddh with 0 rows and digest THIS-RELATION-HAS-NO-TUPLES.
[2026-01-21 06:10:59] (5s)  >>> Created relation project#DataFlowImpl#6ed98661::Impl#DataFlowImpl1#bece54ca::Config#::MkStage#Stage3#::Stage#Stage4Param#::returnFlowsThrough#7#fffffff#2/4@001094u2 with 0 rows and digest THIS-RELATION-HAS-NO-TUPLES.
[2026-01-21 06:10:59] (5s)  >>> Created relation DataFlowImpl#6ed98661::Impl#DataFlowImpl1#bece54ca::Config#::MkStage#Stage2#::Stage#Stage3Param#::flowThroughIntoCall#6#ffffff/6@170e45pt with 0 rows and digest THIS-RELATION-HAS-NO-TUPLES.
[2026-01-21 06:10:59] (5s)  >>> Created relation DataFlowImpl#6ed98661::Impl#DataFlowImpl1#bece54ca::Config#::MkStage#Stage2#::Stage#Stage3Param#::parameterMayFlowThrough#2#ff/2@3849107e with 0 rows and digest THIS-RELATION-HAS-NO-TUPLES.
[2026-01-21 06:10:59] (5s)  >>> Created relation project#DataFlowImpl#6ed98661::Impl#DataFlowImpl1#bece54ca::Config#::MkStage#Stage1#::Stage#Stage2Param#::flowOutOfCallApa#6#ffffff#2_14023#join_rhs/5@cc48c0ie with 0 rows and digest THIS-RELATION-HAS-NO-TUPLES.
[2026-01-21 06:10:59] (5s)  >>> Created relation DataFlowImpl#6ed98661::Impl#DataFlowImpl1#bece54ca::Config#::MkStage#Stage2#::Stage#Stage3Param#::returnMayFlowThrough#4#ffff/4@d72926ps with 0 rows and digest THIS-RELATION-HAS-NO-TUPLES.
[2026-01-21 06:10:59] (5s)  >>> Created relation project#DataFlowImpl#6ed98661::Impl#DataFlowImpl1#bece54ca::Config#::MkStage#Stage2#::Stage#Stage3Param#::revFlowThrough#8#ffffffff/7@8d9d9ef5 with 0 rows and digest THIS-RELATION-HAS-NO-TUPLES.
[2026-01-21 06:10:59] (5s)  >>> Created relation DataFlowImpl#6ed98661::Impl#DataFlowImpl1#bece54ca::Config#::MkStage#Stage4#::Stage#Stage5Param#::flowOutOfCallAp#6#ffffff_350124#join_rhs/6@9b3a7dao with 0 rows and digest THIS-RELATION-HAS-NO-TUPLES.
[2026-01-21 06:10:59] (5s)  >>> Created relation _DataFlowImpl#6ed98661::Impl#DataFlowImpl1#bece54ca::Config#::MkStage#Stage4#::Stage#Stage5Param#::f__#join_rhs#2/5@76a742ek with 0 rows and digest THIS-RELATION-HAS-NO-TUPLES.
[2026-01-21 06:10:59] (5s)  >>> Created relation DataFlowImpl#6ed98661::Impl#DataFlowImpl1#bece54ca::Config#::MkStage#Stage4#::Stage#Stage5Param#::returnFlowsThrough#7#fffffff/7@69b4faic with 0 rows and digest THIS-RELATION-HAS-NO-TUPLES.
[2026-01-21 06:10:59] (5s)  >>> Created relation DataFlowImpl#6ed98661::Impl#DataFlowImpl1#bece54ca::Config#::MkStage#Stage3#::Stage#Stage4Param#::returnFlowsThrough#7#fffffff_14560#join_rhs/5@5973ccfq with 0 rows and digest THIS-RELATION-HAS-NO-TUPLES.
[2026-01-21 06:10:59] (5s)  >>> Created relation DataFlowImpl#6ed98661::Impl#DataFlowImpl1#bece54ca::Config#::MkStage#Stage3#::Stage#Stage4Param#::flowOutOfCallAp#6#ffffff_350124#join_rhs/6@2968655d with 0 rows and digest THIS-RELATION-HAS-NO-TUPLES.
[2026-01-21 06:10:59] (5s)  >>> Created relation _DataFlowImpl#6ed98661::Impl#DataFlowImpl1#bece54ca::Config#::MkStage#Stage3#::Stage#Stage4Param#::f__#join_rhs/5@91cd933g with 0 rows and digest THIS-RELATION-HAS-NO-TUPLES.
[2026-01-21 06:10:59] (5s)  >>> Created relation DataFlowImpl#6ed98661::Impl#DataFlowImpl1#bece54ca::Config#::MkStage#Stage3#::Stage#Stage4Param#::returnFlowsThrough#7#fffffff/7@39daca9l with 0 rows and digest THIS-RELATION-HAS-NO-TUPLES.
[2026-01-21 06:10:59] (5s)  >>> Created relation DataFlowImpl#6ed98661::Impl#DataFlowImpl1#bece54ca::Config#::MkStage#Stage2#::Stage#Stage3Param#::flowThroughOutOfCall#7#fffffff/7@fd59fek3 with 0 rows and digest THIS-RELATION-HAS-NO-TUPLES.
[2026-01-21 06:10:59] (5s)  >>> Created relation DataFlowImpl#6ed98661::Impl#DataFlowImpl1#bece54ca::Config#::MkStage#Stage2#::Stage#Stage3Param#::revFlowOut#7#fffffff/7@94d421wt with 0 rows and digest THIS-RELATION-HAS-NO-TUPLES.
[2026-01-21 06:10:59] (5s)  >>> Created relation DataFlowImpl#6ed98661::Impl#DataFlowImpl1#bece54ca::Config#::MkStage#Stage2#::Stage#Stage3Param#::revFlowThrough#8#ffffffff/8@94d420wt with 0 rows and digest THIS-RELATION-HAS-NO-TUPLES.
[2026-01-21 06:10:59] (5s)  >>> Created relation DataFlowImpl#6ed98661::Impl#DataFlowImpl1#bece54ca::Config#::MkStage#Stage2#::Stage#Stage3Param#::returnFlowsThrough#7#fffffff_14560#join_rhs/5@36eeb3me with 0 rows and digest THIS-RELATION-HAS-NO-TUPLES.
[2026-01-21 06:10:59] (5s)  >>> Created relation project#DataFlowImpl#6ed98661::Impl#DataFlowImpl1#bece54ca::Config#::MkStage#Stage3#::Stage#Stage4Param#::returnFlowsThrough#7#fffffff/3@309f406c with 0 rows and digest THIS-RELATION-HAS-NO-TUPLES.
[2026-01-21 06:10:59] (5s)  >>> Created relation project#DataFlowImpl#6ed98661::Impl#DataFlowImpl1#bece54ca::Config#::MkStage#Stage2#::Stage#Stage3Param#::returnFlowsThrough#7#fffffff#2/4@8c19a7qn with 0 rows and digest THIS-RELATION-HAS-NO-TUPLES.
[2026-01-21 06:10:59] (5s)  >>> Created relation project#DataFlowImpl#6ed98661::Impl#DataFlowImpl1#bece54ca::Config#::MkStage#Stage2#::Stage#Stage3Param#::returnFlowsThrough#7#fffffff/3@65f5c4qm with 0 rows and digest THIS-RELATION-HAS-NO-TUPLES.
[2026-01-21 06:10:59] (5s)  >>> Created relation DataFlowImpl#6ed98661::Impl#DataFlowImpl1#bece54ca::Config#::MkStage#Stage4#::Stage#Stage5Param#::flowOutOfCallAp#6#ffffff/6@3c98c45t with 0 rows and digest THIS-RELATION-HAS-NO-TUPLES.
[2026-01-21 06:10:59] (5s)  >>> Created relation project#DataFlowImpl#6ed98661::Impl#DataFlowImpl1#bece54ca::Config#::MkStage#Stage2#::Stage#Stage3Param#::flowOutOfCallApa#6#ffffff/4@3efffcq7 with 0 rows and digest THIS-RELATION-HAS-NO-TUPLES.
[2026-01-21 06:10:59] (5s)  >>> Created relation DataFlowImpl#6ed98661::Impl#DataFlowImpl1#bece54ca::Config#::MkStage#Stage3#::Stage#Stage4Param#::flowOutOfCallAp#6#ffffff/6@1b19561f with 0 rows and digest THIS-RELATION-HAS-NO-TUPLES.
[2026-01-21 06:10:59] (5s)  >>> Created relation project#DataFlowImpl#6ed98661::Impl#DataFlowImpl1#bece54ca::Config#::MkStage#Stage3#::Stage#Stage4Param#::flowThroughOutOfCall#7#fffffff_012453#join_rhs/6@921266mv with 0 rows and digest THIS-RELATION-HAS-NO-TUPLES.
[2026-01-21 06:10:59] (5s)  >>> Created relation DataFlowImpl#6ed98661::Impl#DataFlowImpl1#bece54ca::Config#::MkStage#Stage2#::Stage#Stage3Param#::flowOutOfCallAp#6#ffffff_350124#join_rhs/6@b1cc47ra with 0 rows and digest THIS-RELATION-HAS-NO-TUPLES.
[2026-01-21 06:10:59] (5s)  >>> Created relation DataFlowImpl#6ed98661::Impl#DataFlowImpl1#bece54ca::Config#::MkStage#Stage1#::Stage#Stage2Param#::flowThroughOutOfCall#7#fffffff/7@848da7cd with 0 rows and digest THIS-RELATION-HAS-NO-TUPLES.
[2026-01-21 06:10:59] (5s)  >>> Created relation DataFlowImpl#6ed98661::Impl#DataFlowImpl1#bece54ca::Config#::MkStage#Stage1#::Stage#Stage2Param#::revFlowOut#7#fffffff/7@d24350wo with 0 rows and digest THIS-RELATION-HAS-NO-TUPLES.
[2026-01-21 06:10:59] (5s)  >>> Created relation DataFlowImpl#6ed98661::Impl#DataFlowImpl1#bece54ca::Config#::MkStage#Stage2#::Stage#Stage3Param#::returnFlowsThrough#7#fffffff/7@1a5577u7 with 0 rows and digest THIS-RELATION-HAS-NO-TUPLES.
[2026-01-21 06:10:59] (5s)  >>> Created relation DataFlowImpl#6ed98661::Impl#DataFlowImpl1#bece54ca::Config#::MkStage#Stage1#::Stage#Stage2Param#::callMayFlowThroughRev#1#f/1@afa9d77b with 0 rows and digest THIS-RELATION-HAS-NO-TUPLES.
[2026-01-21 06:10:59] (5s)  >>> Created relation project#DataFlowImpl#6ed98661::Impl#DataFlowImpl1#bece54ca::Config#::MkStage#Stage4#::Stage#Stage5Param#::parameterMayFlowThrough#2#ff/1@c3e3a2h1 with 0 rows and digest THIS-RELATION-HAS-NO-TUPLES.
[2026-01-21 06:10:59] (5s)  >>> Created relation project#DataFlowImpl#6ed98661::Impl#DataFlowImpl1#bece54ca::Config#::MkStage#Stage4#::Stage#Stage5Param#::flowOutOfCallApa#6#ffffff_0312#join_rhs/4@3a24a4ud with 0 rows and digest THIS-RELATION-HAS-NO-TUPLES.
[2026-01-21 06:10:59] (5s)  >>> Created relation DataFlowImpl#6ed98661::Impl#DataFlowImpl1#bece54ca::Config#::MkStage#Stage4#::Stage#Stage5Param#::flowThroughOutOfCall#7#fffffff_0125634#join_rhs/7@a39638lo with 0 rows and digest THIS-RELATION-HAS-NO-TUPLES.
[2026-01-21 06:10:59] (5s)  >>> Created relation project#DataFlowImpl#6ed98661::Impl#DataFlowImpl1#bece54ca::Config#::MkStage#Stage4#::Stage#Stage5Param#::flowThroughOutOfCall#7#fffffff/6@04de9brq with 0 rows and digest THIS-RELATION-HAS-NO-TUPLES.
[2026-01-21 06:10:59] (5s)  >>> Created relation DataFlowImpl#6ed98661::Impl#DataFlowImpl1#bece54ca::Config#::MkStage#Stage1#::Stage#Stage2Param#::flowOutOfCallApa#6#ffffff/6@2679c98l with 0 rows and digest THIS-RELATION-HAS-NO-TUPLES.
[2026-01-21 06:10:59] (5s)  >>> Created relation project#DataFlowImpl#6ed98661::Impl#DataFlowImpl1#bece54ca::Config#::MkStage#Stage3#::Stage#Stage4Param#::flowOutOfCallApa#6#ffffff_0312#join_rhs/4@43e1a4ta with 0 rows and digest THIS-RELATION-HAS-NO-TUPLES.
[2026-01-21 06:10:59] (5s)  >>> Created relation project#DataFlowImpl#6ed98661::Impl#DataFlowImpl1#bece54ca::Config#::MkStage#Stage2#::Stage#Stage3Param#::flowOutOfCallApa#6#ffffff#2/5@8240478j with 0 rows and digest THIS-RELATION-HAS-NO-TUPLES.
[2026-01-21 06:10:59] (5s)  >>> Created relation project#DataFlowImpl#6ed98661::Impl#DataFlowImpl1#bece54ca::Config#::MkStage#Stage3#::Stage#Stage4Param#::flowThroughOutOfCall#7#fffffff/6@abf5999b with 0 rows and digest THIS-RELATION-HAS-NO-TUPLES.
[2026-01-21 06:10:59] (5s)  >>> Created relation DataFlowImpl#6ed98661::Impl#DataFlowImpl1#bece54ca::Config#::MkStage#Stage3#::Stage#Stage4Param#::flowOutOfCallApa#6#ffffff/6@5962bf91 with 0 rows and digest THIS-RELATION-HAS-NO-TUPLES.
[2026-01-21 06:10:59] (5s)  >>> Created relation project#DataFlowImpl#6ed98661::Impl#DataFlowImpl1#bece54ca::Config#::MkStage#Stage2#::Stage#Stage3Param#::flowThroughOutOfCall#7#fffffff_012453#join_rhs/6@d5caaft2 with 0 rows and digest THIS-RELATION-HAS-NO-TUPLES.
[2026-01-21 06:10:59] (5s)  >>> Created relation DataFlowImpl#6ed98661::Impl#DataFlowImpl1#bece54ca::Config#::MkStage#Stage1#::Stage#Stage2Param#::flowOutOfCallAp#6#ffffff_350124#join_rhs/6@7ff6318g with 0 rows and digest THIS-RELATION-HAS-NO-TUPLES.
[2026-01-21 06:10:59] (5s)  >>> Created relation _DataFlowImpl#6ed98661::Impl#DataFlowImpl1#bece54ca::Config#::MkStage#Stage1#::Stage#Stage2Param#::f__#join_rhs#1/5@f655fcov with 0 rows and digest THIS-RELATION-HAS-NO-TUPLES.
[2026-01-21 06:10:59] (5s)  >>> Created relation project#DataFlowImpl#6ed98661::Impl#DataFlowImpl1#bece54ca::Config#::MkStage#Stage2#::Stage#Stage3Param#::fwdFlowIsEntered#7#fffffff/4@fd30d5kv with 0 rows and digest THIS-RELATION-HAS-NO-TUPLES.
[2026-01-21 06:10:59] (5s)  >>> Created relation DataFlowImpl#6ed98661::Impl#DataFlowImpl1#bece54ca::Config#::MkStage#Stage2#::Stage#Stage3Param#::returnFlowsThrough0#9#fffffffff/9@6d71cdrd with 0 rows and digest THIS-RELATION-HAS-NO-TUPLES.
[2026-01-21 06:10:59] (5s)  >>> Created relation project#DataFlowImpl#6ed98661::Impl#DataFlowImpl1#bece54ca::Config#::MkStage#Stage1#::Stage#Stage2Param#::revFlowThrough#8#ffffffff_0256134#join_rhs/7@32e2cfmq with 0 rows and digest THIS-RELATION-HAS-NO-TUPLES.
[2026-01-21 06:10:59] (5s)  >>> Created relation DataFlowImpl#6ed98661::Impl#DataFlowImpl1#bece54ca::Config#::MkStage#Stage1#::Stage#Stage2Param#::revFlowThroughArg#6#ffffff/6@604385tu with 0 rows and digest THIS-RELATION-HAS-NO-TUPLES.
[2026-01-21 06:10:59] (5s)  >>> Created relation DataFlowImpl#6ed98661::Impl#DataFlowImpl1#bece54ca::Config#::MkStage#Stage1#::Stage#Stage2Param#::fwdFlowThrough#10#ffffffffff/10@33e71yrj with 0 rows and digest THIS-RELATION-HAS-NO-TUPLES.
[2026-01-21 06:10:59] (5s)  >>> Created relation project#DataFlowImpl#6ed98661::Impl#DataFlowImpl1#bece54ca::Config#::MkStage#Stage4#::Stage#Stage5Param#::flowOutOfCallApa#6#ffffff/4@32b214tb with 0 rows and digest THIS-RELATION-HAS-NO-TUPLES.
[2026-01-21 06:10:59] (5s)  >>> Created relation DataFlowImpl#6ed98661::Impl#DataFlowImpl1#bece54ca::Config#::MkStage#Stage4#::Stage#Stage5Param#::flowThroughOutOfCall#7#fffffff/7@a4b5bbp7 with 0 rows and digest THIS-RELATION-HAS-NO-TUPLES.
[2026-01-21 06:10:59] (5s)  >>> Created relation project#DataFlowImpl#6ed98661::Impl#DataFlowImpl1#bece54ca::Config#::MkStage#Stage3#::Stage#Stage4Param#::flowOutOfCallApa#6#ffffff#2/5@f66e4562 with 0 rows and digest THIS-RELATION-HAS-NO-TUPLES.
[2026-01-21 06:10:59] (5s)  >>> Created relation DataFlowImpl#6ed98661::Impl#DataFlowImpl1#bece54ca::Config#::MkStage#Stage3#::Stage#Stage4Param#::revFlowThroughArg#6#ffffff/6@05ef69ip with 0 rows and digest THIS-RELATION-HAS-NO-TUPLES.
[2026-01-21 06:10:59] (5s)  >>> Created relation DataFlowImpl#6ed98661::Impl#DataFlowImpl1#bece54ca::Config#::MkStage#Stage3#::Stage#Stage4Param#::flowThroughOutOfCall#7#fffffff/7@99de9b9n with 0 rows and digest THIS-RELATION-HAS-NO-TUPLES.
[2026-01-21 06:10:59] (5s)  >>> Created relation project#DataFlowImpl#6ed98661::Impl#DataFlowImpl1#bece54ca::Config#::MkStage#Stage2#::Stage#Stage3Param#::flowOutOfCallApa#6#ffffff#2_14023#join_rhs/5@bb453edr with 0 rows and digest THIS-RELATION-HAS-NO-TUPLES.
[2026-01-21 06:10:59] (5s)  >>> Created relation project#DataFlowImpl#6ed98661::Impl#DataFlowImpl1#bece54ca::Config#::MkStage#Stage2#::Stage#Stage3Param#::flowOutOfCallApa#6#ffffff_0312#join_rhs/4@609bddp5 with 0 rows and digest THIS-RELATION-HAS-NO-TUPLES.
[2026-01-21 06:10:59] (5s)  >>> Created relation DataFlowImpl#6ed98661::Impl#DataFlowImpl1#bece54ca::Config#::MkStage#Stage4#::Stage#Stage5Param#::fwdFlowThrough#10#ffffffffff/10@e103c1wj with 0 rows and digest THIS-RELATION-HAS-NO-TUPLES.
[2026-01-21 06:10:59] (5s)  >>> Created relation project#DataFlowImpl#6ed98661::Impl#DataFlowImpl1#bece54ca::Config#::MkStage#Stage2#::Stage#Stage3Param#::flowThroughOutOfCall#7#fffffff/6@43186cdk with 0 rows and digest THIS-RELATION-HAS-NO-TUPLES.
[2026-01-21 06:10:59] (5s)  >>> Created relation DataFlowImpl#6ed98661::Impl#DataFlowImpl1#bece54ca::Config#::MkStage#Stage1#::Stage#Stage2Param#::flowOutOfCallAp#6#ffffff/6@2c97596v with 0 rows and digest THIS-RELATION-HAS-NO-TUPLES.
[2026-01-21 06:10:59] (5s)  >>> Created relation DataFlowImpl#6ed98661::Impl#DataFlowImpl1#bece54ca::Config#::MkStage#Stage2#::Stage#Stage3Param#::revFlowParamToReturn#5#fffff#reorder_2_3_0_1_4/5@94d42x9t with 0 rows and digest THIS-RELATION-HAS-NO-TUPLES.
[2026-01-21 06:10:59] (5s)  >>> Created relation DataFlowImpl#6ed98661::Impl#DataFlowImpl1#bece54ca::Config#::MkStage#Stage3#::Stage#Stage4Param#::fwdFlowRetFromArg#8#ffffffff#reorder_2_3_4_0_1_5_6_7/8@dd0a82wk with 0 rows and digest THIS-RELATION-HAS-NO-TUPLES.
[2026-01-21 06:10:59] (5s)  >>> Created relation DataFlowImpl#6ed98661::Impl#DataFlowImpl1#bece54ca::Config#::MkStage#Stage2#::Stage#Stage3Param#::fwdFlowRetFromArg#8#ffffffff#reorder_2_3_4_0_1_5_6_7/8@f702f2w7 with 0 rows and digest THIS-RELATION-HAS-NO-TUPLES.
[2026-01-21 06:10:59] (5s)  >>> Created relation DataFlowImpl#6ed98661::Impl#DataFlowImpl1#bece54ca::Config#::MkStage#Stage2#::Stage#Stage3Param#::fwdFlowThrough#10#ffffffffff/10@f702f0w7 with 0 rows and digest THIS-RELATION-HAS-NO-TUPLES.
[2026-01-21 06:10:59] (5s)  >>> Created relation DataFlowImpl#6ed98661::Impl#DataFlowImpl1#bece54ca::Config#::MkStage#Stage1#::Stage#Stage2Param#::returnMayFlowThrough#4#ffff_0231#join_rhs/4@54901576 with 0 rows and digest THIS-RELATION-HAS-NO-TUPLES.
[2026-01-21 06:10:59] (5s)  >>> Created relation DataFlowImpl#6ed98661::Impl#DataFlowImpl1#bece54ca::Config#::MkStage#Stage4#::Stage#Stage5Param#::revFlowOut#7#fffffff/7@8aee11wr with 0 rows and digest THIS-RELATION-HAS-NO-TUPLES.
[2026-01-21 06:10:59] (5s)  >>> Created relation DataFlowImpl#6ed98661::Impl#DataFlowImpl1#bece54ca::Config#::MkStage#Stage4#::Stage#Stage5Param#::flowOutOfCallApa#6#ffffff/6@c0de58tn with 0 rows and digest THIS-RELATION-HAS-NO-TUPLES.
[2026-01-21 06:10:59] (5s)  >>> Created relation DataFlowImpl#6ed98661::Impl#DataFlowImpl1#bece54ca::Config#::MkStage#Stage1#::Stage#Stage2Param#::flowThroughIntoCall#6#ffffff_02451#join_rhs/5@e05097oj with 0 rows and digest THIS-RELATION-HAS-NO-TUPLES.
[2026-01-21 06:10:59] (5s)  >>> Created relation DataFlowImpl#6ed98661::Impl#DataFlowImpl1#bece54ca::Config#::MkStage#Stage1#::Stage#Stage2Param#::fwdFlowIsEntered#7#fffffff#reorder_2_5_6_0_1_3_4/7@33e713wj with 0 rows and digest THIS-RELATION-HAS-NO-TUPLES.
[2026-01-21 06:10:59] (5s)  >>> Created relation project#DataFlowImpl#6ed98661::Impl#DataFlowImpl1#bece54ca::Config#::MkStage#Stage1#::Stage#Stage2Param#::revFlowThrough#8#ffffffff/7@fc02f32d with 0 rows and digest THIS-RELATION-HAS-NO-TUPLES.
[2026-01-21 06:10:59] (5s)  >>> Created relation DataFlowImpl#6ed98661::Impl#DataFlowImpl1#bece54ca::Config#::MkStage#Stage4#::Stage#Stage5Param#::revFlowThrough#8#ffffffff/8@8aee10wr with 0 rows and digest THIS-RELATION-HAS-NO-TUPLES.
[2026-01-21 06:10:59] (5s)  >>> Created relation project#DataFlowImpl#6ed98661::Impl#DataFlowImpl1#bece54ca::Config#::flowOutOfCallNodeCand1#4#ffff/2@4196646a with 0 rows and digest THIS-RELATION-HAS-NO-TUPLES.
[2026-01-21 06:10:59] (5s)  >>> Created relation _DataFlowImpl#6ed98661::Impl#DataFlowImpl1#bece54ca::Config#::branch#1#ff_DataFlowImpl#6ed98661::Imp__#shared#1/5@b72047qi with 0 rows and digest THIS-RELATION-HAS-NO-TUPLES.
[2026-01-21 06:10:59] (5s)  >>> Created relation DataFlowImpl#6ed98661::Impl#DataFlowImpl1#bece54ca::Config#::MkStage#Stage2#::Stage#Stage3Param#::fwdFlowIsEntered#7#fffffff#reorder_2_5_6_0_1_3_4/7@f702f3w7 with 0 rows and digest THIS-RELATION-HAS-NO-TUPLES.
[2026-01-21 06:10:59] (5s)  >>> Created relation DataFlowImpl#6ed98661::Impl#DataFlowImpl1#bece54ca::Config#::MkStage#Stage1#::Stage#Stage2Param#::parameterMayFlowThrough#2#ff/2@0f5f87gq with 0 rows and digest THIS-RELATION-HAS-NO-TUPLES.
[2026-01-21 06:10:59] (5s)  >>> Created relation DataFlowImpl#6ed98661::Impl#DataFlowImpl1#bece54ca::Config#::MkStage#Stage1#::Stage#Stage2Param#::returnMayFlowThrough#4#ffff/4@0fd2f60b with 0 rows and digest THIS-RELATION-HAS-NO-TUPLES.
[2026-01-21 06:10:59] (5s)  >>> Created relation DataFlowImpl#6ed98661::Impl#DataFlowImpl1#bece54ca::Config#::MkStage#Stage1#::Stage#Stage2Param#::revFlowIsReturned#5#fffff#reorder_3_4_0_1_2/5@d24352wo with 0 rows and digest THIS-RELATION-HAS-NO-TUPLES.
[2026-01-21 06:10:59] (5s)  >>> Created relation DataFlowImpl#6ed98661::Impl#DataFlowImpl1#bece54ca::Config#::MkStage#Stage2#::Stage#Stage3Param#::revFlowIsReturned#5#fffff#reorder_3_4_0_1_2/5@94d422wt with 0 rows and digest THIS-RELATION-HAS-NO-TUPLES.
[2026-01-21 06:10:59] (5s)  >>> Created relation DataFlowImpl#6ed98661::Impl#DataFlowImpl1#bece54ca::Config#::MkStage#Stage1#::Stage#Stage2Param#::flowThroughIntoCall#6#ffffff/6@9dcbc0p6 with 0 rows and digest THIS-RELATION-HAS-NO-TUPLES.
[2026-01-21 06:10:59] (5s)  >>> Created relation project#DataFlowImpl#6ed98661::Impl#DataFlowImpl1#bece54ca::Config#::MkStage#Stage2#::Stage#Stage3Param#::returnFlowsThrough#7#fffffff#4/3@3841c4au with 0 rows and digest THIS-RELATION-HAS-NO-TUPLES.
[2026-01-21 06:10:59] (5s)  >>> Created relation DataFlowImpl#6ed98661::Impl#DataFlowImpl1#bece54ca::Config#::Stage4Param::flowOutOfCall#5#fffff/5@8ee824kj with 0 rows and digest THIS-RELATION-HAS-NO-TUPLES.
[2026-01-21 06:10:59] (5s)  >>> Created relation project#DataFlowImpl#6ed98661::Impl#DataFlowImpl1#bece54ca::Config#::MkStage#Stage4#::Stage#Stage5Param#::flowThroughOutOfCall#7#fffffff_012453#join_rhs/6@b8ffc9lj with 0 rows and digest THIS-RELATION-HAS-NO-TUPLES.
[2026-01-21 06:10:59] (5s)  >>> Created relation DataFlowImpl#6ed98661::Impl#DataFlowImpl1#bece54ca::Config#::MkStage#Stage2#::Stage#Stage3Param#::flowOutOfCallApa#6#ffffff/6@7bc7259o with 0 rows and digest THIS-RELATION-HAS-NO-TUPLES.
[2026-01-21 06:10:59] (5s)  >>> Created relation _DataFlowImpl#6ed98661::Impl#DataFlowImpl1#bece54ca::Config#::MkStage#Stage2#::Stage#Stage3Param#::f__#join_rhs/5@fdcfb7mv with 0 rows and digest THIS-RELATION-HAS-NO-TUPLES.
[2026-01-21 06:10:59] (5s)  >>> Created relation project#DataFlowImpl#6ed98661::Impl#DataFlowImpl1#bece54ca::Config#::MkStage#Stage1#::Stage#Stage2Param#::flowOutOfCallApa#6#ffffff/4@aed80fql with 0 rows and digest THIS-RELATION-HAS-NO-TUPLES.
[2026-01-21 06:10:59] (5s)  >>> Created relation project#DataFlowImpl#6ed98661::Impl#DataFlowImpl1#bece54ca::Config#::MkStage#Stage4#::Stage#Stage5Param#::flowOutOfCallApa#6#ffffff#2_14023#join_rhs/5@6ea1313h with 0 rows and digest THIS-RELATION-HAS-NO-TUPLES.
[2026-01-21 06:10:59] (5s)  >>> Created relation DataFlowImpl#6ed98661::Impl#DataFlowImpl1#bece54ca::Config#::MkStage#Stage1#::Stage#Stage2Param#::returnFlowsThrough#7#fffffff_14560#join_rhs/5@20ad176v with 0 rows and digest THIS-RELATION-HAS-NO-TUPLES.
[2026-01-21 06:10:59] (5s)  >>> Created relation project#DataFlowImpl#6ed98661::Impl#DataFlowImpl1#bece54ca::Config#::MkStage#Stage3#::Stage#Stage4Param#::flowOutOfCallApa#6#ffffff#2_14023#join_rhs/5@5d785bpu with 0 rows and digest THIS-RELATION-HAS-NO-TUPLES.
[2026-01-21 06:10:59] (5s)  >>> Created relation DataFlowImpl#6ed98661::Impl#DataFlowImpl1#bece54ca::Config#::MkStage#Stage3#::Stage#Stage4Param#::flowThroughOutOfCall#7#fffffff_0125634#join_rhs/7@8ede2eql with 0 rows and digest THIS-RELATION-HAS-NO-TUPLES.
[2026-01-21 06:10:59] (5s)  >>> Created relation DataFlowImpl#6ed98661::Impl#DataFlowImpl1#bece54ca::Config#::MkStage#Stage2#::Stage#Stage3Param#::flowOutOfCallAp#6#ffffff/6@997cb41h with 0 rows and digest THIS-RELATION-HAS-NO-TUPLES.
[2026-01-21 06:10:59] (5s)  >>> Created relation DataFlowImpl#6ed98661::Impl#DataFlowImpl1#bece54ca::Config#::flowOutOfCallNodeCand2#5#fffff/5@3a7131s8 with 0 rows and digest THIS-RELATION-HAS-NO-TUPLES.
[2026-01-21 06:10:59] (5s)  >>> Created relation __DataFlowImpl#6ed98661::Impl#DataFlowImpl1#bece54ca::Config#::join#1#ff_DataFlowImpl1#bece54ca::Con__#antijoin_rhs#1/6@3edc5f8j with 0 rows and digest THIS-RELATION-HAS-NO-TUPLES.
[2026-01-21 06:10:59] (5s)  >>> Created relation DataFlowImpl#6ed98661::Impl#DataFlowImpl1#bece54ca::Config#::MkStage#Stage1#::Stage#Stage2Param#::returnFlowsThrough0#9#fffffffff/9@f5a470ab with 0 rows and digest THIS-RELATION-HAS-NO-TUPLES.
[2026-01-21 06:10:59] (5s)  >>> Created relation DataFlowImpl#6ed98661::Impl#DataFlowImpl1#bece54ca::Config#::MkStage#Stage1#::Stage#Stage2Param#::returnFlowsThrough#7#fffffff/7@8bba41ej with 0 rows and digest THIS-RELATION-HAS-NO-TUPLES.
[2026-01-21 06:10:59] (5s)  >>> Created relation DataFlowImpl#6ed98661::Impl#DataFlowImpl1#bece54ca::Config#::flowOutOfCallNodeCand1#5#fffff/5@ead76bqk with 0 rows and digest THIS-RELATION-HAS-NO-TUPLES.
[2026-01-21 06:10:59] (5s)  >>> Created relation project#DataFlowImpl#6ed98661::Impl#DataFlowImpl1#bece54ca::Config#::MkStage#Stage3#::Stage#Stage4Param#::flowOutOfCallApa#6#ffffff/4@7e6c69h0 with 0 rows and digest THIS-RELATION-HAS-NO-TUPLES.
[2026-01-21 06:10:59] (5s)  >>> Created relation project#DataFlowImpl#6ed98661::Impl#DataFlowImpl1#bece54ca::Config#::MkStage#Stage1#::Stage#Stage2Param#::fwdFlowIsEntered#7#fffffff/4@1545a27i with 0 rows and digest THIS-RELATION-HAS-NO-TUPLES.
[2026-01-21 06:10:59] (5s)  >>> Created relation DataFlowImpl#6ed98661::Impl#DataFlowImpl1#bece54ca::Config#::MkStage#Stage2#::Stage#Stage3Param#::flowThroughOutOfCall#7#fffffff_0125634#join_rhs/7@c3aeaf1s with 0 rows and digest THIS-RELATION-HAS-NO-TUPLES.
[2026-01-21 06:10:59] (5s)  >>> Created relation DataFlowImpl#6ed98661::Impl#DataFlowImpl1#bece54ca::Config#::MkStage#Stage1#::Stage#Stage2Param#::flowThroughOutOfCall#7#fffffff_0125634#join_rhs/7@91bf4f8n with 0 rows and digest THIS-RELATION-HAS-NO-TUPLES.
[2026-01-21 06:10:59] (5s)  >>> Created relation DataFlowImpl#6ed98661::Impl#DataFlowImpl1#bece54ca::Config#::MkStage#Stage3#::Stage#Stage4Param#::callMayFlowThroughRev#1#f/1@2344batd with 0 rows and digest THIS-RELATION-HAS-NO-TUPLES.
[2026-01-21 06:10:59] (5s)  >>> Created relation project#DataFlowImpl#6ed98661::Impl#DataFlowImpl1#bece54ca::Config#::MkStage#Stage4#::Stage#Stage5Param#::flowOutOfCallApa#6#ffffff#2/5@9fd479rv with 0 rows and digest THIS-RELATION-HAS-NO-TUPLES.
[2026-01-21 06:10:59] (5s)  >>> Created relation project#DataFlowImpl#6ed98661::Impl#DataFlowImpl1#bece54ca::Config#::MkStage#Stage1#::Stage#Stage2Param#::flowThroughOutOfCall#7#fffffff/6@ad3bfej3 with 0 rows and digest THIS-RELATION-HAS-NO-TUPLES.
[2026-01-21 06:10:59] (5s)  >>> Created relation _DataFlowImpl#6ed98661::Impl#DataFlowImpl1#bece54ca::Config#::join#1#ff_DataFlowImpl1#bece54ca::Conf__#shared#1/8@62d063ft with 0 rows and digest THIS-RELATION-HAS-NO-TUPLES.
[2026-01-21 06:10:59] (5s)  >>> Created relation project#DataFlowImpl#6ed98661::Impl#DataFlowImpl1#bece54ca::Config#::MkStage#Stage4#::Stage#Stage5Param#::fwdFlowIsEntered#7#fffffff/4@db70edgv with 0 rows and digest THIS-RELATION-HAS-NO-TUPLES.
[2026-01-21 06:10:59] (5s)  >>> Created relation DataFlowImpl#6ed98661::Impl#DataFlowImpl1#bece54ca::Config#::nodeMayUseSummary0#4#ffff/4@bdfd0eq3 with 0 rows and digest THIS-RELATION-HAS-NO-TUPLES.
[2026-01-21 06:10:59] (5s)  >>> Created relation DataFlowImpl#6ed98661::Impl#DataFlowImpl1#bece54ca::Config#::Stage1::viableReturnPosOutNodeCandFwd1#3#fff/3@c67b32q4 with 0 rows and digest THIS-RELATION-HAS-NO-TUPLES.
[2026-01-21 06:10:59] (5s)  >>> Created relation DataFlowImpl#6ed98661::Impl#DataFlowImpl1#bece54ca::Config#::Stage1::callMayFlowThroughRev#1#f/1@a25153ie with 0 rows and digest THIS-RELATION-HAS-NO-TUPLES.
[2026-01-21 06:10:59] (5s)  >>> Created relation DataFlowImpl#6ed98661::Impl#DataFlowImpl1#bece54ca::Config#::MkStage#Stage1#::Stage#Stage2Param#::revFlowThrough#8#ffffffff/8@d2435z5o with 0 rows and digest THIS-RELATION-HAS-NO-TUPLES.
[2026-01-21 06:10:59] (5s)  >>> Created relation DataFlowImpl#6ed98661::Impl#DataFlowImpl1#bece54ca::Config#::Stage5Param::flowOutOfCall#5#fffff/5@af4c1df2 with 0 rows and digest THIS-RELATION-HAS-NO-TUPLES.
[2026-01-21 06:10:59] (5s)  >>> Created relation project#DataFlowImpl#6ed98661::Impl#DataFlowImpl1#bece54ca::Config#::flowOutOfCallNodeCand2#5#fffff/2@6a5d57g7 with 0 rows and digest THIS-RELATION-HAS-NO-TUPLES.
[2026-01-21 06:10:59] (5s)  >>> Created relation project#DataFlowImpl#6ed98661::Impl#DataFlowImpl1#bece54ca::Config#::MkStage#Stage1#::Stage#Stage2Param#::flowOutOfCallApa#6#ffffff#2/5@6912ecpk with 0 rows and digest THIS-RELATION-HAS-NO-TUPLES.
[2026-01-21 06:10:59] (5s)  >>> Created relation project#DataFlowImpl#6ed98661::Impl#DataFlowImpl1#bece54ca::Config#::MkStage#Stage1#::Stage#Stage2Param#::returnFlowsThrough#7#fffffff#4/3@219a62fk with 0 rows and digest THIS-RELATION-HAS-NO-TUPLES.
[2026-01-21 06:10:59] (5s)  >>> Created relation project#DataFlowImpl#6ed98661::Impl#DataFlowImpl1#bece54ca::Config#::MkStage#Stage1#::Stage#Stage2Param#::returnFlowsThrough#7#fffffff#2/4@c70b76u6 with 0 rows and digest THIS-RELATION-HAS-NO-TUPLES.
[2026-01-21 06:10:59] (5s)  >>> Created relation project#DataFlowImpl#6ed98661::Impl#DataFlowImpl1#bece54ca::Config#::MkStage#Stage1#::Stage#Stage2Param#::returnFlowsThrough#7#fffffff/3@d0c487da with 0 rows and digest THIS-RELATION-HAS-NO-TUPLES.
[2026-01-21 06:10:59] (5s)  >>> Created relation DataFlowImpl#6ed98661::Impl#DataFlowImpl1#bece54ca::Config#::Stage1::fwdFlowOutFromArg#2#ff_10#join_rhs/2@eb74d4su with 0 rows and digest THIS-RELATION-HAS-NO-TUPLES.
[2026-01-21 06:10:59] (5s)  >>> Created relation project#DataFlowImpl#6ed98661::Impl#DataFlowImpl1#bece54ca::Config#::Stage1::viableReturnPosOutNodeCandFwd1#3#fff/2@97bca199 with 0 rows and digest THIS-RELATION-HAS-NO-TUPLES.
[2026-01-21 06:10:59] (5s)  >>> Created relation DataFlowImpl#6ed98661::Impl#DataFlowImpl1#bece54ca::Config#::MkStage#Stage1#::Stage#Stage2Param#::returnFlowsThrough0#9#fffffffff_024581367#join_rhs/9@e7e8bbjm with 0 rows and digest THIS-RELATION-HAS-NO-TUPLES.
[2026-01-21 06:10:59] (5s)  >>> Created relation DataFlowImpl#6ed98661::Impl#DataFlowImpl1#bece54ca::Config#::viableReturnPosOutNodeCand1#3#fff/3@eb7e1329 with 0 rows and digest THIS-RELATION-HAS-NO-TUPLES.
[2026-01-21 06:10:59] (5s)  >>> Created relation DataFlowImpl#6ed98661::Impl#DataFlowImpl1#bece54ca::Config#::Stage1::revFlowIsReturned#2#ff/2@1b33d2wi with 0 rows and digest THIS-RELATION-HAS-NO-TUPLES.
[2026-01-21 06:10:59] (5s)  >>> Created relation project#DataFlowImpl#6ed98661::Impl#DataFlowImpl1#bece54ca::Config#::Stage1::viableReturnPosOutNodeCandFwd1#3#fff_10#join_rhs/2@4b9a4e3h with 0 rows and digest THIS-RELATION-HAS-NO-TUPLES.
[2026-01-21 06:10:59] (5s)  >>> Created relation DataFlowImpl#6ed98661::Impl#DataFlowImpl1#bece54ca::Config#::viableReturnPosOutNodeCand1#3#fff_102#join_rhs/3@77cdf6a3 with 0 rows and digest THIS-RELATION-HAS-NO-TUPLES.
[2026-01-21 06:10:59] (5s) Starting to evaluate predicate num#DataFlowImpl#6ed98661::Impl#DataFlowImpl1#bece54ca::Config#::TSummaryCtxSome#ffff/4@a5e2897g
[2026-01-21 06:10:59] (5s)  >>> Created relation num#DataFlowImpl#6ed98661::Impl#DataFlowImpl1#bece54ca::Config#::TSummaryCtxSome#ffff/4@a5e2897g with 0 rows and digest THIS-RELATION-HAS-NO-TUPLES.
[2026-01-21 06:10:59] (5s) Inferred that num#DataFlowImpl#6ed98661::Impl#DataFlowImpl1#bece54ca::Config#::TSummaryCtxSome#ffff_30#join_rhs/2@003cebva is empty, due to num#DataFlowImpl#6ed98661::Impl#DataFlowImpl1#bece54ca::Config#::TSummaryCtxSome#ffff/4@a5e2897g.
[2026-01-21 06:10:59] (5s) Inferred that num#DataFlowImpl#6ed98661::Impl#DataFlowImpl1#bece54ca::Config#::TSummaryCtxSome#ffff_012#antijoin_rhs/3@a2434e9b is empty, due to num#DataFlowImpl#6ed98661::Impl#DataFlowImpl1#bece54ca::Config#::TSummaryCtxSome#ffff/4@a5e2897g.
[2026-01-21 06:10:59] (5s) Inferred that DataFlowImpl#6ed98661::Impl#DataFlowImpl1#bece54ca::Config#::paramFlowsThrough#6#ffffff#reorder_2_3_0_1_4_5/6@3ff40x14 is empty, due to num#DataFlowImpl#6ed98661::Impl#DataFlowImpl1#bece54ca::Config#::TSummaryCtxSome#ffff_30#join_rhs/2@003cebva.
[2026-01-21 06:10:59] (5s) Inferred that DataFlowImpl#6ed98661::Impl#DataFlowImpl1#bece54ca::Config#::pathThroughCallable#5#fffff/5@3ff404w4 is empty, due to num#DataFlowImpl#6ed98661::Impl#DataFlowImpl1#bece54ca::Config#::TSummaryCtxSome#ffff_30#join_rhs/2@003cebva.
[2026-01-21 06:10:59] (5s) Inferred that DataFlowImpl#6ed98661::Impl#DataFlowImpl1#bece54ca::Config#::pathThroughCallable0#7#fffffff/7@3ff409w4 is empty, due to num#DataFlowImpl#6ed98661::Impl#DataFlowImpl1#bece54ca::Config#::TSummaryCtxSome#ffff_30#join_rhs/2@003cebva.
[2026-01-21 06:10:59] (5s) Inferred that project#DataFlowImpl#6ed98661::Impl#DataFlowImpl1#bece54ca::Config#::paramFlowsThrough#6#ffffff/5@2f8a51mf is empty, due to DataFlowImpl#6ed98661::Impl#DataFlowImpl1#bece54ca::Config#::paramFlowsThrough#6#ffffff#reorder_2_3_0_1_4_5/6@3ff40x14.
[2026-01-21 06:10:59] (5s) Inferred that DataFlowImpl#6ed98661::Impl#DataFlowImpl1#bece54ca::Config#::Subpaths::subpaths01#8#ffffffff/8@f02212r5 is empty, due to DataFlowImpl#6ed98661::Impl#DataFlowImpl1#bece54ca::Config#::pathThroughCallable#5#fffff/5@3ff404w4.
[2026-01-21 06:10:59] (5s) Inferred that project#DataFlowImpl#6ed98661::Impl#DataFlowImpl1#bece54ca::Config#::paramFlowsThrough#6#ffffff_12340#join_rhs/5@01e661nf is empty, due to project#DataFlowImpl#6ed98661::Impl#DataFlowImpl1#bece54ca::Config#::paramFlowsThrough#6#ffffff/5@2f8a51mf.
[2026-01-21 06:10:59] (5s) Inferred that DataFlowImpl#6ed98661::Impl#DataFlowImpl1#bece54ca::Config#::Subpaths::subpaths01#8#ffffffff_45012367#join_rhs/8@fa6d68dn is empty, due to DataFlowImpl#6ed98661::Impl#DataFlowImpl1#bece54ca::Config#::Subpaths::subpaths01#8#ffffffff/8@f02212r5.
[2026-01-21 06:10:59] (5s) Inferred that DataFlowImpl#6ed98661::Impl#DataFlowImpl1#bece54ca::Config#::Subpaths::subpaths02#8#ffffffff/8@0f3045o1 is empty, due to DataFlowImpl#6ed98661::Impl#DataFlowImpl1#bece54ca::Config#::Subpaths::subpaths01#8#ffffffff_45012367#join_rhs/8@fa6d68dn.
[2026-01-21 06:10:59] (5s) Inferred that DataFlowImpl#6ed98661::Impl#DataFlowImpl1#bece54ca::Config#::Subpaths::subpaths02#8#ffffffff_23467015#join_rhs/8@5d0d91o7 is empty, due to DataFlowImpl#6ed98661::Impl#DataFlowImpl1#bece54ca::Config#::Subpaths::subpaths02#8#ffffffff/8@0f3045o1.
[2026-01-21 06:10:59] (5s) Inferred that DataFlowImpl#6ed98661::Impl#DataFlowImpl1#bece54ca::Config#::Subpaths::subpaths03#6#ffffff/6@f1781c53 is empty, due to DataFlowImpl#6ed98661::Impl#DataFlowImpl1#bece54ca::Config#::Subpaths::subpaths02#8#ffffffff_23467015#join_rhs/8@5d0d91o7.
[2026-01-21 06:10:59] (5s) Inferred that DataFlowImpl#6ed98661::Impl#DataFlowImpl1#bece54ca::Config#::Subpaths::subpaths03#6#ffffff_034512#join_rhs/6@8128a3pv is empty, due to DataFlowImpl#6ed98661::Impl#DataFlowImpl1#bece54ca::Config#::Subpaths::subpaths03#6#ffffff/6@f1781c53.
[2026-01-21 06:10:59] (5s) Inferred that DataFlowImpl#6ed98661::Impl#DataFlowImpl1#bece54ca::Config#::Subpaths::subpaths#4#ffff/4@2838bc6d is empty, due to DataFlowImpl#6ed98661::Impl#DataFlowImpl1#bece54ca::Config#::Subpaths::subpaths03#6#ffffff_034512#join_rhs/6@8128a3pv.
[2026-01-21 06:10:59] (5s) Inferred that project#DataFlowImpl#6ed98661::Impl#DataFlowImpl1#bece54ca::Config#::Subpaths::subpaths#4#ffff/2@889ed4fk is empty, due to DataFlowImpl#6ed98661::Impl#DataFlowImpl1#bece54ca::Config#::Subpaths::subpaths#4#ffff/4@2838bc6d.
[2026-01-21 06:10:59] (5s) Inferred that project#DataFlowImpl#6ed98661::Impl#DataFlowImpl1#bece54ca::Config#::Subpaths::subpaths#4#ffff#2/1@b3cc667u is empty, due to DataFlowImpl#6ed98661::Impl#DataFlowImpl1#bece54ca::Config#::Subpaths::subpaths#4#ffff/4@2838bc6d.
[2026-01-21 06:10:59] (5s) Inferred that project#DataFlowImpl#6ed98661::Impl#DataFlowImpl1#bece54ca::Config#::Subpaths::subpaths#4#ffff_10#join_rhs/2@71be72a6 is empty, due to project#DataFlowImpl#6ed98661::Impl#DataFlowImpl1#bece54ca::Config#::Subpaths::subpaths#4#ffff/2@889ed4fk.
[2026-01-21 06:10:59] (5s) Inferred that DataFlowImpl#6ed98661::Impl#DataFlowImpl1#bece54ca::Config#::Subpaths::retReach#1#f/1@22e6cdv6 is empty, due to project#DataFlowImpl#6ed98661::Impl#DataFlowImpl1#bece54ca::Config#::Subpaths::subpaths#4#ffff_10#join_rhs/2@71be72a6.
[2026-01-21 06:10:59] (5s)  >>> Created relation project#DataFlowImpl#6ed98661::Impl#DataFlowImpl1#bece54ca::Config#::Subpaths::subpaths#4#ffff#2/1@b3cc667u with 0 rows and digest THIS-RELATION-HAS-NO-TUPLES.
[2026-01-21 06:10:59] (5s)  >>> Created relation DataFlowImpl#6ed98661::Impl#DataFlowImpl1#bece54ca::Config#::Subpaths::retReach#1#f/1@22e6cdv6 with 0 rows and digest THIS-RELATION-HAS-NO-TUPLES.
[2026-01-21 06:10:59] (5s)  >>> Created relation project#DataFlowImpl#6ed98661::Impl#DataFlowImpl1#bece54ca::Config#::Subpaths::subpaths#4#ffff_10#join_rhs/2@71be72a6 with 0 rows and digest THIS-RELATION-HAS-NO-TUPLES.
[2026-01-21 06:10:59] (5s)  >>> Created relation project#DataFlowImpl#6ed98661::Impl#DataFlowImpl1#bece54ca::Config#::Subpaths::subpaths#4#ffff/2@889ed4fk with 0 rows and digest THIS-RELATION-HAS-NO-TUPLES.
[2026-01-21 06:10:59] (5s)  >>> Created relation num#DataFlowImpl#6ed98661::Impl#DataFlowImpl1#bece54ca::Config#::TSummaryCtxSome#ffff_30#join_rhs/2@003cebva with 0 rows and digest THIS-RELATION-HAS-NO-TUPLES.
[2026-01-21 06:10:59] (5s)  >>> Created relation num#DataFlowImpl#6ed98661::Impl#DataFlowImpl1#bece54ca::Config#::TSummaryCtxSome#ffff_012#antijoin_rhs/3@a2434e9b with 0 rows and digest THIS-RELATION-HAS-NO-TUPLES.
[2026-01-21 06:10:59] (5s)  >>> Created relation DataFlowImpl#6ed98661::Impl#DataFlowImpl1#bece54ca::Config#::paramFlowsThrough#6#ffffff#reorder_2_3_0_1_4_5/6@3ff40x14 with 0 rows and digest THIS-RELATION-HAS-NO-TUPLES.
[2026-01-21 06:10:59] (5s)  >>> Created relation DataFlowImpl#6ed98661::Impl#DataFlowImpl1#bece54ca::Config#::Subpaths::subpaths02#8#ffffffff_23467015#join_rhs/8@5d0d91o7 with 0 rows and digest THIS-RELATION-HAS-NO-TUPLES.
[2026-01-21 06:10:59] (5s)  >>> Created relation DataFlowImpl#6ed98661::Impl#DataFlowImpl1#bece54ca::Config#::pathThroughCallable#5#fffff/5@3ff404w4 with 0 rows and digest THIS-RELATION-HAS-NO-TUPLES.
[2026-01-21 06:10:59] (5s)  >>> Created relation DataFlowImpl#6ed98661::Impl#DataFlowImpl1#bece54ca::Config#::pathThroughCallable0#7#fffffff/7@3ff409w4 with 0 rows and digest THIS-RELATION-HAS-NO-TUPLES.
[2026-01-21 06:10:59] (5s)  >>> Created relation project#DataFlowImpl#6ed98661::Impl#DataFlowImpl1#bece54ca::Config#::paramFlowsThrough#6#ffffff/5@2f8a51mf with 0 rows and digest THIS-RELATION-HAS-NO-TUPLES.
[2026-01-21 06:10:59] (5s)  >>> Created relation DataFlowImpl#6ed98661::Impl#DataFlowImpl1#bece54ca::Config#::Subpaths::subpaths01#8#ffffffff/8@f02212r5 with 0 rows and digest THIS-RELATION-HAS-NO-TUPLES.
[2026-01-21 06:10:59] (5s)  >>> Created relation project#DataFlowImpl#6ed98661::Impl#DataFlowImpl1#bece54ca::Config#::paramFlowsThrough#6#ffffff_12340#join_rhs/5@01e661nf with 0 rows and digest THIS-RELATION-HAS-NO-TUPLES.
[2026-01-21 06:10:59] (5s)  >>> Created relation DataFlowImpl#6ed98661::Impl#DataFlowImpl1#bece54ca::Config#::Subpaths::subpaths01#8#ffffffff_45012367#join_rhs/8@fa6d68dn with 0 rows and digest THIS-RELATION-HAS-NO-TUPLES.
[2026-01-21 06:10:59] (5s)  >>> Created relation DataFlowImpl#6ed98661::Impl#DataFlowImpl1#bece54ca::Config#::Subpaths::subpaths02#8#ffffffff/8@0f3045o1 with 0 rows and digest THIS-RELATION-HAS-NO-TUPLES.
[2026-01-21 06:10:59] (5s)  >>> Created relation DataFlowImpl#6ed98661::Impl#DataFlowImpl1#bece54ca::Config#::Subpaths::subpaths03#6#ffffff/6@f1781c53 with 0 rows and digest THIS-RELATION-HAS-NO-TUPLES.
[2026-01-21 06:10:59] (5s)  >>> Created relation DataFlowImpl#6ed98661::Impl#DataFlowImpl1#bece54ca::Config#::Subpaths::subpaths03#6#ffffff_034512#join_rhs/6@8128a3pv with 0 rows and digest THIS-RELATION-HAS-NO-TUPLES.
[2026-01-21 06:10:59] (5s)  >>> Created relation DataFlowImpl#6ed98661::Impl#DataFlowImpl1#bece54ca::Config#::Subpaths::subpaths#4#ffff/4@2838bc6d with 0 rows and digest THIS-RELATION-HAS-NO-TUPLES.
[2026-01-21 06:10:59] (5s) Starting to evaluate predicate DataFlowImpl#6ed98661::Impl#DataFlowImpl1#bece54ca::Config#::SummaryCtx#class#f/1@4dd69ftk
[2026-01-21 06:10:59] (5s)  >>> Created relation DataFlowImpl#6ed98661::Impl#DataFlowImpl1#bece54ca::Config#::SummaryCtx#class#f/1@4dd69ftk with 1 rows and digest 751409erq7l4p07vda6rsvi12cf.
[2026-01-21 06:10:59] (5s) Starting to evaluate predicate DataFlowImpl#6ed98661::Impl#DataFlowImpl1#bece54ca::Config#::Stage1::fwdFlow#2#ff_0#join_rhs/1@c235absq
[2026-01-21 06:10:59] (5s)  >>> Created relation DataFlowImpl#6ed98661::Impl#DataFlowImpl1#bece54ca::Config#::Stage1::fwdFlow#2#ff_0#join_rhs/1@c235absq with 63 rows and digest 8a7dbeoa4lss03smb87r69d6v79.
[2026-01-21 06:10:59] (5s) Starting to evaluate predicate DataFlowImpl#6ed98661::Impl#DataFlowImpl1#bece54ca::Config#::readSetEx#3#fff_102#join_rhs/3@b92265si
[2026-01-21 06:10:59] (5s)  >>> Created relation DataFlowImpl#6ed98661::Impl#DataFlowImpl1#bece54ca::Config#::readSetEx#3#fff_102#join_rhs/3@b92265si with 7241 rows and digest 05c3f1rq9br61331ruqurbfbvud.
[2026-01-21 06:10:59] (5s) Starting to evaluate predicate _DataFlowImpl#6ed98661::Impl#DataFlowImpl1#bece54ca::Config#::Stage1::fwdFlowConsCandSet#2#ff_DataFl__#join_rhs/2@90f10d4e
[2026-01-21 06:10:59] (5s)  >>> Created relation _DataFlowImpl#6ed98661::Impl#DataFlowImpl1#bece54ca::Config#::Stage1::fwdFlowConsCandSet#2#ff_DataFl__#join_rhs/2@90f10d4e with 10 rows and digest 3f21614etenau5e8d936p0ocol5.
[2026-01-21 06:10:59] (5s) Starting to evaluate predicate DataFlowImpl#6ed98661::Impl#DataFlowImpl1#bece54ca::Config#::getReturnPosition#0#dispred#ff_10#join_rhs/2@6d7e3828
[2026-01-21 06:10:59] (5s)  >>> Created relation DataFlowImpl#6ed98661::Impl#DataFlowImpl1#bece54ca::Config#::getReturnPosition#0#dispred#ff_10#join_rhs/2@6d7e3828 with 10180 rows and digest 26ebf6ein3j6ku9p3t1397e0ota.
[2026-01-21 06:10:59] (5s) Starting to evaluate predicate DataFlowImpl#6ed98661::Impl#DataFlowImpl1#bece54ca::Config#::additionalLocalFlowStep#2#ff_10#join_rhs/2@af772eov
[2026-01-21 06:10:59] (5s)  >>> Created relation DataFlowImpl#6ed98661::Impl#DataFlowImpl1#bece54ca::Config#::additionalLocalFlowStep#2#ff_10#join_rhs/2@af772eov with 535177 rows and digest 313c3cgo5d8ekg4fvgevs362bu2.
[2026-01-21 06:10:59] (5s) Starting to evaluate predicate DataFlowImpl#6ed98661::Impl#DataFlowImpl1#bece54ca::Config#::localFlowStepEx#2#ff_10#join_rhs/2@296c0a1t
[2026-01-21 06:10:59] (5s)  >>> Created relation DataFlowImpl#6ed98661::Impl#DataFlowImpl1#bece54ca::Config#::localFlowStepEx#2#ff_10#join_rhs/2@296c0a1t with 96430 rows and digest 317ac49sqdjv72vfg92vuo60d47.
[2026-01-21 06:10:59] (5s) Starting to evaluate predicate DataFlowImpl#6ed98661::Impl#DataFlowImpl1#bece54ca::Config#::readSetEx#3#fff_201#join_rhs/3@9154302g
[2026-01-21 06:10:59] (5s)  >>> Created relation DataFlowImpl#6ed98661::Impl#DataFlowImpl1#bece54ca::Config#::readSetEx#3#fff_201#join_rhs/3@9154302g with 7241 rows and digest b6568085iqjecdb2in71ssfs2q3.
[2026-01-21 06:10:59] (5s) Starting to evaluate predicate project#DataFlowImpl#6ed98661::Impl#DataFlowImpl1#bece54ca::Config#::storeEx#4#ffff#3/3@c8d9b1kt
[2026-01-21 06:10:59] (5s)  >>> Created relation project#DataFlowImpl#6ed98661::Impl#DataFlowImpl1#bece54ca::Config#::storeEx#4#ffff#3/3@c8d9b1kt with 14013 rows and digest 9aa0e5b7llkjpo6f8quca465qia.
[2026-01-21 06:10:59] (5s) Starting to evaluate predicate project#DataFlowImpl#6ed98661::Impl#DataFlowImpl1#bece54ca::Config#::storeEx#4#ffff#3_102#join_rhs/3@221b9b7u
[2026-01-21 06:10:59] (5s)  >>> Created relation project#DataFlowImpl#6ed98661::Impl#DataFlowImpl1#bece54ca::Config#::storeEx#4#ffff#3_102#join_rhs/3@221b9b7u with 14013 rows and digest ddf45901v4oq0k3kfs2fe6l4h00.
[2026-01-21 06:10:59] (5s) Starting to evaluate predicate _DataFlowImpl#6ed98661::Impl#DataFlowImpl1#bece54ca::Config#::Stage1::fwdFlowConsCand#1#f_DataFlowIm__#join_rhs/3@d8b872nl
[2026-01-21 06:10:59] (5s)  >>> Created relation _DataFlowImpl#6ed98661::Impl#DataFlowImpl1#bece54ca::Config#::Stage1::fwdFlowConsCand#1#f_DataFlowIm__#join_rhs/3@d8b872nl with 6 rows and digest dd1f62omdrvjd86jrm8i3h4jf4d.
[2026-01-21 06:10:59] (5s) Starting to evaluate predicate project#DataFlowImpl#6ed98661::Impl#DataFlowImpl1#bece54ca::Config#::storeEx#4#ffff#3_201#join_rhs/3@bde9f2u5
[2026-01-21 06:10:59] (5s)  >>> Created relation project#DataFlowImpl#6ed98661::Impl#DataFlowImpl1#bece54ca::Config#::storeEx#4#ffff#3_201#join_rhs/3@bde9f2u5 with 14013 rows and digest 4e7a59kp4c008nf9a780gtgu6a4.
[2026-01-21 06:10:59] (5s) Starting to evaluate predicate DataFlowImpl#6ed98661::Impl#DataFlowImpl1#bece54ca::Config#::Stage1::fwdFlow#2#ff_10#join_rhs/2@9c4565ng
[2026-01-21 06:10:59] (5s)  >>> Created relation DataFlowImpl#6ed98661::Impl#DataFlowImpl1#bece54ca::Config#::Stage1::fwdFlow#2#ff_10#join_rhs/2@9c4565ng with 63 rows and digest 264df5pn6d0e5v12n6792subu7d.
[2026-01-21 06:10:59] (5s) Starting to evaluate predicate DataFlowImpl#6ed98661::Impl#DataFlowImpl1#bece54ca::Config#::viableParamArgEx#3#fff_201#join_rhs/3@f398ce2v
[2026-01-21 06:10:59] (5s)  >>> Created relation DataFlowImpl#6ed98661::Impl#DataFlowImpl1#bece54ca::Config#::viableParamArgEx#3#fff_201#join_rhs/3@f398ce2v with 11776 rows and digest a805e1mlmups0n64qjudo6sc8sf.
[2026-01-21 06:10:59] (5s) Starting to evaluate predicate DataFlowImpl#6ed98661::Impl#DataFlowImpl1#bece54ca::Config#::Stage1::viableParamArgNodeCandFwd1#3#fff/3@3d70d2n8
[2026-01-21 06:10:59] (5s)  >>> Created relation DataFlowImpl#6ed98661::Impl#DataFlowImpl1#bece54ca::Config#::Stage1::viableParamArgNodeCandFwd1#3#fff/3@3d70d2n8 with 0 rows and digest THIS-RELATION-HAS-NO-TUPLES.
[2026-01-21 06:10:59] (5s) Inferred that project#DataFlowImpl#6ed98661::Impl#DataFlowImpl1#bece54ca::Config#::Stage1::viableParamArgNodeCandFwd1#3#fff/2@d0cba9ee is empty, due to DataFlowImpl#6ed98661::Impl#DataFlowImpl1#bece54ca::Config#::Stage1::viableParamArgNodeCandFwd1#3#fff/3@3d70d2n8.
[2026-01-21 06:10:59] (5s) Inferred that DataFlowImpl#6ed98661::Impl#DataFlowImpl1#bece54ca::Config#::Stage1::viableParamArgNodeCandFwd1#3#fff_102#join_rhs/3@60ae31mr is empty, due to DataFlowImpl#6ed98661::Impl#DataFlowImpl1#bece54ca::Config#::Stage1::viableParamArgNodeCandFwd1#3#fff/3@3d70d2n8.
[2026-01-21 06:10:59] (5s) Inferred that DataFlowImpl#6ed98661::Impl#DataFlowImpl1#bece54ca::Config#::viableParamArgNodeCand1#3#fff/3@2eb58fnj is empty, due to DataFlowImpl#6ed98661::Impl#DataFlowImpl1#bece54ca::Config#::Stage1::viableParamArgNodeCandFwd1#3#fff/3@3d70d2n8.
[2026-01-21 06:10:59] (5s) Inferred that DataFlowImpl#6ed98661::Impl#DataFlowImpl1#bece54ca::Config#::Stage1::revFlowInToReturn#2#ff/2@1b33d1wi is empty, due to DataFlowImpl#6ed98661::Impl#DataFlowImpl1#bece54ca::Config#::Stage1::viableParamArgNodeCandFwd1#3#fff_102#join_rhs/3@60ae31mr.
[2026-01-21 06:10:59] (5s) Inferred that DataFlowImpl#6ed98661::Impl#DataFlowImpl1#bece54ca::Config#::flowIntoCallNodeCand1#3#fff/3@dfdaaemu is empty, due to DataFlowImpl#6ed98661::Impl#DataFlowImpl1#bece54ca::Config#::viableParamArgNodeCand1#3#fff/3@2eb58fnj.
[2026-01-21 06:10:59] (5s) Inferred that project#DataFlowImpl#6ed98661::Impl#DataFlowImpl1#bece54ca::Config#::flowIntoCallNodeCand1#3#fff/2@409d8eh0 is empty, due to DataFlowImpl#6ed98661::Impl#DataFlowImpl1#bece54ca::Config#::flowIntoCallNodeCand1#3#fff/3@dfdaaemu.
[2026-01-21 06:10:59] (5s) Inferred that _DataFlowImpl#6ed98661::Impl#DataFlowImpl1#bece54ca::Config#::branch#1#ff_DataFlowImpl#6ed98661::Imp__#shared/4@88df20gu is empty, due to DataFlowImpl#6ed98661::Impl#DataFlowImpl1#bece54ca::Config#::flowIntoCallNodeCand1#3#fff/3@dfdaaemu.
[2026-01-21 06:10:59] (5s) Inferred that _DataFlowImpl#6ed98661::Impl#DataFlowImpl1#bece54ca::Config#::join#1#ff_DataFlowImpl1#bece54ca::Conf__#shared/7@30622dsu is empty, due to _DataFlowImpl#6ed98661::Impl#DataFlowImpl1#bece54ca::Config#::branch#1#ff_DataFlowImpl#6ed98661::Imp__#shared/4@88df20gu.
[2026-01-21 06:10:59] (5s) Inferred that DataFlowImpl#6ed98661::Impl#DataFlowImpl1#bece54ca::Config#::flowIntoCallNodeCand1#4#ffff/4@1ba299em is empty, due to _DataFlowImpl#6ed98661::Impl#DataFlowImpl1#bece54ca::Config#::branch#1#ff_DataFlowImpl#6ed98661::Imp__#shared/4@88df20gu.
[2026-01-21 06:10:59] (5s) Inferred that __DataFlowImpl#6ed98661::Impl#DataFlowImpl1#bece54ca::Config#::join#1#ff_DataFlowImpl1#bece54ca::Con__#antijoin_rhs/5@538a8b38 is empty, due to _DataFlowImpl#6ed98661::Impl#DataFlowImpl1#bece54ca::Config#::join#1#ff_DataFlowImpl1#bece54ca::Conf__#shared/7@30622dsu.
[2026-01-21 06:10:59] (5s) Inferred that DataFlowImpl#6ed98661::Impl#DataFlowImpl1#bece54ca::Config#::MkStage#Stage1#::Stage#Stage2Param#::flowIntoCallApa#5#fffff/5@e8f4ebm6 is empty, due to DataFlowImpl#6ed98661::Impl#DataFlowImpl1#bece54ca::Config#::flowIntoCallNodeCand1#4#ffff/4@1ba299em.
[2026-01-21 06:10:59] (5s) Inferred that DataFlowImpl#6ed98661::Impl#DataFlowImpl1#bece54ca::Config#::flowIntoCallNodeCand2#4#ffff/4@f7db1064 is empty, due to DataFlowImpl#6ed98661::Impl#DataFlowImpl1#bece54ca::Config#::flowIntoCallNodeCand1#4#ffff/4@1ba299em.
[2026-01-21 06:10:59] (5s) Inferred that _DataFlowImpl#6ed98661::Impl#DataFlowImpl1#bece54ca::Config#::MkStage#Stage1#::Stage#Stage2Param#::f__#join_rhs/5@2b17b6s7 is empty, due to DataFlowImpl#6ed98661::Impl#DataFlowImpl1#bece54ca::Config#::MkStage#Stage1#::Stage#Stage2Param#::flowIntoCallApa#5#fffff/5@e8f4ebm6.
[2026-01-21 06:10:59] (5s) Inferred that DataFlowImpl#6ed98661::Impl#DataFlowImpl1#bece54ca::Config#::MkStage#Stage1#::Stage#Stage2Param#::flowIntoCallApa#5#fffff_14023#join_rhs/5@3753769j is empty, due to DataFlowImpl#6ed98661::Impl#DataFlowImpl1#bece54ca::Config#::MkStage#Stage1#::Stage#Stage2Param#::flowIntoCallApa#5#fffff/5@e8f4ebm6.
[2026-01-21 06:10:59] (5s) Inferred that DataFlowImpl#6ed98661::Impl#DataFlowImpl1#bece54ca::Config#::MkStage#Stage2#::Stage#Stage3Param#::flowIntoCallApa#5#fffff/5@6a0fdeih is empty, due to DataFlowImpl#6ed98661::Impl#DataFlowImpl1#bece54ca::Config#::flowIntoCallNodeCand2#4#ffff/4@f7db1064.
[2026-01-21 06:10:59] (5s) Inferred that project#DataFlowImpl#6ed98661::Impl#DataFlowImpl1#bece54ca::Config#::flowIntoCallNodeCand2#4#ffff/2@fda5debl is empty, due to DataFlowImpl#6ed98661::Impl#DataFlowImpl1#bece54ca::Config#::flowIntoCallNodeCand2#4#ffff/4@f7db1064.
[2026-01-21 06:10:59] (5s) Inferred that DataFlowImpl#6ed98661::Impl#DataFlowImpl1#bece54ca::Config#::Stage4Param::flowIntoCall#4#ffff/4@617bb2md is empty, due to DataFlowImpl#6ed98661::Impl#DataFlowImpl1#bece54ca::Config#::flowIntoCallNodeCand2#4#ffff/4@f7db1064.
[2026-01-21 06:10:59] (5s) Inferred that DataFlowImpl#6ed98661::Impl#DataFlowImpl1#bece54ca::Config#::Stage5Param::flowIntoCall#4#ffff/4@7192actc is empty, due to DataFlowImpl#6ed98661::Impl#DataFlowImpl1#bece54ca::Config#::flowIntoCallNodeCand2#4#ffff/4@f7db1064.
[2026-01-21 06:10:59] (5s) Inferred that DataFlowImpl#6ed98661::Impl#DataFlowImpl1#bece54ca::Config#::MkStage#Stage1#::Stage#Stage2Param#::fwdFlowIn#9#fffffffff/9@33e71zrj is empty, due to _DataFlowImpl#6ed98661::Impl#DataFlowImpl1#bece54ca::Config#::MkStage#Stage1#::Stage#Stage2Param#::f__#join_rhs/5@2b17b6s7.
[2026-01-21 06:10:59] (5s) Inferred that DataFlowImpl#6ed98661::Impl#DataFlowImpl1#bece54ca::Config#::MkStage#Stage1#::Stage#Stage2Param#::flowIntoCallAp#5#fffff/5@4d2329qe is empty, due to DataFlowImpl#6ed98661::Impl#DataFlowImpl1#bece54ca::Config#::MkStage#Stage1#::Stage#Stage2Param#::flowIntoCallApa#5#fffff_14023#join_rhs/5@3753769j.
[2026-01-21 06:10:59] (5s) Inferred that _DataFlowImpl#6ed98661::Impl#DataFlowImpl1#bece54ca::Config#::BooleanCallContext::Cc#b_DataFlowImpl#__#join_rhs/4@61707bi9 is empty, due to DataFlowImpl#6ed98661::Impl#DataFlowImpl1#bece54ca::Config#::MkStage#Stage2#::Stage#Stage3Param#::flowIntoCallApa#5#fffff/5@6a0fdeih.
[2026-01-21 06:10:59] (5s) Inferred that _DataFlowImpl#6ed98661::Impl#DataFlowImpl1#bece54ca::Config#::BooleanCallContext::Cc#b_DataFlowImpl#__#join_rhs#1/4@3c7141vs is empty, due to DataFlowImpl#6ed98661::Impl#DataFlowImpl1#bece54ca::Config#::MkStage#Stage2#::Stage#Stage3Param#::flowIntoCallApa#5#fffff/5@6a0fdeih.
[2026-01-21 06:10:59] (5s) Inferred that DataFlowImpl#6ed98661::Impl#DataFlowImpl1#bece54ca::Config#::MkStage#Stage2#::Stage#Stage3Param#::flowIntoCallApa#5#fffff_14023#join_rhs/5@56dd11ol is empty, due to DataFlowImpl#6ed98661::Impl#DataFlowImpl1#bece54ca::Config#::MkStage#Stage2#::Stage#Stage3Param#::flowIntoCallApa#5#fffff/5@6a0fdeih.
[2026-01-21 06:10:59] (5s) Inferred that DataFlowImpl#6ed98661::Impl#DataFlowImpl1#bece54ca::Config#::MkStage#Stage2#::Stage#Stage3Param#::fwdFlowIn#9#fffffffff/9@f702f1w7 is empty, due to DataFlowImpl#6ed98661::Impl#DataFlowImpl1#bece54ca::Config#::MkStage#Stage2#::Stage#Stage3Param#::flowIntoCallApa#5#fffff/5@6a0fdeih.
[2026-01-21 06:10:59] (5s) Inferred that DataFlowImpl#6ed98661::Impl#DataFlowImpl1#bece54ca::Config#::MkStage#Stage3#::Stage#Stage4Param#::flowIntoCallApa#5#fffff/5@34b09cmb is empty, due to DataFlowImpl#6ed98661::Impl#DataFlowImpl1#bece54ca::Config#::Stage4Param::flowIntoCall#4#ffff/4@617bb2md.
[2026-01-21 06:10:59] (5s) Inferred that DataFlowImpl#6ed98661::Impl#DataFlowImpl1#bece54ca::Config#::MkStage#Stage4#::Stage#Stage5Param#::flowIntoCallApa#5#fffff/5@595960to is empty, due to DataFlowImpl#6ed98661::Impl#DataFlowImpl1#bece54ca::Config#::Stage5Param::flowIntoCall#4#ffff/4@7192actc.
[2026-01-21 06:10:59] (5s) Inferred that project#DataFlowImpl#6ed98661::Impl#DataFlowImpl1#bece54ca::Config#::MkStage#Stage1#::Stage#Stage2Param#::flowIntoCallAp#5#fffff/4@d40eedge is empty, due to DataFlowImpl#6ed98661::Impl#DataFlowImpl1#bece54ca::Config#::MkStage#Stage1#::Stage#Stage2Param#::flowIntoCallAp#5#fffff/5@4d2329qe.
[2026-01-21 06:10:59] (5s) Inferred that DataFlowImpl#6ed98661::Impl#DataFlowImpl1#bece54ca::Config#::MkStage#Stage2#::Stage#Stage3Param#::flowIntoCallAp#5#fffff/5@4b9169a6 is empty, due to DataFlowImpl#6ed98661::Impl#DataFlowImpl1#bece54ca::Config#::MkStage#Stage2#::Stage#Stage3Param#::flowIntoCallApa#5#fffff_14023#join_rhs/5@56dd11ol.
[2026-01-21 06:10:59] (5s) Inferred that _DataFlowImpl#6ed98661::Impl#DataFlowImpl1#bece54ca::Config#::BooleanCallContext::Cc#b_DataFlowImpl#__#join_rhs#2/4@71beb6r3 is empty, due to DataFlowImpl#6ed98661::Impl#DataFlowImpl1#bece54ca::Config#::MkStage#Stage3#::Stage#Stage4Param#::flowIntoCallApa#5#fffff/5@34b09cmb.
[2026-01-21 06:10:59] (5s) Inferred that _DataFlowImpl#6ed98661::Impl#DataFlowImpl1#bece54ca::Config#::BooleanCallContext::Cc#b_DataFlowImpl#__#join_rhs#3/4@e8c854nd is empty, due to DataFlowImpl#6ed98661::Impl#DataFlowImpl1#bece54ca::Config#::MkStage#Stage3#::Stage#Stage4Param#::flowIntoCallApa#5#fffff/5@34b09cmb.
[2026-01-21 06:10:59] (5s) Inferred that DataFlowImpl#6ed98661::Impl#DataFlowImpl1#bece54ca::Config#::MkStage#Stage3#::Stage#Stage4Param#::flowIntoCallApa#5#fffff_14023#join_rhs/5@9734bc24 is empty, due to DataFlowImpl#6ed98661::Impl#DataFlowImpl1#bece54ca::Config#::MkStage#Stage3#::Stage#Stage4Param#::flowIntoCallApa#5#fffff/5@34b09cmb.
[2026-01-21 06:10:59] (5s) Inferred that DataFlowImpl#6ed98661::Impl#DataFlowImpl1#bece54ca::Config#::MkStage#Stage3#::Stage#Stage4Param#::fwdFlowIn#9#fffffffff/9@dd0a81wk is empty, due to DataFlowImpl#6ed98661::Impl#DataFlowImpl1#bece54ca::Config#::MkStage#Stage3#::Stage#Stage4Param#::flowIntoCallApa#5#fffff/5@34b09cmb.
[2026-01-21 06:10:59] (5s) Inferred that _DataFlowImpl#6ed98661::Impl#DataFlowImpl1#bece54ca::Config#::MkStage#Stage4#::Stage#Stage5Param#::f__#join_rhs/4@963bf9if is empty, due to DataFlowImpl#6ed98661::Impl#DataFlowImpl1#bece54ca::Config#::MkStage#Stage4#::Stage#Stage5Param#::flowIntoCallApa#5#fffff/5@595960to.
[2026-01-21 06:10:59] (5s) Inferred that _DataFlowImpl#6ed98661::Impl#DataFlowImpl1#bece54ca::Config#::MkStage#Stage4#::Stage#Stage5Param#::f__#join_rhs#1/4@76399cn3 is empty, due to DataFlowImpl#6ed98661::Impl#DataFlowImpl1#bece54ca::Config#::MkStage#Stage4#::Stage#Stage5Param#::flowIntoCallApa#5#fffff/5@595960to.
[2026-01-21 06:10:59] (5s) Inferred that DataFlowImpl#6ed98661::Impl#DataFlowImpl1#bece54ca::Config#::MkStage#Stage4#::Stage#Stage5Param#::flowIntoCallApa#5#fffff_14023#join_rhs/5@eabf90ot is empty, due to DataFlowImpl#6ed98661::Impl#DataFlowImpl1#bece54ca::Config#::MkStage#Stage4#::Stage#Stage5Param#::flowIntoCallApa#5#fffff/5@595960to.
[2026-01-21 06:10:59] (5s) Inferred that DataFlowImpl#6ed98661::Impl#DataFlowImpl1#bece54ca::Config#::MkStage#Stage4#::Stage#Stage5Param#::fwdFlowIn#9#fffffffff/9@e103c2wj is empty, due to DataFlowImpl#6ed98661::Impl#DataFlowImpl1#bece54ca::Config#::MkStage#Stage4#::Stage#Stage5Param#::flowIntoCallApa#5#fffff/5@595960to.
[2026-01-21 06:10:59] (5s) Inferred that project#DataFlowImpl#6ed98661::Impl#DataFlowImpl1#bece54ca::Config#::MkStage#Stage1#::Stage#Stage2Param#::flowIntoCallAp#5#fffff_1302#join_rhs/4@36b98cac is empty, due to project#DataFlowImpl#6ed98661::Impl#DataFlowImpl1#bece54ca::Config#::MkStage#Stage1#::Stage#Stage2Param#::flowIntoCallAp#5#fffff/4@d40eedge.
[2026-01-21 06:10:59] (5s) Inferred that project#DataFlowImpl#6ed98661::Impl#DataFlowImpl1#bece54ca::Config#::MkStage#Stage2#::Stage#Stage3Param#::flowIntoCallAp#5#fffff/4@0bd5bakj is empty, due to DataFlowImpl#6ed98661::Impl#DataFlowImpl1#bece54ca::Config#::MkStage#Stage2#::Stage#Stage3Param#::flowIntoCallAp#5#fffff/5@4b9169a6.
[2026-01-21 06:10:59] (5s) Inferred that DataFlowImpl#6ed98661::Impl#DataFlowImpl1#bece54ca::Config#::MkStage#Stage3#::Stage#Stage4Param#::flowIntoCallAp#5#fffff/5@0525dauc is empty, due to DataFlowImpl#6ed98661::Impl#DataFlowImpl1#bece54ca::Config#::MkStage#Stage3#::Stage#Stage4Param#::flowIntoCallApa#5#fffff_14023#join_rhs/5@9734bc24.
[2026-01-21 06:10:59] (5s) Inferred that DataFlowImpl#6ed98661::Impl#DataFlowImpl1#bece54ca::Config#::MkStage#Stage4#::Stage#Stage5Param#::flowIntoCallAp#5#fffff/5@8257a3cu is empty, due to DataFlowImpl#6ed98661::Impl#DataFlowImpl1#bece54ca::Config#::MkStage#Stage4#::Stage#Stage5Param#::flowIntoCallApa#5#fffff_14023#join_rhs/5@eabf90ot.
[2026-01-21 06:10:59] (5s) Inferred that project#DataFlowImpl#6ed98661::Impl#DataFlowImpl1#bece54ca::Config#::MkStage#Stage2#::Stage#Stage3Param#::flowIntoCallAp#5#fffff_1302#join_rhs/4@3a779djf is empty, due to project#DataFlowImpl#6ed98661::Impl#DataFlowImpl1#bece54ca::Config#::MkStage#Stage2#::Stage#Stage3Param#::flowIntoCallAp#5#fffff/4@0bd5bakj.
[2026-01-21 06:10:59] (5s) Inferred that project#DataFlowImpl#6ed98661::Impl#DataFlowImpl1#bece54ca::Config#::MkStage#Stage3#::Stage#Stage4Param#::flowIntoCallAp#5#fffff/4@a0abbehb is empty, due to DataFlowImpl#6ed98661::Impl#DataFlowImpl1#bece54ca::Config#::MkStage#Stage3#::Stage#Stage4Param#::flowIntoCallAp#5#fffff/5@0525dauc.
[2026-01-21 06:10:59] (5s) Inferred that project#DataFlowImpl#6ed98661::Impl#DataFlowImpl1#bece54ca::Config#::MkStage#Stage4#::Stage#Stage5Param#::flowIntoCallAp#5#fffff/4@7dc9667o is empty, due to DataFlowImpl#6ed98661::Impl#DataFlowImpl1#bece54ca::Config#::MkStage#Stage4#::Stage#Stage5Param#::flowIntoCallAp#5#fffff/5@8257a3cu.
[2026-01-21 06:10:59] (5s) Inferred that project#DataFlowImpl#6ed98661::Impl#DataFlowImpl1#bece54ca::Config#::MkStage#Stage3#::Stage#Stage4Param#::flowIntoCallAp#5#fffff_1302#join_rhs/4@b8b731ql is empty, due to project#DataFlowImpl#6ed98661::Impl#DataFlowImpl1#bece54ca::Config#::MkStage#Stage3#::Stage#Stage4Param#::flowIntoCallAp#5#fffff/4@a0abbehb.
[2026-01-21 06:10:59] (5s) Inferred that project#DataFlowImpl#6ed98661::Impl#DataFlowImpl1#bece54ca::Config#::MkStage#Stage4#::Stage#Stage5Param#::flowIntoCallAp#5#fffff_1302#join_rhs/4@7c1b745e is empty, due to project#DataFlowImpl#6ed98661::Impl#DataFlowImpl1#bece54ca::Config#::MkStage#Stage4#::Stage#Stage5Param#::flowIntoCallAp#5#fffff/4@7dc9667o.
[2026-01-21 06:10:59] (5s)  >>> Created relation project#DataFlowImpl#6ed98661::Impl#DataFlowImpl1#bece54ca::Config#::MkStage#Stage3#::Stage#Stage4Param#::flowIntoCallAp#5#fffff_1302#join_rhs/4@b8b731ql with 0 rows and digest THIS-RELATION-HAS-NO-TUPLES.
[2026-01-21 06:10:59] (5s)  >>> Created relation DataFlowImpl#6ed98661::Impl#DataFlowImpl1#bece54ca::Config#::Stage1::viableParamArgNodeCandFwd1#3#fff_102#join_rhs/3@60ae31mr with 0 rows and digest THIS-RELATION-HAS-NO-TUPLES.
[2026-01-21 06:10:59] (5s)  >>> Created relation project#DataFlowImpl#6ed98661::Impl#DataFlowImpl1#bece54ca::Config#::MkStage#Stage4#::Stage#Stage5Param#::flowIntoCallAp#5#fffff/4@7dc9667o with 0 rows and digest THIS-RELATION-HAS-NO-TUPLES.
[2026-01-21 06:10:59] (5s)  >>> Created relation DataFlowImpl#6ed98661::Impl#DataFlowImpl1#bece54ca::Config#::viableParamArgNodeCand1#3#fff/3@2eb58fnj with 0 rows and digest THIS-RELATION-HAS-NO-TUPLES.
[2026-01-21 06:10:59] (5s)  >>> Created relation project#DataFlowImpl#6ed98661::Impl#DataFlowImpl1#bece54ca::Config#::MkStage#Stage2#::Stage#Stage3Param#::flowIntoCallAp#5#fffff_1302#join_rhs/4@3a779djf with 0 rows and digest THIS-RELATION-HAS-NO-TUPLES.
[2026-01-21 06:10:59] (5s)  >>> Created relation DataFlowImpl#6ed98661::Impl#DataFlowImpl1#bece54ca::Config#::MkStage#Stage4#::Stage#Stage5Param#::flowIntoCallAp#5#fffff/5@8257a3cu with 0 rows and digest THIS-RELATION-HAS-NO-TUPLES.
[2026-01-21 06:10:59] (5s)  >>> Created relation DataFlowImpl#6ed98661::Impl#DataFlowImpl1#bece54ca::Config#::MkStage#Stage3#::Stage#Stage4Param#::flowIntoCallAp#5#fffff/5@0525dauc with 0 rows and digest THIS-RELATION-HAS-NO-TUPLES.
[2026-01-21 06:10:59] (5s)  >>> Created relation project#DataFlowImpl#6ed98661::Impl#DataFlowImpl1#bece54ca::Config#::MkStage#Stage2#::Stage#Stage3Param#::flowIntoCallAp#5#fffff/4@0bd5bakj with 0 rows and digest THIS-RELATION-HAS-NO-TUPLES.
[2026-01-21 06:10:59] (5s)  >>> Created relation project#DataFlowImpl#6ed98661::Impl#DataFlowImpl1#bece54ca::Config#::MkStage#Stage1#::Stage#Stage2Param#::flowIntoCallAp#5#fffff_1302#join_rhs/4@36b98cac with 0 rows and digest THIS-RELATION-HAS-NO-TUPLES.
[2026-01-21 06:10:59] (5s)  >>> Created relation DataFlowImpl#6ed98661::Impl#DataFlowImpl1#bece54ca::Config#::Stage5Param::flowIntoCall#4#ffff/4@7192actc with 0 rows and digest THIS-RELATION-HAS-NO-TUPLES.
[2026-01-21 06:10:59] (5s)  >>> Created relation DataFlowImpl#6ed98661::Impl#DataFlowImpl1#bece54ca::Config#::MkStage#Stage4#::Stage#Stage5Param#::flowIntoCallApa#5#fffff_14023#join_rhs/5@eabf90ot with 0 rows and digest THIS-RELATION-HAS-NO-TUPLES.
[2026-01-21 06:10:59] (5s)  >>> Created relation DataFlowImpl#6ed98661::Impl#DataFlowImpl1#bece54ca::Config#::MkStage#Stage1#::Stage#Stage2Param#::fwdFlowIn#9#fffffffff/9@33e71zrj with 0 rows and digest THIS-RELATION-HAS-NO-TUPLES.
[2026-01-21 06:10:59] (5s)  >>> Created relation _DataFlowImpl#6ed98661::Impl#DataFlowImpl1#bece54ca::Config#::MkStage#Stage4#::Stage#Stage5Param#::f__#join_rhs/4@963bf9if with 0 rows and digest THIS-RELATION-HAS-NO-TUPLES.
[2026-01-21 06:10:59] (5s)  >>> Created relation DataFlowImpl#6ed98661::Impl#DataFlowImpl1#bece54ca::Config#::MkStage#Stage3#::Stage#Stage4Param#::fwdFlowIn#9#fffffffff/9@dd0a81wk with 0 rows and digest THIS-RELATION-HAS-NO-TUPLES.
[2026-01-21 06:10:59] (5s)  >>> Created relation DataFlowImpl#6ed98661::Impl#DataFlowImpl1#bece54ca::Config#::MkStage#Stage3#::Stage#Stage4Param#::flowIntoCallApa#5#fffff_14023#join_rhs/5@9734bc24 with 0 rows and digest THIS-RELATION-HAS-NO-TUPLES.
[2026-01-21 06:10:59] (5s)  >>> Created relation DataFlowImpl#6ed98661::Impl#DataFlowImpl1#bece54ca::Config#::MkStage#Stage1#::Stage#Stage2Param#::flowIntoCallAp#5#fffff/5@4d2329qe with 0 rows and digest THIS-RELATION-HAS-NO-TUPLES.
[2026-01-21 06:10:59] (5s)  >>> Created relation _DataFlowImpl#6ed98661::Impl#DataFlowImpl1#bece54ca::Config#::BooleanCallContext::Cc#b_DataFlowImpl#__#join_rhs#2/4@71beb6r3 with 0 rows and digest THIS-RELATION-HAS-NO-TUPLES.
[2026-01-21 06:10:59] (5s)  >>> Created relation _DataFlowImpl#6ed98661::Impl#DataFlowImpl1#bece54ca::Config#::BooleanCallContext::Cc#b_DataFlowImpl#__#join_rhs/4@61707bi9 with 0 rows and digest THIS-RELATION-HAS-NO-TUPLES.
[2026-01-21 06:10:59] (5s)  >>> Created relation project#DataFlowImpl#6ed98661::Impl#DataFlowImpl1#bece54ca::Config#::MkStage#Stage1#::Stage#Stage2Param#::flowIntoCallAp#5#fffff/4@d40eedge with 0 rows and digest THIS-RELATION-HAS-NO-TUPLES.
[2026-01-21 06:10:59] (5s)  >>> Created relation DataFlowImpl#6ed98661::Impl#DataFlowImpl1#bece54ca::Config#::Stage1::revFlowInToReturn#2#ff/2@1b33d1wi with 0 rows and digest THIS-RELATION-HAS-NO-TUPLES.
[2026-01-21 06:10:59] (5s)  >>> Created relation _DataFlowImpl#6ed98661::Impl#DataFlowImpl1#bece54ca::Config#::BooleanCallContext::Cc#b_DataFlowImpl#__#join_rhs#1/4@3c7141vs with 0 rows and digest THIS-RELATION-HAS-NO-TUPLES.
[2026-01-21 06:10:59] (5s)  >>> Created relation DataFlowImpl#6ed98661::Impl#DataFlowImpl1#bece54ca::Config#::MkStage#Stage2#::Stage#Stage3Param#::flowIntoCallApa#5#fffff_14023#join_rhs/5@56dd11ol with 0 rows and digest THIS-RELATION-HAS-NO-TUPLES.
[2026-01-21 06:10:59] (5s)  >>> Created relation DataFlowImpl#6ed98661::Impl#DataFlowImpl1#bece54ca::Config#::MkStage#Stage2#::Stage#Stage3Param#::fwdFlowIn#9#fffffffff/9@f702f1w7 with 0 rows and digest THIS-RELATION-HAS-NO-TUPLES.
[2026-01-21 06:10:59] (5s)  >>> Created relation DataFlowImpl#6ed98661::Impl#DataFlowImpl1#bece54ca::Config#::MkStage#Stage3#::Stage#Stage4Param#::flowIntoCallApa#5#fffff/5@34b09cmb with 0 rows and digest THIS-RELATION-HAS-NO-TUPLES.
[2026-01-21 06:10:59] (5s)  >>> Created relation DataFlowImpl#6ed98661::Impl#DataFlowImpl1#bece54ca::Config#::flowIntoCallNodeCand1#3#fff/3@dfdaaemu with 0 rows and digest THIS-RELATION-HAS-NO-TUPLES.
[2026-01-21 06:10:59] (5s)  >>> Created relation project#DataFlowImpl#6ed98661::Impl#DataFlowImpl1#bece54ca::Config#::flowIntoCallNodeCand1#3#fff/2@409d8eh0 with 0 rows and digest THIS-RELATION-HAS-NO-TUPLES.
[2026-01-21 06:10:59] (5s)  >>> Created relation DataFlowImpl#6ed98661::Impl#DataFlowImpl1#bece54ca::Config#::MkStage#Stage4#::Stage#Stage5Param#::flowIntoCallApa#5#fffff/5@595960to with 0 rows and digest THIS-RELATION-HAS-NO-TUPLES.
[2026-01-21 06:10:59] (5s)  >>> Created relation DataFlowImpl#6ed98661::Impl#DataFlowImpl1#bece54ca::Config#::MkStage#Stage2#::Stage#Stage3Param#::flowIntoCallAp#5#fffff/5@4b9169a6 with 0 rows and digest THIS-RELATION-HAS-NO-TUPLES.
[2026-01-21 06:10:59] (5s)  >>> Created relation DataFlowImpl#6ed98661::Impl#DataFlowImpl1#bece54ca::Config#::Stage4Param::flowIntoCall#4#ffff/4@617bb2md with 0 rows and digest THIS-RELATION-HAS-NO-TUPLES.
[2026-01-21 06:10:59] (5s)  >>> Created relation _DataFlowImpl#6ed98661::Impl#DataFlowImpl1#bece54ca::Config#::branch#1#ff_DataFlowImpl#6ed98661::Imp__#shared/4@88df20gu with 0 rows and digest THIS-RELATION-HAS-NO-TUPLES.
[2026-01-21 06:10:59] (5s)  >>> Created relation DataFlowImpl#6ed98661::Impl#DataFlowImpl1#bece54ca::Config#::MkStage#Stage2#::Stage#Stage3Param#::flowIntoCallApa#5#fffff/5@6a0fdeih with 0 rows and digest THIS-RELATION-HAS-NO-TUPLES.
[2026-01-21 06:10:59] (5s)  >>> Created relation project#DataFlowImpl#6ed98661::Impl#DataFlowImpl1#bece54ca::Config#::MkStage#Stage3#::Stage#Stage4Param#::flowIntoCallAp#5#fffff/4@a0abbehb with 0 rows and digest THIS-RELATION-HAS-NO-TUPLES.
[2026-01-21 06:10:59] (5s)  >>> Created relation _DataFlowImpl#6ed98661::Impl#DataFlowImpl1#bece54ca::Config#::MkStage#Stage1#::Stage#Stage2Param#::f__#join_rhs/5@2b17b6s7 with 0 rows and digest THIS-RELATION-HAS-NO-TUPLES.
[2026-01-21 06:10:59] (5s)  >>> Created relation DataFlowImpl#6ed98661::Impl#DataFlowImpl1#bece54ca::Config#::flowIntoCallNodeCand2#4#ffff/4@f7db1064 with 0 rows and digest THIS-RELATION-HAS-NO-TUPLES.
[2026-01-21 06:10:59] (5s)  >>> Created relation DataFlowImpl#6ed98661::Impl#DataFlowImpl1#bece54ca::Config#::MkStage#Stage4#::Stage#Stage5Param#::fwdFlowIn#9#fffffffff/9@e103c2wj with 0 rows and digest THIS-RELATION-HAS-NO-TUPLES.
[2026-01-21 06:10:59] (5s)  >>> Created relation _DataFlowImpl#6ed98661::Impl#DataFlowImpl1#bece54ca::Config#::MkStage#Stage4#::Stage#Stage5Param#::f__#join_rhs#1/4@76399cn3 with 0 rows and digest THIS-RELATION-HAS-NO-TUPLES.
[2026-01-21 06:10:59] (5s)  >>> Created relation _DataFlowImpl#6ed98661::Impl#DataFlowImpl1#bece54ca::Config#::BooleanCallContext::Cc#b_DataFlowImpl#__#join_rhs#3/4@e8c854nd with 0 rows and digest THIS-RELATION-HAS-NO-TUPLES.
[2026-01-21 06:10:59] (5s)  >>> Created relation _DataFlowImpl#6ed98661::Impl#DataFlowImpl1#bece54ca::Config#::join#1#ff_DataFlowImpl1#bece54ca::Conf__#shared/7@30622dsu with 0 rows and digest THIS-RELATION-HAS-NO-TUPLES.
[2026-01-21 06:10:59] (5s)  >>> Created relation project#DataFlowImpl#6ed98661::Impl#DataFlowImpl1#bece54ca::Config#::MkStage#Stage4#::Stage#Stage5Param#::flowIntoCallAp#5#fffff_1302#join_rhs/4@7c1b745e with 0 rows and digest THIS-RELATION-HAS-NO-TUPLES.
[2026-01-21 06:10:59] (5s)  >>> Created relation DataFlowImpl#6ed98661::Impl#DataFlowImpl1#bece54ca::Config#::flowIntoCallNodeCand1#4#ffff/4@1ba299em with 0 rows and digest THIS-RELATION-HAS-NO-TUPLES.
[2026-01-21 06:10:59] (5s)  >>> Created relation __DataFlowImpl#6ed98661::Impl#DataFlowImpl1#bece54ca::Config#::join#1#ff_DataFlowImpl1#bece54ca::Con__#antijoin_rhs/5@538a8b38 with 0 rows and digest THIS-RELATION-HAS-NO-TUPLES.
[2026-01-21 06:10:59] (5s)  >>> Created relation DataFlowImpl#6ed98661::Impl#DataFlowImpl1#bece54ca::Config#::MkStage#Stage1#::Stage#Stage2Param#::flowIntoCallApa#5#fffff/5@e8f4ebm6 with 0 rows and digest THIS-RELATION-HAS-NO-TUPLES.
[2026-01-21 06:10:59] (5s)  >>> Created relation project#DataFlowImpl#6ed98661::Impl#DataFlowImpl1#bece54ca::Config#::Stage1::viableParamArgNodeCandFwd1#3#fff/2@d0cba9ee with 0 rows and digest THIS-RELATION-HAS-NO-TUPLES.
[2026-01-21 06:10:59] (5s)  >>> Created relation DataFlowImpl#6ed98661::Impl#DataFlowImpl1#bece54ca::Config#::MkStage#Stage1#::Stage#Stage2Param#::flowIntoCallApa#5#fffff_14023#join_rhs/5@3753769j with 0 rows and digest THIS-RELATION-HAS-NO-TUPLES.
[2026-01-21 06:10:59] (5s)  >>> Created relation project#DataFlowImpl#6ed98661::Impl#DataFlowImpl1#bece54ca::Config#::flowIntoCallNodeCand2#4#ffff/2@fda5debl with 0 rows and digest THIS-RELATION-HAS-NO-TUPLES.
[2026-01-21 06:10:59] (5s) Starting to evaluate predicate DataFlowImpl#6ed98661::Impl#DataFlowImpl1#bece54ca::Config#::Stage1::revFlowIsReturned#2#ff/2@i1#1b33d2wi (iteration 1)
[2026-01-21 06:10:59] (5s) Empty delta for DataFlowImpl#6ed98661::Impl#DataFlowImpl1#bece54ca::Config#::Stage1::revFlowIsReturned#2#ff_delta (order for disjuncts: delta=<standard>).
[2026-01-21 06:10:59] (5s) Starting to evaluate predicate DataFlowImpl#6ed98661::Impl#DataFlowImpl1#bece54ca::Config#::Stage1::revFlowInToReturn#2#ff/2@i1#1b33d1wi (iteration 1)
[2026-01-21 06:10:59] (5s) Empty delta for DataFlowImpl#6ed98661::Impl#DataFlowImpl1#bece54ca::Config#::Stage1::revFlowInToReturn#2#ff_delta (order for disjuncts: delta=<standard>).
[2026-01-21 06:10:59] (5s) Starting to evaluate predicate DataFlowImpl#6ed98661::Impl#DataFlowImpl1#bece54ca::Config#::Stage1::revFlowStore#3#fff/3@i1#1b33d0wi (iteration 1)
[2026-01-21 06:10:59] (5s) Empty delta for DataFlowImpl#6ed98661::Impl#DataFlowImpl1#bece54ca::Config#::Stage1::revFlowStore#3#fff_delta (order for disjuncts: delta=<standard>).
[2026-01-21 06:10:59] (5s) Starting to evaluate predicate DataFlowImpl#6ed98661::Impl#DataFlowImpl1#bece54ca::Config#::Stage1::revFlowOut#1#f/1@i1#1b33dzmi (iteration 1)
[2026-01-21 06:10:59] (5s) Empty delta for DataFlowImpl#6ed98661::Impl#DataFlowImpl1#bece54ca::Config#::Stage1::revFlowOut#1#f_delta (order for disjuncts: delta=<standard>).
[2026-01-21 06:10:59] (5s) Starting to evaluate predicate DataFlowImpl#6ed98661::Impl#DataFlowImpl1#bece54ca::Config#::Stage1::revFlowConsCand#1#f/1@i1#1b33dymi (iteration 1)
[2026-01-21 06:10:59] (5s) Empty delta for DataFlowImpl#6ed98661::Impl#DataFlowImpl1#bece54ca::Config#::Stage1::revFlowConsCand#1#f_delta (order for disjuncts: delta=<standard>).
[2026-01-21 06:10:59] (5s) Starting to evaluate predicate DataFlowImpl#6ed98661::Impl#DataFlowImpl1#bece54ca::Config#::Stage1::revFlow#2#ff/2@i1#1b33dxmi (iteration 1)
[2026-01-21 06:10:59] (5s) Empty delta for DataFlowImpl#6ed98661::Impl#DataFlowImpl1#bece54ca::Config#::Stage1::revFlow#2#ff_delta (order for disjuncts: delta=<standard>).
[2026-01-21 06:10:59] (5s) Starting to evaluate predicate DataFlowImpl#6ed98661::Impl#DataFlowImpl1#bece54ca::Config#::Stage1::revFlow0#2#ff/2@i1#1b33dwmi (iteration 1)
[2026-01-21 06:10:59] (5s) 			 - DataFlowImpl#6ed98661::Impl#DataFlowImpl1#bece54ca::Config#::Stage1::revFlow0#2#ff_delta has 13 rows (order for disjuncts: delta=<standard>).
[2026-01-21 06:10:59] (5s) Empty delta for DataFlowImpl#6ed98661::Impl#DataFlowImpl1#bece54ca::Config#::Stage1::revFlowIsReturned#2#ff_delta (order for disjuncts: delta=<standard>).
[2026-01-21 06:10:59] (5s) Empty delta for DataFlowImpl#6ed98661::Impl#DataFlowImpl1#bece54ca::Config#::Stage1::revFlowInToReturn#2#ff_delta (order for disjuncts: delta=<standard>).
[2026-01-21 06:10:59] (5s) Empty delta for DataFlowImpl#6ed98661::Impl#DataFlowImpl1#bece54ca::Config#::Stage1::revFlowStore#3#fff_delta (order for disjuncts: delta=<standard>).
[2026-01-21 06:10:59] (5s) Empty delta for DataFlowImpl#6ed98661::Impl#DataFlowImpl1#bece54ca::Config#::Stage1::revFlowOut#1#f_delta (order for disjuncts: delta=<standard>).
[2026-01-21 06:10:59] (5s) Empty delta for DataFlowImpl#6ed98661::Impl#DataFlowImpl1#bece54ca::Config#::Stage1::revFlowConsCand#1#f_delta (order for disjuncts: delta=<standard>).
[2026-01-21 06:10:59] (5s) Starting to evaluate predicate DataFlowImpl#6ed98661::Impl#DataFlowImpl1#bece54ca::Config#::Stage1::revFlow#2#ff/2@i2#1b33dxmi (iteration 2)
[2026-01-21 06:10:59] (5s) 			 - DataFlowImpl#6ed98661::Impl#DataFlowImpl1#bece54ca::Config#::Stage1::revFlow#2#ff_delta has 13 rows (order for disjuncts: delta=500000).
[2026-01-21 06:10:59] (5s) Empty delta for DataFlowImpl#6ed98661::Impl#DataFlowImpl1#bece54ca::Config#::Stage1::revFlow0#2#ff_delta (order for disjuncts: delta=<standard>).
[2026-01-21 06:10:59] (5s) Starting to evaluate predicate DataFlowImpl#6ed98661::Impl#DataFlowImpl1#bece54ca::Config#::Stage1::revFlowIsReturned#2#ff/2@i3#1b33d2wi (iteration 3)
[2026-01-21 06:10:59] (5s) Empty delta for DataFlowImpl#6ed98661::Impl#DataFlowImpl1#bece54ca::Config#::Stage1::revFlowIsReturned#2#ff_delta (order for disjuncts: delta=<standard>).
[2026-01-21 06:10:59] (5s) Starting to evaluate predicate DataFlowImpl#6ed98661::Impl#DataFlowImpl1#bece54ca::Config#::Stage1::revFlowInToReturn#2#ff/2@i3#1b33d1wi (iteration 3)
[2026-01-21 06:10:59] (5s) Empty delta for DataFlowImpl#6ed98661::Impl#DataFlowImpl1#bece54ca::Config#::Stage1::revFlowInToReturn#2#ff_delta (order for disjuncts: delta=<standard>).
[2026-01-21 06:10:59] (5s) Starting to evaluate predicate DataFlowImpl#6ed98661::Impl#DataFlowImpl1#bece54ca::Config#::Stage1::revFlowStore#3#fff/3@i3#1b33d0wi (iteration 3)
[2026-01-21 06:10:59] (5s) Empty delta for DataFlowImpl#6ed98661::Impl#DataFlowImpl1#bece54ca::Config#::Stage1::revFlowStore#3#fff_delta (order for disjuncts: delta=500000).
[2026-01-21 06:10:59] (5s) Starting to evaluate predicate DataFlowImpl#6ed98661::Impl#DataFlowImpl1#bece54ca::Config#::Stage1::revFlowOut#1#f/1@i3#1b33dzmi (iteration 3)
[2026-01-21 06:10:59] (5s) Empty delta for DataFlowImpl#6ed98661::Impl#DataFlowImpl1#bece54ca::Config#::Stage1::revFlowOut#1#f_delta (order for disjuncts: delta=<standard>).
[2026-01-21 06:10:59] (5s) Starting to evaluate predicate DataFlowImpl#6ed98661::Impl#DataFlowImpl1#bece54ca::Config#::Stage1::revFlowConsCand#1#f/1@i3#1b33dymi (iteration 3)
[2026-01-21 06:10:59] (5s) 			 - DataFlowImpl#6ed98661::Impl#DataFlowImpl1#bece54ca::Config#::Stage1::revFlowConsCand#1#f_delta has 1 rows (order for disjuncts: delta=<standard>).
[2026-01-21 06:10:59] (5s) Empty delta for DataFlowImpl#6ed98661::Impl#DataFlowImpl1#bece54ca::Config#::Stage1::revFlow#2#ff_delta (order for disjuncts: delta=500000).
[2026-01-21 06:10:59] (5s) Starting to evaluate predicate DataFlowImpl#6ed98661::Impl#DataFlowImpl1#bece54ca::Config#::Stage1::revFlow0#2#ff/2@i3#1b33dwmi (iteration 3)
[2026-01-21 06:10:59] (5s) 			 - DataFlowImpl#6ed98661::Impl#DataFlowImpl1#bece54ca::Config#::Stage1::revFlow0#2#ff_delta has 14 rows (order for disjuncts: delta=500000).
[2026-01-21 06:10:59] (5s) Empty delta for DataFlowImpl#6ed98661::Impl#DataFlowImpl1#bece54ca::Config#::Stage1::revFlowIsReturned#2#ff_delta (order for disjuncts: delta=<standard>).
[2026-01-21 06:10:59] (5s) Empty delta for DataFlowImpl#6ed98661::Impl#DataFlowImpl1#bece54ca::Config#::Stage1::revFlowInToReturn#2#ff_delta (order for disjuncts: delta=<standard>).
[2026-01-21 06:10:59] (5s) Empty delta for DataFlowImpl#6ed98661::Impl#DataFlowImpl1#bece54ca::Config#::Stage1::revFlowStore#3#fff_delta (order for disjuncts: delta=500000).
[2026-01-21 06:10:59] (5s) Empty delta for DataFlowImpl#6ed98661::Impl#DataFlowImpl1#bece54ca::Config#::Stage1::revFlowOut#1#f_delta (order for disjuncts: delta=<standard>).
[2026-01-21 06:10:59] (5s) Empty delta for DataFlowImpl#6ed98661::Impl#DataFlowImpl1#bece54ca::Config#::Stage1::revFlowConsCand#1#f_delta (order for disjuncts: delta=<standard>).
[2026-01-21 06:10:59] (5s) Starting to evaluate predicate DataFlowImpl#6ed98661::Impl#DataFlowImpl1#bece54ca::Config#::Stage1::revFlow#2#ff/2@i4#1b33dxmi (iteration 4)
[2026-01-21 06:10:59] (5s) 			 - DataFlowImpl#6ed98661::Impl#DataFlowImpl1#bece54ca::Config#::Stage1::revFlow#2#ff_delta has 11 rows (order for disjuncts: delta=500000).
[2026-01-21 06:10:59] (5s) Starting to evaluate predicate DataFlowImpl#6ed98661::Impl#DataFlowImpl1#bece54ca::Config#::Stage1::revFlow0#2#ff/2@i4#1b33dwmi (iteration 4)
[2026-01-21 06:10:59] (5s) Empty delta for DataFlowImpl#6ed98661::Impl#DataFlowImpl1#bece54ca::Config#::Stage1::revFlow0#2#ff_delta (order for disjuncts: delta=500000).
[2026-01-21 06:10:59] (5s) Starting to evaluate predicate DataFlowImpl#6ed98661::Impl#DataFlowImpl1#bece54ca::Config#::Stage1::revFlowIsReturned#2#ff/2@i5#1b33d2wi (iteration 5)
[2026-01-21 06:10:59] (5s) Empty delta for DataFlowImpl#6ed98661::Impl#DataFlowImpl1#bece54ca::Config#::Stage1::revFlowIsReturned#2#ff_delta (order for disjuncts: delta=<standard>).
[2026-01-21 06:10:59] (5s) Starting to evaluate predicate DataFlowImpl#6ed98661::Impl#DataFlowImpl1#bece54ca::Config#::Stage1::revFlowInToReturn#2#ff/2@i5#1b33d1wi (iteration 5)
[2026-01-21 06:10:59] (5s) Empty delta for DataFlowImpl#6ed98661::Impl#DataFlowImpl1#bece54ca::Config#::Stage1::revFlowInToReturn#2#ff_delta (order for disjuncts: delta=<standard>).
[2026-01-21 06:10:59] (5s) Starting to evaluate predicate DataFlowImpl#6ed98661::Impl#DataFlowImpl1#bece54ca::Config#::Stage1::revFlowStore#3#fff/3@i5#1b33d0wi (iteration 5)
[2026-01-21 06:10:59] (5s) 			 - DataFlowImpl#6ed98661::Impl#DataFlowImpl1#bece54ca::Config#::Stage1::revFlowStore#3#fff_delta has 1 rows (order for disjuncts: delta=500000).
[2026-01-21 06:10:59] (5s) Starting to evaluate predicate DataFlowImpl#6ed98661::Impl#DataFlowImpl1#bece54ca::Config#::Stage1::revFlowOut#1#f/1@i5#1b33dzmi (iteration 5)
[2026-01-21 06:10:59] (5s) Empty delta for DataFlowImpl#6ed98661::Impl#DataFlowImpl1#bece54ca::Config#::Stage1::revFlowOut#1#f_delta (order for disjuncts: delta=<standard>).
[2026-01-21 06:10:59] (5s) Starting to evaluate predicate DataFlowImpl#6ed98661::Impl#DataFlowImpl1#bece54ca::Config#::Stage1::revFlowConsCand#1#f/1@i5#1b33dymi (iteration 5)
[2026-01-21 06:10:59] (5s) Empty delta for DataFlowImpl#6ed98661::Impl#DataFlowImpl1#bece54ca::Config#::Stage1::revFlowConsCand#1#f_delta (order for disjuncts: delta=<standard>).
[2026-01-21 06:10:59] (5s) Empty delta for DataFlowImpl#6ed98661::Impl#DataFlowImpl1#bece54ca::Config#::Stage1::revFlow#2#ff_delta (order for disjuncts: delta=500000).
[2026-01-21 06:10:59] (5s) Starting to evaluate predicate DataFlowImpl#6ed98661::Impl#DataFlowImpl1#bece54ca::Config#::Stage1::revFlow0#2#ff/2@i5#1b33dwmi (iteration 5)
[2026-01-21 06:10:59] (5s) 			 - DataFlowImpl#6ed98661::Impl#DataFlowImpl1#bece54ca::Config#::Stage1::revFlow0#2#ff_delta has 19 rows (order for disjuncts: delta=500000).
[2026-01-21 06:10:59] (5s) Empty delta for DataFlowImpl#6ed98661::Impl#DataFlowImpl1#bece54ca::Config#::Stage1::revFlowIsReturned#2#ff_delta (order for disjuncts: delta=<standard>).
[2026-01-21 06:10:59] (5s) Empty delta for DataFlowImpl#6ed98661::Impl#DataFlowImpl1#bece54ca::Config#::Stage1::revFlowInToReturn#2#ff_delta (order for disjuncts: delta=<standard>).
[2026-01-21 06:10:59] (5s) Empty delta for DataFlowImpl#6ed98661::Impl#DataFlowImpl1#bece54ca::Config#::Stage1::revFlowStore#3#fff_delta (order for disjuncts: delta=500000).
[2026-01-21 06:10:59] (5s) Empty delta for DataFlowImpl#6ed98661::Impl#DataFlowImpl1#bece54ca::Config#::Stage1::revFlowOut#1#f_delta (order for disjuncts: delta=<standard>).
[2026-01-21 06:10:59] (5s) Empty delta for DataFlowImpl#6ed98661::Impl#DataFlowImpl1#bece54ca::Config#::Stage1::revFlowConsCand#1#f_delta (order for disjuncts: delta=<standard>).
[2026-01-21 06:10:59] (5s) Starting to evaluate predicate DataFlowImpl#6ed98661::Impl#DataFlowImpl1#bece54ca::Config#::Stage1::revFlow#2#ff/2@i6#1b33dxmi (iteration 6)
[2026-01-21 06:10:59] (5s) 			 - DataFlowImpl#6ed98661::Impl#DataFlowImpl1#bece54ca::Config#::Stage1::revFlow#2#ff_delta has 11 rows (order for disjuncts: delta=500000).
[2026-01-21 06:10:59] (5s) Starting to evaluate predicate DataFlowImpl#6ed98661::Impl#DataFlowImpl1#bece54ca::Config#::Stage1::revFlow0#2#ff/2@i6#1b33dwmi (iteration 6)
[2026-01-21 06:10:59] (5s) 			 - DataFlowImpl#6ed98661::Impl#DataFlowImpl1#bece54ca::Config#::Stage1::revFlow0#2#ff_delta has 1 rows (order for disjuncts: delta=500000).
[2026-01-21 06:10:59] (5s) Starting to evaluate predicate DataFlowImpl#6ed98661::Impl#DataFlowImpl1#bece54ca::Config#::Stage1::revFlowIsReturned#2#ff/2@i7#1b33d2wi (iteration 7)
[2026-01-21 06:10:59] (5s) Empty delta for DataFlowImpl#6ed98661::Impl#DataFlowImpl1#bece54ca::Config#::Stage1::revFlowIsReturned#2#ff_delta (order for disjuncts: delta=<standard>).
[2026-01-21 06:10:59] (5s) Starting to evaluate predicate DataFlowImpl#6ed98661::Impl#DataFlowImpl1#bece54ca::Config#::Stage1::revFlowInToReturn#2#ff/2@i7#1b33d1wi (iteration 7)
[2026-01-21 06:10:59] (5s) Empty delta for DataFlowImpl#6ed98661::Impl#DataFlowImpl1#bece54ca::Config#::Stage1::revFlowInToReturn#2#ff_delta (order for disjuncts: delta=<standard>).
[2026-01-21 06:10:59] (5s) Starting to evaluate predicate DataFlowImpl#6ed98661::Impl#DataFlowImpl1#bece54ca::Config#::Stage1::revFlowStore#3#fff/3@i7#1b33d0wi (iteration 7)
[2026-01-21 06:10:59] (5s) Empty delta for DataFlowImpl#6ed98661::Impl#DataFlowImpl1#bece54ca::Config#::Stage1::revFlowStore#3#fff_delta (order for disjuncts: delta=500000).
[2026-01-21 06:10:59] (5s) Starting to evaluate predicate DataFlowImpl#6ed98661::Impl#DataFlowImpl1#bece54ca::Config#::Stage1::revFlowOut#1#f/1@i7#1b33dzmi (iteration 7)
[2026-01-21 06:10:59] (5s) Empty delta for DataFlowImpl#6ed98661::Impl#DataFlowImpl1#bece54ca::Config#::Stage1::revFlowOut#1#f_delta (order for disjuncts: delta=<standard>).
[2026-01-21 06:10:59] (5s) Starting to evaluate predicate DataFlowImpl#6ed98661::Impl#DataFlowImpl1#bece54ca::Config#::Stage1::revFlowConsCand#1#f/1@i7#1b33dymi (iteration 7)
[2026-01-21 06:10:59] (5s) 			 - DataFlowImpl#6ed98661::Impl#DataFlowImpl1#bece54ca::Config#::Stage1::revFlowConsCand#1#f_delta has 1 rows (order for disjuncts: delta=<standard>).
[2026-01-21 06:10:59] (5s) Starting to evaluate predicate DataFlowImpl#6ed98661::Impl#DataFlowImpl1#bece54ca::Config#::Stage1::revFlow#2#ff/2@i7#1b33dxmi (iteration 7)
[2026-01-21 06:10:59] (5s) 			 - DataFlowImpl#6ed98661::Impl#DataFlowImpl1#bece54ca::Config#::Stage1::revFlow#2#ff_delta has 1 rows (order for disjuncts: delta=500000).
[2026-01-21 06:10:59] (5s) Starting to evaluate predicate DataFlowImpl#6ed98661::Impl#DataFlowImpl1#bece54ca::Config#::Stage1::revFlow0#2#ff/2@i7#1b33dwmi (iteration 7)
[2026-01-21 06:10:59] (5s) 			 - DataFlowImpl#6ed98661::Impl#DataFlowImpl1#bece54ca::Config#::Stage1::revFlow0#2#ff_delta has 7 rows (order for disjuncts: delta=500000).
[2026-01-21 06:10:59] (5s) Starting to evaluate predicate DataFlowImpl#6ed98661::Impl#DataFlowImpl1#bece54ca::Config#::Stage1::revFlowIsReturned#2#ff/2@i8#1b33d2wi (iteration 8)
[2026-01-21 06:10:59] (5s) Empty delta for DataFlowImpl#6ed98661::Impl#DataFlowImpl1#bece54ca::Config#::Stage1::revFlowIsReturned#2#ff_delta (order for disjuncts: delta=<standard>).
[2026-01-21 06:10:59] (5s) Starting to evaluate predicate DataFlowImpl#6ed98661::Impl#DataFlowImpl1#bece54ca::Config#::Stage1::revFlowInToReturn#2#ff/2@i8#1b33d1wi (iteration 8)
[2026-01-21 06:10:59] (5s) Empty delta for DataFlowImpl#6ed98661::Impl#DataFlowImpl1#bece54ca::Config#::Stage1::revFlowInToReturn#2#ff_delta (order for disjuncts: delta=<standard>).
[2026-01-21 06:10:59] (5s) Starting to evaluate predicate DataFlowImpl#6ed98661::Impl#DataFlowImpl1#bece54ca::Config#::Stage1::revFlowStore#3#fff/3@i8#1b33d0wi (iteration 8)
[2026-01-21 06:10:59] (5s) Empty delta for DataFlowImpl#6ed98661::Impl#DataFlowImpl1#bece54ca::Config#::Stage1::revFlowStore#3#fff_delta (order for disjuncts: delta=500000).
[2026-01-21 06:10:59] (5s) Starting to evaluate predicate DataFlowImpl#6ed98661::Impl#DataFlowImpl1#bece54ca::Config#::Stage1::revFlowOut#1#f/1@i8#1b33dzmi (iteration 8)
[2026-01-21 06:10:59] (5s) Empty delta for DataFlowImpl#6ed98661::Impl#DataFlowImpl1#bece54ca::Config#::Stage1::revFlowOut#1#f_delta (order for disjuncts: delta=<standard>).
[2026-01-21 06:10:59] (5s) Starting to evaluate predicate DataFlowImpl#6ed98661::Impl#DataFlowImpl1#bece54ca::Config#::Stage1::revFlowConsCand#1#f/1@i8#1b33dymi (iteration 8)
[2026-01-21 06:10:59] (5s) Empty delta for DataFlowImpl#6ed98661::Impl#DataFlowImpl1#bece54ca::Config#::Stage1::revFlowConsCand#1#f_delta (order for disjuncts: delta=<standard>).
[2026-01-21 06:10:59] (5s) Starting to evaluate predicate DataFlowImpl#6ed98661::Impl#DataFlowImpl1#bece54ca::Config#::Stage1::revFlow#2#ff/2@i8#1b33dxmi (iteration 8)
[2026-01-21 06:10:59] (5s) 			 - DataFlowImpl#6ed98661::Impl#DataFlowImpl1#bece54ca::Config#::Stage1::revFlow#2#ff_delta has 2 rows (order for disjuncts: delta=500000).
[2026-01-21 06:10:59] (5s) Starting to evaluate predicate DataFlowImpl#6ed98661::Impl#DataFlowImpl1#bece54ca::Config#::Stage1::revFlow0#2#ff/2@i8#1b33dwmi (iteration 8)
[2026-01-21 06:10:59] (5s) Empty delta for DataFlowImpl#6ed98661::Impl#DataFlowImpl1#bece54ca::Config#::Stage1::revFlow0#2#ff_delta (order for disjuncts: delta=500000).
[2026-01-21 06:10:59] (5s) Starting to evaluate predicate DataFlowImpl#6ed98661::Impl#DataFlowImpl1#bece54ca::Config#::Stage1::revFlowIsReturned#2#ff/2@i9#1b33d2wi (iteration 9)
[2026-01-21 06:10:59] (5s) Empty delta for DataFlowImpl#6ed98661::Impl#DataFlowImpl1#bece54ca::Config#::Stage1::revFlowIsReturned#2#ff_delta (order for disjuncts: delta=<standard>).
[2026-01-21 06:10:59] (5s) Starting to evaluate predicate DataFlowImpl#6ed98661::Impl#DataFlowImpl1#bece54ca::Config#::Stage1::revFlowInToReturn#2#ff/2@i9#1b33d1wi (iteration 9)
[2026-01-21 06:10:59] (5s) Empty delta for DataFlowImpl#6ed98661::Impl#DataFlowImpl1#bece54ca::Config#::Stage1::revFlowInToReturn#2#ff_delta (order for disjuncts: delta=<standard>).
[2026-01-21 06:10:59] (5s) Starting to evaluate predicate DataFlowImpl#6ed98661::Impl#DataFlowImpl1#bece54ca::Config#::Stage1::revFlowStore#3#fff/3@i9#1b33d0wi (iteration 9)
[2026-01-21 06:10:59] (5s) Empty delta for DataFlowImpl#6ed98661::Impl#DataFlowImpl1#bece54ca::Config#::Stage1::revFlowStore#3#fff_delta (order for disjuncts: delta=500000).
[2026-01-21 06:10:59] (5s) Starting to evaluate predicate DataFlowImpl#6ed98661::Impl#DataFlowImpl1#bece54ca::Config#::Stage1::revFlowOut#1#f/1@i9#1b33dzmi (iteration 9)
[2026-01-21 06:10:59] (5s) Empty delta for DataFlowImpl#6ed98661::Impl#DataFlowImpl1#bece54ca::Config#::Stage1::revFlowOut#1#f_delta (order for disjuncts: delta=<standard>).
[2026-01-21 06:10:59] (5s) Starting to evaluate predicate DataFlowImpl#6ed98661::Impl#DataFlowImpl1#bece54ca::Config#::Stage1::revFlowConsCand#1#f/1@i9#1b33dymi (iteration 9)
[2026-01-21 06:10:59] (5s) Empty delta for DataFlowImpl#6ed98661::Impl#DataFlowImpl1#bece54ca::Config#::Stage1::revFlowConsCand#1#f_delta (order for disjuncts: delta=<standard>).
[2026-01-21 06:10:59] (5s) Empty delta for DataFlowImpl#6ed98661::Impl#DataFlowImpl1#bece54ca::Config#::Stage1::revFlow#2#ff_delta (order for disjuncts: delta=500000).
[2026-01-21 06:10:59] (5s) Starting to evaluate predicate DataFlowImpl#6ed98661::Impl#DataFlowImpl1#bece54ca::Config#::Stage1::revFlow0#2#ff/2@i9#1b33dwmi (iteration 9)
[2026-01-21 06:10:59] (5s) 			 - DataFlowImpl#6ed98661::Impl#DataFlowImpl1#bece54ca::Config#::Stage1::revFlow0#2#ff_delta has 8 rows (order for disjuncts: delta=500000).
[2026-01-21 06:10:59] (5s) Empty delta for DataFlowImpl#6ed98661::Impl#DataFlowImpl1#bece54ca::Config#::Stage1::revFlowIsReturned#2#ff_delta (order for disjuncts: delta=<standard>).
[2026-01-21 06:10:59] (5s) Empty delta for DataFlowImpl#6ed98661::Impl#DataFlowImpl1#bece54ca::Config#::Stage1::revFlowInToReturn#2#ff_delta (order for disjuncts: delta=<standard>).
[2026-01-21 06:10:59] (5s) Empty delta for DataFlowImpl#6ed98661::Impl#DataFlowImpl1#bece54ca::Config#::Stage1::revFlowStore#3#fff_delta (order for disjuncts: delta=500000).
[2026-01-21 06:10:59] (5s) Empty delta for DataFlowImpl#6ed98661::Impl#DataFlowImpl1#bece54ca::Config#::Stage1::revFlowOut#1#f_delta (order for disjuncts: delta=<standard>).
[2026-01-21 06:10:59] (5s) Empty delta for DataFlowImpl#6ed98661::Impl#DataFlowImpl1#bece54ca::Config#::Stage1::revFlowConsCand#1#f_delta (order for disjuncts: delta=<standard>).
[2026-01-21 06:10:59] (5s) Starting to evaluate predicate DataFlowImpl#6ed98661::Impl#DataFlowImpl1#bece54ca::Config#::Stage1::revFlow#2#ff/2@i10#1b33dxmi (iteration 10)
[2026-01-21 06:10:59] (5s) 			 - DataFlowImpl#6ed98661::Impl#DataFlowImpl1#bece54ca::Config#::Stage1::revFlow#2#ff_delta has 8 rows (order for disjuncts: delta=500000).
[2026-01-21 06:10:59] (5s) Empty delta for DataFlowImpl#6ed98661::Impl#DataFlowImpl1#bece54ca::Config#::Stage1::revFlow0#2#ff_delta (order for disjuncts: delta=500000).
[2026-01-21 06:10:59] (5s) Starting to evaluate predicate DataFlowImpl#6ed98661::Impl#DataFlowImpl1#bece54ca::Config#::Stage1::revFlowIsReturned#2#ff/2@i11#1b33d2wi (iteration 11)
[2026-01-21 06:10:59] (5s) Empty delta for DataFlowImpl#6ed98661::Impl#DataFlowImpl1#bece54ca::Config#::Stage1::revFlowIsReturned#2#ff_delta (order for disjuncts: delta=<standard>).
[2026-01-21 06:10:59] (5s) Starting to evaluate predicate DataFlowImpl#6ed98661::Impl#DataFlowImpl1#bece54ca::Config#::Stage1::revFlowInToReturn#2#ff/2@i11#1b33d1wi (iteration 11)
[2026-01-21 06:10:59] (5s) Empty delta for DataFlowImpl#6ed98661::Impl#DataFlowImpl1#bece54ca::Config#::Stage1::revFlowInToReturn#2#ff_delta (order for disjuncts: delta=<standard>).
[2026-01-21 06:10:59] (5s) Starting to evaluate predicate DataFlowImpl#6ed98661::Impl#DataFlowImpl1#bece54ca::Config#::Stage1::revFlowStore#3#fff/3@i11#1b33d0wi (iteration 11)
[2026-01-21 06:10:59] (5s) Empty delta for DataFlowImpl#6ed98661::Impl#DataFlowImpl1#bece54ca::Config#::Stage1::revFlowStore#3#fff_delta (order for disjuncts: delta=500000).
[2026-01-21 06:10:59] (5s) Starting to evaluate predicate DataFlowImpl#6ed98661::Impl#DataFlowImpl1#bece54ca::Config#::Stage1::revFlowOut#1#f/1@i11#1b33dzmi (iteration 11)
[2026-01-21 06:10:59] (5s) Empty delta for DataFlowImpl#6ed98661::Impl#DataFlowImpl1#bece54ca::Config#::Stage1::revFlowOut#1#f_delta (order for disjuncts: delta=<standard>).
[2026-01-21 06:10:59] (5s) Starting to evaluate predicate DataFlowImpl#6ed98661::Impl#DataFlowImpl1#bece54ca::Config#::Stage1::revFlowConsCand#1#f/1@i11#1b33dymi (iteration 11)
[2026-01-21 06:10:59] (5s) Empty delta for DataFlowImpl#6ed98661::Impl#DataFlowImpl1#bece54ca::Config#::Stage1::revFlowConsCand#1#f_delta (order for disjuncts: delta=<standard>).
[2026-01-21 06:10:59] (5s) Empty delta for DataFlowImpl#6ed98661::Impl#DataFlowImpl1#bece54ca::Config#::Stage1::revFlow#2#ff_delta (order for disjuncts: delta=500000).
[2026-01-21 06:10:59] (5s) Starting to evaluate predicate DataFlowImpl#6ed98661::Impl#DataFlowImpl1#bece54ca::Config#::Stage1::revFlow0#2#ff/2@i11#1b33dwmi (iteration 11)
[2026-01-21 06:10:59] (5s) 			 - DataFlowImpl#6ed98661::Impl#DataFlowImpl1#bece54ca::Config#::Stage1::revFlow0#2#ff_delta has 3 rows (order for disjuncts: delta=500000).
[2026-01-21 06:10:59] (5s) Empty delta for DataFlowImpl#6ed98661::Impl#DataFlowImpl1#bece54ca::Config#::Stage1::revFlowIsReturned#2#ff_delta (order for disjuncts: delta=<standard>).
[2026-01-21 06:10:59] (5s) Empty delta for DataFlowImpl#6ed98661::Impl#DataFlowImpl1#bece54ca::Config#::Stage1::revFlowInToReturn#2#ff_delta (order for disjuncts: delta=<standard>).
[2026-01-21 06:10:59] (5s) Empty delta for DataFlowImpl#6ed98661::Impl#DataFlowImpl1#bece54ca::Config#::Stage1::revFlowStore#3#fff_delta (order for disjuncts: delta=500000).
[2026-01-21 06:10:59] (5s) Empty delta for DataFlowImpl#6ed98661::Impl#DataFlowImpl1#bece54ca::Config#::Stage1::revFlowOut#1#f_delta (order for disjuncts: delta=<standard>).
[2026-01-21 06:10:59] (5s) Empty delta for DataFlowImpl#6ed98661::Impl#DataFlowImpl1#bece54ca::Config#::Stage1::revFlowConsCand#1#f_delta (order for disjuncts: delta=<standard>).
[2026-01-21 06:10:59] (5s) Starting to evaluate predicate DataFlowImpl#6ed98661::Impl#DataFlowImpl1#bece54ca::Config#::Stage1::revFlow#2#ff/2@i12#1b33dxmi (iteration 12)
[2026-01-21 06:10:59] (5s) Empty delta for DataFlowImpl#6ed98661::Impl#DataFlowImpl1#bece54ca::Config#::Stage1::revFlow#2#ff_delta (order for disjuncts: delta=500000).
[2026-01-21 06:10:59] (5s) Empty delta for DataFlowImpl#6ed98661::Impl#DataFlowImpl1#bece54ca::Config#::Stage1::revFlow0#2#ff_delta (order for disjuncts: delta=500000).
[2026-01-21 06:10:59] (5s) Accumulating deltas
[2026-01-21 06:10:59] (5s)  >>> Created relation DataFlowImpl#6ed98661::Impl#DataFlowImpl1#bece54ca::Config#::Stage1::revFlow0#2#ff/2@1b33dwmi with 65 rows and digest 57a7e54rspdt9vgknd1l4inrrv5.
[2026-01-21 06:10:59] (5s)  >>> Created relation DataFlowImpl#6ed98661::Impl#DataFlowImpl1#bece54ca::Config#::Stage1::revFlow#2#ff/2@1b33dxmi with 46 rows and digest e3132355b4emf5bai2t8i4q208f.
[2026-01-21 06:10:59] (5s)  >>> Created relation DataFlowImpl#6ed98661::Impl#DataFlowImpl1#bece54ca::Config#::Stage1::revFlowConsCand#1#f/1@1b33dymi with 2 rows and digest 7b63f9gi1059dt7o3lur333juf0.
[2026-01-21 06:10:59] (5s)  >>> Created relation DataFlowImpl#6ed98661::Impl#DataFlowImpl1#bece54ca::Config#::Stage1::revFlowOut#1#f/1@1b33dzmi with 0 rows and digest THIS-RELATION-HAS-NO-TUPLES.
[2026-01-21 06:10:59] (5s)  >>> Created relation DataFlowImpl#6ed98661::Impl#DataFlowImpl1#bece54ca::Config#::Stage1::revFlowStore#3#fff/3@1b33d0wi with 1 rows and digest ffdb811jvl6c2h3rpsh4cjn16q6.
[2026-01-21 06:10:59] (5s)  >>> Created relation DataFlowImpl#6ed98661::Impl#DataFlowImpl1#bece54ca::Config#::Stage1::revFlowInToReturn#2#ff/2@1b33d1wi with 0 rows and digest THIS-RELATION-HAS-NO-TUPLES.
[2026-01-21 06:10:59] (5s)  >>> Created relation DataFlowImpl#6ed98661::Impl#DataFlowImpl1#bece54ca::Config#::Stage1::revFlowIsReturned#2#ff/2@1b33d2wi with 0 rows and digest THIS-RELATION-HAS-NO-TUPLES.
[2026-01-21 06:10:59] (5s) Starting to evaluate predicate DataFlowImpl#6ed98661::Impl#DataFlowImpl1#bece54ca::Config#::Stage1::revFlow#1#f/1@3a763aji
[2026-01-21 06:10:59] (5s)  >>> Created relation DataFlowImpl#6ed98661::Impl#DataFlowImpl1#bece54ca::Config#::Stage1::revFlow#1#f/1@3a763aji with 46 rows and digest de6a75e81h87lqab5p3kqii70fa.
[2026-01-21 06:10:59] (5s) Starting to evaluate predicate DataFlowImpl#6ed98661::Impl#DataFlowImpl1#bece54ca::Config#::Stage1::Ap#f/1@dcdda9cm
[2026-01-21 06:10:59] (5s)  >>> Created relation DataFlowImpl#6ed98661::Impl#DataFlowImpl1#bece54ca::Config#::Stage1::Ap#f/1@dcdda9cm with 1 rows and digest ace6e5i0sdii4e7l9amp19vhg50.
[2026-01-21 06:10:59] (5s) Starting to evaluate predicate DataFlowImpl#6ed98661::Impl#DataFlowImpl1#bece54ca::Config#::Stage1::revFlowState#1#f/1@0bd3915q
[2026-01-21 06:10:59] (5s)  >>> Created relation DataFlowImpl#6ed98661::Impl#DataFlowImpl1#bece54ca::Config#::Stage1::revFlowState#1#f/1@0bd3915q with 1 rows and digest 751409erq7l4p07vda6rsvi12cf.
[2026-01-21 06:10:59] (5s) Starting to evaluate predicate DataFlowImpl#6ed98661::Impl#DataFlowImpl1#bece54ca::Config#::additionalLocalFlowStepNodeCand1#2#ff/2@f91b9anr
[2026-01-21 06:10:59] (5s)  >>> Created relation DataFlowImpl#6ed98661::Impl#DataFlowImpl1#bece54ca::Config#::additionalLocalFlowStepNodeCand1#2#ff/2@f91b9anr with 252 rows and digest 0d85a2jqdfios8p91ainhgdo5t4.
[2026-01-21 06:10:59] (5s) Starting to evaluate predicate _DataFlowImplCommon#6f4b4818::Cached::TAnyCallContext#f#join_rhs/2@f47bef61
[2026-01-21 06:10:59] (5s)  >>> Created relation _DataFlowImplCommon#6f4b4818::Cached::TAnyCallContext#f#join_rhs/2@f47bef61 with 1 rows and digest 3557295s01c2e6rlm01uv27d50d.
[2026-01-21 06:10:59] (5s) Starting to evaluate predicate _DataFlowImplCommon#6f4b4818::Cached::TBooleanNone#f__DataFlowImplCommon#6f4b4818::Cached::TAnyCallC__#join_rhs/5@7383a7n8
[2026-01-21 06:10:59] (5s)  >>> Created relation _DataFlowImplCommon#6f4b4818::Cached::TBooleanNone#f__DataFlowImplCommon#6f4b4818::Cached::TAnyCallC__#join_rhs/5@7383a7n8 with 1 rows and digest 6484bbr4skcu2f4j79kaqh9gt82.
[2026-01-21 06:10:59] (5s) Starting to evaluate predicate DataFlowImpl#6ed98661::Impl#DataFlowImpl1#bece54ca::Config#::Stage2Param::ApNil#f/1@cb891d3d
[2026-01-21 06:10:59] (5s)  >>> Created relation DataFlowImpl#6ed98661::Impl#DataFlowImpl1#bece54ca::Config#::Stage2Param::ApNil#f/1@cb891d3d with 1 rows and digest 7e2960edn065n1qkkkdo9atsec4.
[2026-01-21 06:10:59] (5s) Starting to evaluate predicate DataFlowImpl#6ed98661::Impl#DataFlowImpl1#bece54ca::Config#::Stage2Param::apSome#1#ff/2@e1a4733a
[2026-01-21 06:10:59] (5s)  >>> Created relation DataFlowImpl#6ed98661::Impl#DataFlowImpl1#bece54ca::Config#::Stage2Param::apSome#1#ff/2@e1a4733a with 2 rows and digest 92a6a9c3o254lqmpuetjvidhroc.
[2026-01-21 06:10:59] (5s) Starting to evaluate predicate DataFlowImpl#6ed98661::Impl#DataFlowImpl1#bece54ca::Config#::Stage1::throughFlowNodeCand#1#f/1@2103d131
[2026-01-21 06:10:59] (5s)  >>> Created relation DataFlowImpl#6ed98661::Impl#DataFlowImpl1#bece54ca::Config#::Stage1::throughFlowNodeCand#1#f/1@2103d131 with 0 rows and digest THIS-RELATION-HAS-NO-TUPLES.
[2026-01-21 06:10:59] (5s) Inferred that DataFlowImpl#6ed98661::Impl#DataFlowImpl1#bece54ca::Config#::Stage1::returnFlowCallableNodeCand#2#ff/2@ef3ee2i2 is empty, due to DataFlowImpl#6ed98661::Impl#DataFlowImpl1#bece54ca::Config#::Stage1::throughFlowNodeCand#1#f/1@2103d131.
[2026-01-21 06:10:59] (5s) Inferred that DataFlowImpl#6ed98661::Impl#DataFlowImpl1#bece54ca::Config#::Stage1::returnMayFlowThrough#4#ffff/4@e2fe58qa is empty, due to DataFlowImpl#6ed98661::Impl#DataFlowImpl1#bece54ca::Config#::Stage1::throughFlowNodeCand#1#f/1@2103d131.
[2026-01-21 06:10:59] (5s) Inferred that DataFlowImpl#6ed98661::Impl#DataFlowImpl1#bece54ca::Config#::Stage1::parameterMayFlowThrough#2#ff/2@939f20ge is empty, due to DataFlowImpl#6ed98661::Impl#DataFlowImpl1#bece54ca::Config#::Stage1::returnFlowCallableNodeCand#2#ff/2@ef3ee2i2.
[2026-01-21 06:10:59] (5s) Inferred that DataFlowImpl#6ed98661::Impl#DataFlowImpl1#bece54ca::Config#::Stage1::returnMayFlowThrough#4#ffff_0231#join_rhs/4@348a2d4v is empty, due to DataFlowImpl#6ed98661::Impl#DataFlowImpl1#bece54ca::Config#::Stage1::returnMayFlowThrough#4#ffff/4@e2fe58qa.
[2026-01-21 06:10:59] (5s) Inferred that project#DataFlowImpl#6ed98661::Impl#DataFlowImpl1#bece54ca::Config#::Stage1::parameterMayFlowThrough#2#ff/1@5677b0v7 is empty, due to DataFlowImpl#6ed98661::Impl#DataFlowImpl1#bece54ca::Config#::Stage1::parameterMayFlowThrough#2#ff/2@939f20ge.
[2026-01-21 06:10:59] (5s) Inferred that DataFlowImpl#6ed98661::Impl#DataFlowImpl1#bece54ca::Config#::MkStage#Stage1#::Stage#Stage2Param#::fwdFlowRetFromArg#8#ffffffff#reorder_2_3_4_0_1_5_6_7/8@33e710wj is empty, due to DataFlowImpl#6ed98661::Impl#DataFlowImpl1#bece54ca::Config#::Stage1::returnMayFlowThrough#4#ffff_0231#join_rhs/4@348a2d4v.
[2026-01-21 06:10:59] (5s) Inferred that DataFlowImpl#6ed98661::Impl#DataFlowImpl1#bece54ca::Config#::MkStage#Stage1#::Stage#Stage2Param#::revFlowParamToReturn#5#fffff#reorder_2_3_0_1_4/5@d24351wo is empty, due to project#DataFlowImpl#6ed98661::Impl#DataFlowImpl1#bece54ca::Config#::Stage1::parameterMayFlowThrough#2#ff/1@5677b0v7.
[2026-01-21 06:10:59] (5s)  >>> Created relation DataFlowImpl#6ed98661::Impl#DataFlowImpl1#bece54ca::Config#::MkStage#Stage1#::Stage#Stage2Param#::fwdFlowRetFromArg#8#ffffffff#reorder_2_3_4_0_1_5_6_7/8@33e710wj with 0 rows and digest THIS-RELATION-HAS-NO-TUPLES.
[2026-01-21 06:10:59] (5s)  >>> Created relation DataFlowImpl#6ed98661::Impl#DataFlowImpl1#bece54ca::Config#::Stage1::returnFlowCallableNodeCand#2#ff/2@ef3ee2i2 with 0 rows and digest THIS-RELATION-HAS-NO-TUPLES.
[2026-01-21 06:10:59] (5s)  >>> Created relation DataFlowImpl#6ed98661::Impl#DataFlowImpl1#bece54ca::Config#::Stage1::returnMayFlowThrough#4#ffff/4@e2fe58qa with 0 rows and digest THIS-RELATION-HAS-NO-TUPLES.
[2026-01-21 06:10:59] (5s)  >>> Created relation DataFlowImpl#6ed98661::Impl#DataFlowImpl1#bece54ca::Config#::Stage1::parameterMayFlowThrough#2#ff/2@939f20ge with 0 rows and digest THIS-RELATION-HAS-NO-TUPLES.
[2026-01-21 06:10:59] (5s)  >>> Created relation DataFlowImpl#6ed98661::Impl#DataFlowImpl1#bece54ca::Config#::MkStage#Stage1#::Stage#Stage2Param#::revFlowParamToReturn#5#fffff#reorder_2_3_0_1_4/5@d24351wo with 0 rows and digest THIS-RELATION-HAS-NO-TUPLES.
[2026-01-21 06:10:59] (5s)  >>> Created relation DataFlowImpl#6ed98661::Impl#DataFlowImpl1#bece54ca::Config#::Stage1::returnMayFlowThrough#4#ffff_0231#join_rhs/4@348a2d4v with 0 rows and digest THIS-RELATION-HAS-NO-TUPLES.
[2026-01-21 06:10:59] (5s)  >>> Created relation project#DataFlowImpl#6ed98661::Impl#DataFlowImpl1#bece54ca::Config#::Stage1::parameterMayFlowThrough#2#ff/1@5677b0v7 with 0 rows and digest THIS-RELATION-HAS-NO-TUPLES.
[2026-01-21 06:10:59] (5s) Starting to evaluate predicate DataFlowImpl#6ed98661::Impl#DataFlowImpl1#bece54ca::Config#::localFlowStepNodeCand1#2#ff/2@fa9834rr
[2026-01-21 06:10:59] (5s)  >>> Created relation DataFlowImpl#6ed98661::Impl#DataFlowImpl1#bece54ca::Config#::localFlowStepNodeCand1#2#ff/2@fa9834rr with 64 rows and digest 7e08ddo19io9p57d3kcjj428rf5.
[2026-01-21 06:10:59] (5s) Starting to evaluate predicate DataFlowImpl#6ed98661::Impl#DataFlowImpl1#bece54ca::Config#::Stage2Param::apSome#1#ff_10#join_rhs/2@36458650
[2026-01-21 06:10:59] (5s)  >>> Created relation DataFlowImpl#6ed98661::Impl#DataFlowImpl1#bece54ca::Config#::Stage2Param::apSome#1#ff_10#join_rhs/2@36458650 with 2 rows and digest 06cfe6spuu4cpuipc527g8hcrb8.
[2026-01-21 06:10:59] (5s) Starting to evaluate predicate DataFlowImplCommon#6f4b4818::Cached::TParamNodeSome#ff_10#join_rhs/2@1f8722b8
[2026-01-21 06:10:59] (5s)  >>> Created relation DataFlowImplCommon#6f4b4818::Cached::TParamNodeSome#ff_10#join_rhs/2@1f8722b8 with 4567 rows and digest 426c79mr6glhr9ponvmq4uujiq3.
[2026-01-21 06:10:59] (5s) Starting to evaluate predicate num#DataFlowPrivate#63dd00c5::TMkUnit#f/1@c450e44r
[2026-01-21 06:10:59] (5s)  >>> Created relation num#DataFlowPrivate#63dd00c5::TMkUnit#f/1@c450e44r with 1 rows and digest 751409erq7l4p07vda6rsvi12cf.
[2026-01-21 06:10:59] (5s) Starting to evaluate predicate project#DataFlowImpl#6ed98661::Impl#DataFlowImpl1#bece54ca::Config#::Stage1::revFlowStore#3#fff/1@bf3eb2qc
[2026-01-21 06:10:59] (5s)  >>> Created relation project#DataFlowImpl#6ed98661::Impl#DataFlowImpl1#bece54ca::Config#::Stage1::revFlowStore#3#fff/1@bf3eb2qc with 1 rows and digest 95d6c1is2b9phuaor23u2io4ii5.
[2026-01-21 06:10:59] (5s) Starting to evaluate predicate DataFlowImpl#6ed98661::Impl#DataFlowImpl1#bece54ca::Config#::Stage1::revFlowIsReadAndStored#1#f/1@492e911j
[2026-01-21 06:10:59] (5s)  >>> Created relation DataFlowImpl#6ed98661::Impl#DataFlowImpl1#bece54ca::Config#::Stage1::revFlowIsReadAndStored#1#f/1@492e911j with 1 rows and digest 95d6c1is2b9phuaor23u2io4ii5.
[2026-01-21 06:10:59] (5s) Starting to evaluate predicate DataFlowImpl#6ed98661::Impl#DataFlowImpl1#bece54ca::Config#::storeEx#4#ffff_1023#join_rhs/4@26d1f5o0
[2026-01-21 06:10:59] (5s)  >>> Created relation DataFlowImpl#6ed98661::Impl#DataFlowImpl1#bece54ca::Config#::storeEx#4#ffff_1023#join_rhs/4@26d1f5o0 with 14013 rows and digest d66e63jq08ta5i12gcg5sufor04.
[2026-01-21 06:10:59] (5s) Starting to evaluate predicate DataFlowImpl#6ed98661::Impl#DataFlowImpl1#bece54ca::Config#::Stage1::storeStepCand#5#fffff/5@38ffd4pb
[2026-01-21 06:10:59] (5s)  >>> Created relation DataFlowImpl#6ed98661::Impl#DataFlowImpl1#bece54ca::Config#::Stage1::storeStepCand#5#fffff/5@38ffd4pb with 1 rows and digest 723e5c8qvo2r19k6dd94mqj8073.
[2026-01-21 06:10:59] (5s) Starting to evaluate predicate project#DataFlowImpl#6ed98661::Impl#DataFlowImpl1#bece54ca::Config#::Stage1::storeStepCand#5#fffff/4@d0aafcm4
[2026-01-21 06:10:59] (5s)  >>> Created relation project#DataFlowImpl#6ed98661::Impl#DataFlowImpl1#bece54ca::Config#::Stage1::storeStepCand#5#fffff/4@d0aafcm4 with 1 rows and digest 8cacffce5m2hp6r6ma9nn4r0f37.
[2026-01-21 06:10:59] (5s) Starting to evaluate predicate DataFlowImpl#6ed98661::Impl#DataFlowImpl1#bece54ca::Config#::Stage1::readStepCand#3#fff/3@6f042bdn
[2026-01-21 06:10:59] (5s)  >>> Created relation DataFlowImpl#6ed98661::Impl#DataFlowImpl1#bece54ca::Config#::Stage1::readStepCand#3#fff/3@6f042bdn with 1 rows and digest 04fa050bmh1vvjij2oqmq7i8942.
[2026-01-21 06:10:59] (5s) Starting to evaluate predicate DataFlowImpl#6ed98661::Impl#DataFlowImpl1#bece54ca::Config#::MkStage#Stage1#::Stage#Stage2Param#::readStepCand#4#ffff/4@83dc9c2n
[2026-01-21 06:10:59] (5s)  >>> Created relation DataFlowImpl#6ed98661::Impl#DataFlowImpl1#bece54ca::Config#::MkStage#Stage1#::Stage#Stage2Param#::readStepCand#4#ffff/4@83dc9c2n with 1 rows and digest bcc18b4rtnh2q8g574ac1l51v69.
[2026-01-21 06:10:59] (5s) Starting to evaluate predicate num#DataFlowPrivate#63dd00c5::TMkUnit#f__true_true0#join_rhs/3@efd5e1pv
[2026-01-21 06:10:59] (5s)  >>> Created relation num#DataFlowPrivate#63dd00c5::TMkUnit#f__true_true0#join_rhs/3@efd5e1pv with 1 rows and digest 138759uqm0dvrjvfuotmlgbeu58.
[2026-01-21 06:10:59] (5s) Starting to evaluate predicate _DataFlowImpl#6ed98661::Impl#DataFlowImpl1#bece54ca::Config#::Stage2Param::Ap#f_const_true#join_rhs/1@1058244l
[2026-01-21 06:10:59] (5s)  >>> Created relation _DataFlowImpl#6ed98661::Impl#DataFlowImpl1#bece54ca::Config#::Stage2Param::Ap#f_const_true#join_rhs/1@1058244l with 1 rows and digest a893328hs05n6r6ac664gmlsk88.
[2026-01-21 06:10:59] (5s) Starting to evaluate predicate _DataFlowImplCommon#6f4b4818::Cached::MkTypedContent#fff__DataFlowImpl#6ed98661::Impl#DataFlowImpl1#__#join_rhs/3@18a7f92n
[2026-01-21 06:10:59] (5s)  >>> Created relation _DataFlowImplCommon#6f4b4818::Cached::MkTypedContent#fff__DataFlowImpl#6ed98661::Impl#DataFlowImpl1#__#join_rhs/3@18a7f92n with 768 rows and digest 54c3e0p6vm3m6o8dnscsrj9rrj1.
[2026-01-21 06:10:59] (5s) Starting to evaluate predicate DataFlowImpl#6ed98661::Impl#DataFlowImpl1#bece54ca::Config#::MkStage#Stage1#::Stage#Stage2Param#::fwdFlowConsCand#3#fff/3@i1#33e714wj (iteration 1)
[2026-01-21 06:10:59] (5s) Empty delta for DataFlowImpl#6ed98661::Impl#DataFlowImpl1#bece54ca::Config#::MkStage#Stage1#::Stage#Stage2Param#::fwdFlowConsCand#3#fff_delta (order for disjuncts: delta=<standard>).
[2026-01-21 06:10:59] (5s) Starting to evaluate predicate DataFlowImpl#6ed98661::Impl#DataFlowImpl1#bece54ca::Config#::MkStage#Stage1#::Stage#Stage2Param#::fwdFlowIsEntered#7#fffffff#reorder_2_5_6_0_1_3_4/7@i1#33e713wj (iteration 1)
[2026-01-21 06:10:59] (5s) Empty delta for DataFlowImpl#6ed98661::Impl#DataFlowImpl1#bece54ca::Config#::MkStage#Stage1#::Stage#Stage2Param#::fwdFlowIsEntered#7#fffffff#reorder_2_5_6_0_1_3_4_delta (order for disjuncts: delta=<standard>).
[2026-01-21 06:10:59] (5s) Starting to evaluate predicate DataFlowImpl#6ed98661::Impl#DataFlowImpl1#bece54ca::Config#::MkStage#Stage1#::Stage#Stage2Param#::fwdFlowRead#8#ffffffff/8@i1#33e712wj (iteration 1)
[2026-01-21 06:10:59] (5s) Empty delta for DataFlowImpl#6ed98661::Impl#DataFlowImpl1#bece54ca::Config#::MkStage#Stage1#::Stage#Stage2Param#::fwdFlowRead#8#ffffffff_delta (order for disjuncts: delta=<standard>).
[2026-01-21 06:10:59] (5s) Starting to evaluate predicate DataFlowImpl#6ed98661::Impl#DataFlowImpl1#bece54ca::Config#::MkStage#Stage1#::Stage#Stage2Param#::fwdFlowStore#8#ffffffff/8@i1#33e711wj (iteration 1)
[2026-01-21 06:10:59] (5s) Empty delta for DataFlowImpl#6ed98661::Impl#DataFlowImpl1#bece54ca::Config#::MkStage#Stage1#::Stage#Stage2Param#::fwdFlowStore#8#ffffffff_delta (order for disjuncts: delta=<standard>).
[2026-01-21 06:10:59] (5s) Starting to evaluate predicate DataFlowImpl#6ed98661::Impl#DataFlowImpl1#bece54ca::Config#::MkStage#Stage1#::Stage#Stage2Param#::fwdFlowRetFromArg#8#ffffffff#reorder_2_3_4_0_1_5_6_7/8@i1#33e710wj (iteration 1)
[2026-01-21 06:10:59] (5s) Empty delta for DataFlowImpl#6ed98661::Impl#DataFlowImpl1#bece54ca::Config#::MkStage#Stage1#::Stage#Stage2Param#::fwdFlowRetFromArg#8#ffffffff#reorder_2_3_4_0_1_5_6_7_delta (order for disjuncts: delta=<standard>).
[2026-01-21 06:10:59] (5s) Starting to evaluate predicate DataFlowImpl#6ed98661::Impl#DataFlowImpl1#bece54ca::Config#::MkStage#Stage1#::Stage#Stage2Param#::fwdFlowIn#9#fffffffff/9@i1#33e71zrj (iteration 1)
[2026-01-21 06:10:59] (5s) Empty delta for DataFlowImpl#6ed98661::Impl#DataFlowImpl1#bece54ca::Config#::MkStage#Stage1#::Stage#Stage2Param#::fwdFlowIn#9#fffffffff_delta (order for disjuncts: delta=<standard>).
[2026-01-21 06:10:59] (5s) Starting to evaluate predicate DataFlowImpl#6ed98661::Impl#DataFlowImpl1#bece54ca::Config#::MkStage#Stage1#::Stage#Stage2Param#::fwdFlowThrough#10#ffffffffff/10@i1#33e71yrj (iteration 1)
[2026-01-21 06:10:59] (5s) Empty delta for DataFlowImpl#6ed98661::Impl#DataFlowImpl1#bece54ca::Config#::MkStage#Stage1#::Stage#Stage2Param#::fwdFlowThrough#10#ffffffffff_delta (order for disjuncts: delta=<standard>).
[2026-01-21 06:10:59] (5s) Starting to evaluate predicate DataFlowImpl#6ed98661::Impl#DataFlowImpl1#bece54ca::Config#::MkStage#Stage1#::Stage#Stage2Param#::fwdFlow#7#fffffff/7@i1#33e71xrj (iteration 1)
[2026-01-21 06:10:59] (5s) Empty delta for DataFlowImpl#6ed98661::Impl#DataFlowImpl1#bece54ca::Config#::MkStage#Stage1#::Stage#Stage2Param#::fwdFlow#7#fffffff_delta (order for disjuncts: delta=<standard>).
[2026-01-21 06:10:59] (5s) Starting to evaluate predicate DataFlowImpl#6ed98661::Impl#DataFlowImpl1#bece54ca::Config#::MkStage#Stage1#::Stage#Stage2Param#::fwdFlow0#7#fffffff/7@i1#33e71wrj (iteration 1)
[2026-01-21 06:10:59] (5s) 			 - DataFlowImpl#6ed98661::Impl#DataFlowImpl1#bece54ca::Config#::MkStage#Stage1#::Stage#Stage2Param#::fwdFlow0#7#fffffff_delta has 1 rows (order for disjuncts: delta=<standard>).
[2026-01-21 06:10:59] (5s) Empty delta for DataFlowImpl#6ed98661::Impl#DataFlowImpl1#bece54ca::Config#::MkStage#Stage1#::Stage#Stage2Param#::fwdFlowConsCand#3#fff_delta (order for disjuncts: delta=<standard>).
[2026-01-21 06:10:59] (5s) Empty delta for DataFlowImpl#6ed98661::Impl#DataFlowImpl1#bece54ca::Config#::MkStage#Stage1#::Stage#Stage2Param#::fwdFlowIsEntered#7#fffffff#reorder_2_5_6_0_1_3_4_delta (order for disjuncts: delta=<standard>).
[2026-01-21 06:10:59] (5s) Empty delta for DataFlowImpl#6ed98661::Impl#DataFlowImpl1#bece54ca::Config#::MkStage#Stage1#::Stage#Stage2Param#::fwdFlowRead#8#ffffffff_delta (order for disjuncts: delta=<standard>).
[2026-01-21 06:10:59] (5s) Empty delta for DataFlowImpl#6ed98661::Impl#DataFlowImpl1#bece54ca::Config#::MkStage#Stage1#::Stage#Stage2Param#::fwdFlowStore#8#ffffffff_delta (order for disjuncts: delta=<standard>).
[2026-01-21 06:10:59] (5s) Empty delta for DataFlowImpl#6ed98661::Impl#DataFlowImpl1#bece54ca::Config#::MkStage#Stage1#::Stage#Stage2Param#::fwdFlowRetFromArg#8#ffffffff#reorder_2_3_4_0_1_5_6_7_delta (order for disjuncts: delta=<standard>).
[2026-01-21 06:10:59] (5s) Empty delta for DataFlowImpl#6ed98661::Impl#DataFlowImpl1#bece54ca::Config#::MkStage#Stage1#::Stage#Stage2Param#::fwdFlowIn#9#fffffffff_delta (order for disjuncts: delta=<standard>).
[2026-01-21 06:10:59] (5s) Empty delta for DataFlowImpl#6ed98661::Impl#DataFlowImpl1#bece54ca::Config#::MkStage#Stage1#::Stage#Stage2Param#::fwdFlowThrough#10#ffffffffff_delta (order for disjuncts: delta=<standard>).
[2026-01-21 06:10:59] (5s) Starting to evaluate predicate DataFlowImpl#6ed98661::Impl#DataFlowImpl1#bece54ca::Config#::MkStage#Stage1#::Stage#Stage2Param#::fwdFlow#7#fffffff/7@i2#33e71xrj (iteration 2)
[2026-01-21 06:10:59] (5s) 			 - DataFlowImpl#6ed98661::Impl#DataFlowImpl1#bece54ca::Config#::MkStage#Stage1#::Stage#Stage2Param#::fwdFlow#7#fffffff_delta has 1 rows (order for disjuncts: delta=<standard>).
[2026-01-21 06:10:59] (5s) Empty delta for DataFlowImpl#6ed98661::Impl#DataFlowImpl1#bece54ca::Config#::MkStage#Stage1#::Stage#Stage2Param#::fwdFlow0#7#fffffff_delta (order for disjuncts: delta=<standard>).
[2026-01-21 06:10:59] (5s) Empty delta for DataFlowImpl#6ed98661::Impl#DataFlowImpl1#bece54ca::Config#::MkStage#Stage1#::Stage#Stage2Param#::fwdFlowConsCand#3#fff_delta (order for disjuncts: delta=<standard>).
[2026-01-21 06:10:59] (5s) Empty delta for DataFlowImpl#6ed98661::Impl#DataFlowImpl1#bece54ca::Config#::MkStage#Stage1#::Stage#Stage2Param#::fwdFlowIsEntered#7#fffffff#reorder_2_5_6_0_1_3_4_delta (order for disjuncts: delta=<standard>).
[2026-01-21 06:10:59] (5s) Starting to evaluate predicate DataFlowImpl#6ed98661::Impl#DataFlowImpl1#bece54ca::Config#::MkStage#Stage1#::Stage#Stage2Param#::fwdFlowRead#8#ffffffff/8@i3#33e712wj (iteration 3)
[2026-01-21 06:10:59] (5s) Empty delta for DataFlowImpl#6ed98661::Impl#DataFlowImpl1#bece54ca::Config#::MkStage#Stage1#::Stage#Stage2Param#::fwdFlowRead#8#ffffffff_delta (order for disjuncts: delta=<standard>).
[2026-01-21 06:10:59] (5s) Starting to evaluate predicate DataFlowImpl#6ed98661::Impl#DataFlowImpl1#bece54ca::Config#::MkStage#Stage1#::Stage#Stage2Param#::fwdFlowStore#8#ffffffff/8@i3#33e711wj (iteration 3)
[2026-01-21 06:10:59] (5s) Empty delta for DataFlowImpl#6ed98661::Impl#DataFlowImpl1#bece54ca::Config#::MkStage#Stage1#::Stage#Stage2Param#::fwdFlowStore#8#ffffffff_delta (order for disjuncts: delta=<standard>).
[2026-01-21 06:10:59] (5s) Starting to evaluate predicate DataFlowImpl#6ed98661::Impl#DataFlowImpl1#bece54ca::Config#::MkStage#Stage1#::Stage#Stage2Param#::fwdFlowRetFromArg#8#ffffffff#reorder_2_3_4_0_1_5_6_7/8@i3#33e710wj (iteration 3)
[2026-01-21 06:10:59] (5s) Empty delta for DataFlowImpl#6ed98661::Impl#DataFlowImpl1#bece54ca::Config#::MkStage#Stage1#::Stage#Stage2Param#::fwdFlowRetFromArg#8#ffffffff#reorder_2_3_4_0_1_5_6_7_delta (order for disjuncts: delta=<standard>).
[2026-01-21 06:10:59] (5s) Starting to evaluate predicate DataFlowImpl#6ed98661::Impl#DataFlowImpl1#bece54ca::Config#::MkStage#Stage1#::Stage#Stage2Param#::fwdFlowIn#9#fffffffff/9@i3#33e71zrj (iteration 3)
[2026-01-21 06:10:59] (5s) Empty delta for DataFlowImpl#6ed98661::Impl#DataFlowImpl1#bece54ca::Config#::MkStage#Stage1#::Stage#Stage2Param#::fwdFlowIn#9#fffffffff_delta (order for disjuncts: delta=500000).
[2026-01-21 06:10:59] (5s) Empty delta for DataFlowImpl#6ed98661::Impl#DataFlowImpl1#bece54ca::Config#::MkStage#Stage1#::Stage#Stage2Param#::fwdFlowThrough#10#ffffffffff_delta (order for disjuncts: delta=<standard>).
[2026-01-21 06:10:59] (5s) Empty delta for DataFlowImpl#6ed98661::Impl#DataFlowImpl1#bece54ca::Config#::MkStage#Stage1#::Stage#Stage2Param#::fwdFlow#7#fffffff_delta (order for disjuncts: delta=<standard>).
[2026-01-21 06:10:59] (5s) Starting to evaluate predicate DataFlowImpl#6ed98661::Impl#DataFlowImpl1#bece54ca::Config#::MkStage#Stage1#::Stage#Stage2Param#::fwdFlow0#7#fffffff/7@i3#33e71wrj (iteration 3)
[2026-01-21 06:10:59] (5s) 			 - DataFlowImpl#6ed98661::Impl#DataFlowImpl1#bece54ca::Config#::MkStage#Stage1#::Stage#Stage2Param#::fwdFlow0#7#fffffff_delta has 1 rows (order for disjuncts: delta=<standard>).
[2026-01-21 06:10:59] (5s) Empty delta for DataFlowImpl#6ed98661::Impl#DataFlowImpl1#bece54ca::Config#::MkStage#Stage1#::Stage#Stage2Param#::fwdFlowConsCand#3#fff_delta (order for disjuncts: delta=<standard>).
[2026-01-21 06:10:59] (5s) Empty delta for DataFlowImpl#6ed98661::Impl#DataFlowImpl1#bece54ca::Config#::MkStage#Stage1#::Stage#Stage2Param#::fwdFlowIsEntered#7#fffffff#reorder_2_5_6_0_1_3_4_delta (order for disjuncts: delta=<standard>).
[2026-01-21 06:10:59] (5s) Empty delta for DataFlowImpl#6ed98661::Impl#DataFlowImpl1#bece54ca::Config#::MkStage#Stage1#::Stage#Stage2Param#::fwdFlowRead#8#ffffffff_delta (order for disjuncts: delta=<standard>).
[2026-01-21 06:10:59] (5s) Empty delta for DataFlowImpl#6ed98661::Impl#DataFlowImpl1#bece54ca::Config#::MkStage#Stage1#::Stage#Stage2Param#::fwdFlowStore#8#ffffffff_delta (order for disjuncts: delta=<standard>).
[2026-01-21 06:10:59] (5s) Empty delta for DataFlowImpl#6ed98661::Impl#DataFlowImpl1#bece54ca::Config#::MkStage#Stage1#::Stage#Stage2Param#::fwdFlowRetFromArg#8#ffffffff#reorder_2_3_4_0_1_5_6_7_delta (order for disjuncts: delta=<standard>).
[2026-01-21 06:10:59] (5s) Empty delta for DataFlowImpl#6ed98661::Impl#DataFlowImpl1#bece54ca::Config#::MkStage#Stage1#::Stage#Stage2Param#::fwdFlowIn#9#fffffffff_delta (order for disjuncts: delta=500000).
[2026-01-21 06:10:59] (5s) Empty delta for DataFlowImpl#6ed98661::Impl#DataFlowImpl1#bece54ca::Config#::MkStage#Stage1#::Stage#Stage2Param#::fwdFlowThrough#10#ffffffffff_delta (order for disjuncts: delta=<standard>).
[2026-01-21 06:10:59] (5s) Starting to evaluate predicate DataFlowImpl#6ed98661::Impl#DataFlowImpl1#bece54ca::Config#::MkStage#Stage1#::Stage#Stage2Param#::fwdFlow#7#fffffff/7@i4#33e71xrj (iteration 4)
[2026-01-21 06:10:59] (5s) 			 - DataFlowImpl#6ed98661::Impl#DataFlowImpl1#bece54ca::Config#::MkStage#Stage1#::Stage#Stage2Param#::fwdFlow#7#fffffff_delta has 1 rows (order for disjuncts: delta=<standard>).
[2026-01-21 06:10:59] (5s) Empty delta for DataFlowImpl#6ed98661::Impl#DataFlowImpl1#bece54ca::Config#::MkStage#Stage1#::Stage#Stage2Param#::fwdFlow0#7#fffffff_delta (order for disjuncts: delta=<standard>).
[2026-01-21 06:10:59] (5s) Empty delta for DataFlowImpl#6ed98661::Impl#DataFlowImpl1#bece54ca::Config#::MkStage#Stage1#::Stage#Stage2Param#::fwdFlowConsCand#3#fff_delta (order for disjuncts: delta=<standard>).
[2026-01-21 06:10:59] (5s) Empty delta for DataFlowImpl#6ed98661::Impl#DataFlowImpl1#bece54ca::Config#::MkStage#Stage1#::Stage#Stage2Param#::fwdFlowIsEntered#7#fffffff#reorder_2_5_6_0_1_3_4_delta (order for disjuncts: delta=<standard>).
[2026-01-21 06:10:59] (5s) Starting to evaluate predicate DataFlowImpl#6ed98661::Impl#DataFlowImpl1#bece54ca::Config#::MkStage#Stage1#::Stage#Stage2Param#::fwdFlowRead#8#ffffffff/8@i5#33e712wj (iteration 5)
[2026-01-21 06:10:59] (5s) Empty delta for DataFlowImpl#6ed98661::Impl#DataFlowImpl1#bece54ca::Config#::MkStage#Stage1#::Stage#Stage2Param#::fwdFlowRead#8#ffffffff_delta (order for disjuncts: delta=<standard>).
[2026-01-21 06:10:59] (5s) Starting to evaluate predicate DataFlowImpl#6ed98661::Impl#DataFlowImpl1#bece54ca::Config#::MkStage#Stage1#::Stage#Stage2Param#::fwdFlowStore#8#ffffffff/8@i5#33e711wj (iteration 5)
[2026-01-21 06:10:59] (5s) Empty delta for DataFlowImpl#6ed98661::Impl#DataFlowImpl1#bece54ca::Config#::MkStage#Stage1#::Stage#Stage2Param#::fwdFlowStore#8#ffffffff_delta (order for disjuncts: delta=<standard>).
[2026-01-21 06:10:59] (5s) Starting to evaluate predicate DataFlowImpl#6ed98661::Impl#DataFlowImpl1#bece54ca::Config#::MkStage#Stage1#::Stage#Stage2Param#::fwdFlowRetFromArg#8#ffffffff#reorder_2_3_4_0_1_5_6_7/8@i5#33e710wj (iteration 5)
[2026-01-21 06:10:59] (5s) Empty delta for DataFlowImpl#6ed98661::Impl#DataFlowImpl1#bece54ca::Config#::MkStage#Stage1#::Stage#Stage2Param#::fwdFlowRetFromArg#8#ffffffff#reorder_2_3_4_0_1_5_6_7_delta (order for disjuncts: delta=<standard>).
[2026-01-21 06:10:59] (5s) Starting to evaluate predicate DataFlowImpl#6ed98661::Impl#DataFlowImpl1#bece54ca::Config#::MkStage#Stage1#::Stage#Stage2Param#::fwdFlowIn#9#fffffffff/9@i5#33e71zrj (iteration 5)
[2026-01-21 06:10:59] (5s) Empty delta for DataFlowImpl#6ed98661::Impl#DataFlowImpl1#bece54ca::Config#::MkStage#Stage1#::Stage#Stage2Param#::fwdFlowIn#9#fffffffff_delta (order for disjuncts: delta=500000).
[2026-01-21 06:10:59] (5s) Empty delta for DataFlowImpl#6ed98661::Impl#DataFlowImpl1#bece54ca::Config#::MkStage#Stage1#::Stage#Stage2Param#::fwdFlowThrough#10#ffffffffff_delta (order for disjuncts: delta=<standard>).
[2026-01-21 06:10:59] (5s) Empty delta for DataFlowImpl#6ed98661::Impl#DataFlowImpl1#bece54ca::Config#::MkStage#Stage1#::Stage#Stage2Param#::fwdFlow#7#fffffff_delta (order for disjuncts: delta=<standard>).
[2026-01-21 06:10:59] (5s) Starting to evaluate predicate DataFlowImpl#6ed98661::Impl#DataFlowImpl1#bece54ca::Config#::MkStage#Stage1#::Stage#Stage2Param#::fwdFlow0#7#fffffff/7@i5#33e71wrj (iteration 5)
[2026-01-21 06:10:59] (5s) 			 - DataFlowImpl#6ed98661::Impl#DataFlowImpl1#bece54ca::Config#::MkStage#Stage1#::Stage#Stage2Param#::fwdFlow0#7#fffffff_delta has 4 rows (order for disjuncts: delta=<standard>).
[2026-01-21 06:10:59] (5s) Empty delta for DataFlowImpl#6ed98661::Impl#DataFlowImpl1#bece54ca::Config#::MkStage#Stage1#::Stage#Stage2Param#::fwdFlowConsCand#3#fff_delta (order for disjuncts: delta=<standard>).
[2026-01-21 06:10:59] (5s) Empty delta for DataFlowImpl#6ed98661::Impl#DataFlowImpl1#bece54ca::Config#::MkStage#Stage1#::Stage#Stage2Param#::fwdFlowIsEntered#7#fffffff#reorder_2_5_6_0_1_3_4_delta (order for disjuncts: delta=<standard>).
[2026-01-21 06:10:59] (5s) Empty delta for DataFlowImpl#6ed98661::Impl#DataFlowImpl1#bece54ca::Config#::MkStage#Stage1#::Stage#Stage2Param#::fwdFlowRead#8#ffffffff_delta (order for disjuncts: delta=<standard>).
[2026-01-21 06:10:59] (5s) Empty delta for DataFlowImpl#6ed98661::Impl#DataFlowImpl1#bece54ca::Config#::MkStage#Stage1#::Stage#Stage2Param#::fwdFlowStore#8#ffffffff_delta (order for disjuncts: delta=<standard>).
[2026-01-21 06:10:59] (5s) Empty delta for DataFlowImpl#6ed98661::Impl#DataFlowImpl1#bece54ca::Config#::MkStage#Stage1#::Stage#Stage2Param#::fwdFlowRetFromArg#8#ffffffff#reorder_2_3_4_0_1_5_6_7_delta (order for disjuncts: delta=<standard>).
[2026-01-21 06:10:59] (5s) Empty delta for DataFlowImpl#6ed98661::Impl#DataFlowImpl1#bece54ca::Config#::MkStage#Stage1#::Stage#Stage2Param#::fwdFlowIn#9#fffffffff_delta (order for disjuncts: delta=500000).
[2026-01-21 06:10:59] (5s) Empty delta for DataFlowImpl#6ed98661::Impl#DataFlowImpl1#bece54ca::Config#::MkStage#Stage1#::Stage#Stage2Param#::fwdFlowThrough#10#ffffffffff_delta (order for disjuncts: delta=<standard>).
[2026-01-21 06:10:59] (5s) Starting to evaluate predicate DataFlowImpl#6ed98661::Impl#DataFlowImpl1#bece54ca::Config#::MkStage#Stage1#::Stage#Stage2Param#::fwdFlow#7#fffffff/7@i6#33e71xrj (iteration 6)
[2026-01-21 06:10:59] (5s) 			 - DataFlowImpl#6ed98661::Impl#DataFlowImpl1#bece54ca::Config#::MkStage#Stage1#::Stage#Stage2Param#::fwdFlow#7#fffffff_delta has 4 rows (order for disjuncts: delta=<standard>).
[2026-01-21 06:10:59] (5s) Empty delta for DataFlowImpl#6ed98661::Impl#DataFlowImpl1#bece54ca::Config#::MkStage#Stage1#::Stage#Stage2Param#::fwdFlow0#7#fffffff_delta (order for disjuncts: delta=<standard>).
[2026-01-21 06:10:59] (5s) Empty delta for DataFlowImpl#6ed98661::Impl#DataFlowImpl1#bece54ca::Config#::MkStage#Stage1#::Stage#Stage2Param#::fwdFlowConsCand#3#fff_delta (order for disjuncts: delta=<standard>).
[2026-01-21 06:10:59] (5s) Empty delta for DataFlowImpl#6ed98661::Impl#DataFlowImpl1#bece54ca::Config#::MkStage#Stage1#::Stage#Stage2Param#::fwdFlowIsEntered#7#fffffff#reorder_2_5_6_0_1_3_4_delta (order for disjuncts: delta=<standard>).
[2026-01-21 06:10:59] (5s) Starting to evaluate predicate DataFlowImpl#6ed98661::Impl#DataFlowImpl1#bece54ca::Config#::MkStage#Stage1#::Stage#Stage2Param#::fwdFlowRead#8#ffffffff/8@i7#33e712wj (iteration 7)
[2026-01-21 06:10:59] (5s) Empty delta for DataFlowImpl#6ed98661::Impl#DataFlowImpl1#bece54ca::Config#::MkStage#Stage1#::Stage#Stage2Param#::fwdFlowRead#8#ffffffff_delta (order for disjuncts: delta=<standard>).
[2026-01-21 06:10:59] (5s) Starting to evaluate predicate DataFlowImpl#6ed98661::Impl#DataFlowImpl1#bece54ca::Config#::MkStage#Stage1#::Stage#Stage2Param#::fwdFlowStore#8#ffffffff/8@i7#33e711wj (iteration 7)
[2026-01-21 06:10:59] (5s) Empty delta for DataFlowImpl#6ed98661::Impl#DataFlowImpl1#bece54ca::Config#::MkStage#Stage1#::Stage#Stage2Param#::fwdFlowStore#8#ffffffff_delta (order for disjuncts: delta=<standard>).
[2026-01-21 06:10:59] (5s) Starting to evaluate predicate DataFlowImpl#6ed98661::Impl#DataFlowImpl1#bece54ca::Config#::MkStage#Stage1#::Stage#Stage2Param#::fwdFlowRetFromArg#8#ffffffff#reorder_2_3_4_0_1_5_6_7/8@i7#33e710wj (iteration 7)
[2026-01-21 06:10:59] (5s) Empty delta for DataFlowImpl#6ed98661::Impl#DataFlowImpl1#bece54ca::Config#::MkStage#Stage1#::Stage#Stage2Param#::fwdFlowRetFromArg#8#ffffffff#reorder_2_3_4_0_1_5_6_7_delta (order for disjuncts: delta=<standard>).
[2026-01-21 06:10:59] (5s) Starting to evaluate predicate DataFlowImpl#6ed98661::Impl#DataFlowImpl1#bece54ca::Config#::MkStage#Stage1#::Stage#Stage2Param#::fwdFlowIn#9#fffffffff/9@i7#33e71zrj (iteration 7)
[2026-01-21 06:10:59] (5s) Empty delta for DataFlowImpl#6ed98661::Impl#DataFlowImpl1#bece54ca::Config#::MkStage#Stage1#::Stage#Stage2Param#::fwdFlowIn#9#fffffffff_delta (order for disjuncts: delta=500000).
[2026-01-21 06:10:59] (5s) Empty delta for DataFlowImpl#6ed98661::Impl#DataFlowImpl1#bece54ca::Config#::MkStage#Stage1#::Stage#Stage2Param#::fwdFlowThrough#10#ffffffffff_delta (order for disjuncts: delta=<standard>).
[2026-01-21 06:10:59] (5s) Empty delta for DataFlowImpl#6ed98661::Impl#DataFlowImpl1#bece54ca::Config#::MkStage#Stage1#::Stage#Stage2Param#::fwdFlow#7#fffffff_delta (order for disjuncts: delta=<standard>).
[2026-01-21 06:10:59] (5s) Starting to evaluate predicate DataFlowImpl#6ed98661::Impl#DataFlowImpl1#bece54ca::Config#::MkStage#Stage1#::Stage#Stage2Param#::fwdFlow0#7#fffffff/7@i7#33e71wrj (iteration 7)
[2026-01-21 06:10:59] (5s) 			 - DataFlowImpl#6ed98661::Impl#DataFlowImpl1#bece54ca::Config#::MkStage#Stage1#::Stage#Stage2Param#::fwdFlow0#7#fffffff_delta has 14 rows (order for disjuncts: delta=<standard>).
[2026-01-21 06:10:59] (5s) Empty delta for DataFlowImpl#6ed98661::Impl#DataFlowImpl1#bece54ca::Config#::MkStage#Stage1#::Stage#Stage2Param#::fwdFlowConsCand#3#fff_delta (order for disjuncts: delta=<standard>).
[2026-01-21 06:10:59] (5s) Empty delta for DataFlowImpl#6ed98661::Impl#DataFlowImpl1#bece54ca::Config#::MkStage#Stage1#::Stage#Stage2Param#::fwdFlowIsEntered#7#fffffff#reorder_2_5_6_0_1_3_4_delta (order for disjuncts: delta=<standard>).
[2026-01-21 06:10:59] (5s) Empty delta for DataFlowImpl#6ed98661::Impl#DataFlowImpl1#bece54ca::Config#::MkStage#Stage1#::Stage#Stage2Param#::fwdFlowRead#8#ffffffff_delta (order for disjuncts: delta=<standard>).
[2026-01-21 06:10:59] (5s) Empty delta for DataFlowImpl#6ed98661::Impl#DataFlowImpl1#bece54ca::Config#::MkStage#Stage1#::Stage#Stage2Param#::fwdFlowStore#8#ffffffff_delta (order for disjuncts: delta=<standard>).
[2026-01-21 06:10:59] (5s) Empty delta for DataFlowImpl#6ed98661::Impl#DataFlowImpl1#bece54ca::Config#::MkStage#Stage1#::Stage#Stage2Param#::fwdFlowRetFromArg#8#ffffffff#reorder_2_3_4_0_1_5_6_7_delta (order for disjuncts: delta=<standard>).
[2026-01-21 06:10:59] (5s) Empty delta for DataFlowImpl#6ed98661::Impl#DataFlowImpl1#bece54ca::Config#::MkStage#Stage1#::Stage#Stage2Param#::fwdFlowIn#9#fffffffff_delta (order for disjuncts: delta=500000).
[2026-01-21 06:10:59] (5s) Empty delta for DataFlowImpl#6ed98661::Impl#DataFlowImpl1#bece54ca::Config#::MkStage#Stage1#::Stage#Stage2Param#::fwdFlowThrough#10#ffffffffff_delta (order for disjuncts: delta=<standard>).
[2026-01-21 06:10:59] (5s) Starting to evaluate predicate DataFlowImpl#6ed98661::Impl#DataFlowImpl1#bece54ca::Config#::MkStage#Stage1#::Stage#Stage2Param#::fwdFlow#7#fffffff/7@i8#33e71xrj (iteration 8)
[2026-01-21 06:10:59] (5s) 			 - DataFlowImpl#6ed98661::Impl#DataFlowImpl1#bece54ca::Config#::MkStage#Stage1#::Stage#Stage2Param#::fwdFlow#7#fffffff_delta has 14 rows (order for disjuncts: delta=<standard>).
[2026-01-21 06:10:59] (5s) Empty delta for DataFlowImpl#6ed98661::Impl#DataFlowImpl1#bece54ca::Config#::MkStage#Stage1#::Stage#Stage2Param#::fwdFlow0#7#fffffff_delta (order for disjuncts: delta=<standard>).
[2026-01-21 06:10:59] (5s) Empty delta for DataFlowImpl#6ed98661::Impl#DataFlowImpl1#bece54ca::Config#::MkStage#Stage1#::Stage#Stage2Param#::fwdFlowConsCand#3#fff_delta (order for disjuncts: delta=<standard>).
[2026-01-21 06:10:59] (5s) Empty delta for DataFlowImpl#6ed98661::Impl#DataFlowImpl1#bece54ca::Config#::MkStage#Stage1#::Stage#Stage2Param#::fwdFlowIsEntered#7#fffffff#reorder_2_5_6_0_1_3_4_delta (order for disjuncts: delta=<standard>).
[2026-01-21 06:10:59] (5s) Starting to evaluate predicate DataFlowImpl#6ed98661::Impl#DataFlowImpl1#bece54ca::Config#::MkStage#Stage1#::Stage#Stage2Param#::fwdFlowRead#8#ffffffff/8@i9#33e712wj (iteration 9)
[2026-01-21 06:10:59] (5s) Empty delta for DataFlowImpl#6ed98661::Impl#DataFlowImpl1#bece54ca::Config#::MkStage#Stage1#::Stage#Stage2Param#::fwdFlowRead#8#ffffffff_delta (order for disjuncts: delta=<standard>).
[2026-01-21 06:10:59] (5s) Starting to evaluate predicate DataFlowImpl#6ed98661::Impl#DataFlowImpl1#bece54ca::Config#::MkStage#Stage1#::Stage#Stage2Param#::fwdFlowStore#8#ffffffff/8@i9#33e711wj (iteration 9)
[2026-01-21 06:10:59] (5s) Empty delta for DataFlowImpl#6ed98661::Impl#DataFlowImpl1#bece54ca::Config#::MkStage#Stage1#::Stage#Stage2Param#::fwdFlowStore#8#ffffffff_delta (order for disjuncts: delta=<standard>).
[2026-01-21 06:10:59] (5s) Starting to evaluate predicate DataFlowImpl#6ed98661::Impl#DataFlowImpl1#bece54ca::Config#::MkStage#Stage1#::Stage#Stage2Param#::fwdFlowRetFromArg#8#ffffffff#reorder_2_3_4_0_1_5_6_7/8@i9#33e710wj (iteration 9)
[2026-01-21 06:10:59] (5s) Empty delta for DataFlowImpl#6ed98661::Impl#DataFlowImpl1#bece54ca::Config#::MkStage#Stage1#::Stage#Stage2Param#::fwdFlowRetFromArg#8#ffffffff#reorder_2_3_4_0_1_5_6_7_delta (order for disjuncts: delta=<standard>).
[2026-01-21 06:10:59] (5s) Starting to evaluate predicate DataFlowImpl#6ed98661::Impl#DataFlowImpl1#bece54ca::Config#::MkStage#Stage1#::Stage#Stage2Param#::fwdFlowIn#9#fffffffff/9@i9#33e71zrj (iteration 9)
[2026-01-21 06:10:59] (5s) Empty delta for DataFlowImpl#6ed98661::Impl#DataFlowImpl1#bece54ca::Config#::MkStage#Stage1#::Stage#Stage2Param#::fwdFlowIn#9#fffffffff_delta (order for disjuncts: delta=500000).
[2026-01-21 06:10:59] (5s) Empty delta for DataFlowImpl#6ed98661::Impl#DataFlowImpl1#bece54ca::Config#::MkStage#Stage1#::Stage#Stage2Param#::fwdFlowThrough#10#ffffffffff_delta (order for disjuncts: delta=<standard>).
[2026-01-21 06:10:59] (5s) Empty delta for DataFlowImpl#6ed98661::Impl#DataFlowImpl1#bece54ca::Config#::MkStage#Stage1#::Stage#Stage2Param#::fwdFlow#7#fffffff_delta (order for disjuncts: delta=<standard>).
[2026-01-21 06:10:59] (5s) Starting to evaluate predicate DataFlowImpl#6ed98661::Impl#DataFlowImpl1#bece54ca::Config#::MkStage#Stage1#::Stage#Stage2Param#::fwdFlow0#7#fffffff/7@i9#33e71wrj (iteration 9)
[2026-01-21 06:10:59] (5s) 			 - DataFlowImpl#6ed98661::Impl#DataFlowImpl1#bece54ca::Config#::MkStage#Stage1#::Stage#Stage2Param#::fwdFlow0#7#fffffff_delta has 13 rows (order for disjuncts: delta=<standard>).
[2026-01-21 06:10:59] (5s) Empty delta for DataFlowImpl#6ed98661::Impl#DataFlowImpl1#bece54ca::Config#::MkStage#Stage1#::Stage#Stage2Param#::fwdFlowConsCand#3#fff_delta (order for disjuncts: delta=<standard>).
[2026-01-21 06:10:59] (5s) Empty delta for DataFlowImpl#6ed98661::Impl#DataFlowImpl1#bece54ca::Config#::MkStage#Stage1#::Stage#Stage2Param#::fwdFlowIsEntered#7#fffffff#reorder_2_5_6_0_1_3_4_delta (order for disjuncts: delta=<standard>).
[2026-01-21 06:10:59] (5s) Empty delta for DataFlowImpl#6ed98661::Impl#DataFlowImpl1#bece54ca::Config#::MkStage#Stage1#::Stage#Stage2Param#::fwdFlowRead#8#ffffffff_delta (order for disjuncts: delta=<standard>).
[2026-01-21 06:10:59] (5s) Empty delta for DataFlowImpl#6ed98661::Impl#DataFlowImpl1#bece54ca::Config#::MkStage#Stage1#::Stage#Stage2Param#::fwdFlowStore#8#ffffffff_delta (order for disjuncts: delta=<standard>).
[2026-01-21 06:10:59] (5s) Empty delta for DataFlowImpl#6ed98661::Impl#DataFlowImpl1#bece54ca::Config#::MkStage#Stage1#::Stage#Stage2Param#::fwdFlowRetFromArg#8#ffffffff#reorder_2_3_4_0_1_5_6_7_delta (order for disjuncts: delta=<standard>).
[2026-01-21 06:10:59] (5s) Empty delta for DataFlowImpl#6ed98661::Impl#DataFlowImpl1#bece54ca::Config#::MkStage#Stage1#::Stage#Stage2Param#::fwdFlowIn#9#fffffffff_delta (order for disjuncts: delta=500000).
[2026-01-21 06:10:59] (5s) Empty delta for DataFlowImpl#6ed98661::Impl#DataFlowImpl1#bece54ca::Config#::MkStage#Stage1#::Stage#Stage2Param#::fwdFlowThrough#10#ffffffffff_delta (order for disjuncts: delta=<standard>).
[2026-01-21 06:10:59] (5s) Starting to evaluate predicate DataFlowImpl#6ed98661::Impl#DataFlowImpl1#bece54ca::Config#::MkStage#Stage1#::Stage#Stage2Param#::fwdFlow#7#fffffff/7@i10#33e71xrj (iteration 10)
[2026-01-21 06:10:59] (5s) 			 - DataFlowImpl#6ed98661::Impl#DataFlowImpl1#bece54ca::Config#::MkStage#Stage1#::Stage#Stage2Param#::fwdFlow#7#fffffff_delta has 13 rows (order for disjuncts: delta=<standard>).
[2026-01-21 06:10:59] (5s) Empty delta for DataFlowImpl#6ed98661::Impl#DataFlowImpl1#bece54ca::Config#::MkStage#Stage1#::Stage#Stage2Param#::fwdFlow0#7#fffffff_delta (order for disjuncts: delta=<standard>).
[2026-01-21 06:10:59] (5s) Empty delta for DataFlowImpl#6ed98661::Impl#DataFlowImpl1#bece54ca::Config#::MkStage#Stage1#::Stage#Stage2Param#::fwdFlowConsCand#3#fff_delta (order for disjuncts: delta=<standard>).
[2026-01-21 06:10:59] (5s) Empty delta for DataFlowImpl#6ed98661::Impl#DataFlowImpl1#bece54ca::Config#::MkStage#Stage1#::Stage#Stage2Param#::fwdFlowIsEntered#7#fffffff#reorder_2_5_6_0_1_3_4_delta (order for disjuncts: delta=<standard>).
[2026-01-21 06:10:59] (5s) Starting to evaluate predicate DataFlowImpl#6ed98661::Impl#DataFlowImpl1#bece54ca::Config#::MkStage#Stage1#::Stage#Stage2Param#::fwdFlowRead#8#ffffffff/8@i11#33e712wj (iteration 11)
[2026-01-21 06:10:59] (5s) Empty delta for DataFlowImpl#6ed98661::Impl#DataFlowImpl1#bece54ca::Config#::MkStage#Stage1#::Stage#Stage2Param#::fwdFlowRead#8#ffffffff_delta (order for disjuncts: delta=<standard>).
[2026-01-21 06:10:59] (5s) Starting to evaluate predicate DataFlowImpl#6ed98661::Impl#DataFlowImpl1#bece54ca::Config#::MkStage#Stage1#::Stage#Stage2Param#::fwdFlowStore#8#ffffffff/8@i11#33e711wj (iteration 11)
[2026-01-21 06:10:59] (5s) Empty delta for DataFlowImpl#6ed98661::Impl#DataFlowImpl1#bece54ca::Config#::MkStage#Stage1#::Stage#Stage2Param#::fwdFlowStore#8#ffffffff_delta (order for disjuncts: delta=<standard>).
[2026-01-21 06:10:59] (5s) Starting to evaluate predicate DataFlowImpl#6ed98661::Impl#DataFlowImpl1#bece54ca::Config#::MkStage#Stage1#::Stage#Stage2Param#::fwdFlowRetFromArg#8#ffffffff#reorder_2_3_4_0_1_5_6_7/8@i11#33e710wj (iteration 11)
[2026-01-21 06:10:59] (5s) Empty delta for DataFlowImpl#6ed98661::Impl#DataFlowImpl1#bece54ca::Config#::MkStage#Stage1#::Stage#Stage2Param#::fwdFlowRetFromArg#8#ffffffff#reorder_2_3_4_0_1_5_6_7_delta (order for disjuncts: delta=<standard>).
[2026-01-21 06:10:59] (5s) Starting to evaluate predicate DataFlowImpl#6ed98661::Impl#DataFlowImpl1#bece54ca::Config#::MkStage#Stage1#::Stage#Stage2Param#::fwdFlowIn#9#fffffffff/9@i11#33e71zrj (iteration 11)
[2026-01-21 06:10:59] (5s) Empty delta for DataFlowImpl#6ed98661::Impl#DataFlowImpl1#bece54ca::Config#::MkStage#Stage1#::Stage#Stage2Param#::fwdFlowIn#9#fffffffff_delta (order for disjuncts: delta=500000).
[2026-01-21 06:10:59] (5s) Empty delta for DataFlowImpl#6ed98661::Impl#DataFlowImpl1#bece54ca::Config#::MkStage#Stage1#::Stage#Stage2Param#::fwdFlowThrough#10#ffffffffff_delta (order for disjuncts: delta=<standard>).
[2026-01-21 06:10:59] (5s) Empty delta for DataFlowImpl#6ed98661::Impl#DataFlowImpl1#bece54ca::Config#::MkStage#Stage1#::Stage#Stage2Param#::fwdFlow#7#fffffff_delta (order for disjuncts: delta=<standard>).
[2026-01-21 06:10:59] (5s) Starting to evaluate predicate DataFlowImpl#6ed98661::Impl#DataFlowImpl1#bece54ca::Config#::MkStage#Stage1#::Stage#Stage2Param#::fwdFlow0#7#fffffff/7@i11#33e71wrj (iteration 11)
[2026-01-21 06:10:59] (5s) 			 - DataFlowImpl#6ed98661::Impl#DataFlowImpl1#bece54ca::Config#::MkStage#Stage1#::Stage#Stage2Param#::fwdFlow0#7#fffffff_delta has 4 rows (order for disjuncts: delta=<standard>).
[2026-01-21 06:10:59] (5s) Empty delta for DataFlowImpl#6ed98661::Impl#DataFlowImpl1#bece54ca::Config#::MkStage#Stage1#::Stage#Stage2Param#::fwdFlowConsCand#3#fff_delta (order for disjuncts: delta=<standard>).
[2026-01-21 06:10:59] (5s) Empty delta for DataFlowImpl#6ed98661::Impl#DataFlowImpl1#bece54ca::Config#::MkStage#Stage1#::Stage#Stage2Param#::fwdFlowIsEntered#7#fffffff#reorder_2_5_6_0_1_3_4_delta (order for disjuncts: delta=<standard>).
[2026-01-21 06:10:59] (5s) Empty delta for DataFlowImpl#6ed98661::Impl#DataFlowImpl1#bece54ca::Config#::MkStage#Stage1#::Stage#Stage2Param#::fwdFlowRead#8#ffffffff_delta (order for disjuncts: delta=<standard>).
[2026-01-21 06:10:59] (5s) Empty delta for DataFlowImpl#6ed98661::Impl#DataFlowImpl1#bece54ca::Config#::MkStage#Stage1#::Stage#Stage2Param#::fwdFlowStore#8#ffffffff_delta (order for disjuncts: delta=<standard>).
[2026-01-21 06:10:59] (5s) Empty delta for DataFlowImpl#6ed98661::Impl#DataFlowImpl1#bece54ca::Config#::MkStage#Stage1#::Stage#Stage2Param#::fwdFlowRetFromArg#8#ffffffff#reorder_2_3_4_0_1_5_6_7_delta (order for disjuncts: delta=<standard>).
[2026-01-21 06:10:59] (5s) Empty delta for DataFlowImpl#6ed98661::Impl#DataFlowImpl1#bece54ca::Config#::MkStage#Stage1#::Stage#Stage2Param#::fwdFlowIn#9#fffffffff_delta (order for disjuncts: delta=500000).
[2026-01-21 06:10:59] (5s) Empty delta for DataFlowImpl#6ed98661::Impl#DataFlowImpl1#bece54ca::Config#::MkStage#Stage1#::Stage#Stage2Param#::fwdFlowThrough#10#ffffffffff_delta (order for disjuncts: delta=<standard>).
[2026-01-21 06:10:59] (5s) Starting to evaluate predicate DataFlowImpl#6ed98661::Impl#DataFlowImpl1#bece54ca::Config#::MkStage#Stage1#::Stage#Stage2Param#::fwdFlow#7#fffffff/7@i12#33e71xrj (iteration 12)
[2026-01-21 06:10:59] (5s) 			 - DataFlowImpl#6ed98661::Impl#DataFlowImpl1#bece54ca::Config#::MkStage#Stage1#::Stage#Stage2Param#::fwdFlow#7#fffffff_delta has 4 rows (order for disjuncts: delta=<standard>).
[2026-01-21 06:10:59] (5s) Empty delta for DataFlowImpl#6ed98661::Impl#DataFlowImpl1#bece54ca::Config#::MkStage#Stage1#::Stage#Stage2Param#::fwdFlow0#7#fffffff_delta (order for disjuncts: delta=<standard>).
[2026-01-21 06:10:59] (5s) Empty delta for DataFlowImpl#6ed98661::Impl#DataFlowImpl1#bece54ca::Config#::MkStage#Stage1#::Stage#Stage2Param#::fwdFlowConsCand#3#fff_delta (order for disjuncts: delta=<standard>).
[2026-01-21 06:10:59] (5s) Empty delta for DataFlowImpl#6ed98661::Impl#DataFlowImpl1#bece54ca::Config#::MkStage#Stage1#::Stage#Stage2Param#::fwdFlowIsEntered#7#fffffff#reorder_2_5_6_0_1_3_4_delta (order for disjuncts: delta=<standard>).
[2026-01-21 06:10:59] (5s) Starting to evaluate predicate DataFlowImpl#6ed98661::Impl#DataFlowImpl1#bece54ca::Config#::MkStage#Stage1#::Stage#Stage2Param#::fwdFlowRead#8#ffffffff/8@i13#33e712wj (iteration 13)
[2026-01-21 06:10:59] (5s) Empty delta for DataFlowImpl#6ed98661::Impl#DataFlowImpl1#bece54ca::Config#::MkStage#Stage1#::Stage#Stage2Param#::fwdFlowRead#8#ffffffff_delta (order for disjuncts: delta=<standard>).
[2026-01-21 06:10:59] (5s) Starting to evaluate predicate DataFlowImpl#6ed98661::Impl#DataFlowImpl1#bece54ca::Config#::MkStage#Stage1#::Stage#Stage2Param#::fwdFlowStore#8#ffffffff/8@i13#33e711wj (iteration 13)
[2026-01-21 06:10:59] (5s) 			 - DataFlowImpl#6ed98661::Impl#DataFlowImpl1#bece54ca::Config#::MkStage#Stage1#::Stage#Stage2Param#::fwdFlowStore#8#ffffffff_delta has 1 rows (order for disjuncts: delta=<standard>).
[2026-01-21 06:10:59] (5s) Starting to evaluate predicate DataFlowImpl#6ed98661::Impl#DataFlowImpl1#bece54ca::Config#::MkStage#Stage1#::Stage#Stage2Param#::fwdFlowRetFromArg#8#ffffffff#reorder_2_3_4_0_1_5_6_7/8@i13#33e710wj (iteration 13)
[2026-01-21 06:10:59] (5s) Empty delta for DataFlowImpl#6ed98661::Impl#DataFlowImpl1#bece54ca::Config#::MkStage#Stage1#::Stage#Stage2Param#::fwdFlowRetFromArg#8#ffffffff#reorder_2_3_4_0_1_5_6_7_delta (order for disjuncts: delta=<standard>).
[2026-01-21 06:10:59] (5s) Starting to evaluate predicate DataFlowImpl#6ed98661::Impl#DataFlowImpl1#bece54ca::Config#::MkStage#Stage1#::Stage#Stage2Param#::fwdFlowIn#9#fffffffff/9@i13#33e71zrj (iteration 13)
[2026-01-21 06:10:59] (5s) Empty delta for DataFlowImpl#6ed98661::Impl#DataFlowImpl1#bece54ca::Config#::MkStage#Stage1#::Stage#Stage2Param#::fwdFlowIn#9#fffffffff_delta (order for disjuncts: delta=500000).
[2026-01-21 06:10:59] (5s) Empty delta for DataFlowImpl#6ed98661::Impl#DataFlowImpl1#bece54ca::Config#::MkStage#Stage1#::Stage#Stage2Param#::fwdFlowThrough#10#ffffffffff_delta (order for disjuncts: delta=<standard>).
[2026-01-21 06:10:59] (5s) Empty delta for DataFlowImpl#6ed98661::Impl#DataFlowImpl1#bece54ca::Config#::MkStage#Stage1#::Stage#Stage2Param#::fwdFlow#7#fffffff_delta (order for disjuncts: delta=<standard>).
[2026-01-21 06:10:59] (5s) Starting to evaluate predicate DataFlowImpl#6ed98661::Impl#DataFlowImpl1#bece54ca::Config#::MkStage#Stage1#::Stage#Stage2Param#::fwdFlow0#7#fffffff/7@i13#33e71wrj (iteration 13)
[2026-01-21 06:10:59] (5s) 			 - DataFlowImpl#6ed98661::Impl#DataFlowImpl1#bece54ca::Config#::MkStage#Stage1#::Stage#Stage2Param#::fwdFlow0#7#fffffff_delta has 8 rows (order for disjuncts: delta=<standard>).
[2026-01-21 06:10:59] (5s) Starting to evaluate predicate DataFlowImpl#6ed98661::Impl#DataFlowImpl1#bece54ca::Config#::MkStage#Stage1#::Stage#Stage2Param#::fwdFlowConsCand#3#fff/3@i14#33e714wj (iteration 14)
[2026-01-21 06:10:59] (5s) 			 - DataFlowImpl#6ed98661::Impl#DataFlowImpl1#bece54ca::Config#::MkStage#Stage1#::Stage#Stage2Param#::fwdFlowConsCand#3#fff_delta has 1 rows (order for disjuncts: delta=500000).
[2026-01-21 06:10:59] (5s) Empty delta for DataFlowImpl#6ed98661::Impl#DataFlowImpl1#bece54ca::Config#::MkStage#Stage1#::Stage#Stage2Param#::fwdFlowIsEntered#7#fffffff#reorder_2_5_6_0_1_3_4_delta (order for disjuncts: delta=<standard>).
[2026-01-21 06:10:59] (5s) Empty delta for DataFlowImpl#6ed98661::Impl#DataFlowImpl1#bece54ca::Config#::MkStage#Stage1#::Stage#Stage2Param#::fwdFlowRead#8#ffffffff_delta (order for disjuncts: delta=<standard>).
[2026-01-21 06:10:59] (5s) Empty delta for DataFlowImpl#6ed98661::Impl#DataFlowImpl1#bece54ca::Config#::MkStage#Stage1#::Stage#Stage2Param#::fwdFlowStore#8#ffffffff_delta (order for disjuncts: delta=<standard>).
[2026-01-21 06:10:59] (5s) Empty delta for DataFlowImpl#6ed98661::Impl#DataFlowImpl1#bece54ca::Config#::MkStage#Stage1#::Stage#Stage2Param#::fwdFlowRetFromArg#8#ffffffff#reorder_2_3_4_0_1_5_6_7_delta (order for disjuncts: delta=<standard>).
[2026-01-21 06:10:59] (5s) Empty delta for DataFlowImpl#6ed98661::Impl#DataFlowImpl1#bece54ca::Config#::MkStage#Stage1#::Stage#Stage2Param#::fwdFlowIn#9#fffffffff_delta (order for disjuncts: delta=500000).
[2026-01-21 06:10:59] (5s) Empty delta for DataFlowImpl#6ed98661::Impl#DataFlowImpl1#bece54ca::Config#::MkStage#Stage1#::Stage#Stage2Param#::fwdFlowThrough#10#ffffffffff_delta (order for disjuncts: delta=<standard>).
[2026-01-21 06:10:59] (5s) Starting to evaluate predicate DataFlowImpl#6ed98661::Impl#DataFlowImpl1#bece54ca::Config#::MkStage#Stage1#::Stage#Stage2Param#::fwdFlow#7#fffffff/7@i14#33e71xrj (iteration 14)
[2026-01-21 06:10:59] (5s) 			 - DataFlowImpl#6ed98661::Impl#DataFlowImpl1#bece54ca::Config#::MkStage#Stage1#::Stage#Stage2Param#::fwdFlow#7#fffffff_delta has 8 rows (order for disjuncts: delta=<standard>).
[2026-01-21 06:10:59] (5s) Starting to evaluate predicate DataFlowImpl#6ed98661::Impl#DataFlowImpl1#bece54ca::Config#::MkStage#Stage1#::Stage#Stage2Param#::fwdFlow0#7#fffffff/7@i14#33e71wrj (iteration 14)
[2026-01-21 06:10:59] (5s) 			 - DataFlowImpl#6ed98661::Impl#DataFlowImpl1#bece54ca::Config#::MkStage#Stage1#::Stage#Stage2Param#::fwdFlow0#7#fffffff_delta has 1 rows (order for disjuncts: delta=<standard>).
[2026-01-21 06:10:59] (5s) Empty delta for DataFlowImpl#6ed98661::Impl#DataFlowImpl1#bece54ca::Config#::MkStage#Stage1#::Stage#Stage2Param#::fwdFlowConsCand#3#fff_delta (order for disjuncts: delta=500000).
[2026-01-21 06:10:59] (5s) Empty delta for DataFlowImpl#6ed98661::Impl#DataFlowImpl1#bece54ca::Config#::MkStage#Stage1#::Stage#Stage2Param#::fwdFlowIsEntered#7#fffffff#reorder_2_5_6_0_1_3_4_delta (order for disjuncts: delta=<standard>).
[2026-01-21 06:10:59] (5s) Starting to evaluate predicate DataFlowImpl#6ed98661::Impl#DataFlowImpl1#bece54ca::Config#::MkStage#Stage1#::Stage#Stage2Param#::fwdFlowRead#8#ffffffff/8@i15#33e712wj (iteration 15)
[2026-01-21 06:10:59] (5s) Empty delta for DataFlowImpl#6ed98661::Impl#DataFlowImpl1#bece54ca::Config#::MkStage#Stage1#::Stage#Stage2Param#::fwdFlowRead#8#ffffffff_delta (order for disjuncts: delta=<standard>).
[2026-01-21 06:10:59] (5s) Starting to evaluate predicate DataFlowImpl#6ed98661::Impl#DataFlowImpl1#bece54ca::Config#::MkStage#Stage1#::Stage#Stage2Param#::fwdFlowStore#8#ffffffff/8@i15#33e711wj (iteration 15)
[2026-01-21 06:10:59] (5s) Empty delta for DataFlowImpl#6ed98661::Impl#DataFlowImpl1#bece54ca::Config#::MkStage#Stage1#::Stage#Stage2Param#::fwdFlowStore#8#ffffffff_delta (order for disjuncts: delta=<standard>).
[2026-01-21 06:10:59] (5s) Starting to evaluate predicate DataFlowImpl#6ed98661::Impl#DataFlowImpl1#bece54ca::Config#::MkStage#Stage1#::Stage#Stage2Param#::fwdFlowRetFromArg#8#ffffffff#reorder_2_3_4_0_1_5_6_7/8@i15#33e710wj (iteration 15)
[2026-01-21 06:10:59] (5s) Empty delta for DataFlowImpl#6ed98661::Impl#DataFlowImpl1#bece54ca::Config#::MkStage#Stage1#::Stage#Stage2Param#::fwdFlowRetFromArg#8#ffffffff#reorder_2_3_4_0_1_5_6_7_delta (order for disjuncts: delta=<standard>).
[2026-01-21 06:10:59] (5s) Starting to evaluate predicate DataFlowImpl#6ed98661::Impl#DataFlowImpl1#bece54ca::Config#::MkStage#Stage1#::Stage#Stage2Param#::fwdFlowIn#9#fffffffff/9@i15#33e71zrj (iteration 15)
[2026-01-21 06:10:59] (5s) Empty delta for DataFlowImpl#6ed98661::Impl#DataFlowImpl1#bece54ca::Config#::MkStage#Stage1#::Stage#Stage2Param#::fwdFlowIn#9#fffffffff_delta (order for disjuncts: delta=500000).
[2026-01-21 06:10:59] (5s) Empty delta for DataFlowImpl#6ed98661::Impl#DataFlowImpl1#bece54ca::Config#::MkStage#Stage1#::Stage#Stage2Param#::fwdFlowThrough#10#ffffffffff_delta (order for disjuncts: delta=<standard>).
[2026-01-21 06:10:59] (5s) Starting to evaluate predicate DataFlowImpl#6ed98661::Impl#DataFlowImpl1#bece54ca::Config#::MkStage#Stage1#::Stage#Stage2Param#::fwdFlow#7#fffffff/7@i15#33e71xrj (iteration 15)
[2026-01-21 06:10:59] (5s) 			 - DataFlowImpl#6ed98661::Impl#DataFlowImpl1#bece54ca::Config#::MkStage#Stage1#::Stage#Stage2Param#::fwdFlow#7#fffffff_delta has 1 rows (order for disjuncts: delta=<standard>).
[2026-01-21 06:10:59] (5s) Starting to evaluate predicate DataFlowImpl#6ed98661::Impl#DataFlowImpl1#bece54ca::Config#::MkStage#Stage1#::Stage#Stage2Param#::fwdFlow0#7#fffffff/7@i15#33e71wrj (iteration 15)
[2026-01-21 06:10:59] (5s) Empty delta for DataFlowImpl#6ed98661::Impl#DataFlowImpl1#bece54ca::Config#::MkStage#Stage1#::Stage#Stage2Param#::fwdFlow0#7#fffffff_delta (order for disjuncts: delta=<standard>).
[2026-01-21 06:10:59] (5s) Empty delta for DataFlowImpl#6ed98661::Impl#DataFlowImpl1#bece54ca::Config#::MkStage#Stage1#::Stage#Stage2Param#::fwdFlowConsCand#3#fff_delta (order for disjuncts: delta=500000).
[2026-01-21 06:10:59] (5s) Empty delta for DataFlowImpl#6ed98661::Impl#DataFlowImpl1#bece54ca::Config#::MkStage#Stage1#::Stage#Stage2Param#::fwdFlowIsEntered#7#fffffff#reorder_2_5_6_0_1_3_4_delta (order for disjuncts: delta=<standard>).
[2026-01-21 06:10:59] (5s) Starting to evaluate predicate DataFlowImpl#6ed98661::Impl#DataFlowImpl1#bece54ca::Config#::MkStage#Stage1#::Stage#Stage2Param#::fwdFlowRead#8#ffffffff/8@i16#33e712wj (iteration 16)
[2026-01-21 06:10:59] (5s) Empty delta for DataFlowImpl#6ed98661::Impl#DataFlowImpl1#bece54ca::Config#::MkStage#Stage1#::Stage#Stage2Param#::fwdFlowRead#8#ffffffff_delta (order for disjuncts: delta=<standard>).
[2026-01-21 06:10:59] (5s) Starting to evaluate predicate DataFlowImpl#6ed98661::Impl#DataFlowImpl1#bece54ca::Config#::MkStage#Stage1#::Stage#Stage2Param#::fwdFlowStore#8#ffffffff/8@i16#33e711wj (iteration 16)
[2026-01-21 06:10:59] (5s) Empty delta for DataFlowImpl#6ed98661::Impl#DataFlowImpl1#bece54ca::Config#::MkStage#Stage1#::Stage#Stage2Param#::fwdFlowStore#8#ffffffff_delta (order for disjuncts: delta=<standard>).
[2026-01-21 06:10:59] (5s) Starting to evaluate predicate DataFlowImpl#6ed98661::Impl#DataFlowImpl1#bece54ca::Config#::MkStage#Stage1#::Stage#Stage2Param#::fwdFlowRetFromArg#8#ffffffff#reorder_2_3_4_0_1_5_6_7/8@i16#33e710wj (iteration 16)
[2026-01-21 06:10:59] (5s) Empty delta for DataFlowImpl#6ed98661::Impl#DataFlowImpl1#bece54ca::Config#::MkStage#Stage1#::Stage#Stage2Param#::fwdFlowRetFromArg#8#ffffffff#reorder_2_3_4_0_1_5_6_7_delta (order for disjuncts: delta=<standard>).
[2026-01-21 06:10:59] (5s) Starting to evaluate predicate DataFlowImpl#6ed98661::Impl#DataFlowImpl1#bece54ca::Config#::MkStage#Stage1#::Stage#Stage2Param#::fwdFlowIn#9#fffffffff/9@i16#33e71zrj (iteration 16)
[2026-01-21 06:10:59] (5s) Empty delta for DataFlowImpl#6ed98661::Impl#DataFlowImpl1#bece54ca::Config#::MkStage#Stage1#::Stage#Stage2Param#::fwdFlowIn#9#fffffffff_delta (order for disjuncts: delta=500000).
[2026-01-21 06:10:59] (5s) Empty delta for DataFlowImpl#6ed98661::Impl#DataFlowImpl1#bece54ca::Config#::MkStage#Stage1#::Stage#Stage2Param#::fwdFlowThrough#10#ffffffffff_delta (order for disjuncts: delta=<standard>).
[2026-01-21 06:10:59] (5s) Empty delta for DataFlowImpl#6ed98661::Impl#DataFlowImpl1#bece54ca::Config#::MkStage#Stage1#::Stage#Stage2Param#::fwdFlow#7#fffffff_delta (order for disjuncts: delta=<standard>).
[2026-01-21 06:10:59] (5s) Starting to evaluate predicate DataFlowImpl#6ed98661::Impl#DataFlowImpl1#bece54ca::Config#::MkStage#Stage1#::Stage#Stage2Param#::fwdFlow0#7#fffffff/7@i16#33e71wrj (iteration 16)
[2026-01-21 06:10:59] (5s) 			 - DataFlowImpl#6ed98661::Impl#DataFlowImpl1#bece54ca::Config#::MkStage#Stage1#::Stage#Stage2Param#::fwdFlow0#7#fffffff_delta has 8 rows (order for disjuncts: delta=<standard>).
[2026-01-21 06:10:59] (5s) Empty delta for DataFlowImpl#6ed98661::Impl#DataFlowImpl1#bece54ca::Config#::MkStage#Stage1#::Stage#Stage2Param#::fwdFlowConsCand#3#fff_delta (order for disjuncts: delta=500000).
[2026-01-21 06:10:59] (5s) Empty delta for DataFlowImpl#6ed98661::Impl#DataFlowImpl1#bece54ca::Config#::MkStage#Stage1#::Stage#Stage2Param#::fwdFlowIsEntered#7#fffffff#reorder_2_5_6_0_1_3_4_delta (order for disjuncts: delta=<standard>).
[2026-01-21 06:10:59] (5s) Empty delta for DataFlowImpl#6ed98661::Impl#DataFlowImpl1#bece54ca::Config#::MkStage#Stage1#::Stage#Stage2Param#::fwdFlowRead#8#ffffffff_delta (order for disjuncts: delta=<standard>).
[2026-01-21 06:10:59] (5s) Empty delta for DataFlowImpl#6ed98661::Impl#DataFlowImpl1#bece54ca::Config#::MkStage#Stage1#::Stage#Stage2Param#::fwdFlowStore#8#ffffffff_delta (order for disjuncts: delta=<standard>).
[2026-01-21 06:10:59] (5s) Empty delta for DataFlowImpl#6ed98661::Impl#DataFlowImpl1#bece54ca::Config#::MkStage#Stage1#::Stage#Stage2Param#::fwdFlowRetFromArg#8#ffffffff#reorder_2_3_4_0_1_5_6_7_delta (order for disjuncts: delta=<standard>).
[2026-01-21 06:10:59] (5s) Empty delta for DataFlowImpl#6ed98661::Impl#DataFlowImpl1#bece54ca::Config#::MkStage#Stage1#::Stage#Stage2Param#::fwdFlowIn#9#fffffffff_delta (order for disjuncts: delta=500000).
[2026-01-21 06:10:59] (5s) Empty delta for DataFlowImpl#6ed98661::Impl#DataFlowImpl1#bece54ca::Config#::MkStage#Stage1#::Stage#Stage2Param#::fwdFlowThrough#10#ffffffffff_delta (order for disjuncts: delta=<standard>).
[2026-01-21 06:10:59] (5s) Starting to evaluate predicate DataFlowImpl#6ed98661::Impl#DataFlowImpl1#bece54ca::Config#::MkStage#Stage1#::Stage#Stage2Param#::fwdFlow#7#fffffff/7@i17#33e71xrj (iteration 17)
[2026-01-21 06:10:59] (5s) 			 - DataFlowImpl#6ed98661::Impl#DataFlowImpl1#bece54ca::Config#::MkStage#Stage1#::Stage#Stage2Param#::fwdFlow#7#fffffff_delta has 8 rows (order for disjuncts: delta=<standard>).
[2026-01-21 06:10:59] (5s) Empty delta for DataFlowImpl#6ed98661::Impl#DataFlowImpl1#bece54ca::Config#::MkStage#Stage1#::Stage#Stage2Param#::fwdFlow0#7#fffffff_delta (order for disjuncts: delta=<standard>).
[2026-01-21 06:10:59] (5s) Empty delta for DataFlowImpl#6ed98661::Impl#DataFlowImpl1#bece54ca::Config#::MkStage#Stage1#::Stage#Stage2Param#::fwdFlowConsCand#3#fff_delta (order for disjuncts: delta=500000).
[2026-01-21 06:10:59] (5s) Empty delta for DataFlowImpl#6ed98661::Impl#DataFlowImpl1#bece54ca::Config#::MkStage#Stage1#::Stage#Stage2Param#::fwdFlowIsEntered#7#fffffff#reorder_2_5_6_0_1_3_4_delta (order for disjuncts: delta=<standard>).
[2026-01-21 06:10:59] (5s) Starting to evaluate predicate DataFlowImpl#6ed98661::Impl#DataFlowImpl1#bece54ca::Config#::MkStage#Stage1#::Stage#Stage2Param#::fwdFlowRead#8#ffffffff/8@i18#33e712wj (iteration 18)
[2026-01-21 06:10:59] (5s) Empty delta for DataFlowImpl#6ed98661::Impl#DataFlowImpl1#bece54ca::Config#::MkStage#Stage1#::Stage#Stage2Param#::fwdFlowRead#8#ffffffff_delta (order for disjuncts: delta=<standard>).
[2026-01-21 06:10:59] (5s) Starting to evaluate predicate DataFlowImpl#6ed98661::Impl#DataFlowImpl1#bece54ca::Config#::MkStage#Stage1#::Stage#Stage2Param#::fwdFlowStore#8#ffffffff/8@i18#33e711wj (iteration 18)
[2026-01-21 06:10:59] (5s) Empty delta for DataFlowImpl#6ed98661::Impl#DataFlowImpl1#bece54ca::Config#::MkStage#Stage1#::Stage#Stage2Param#::fwdFlowStore#8#ffffffff_delta (order for disjuncts: delta=<standard>).
[2026-01-21 06:10:59] (5s) Starting to evaluate predicate DataFlowImpl#6ed98661::Impl#DataFlowImpl1#bece54ca::Config#::MkStage#Stage1#::Stage#Stage2Param#::fwdFlowRetFromArg#8#ffffffff#reorder_2_3_4_0_1_5_6_7/8@i18#33e710wj (iteration 18)
[2026-01-21 06:10:59] (5s) Empty delta for DataFlowImpl#6ed98661::Impl#DataFlowImpl1#bece54ca::Config#::MkStage#Stage1#::Stage#Stage2Param#::fwdFlowRetFromArg#8#ffffffff#reorder_2_3_4_0_1_5_6_7_delta (order for disjuncts: delta=<standard>).
[2026-01-21 06:10:59] (5s) Starting to evaluate predicate DataFlowImpl#6ed98661::Impl#DataFlowImpl1#bece54ca::Config#::MkStage#Stage1#::Stage#Stage2Param#::fwdFlowIn#9#fffffffff/9@i18#33e71zrj (iteration 18)
[2026-01-21 06:10:59] (5s) Empty delta for DataFlowImpl#6ed98661::Impl#DataFlowImpl1#bece54ca::Config#::MkStage#Stage1#::Stage#Stage2Param#::fwdFlowIn#9#fffffffff_delta (order for disjuncts: delta=500000).
[2026-01-21 06:10:59] (5s) Empty delta for DataFlowImpl#6ed98661::Impl#DataFlowImpl1#bece54ca::Config#::MkStage#Stage1#::Stage#Stage2Param#::fwdFlowThrough#10#ffffffffff_delta (order for disjuncts: delta=<standard>).
[2026-01-21 06:10:59] (5s) Empty delta for DataFlowImpl#6ed98661::Impl#DataFlowImpl1#bece54ca::Config#::MkStage#Stage1#::Stage#Stage2Param#::fwdFlow#7#fffffff_delta (order for disjuncts: delta=<standard>).
[2026-01-21 06:10:59] (5s) Starting to evaluate predicate DataFlowImpl#6ed98661::Impl#DataFlowImpl1#bece54ca::Config#::MkStage#Stage1#::Stage#Stage2Param#::fwdFlow0#7#fffffff/7@i18#33e71wrj (iteration 18)
[2026-01-21 06:10:59] (5s) 			 - DataFlowImpl#6ed98661::Impl#DataFlowImpl1#bece54ca::Config#::MkStage#Stage1#::Stage#Stage2Param#::fwdFlow0#7#fffffff_delta has 1 rows (order for disjuncts: delta=<standard>).
[2026-01-21 06:10:59] (5s) Empty delta for DataFlowImpl#6ed98661::Impl#DataFlowImpl1#bece54ca::Config#::MkStage#Stage1#::Stage#Stage2Param#::fwdFlowConsCand#3#fff_delta (order for disjuncts: delta=500000).
[2026-01-21 06:10:59] (5s) Empty delta for DataFlowImpl#6ed98661::Impl#DataFlowImpl1#bece54ca::Config#::MkStage#Stage1#::Stage#Stage2Param#::fwdFlowIsEntered#7#fffffff#reorder_2_5_6_0_1_3_4_delta (order for disjuncts: delta=<standard>).
[2026-01-21 06:10:59] (5s) Empty delta for DataFlowImpl#6ed98661::Impl#DataFlowImpl1#bece54ca::Config#::MkStage#Stage1#::Stage#Stage2Param#::fwdFlowRead#8#ffffffff_delta (order for disjuncts: delta=<standard>).
[2026-01-21 06:10:59] (5s) Empty delta for DataFlowImpl#6ed98661::Impl#DataFlowImpl1#bece54ca::Config#::MkStage#Stage1#::Stage#Stage2Param#::fwdFlowStore#8#ffffffff_delta (order for disjuncts: delta=<standard>).
[2026-01-21 06:10:59] (5s) Empty delta for DataFlowImpl#6ed98661::Impl#DataFlowImpl1#bece54ca::Config#::MkStage#Stage1#::Stage#Stage2Param#::fwdFlowRetFromArg#8#ffffffff#reorder_2_3_4_0_1_5_6_7_delta (order for disjuncts: delta=<standard>).
[2026-01-21 06:10:59] (5s) Empty delta for DataFlowImpl#6ed98661::Impl#DataFlowImpl1#bece54ca::Config#::MkStage#Stage1#::Stage#Stage2Param#::fwdFlowIn#9#fffffffff_delta (order for disjuncts: delta=500000).
[2026-01-21 06:10:59] (5s) Empty delta for DataFlowImpl#6ed98661::Impl#DataFlowImpl1#bece54ca::Config#::MkStage#Stage1#::Stage#Stage2Param#::fwdFlowThrough#10#ffffffffff_delta (order for disjuncts: delta=<standard>).
[2026-01-21 06:10:59] (5s) Starting to evaluate predicate DataFlowImpl#6ed98661::Impl#DataFlowImpl1#bece54ca::Config#::MkStage#Stage1#::Stage#Stage2Param#::fwdFlow#7#fffffff/7@i19#33e71xrj (iteration 19)
[2026-01-21 06:10:59] (5s) 			 - DataFlowImpl#6ed98661::Impl#DataFlowImpl1#bece54ca::Config#::MkStage#Stage1#::Stage#Stage2Param#::fwdFlow#7#fffffff_delta has 1 rows (order for disjuncts: delta=<standard>).
[2026-01-21 06:10:59] (5s) Empty delta for DataFlowImpl#6ed98661::Impl#DataFlowImpl1#bece54ca::Config#::MkStage#Stage1#::Stage#Stage2Param#::fwdFlow0#7#fffffff_delta (order for disjuncts: delta=<standard>).
[2026-01-21 06:10:59] (5s) Empty delta for DataFlowImpl#6ed98661::Impl#DataFlowImpl1#bece54ca::Config#::MkStage#Stage1#::Stage#Stage2Param#::fwdFlowConsCand#3#fff_delta (order for disjuncts: delta=500000).
[2026-01-21 06:10:59] (5s) Empty delta for DataFlowImpl#6ed98661::Impl#DataFlowImpl1#bece54ca::Config#::MkStage#Stage1#::Stage#Stage2Param#::fwdFlowIsEntered#7#fffffff#reorder_2_5_6_0_1_3_4_delta (order for disjuncts: delta=<standard>).
[2026-01-21 06:10:59] (5s) Starting to evaluate predicate DataFlowImpl#6ed98661::Impl#DataFlowImpl1#bece54ca::Config#::MkStage#Stage1#::Stage#Stage2Param#::fwdFlowRead#8#ffffffff/8@i20#33e712wj (iteration 20)
[2026-01-21 06:10:59] (5s) 			 - DataFlowImpl#6ed98661::Impl#DataFlowImpl1#bece54ca::Config#::MkStage#Stage1#::Stage#Stage2Param#::fwdFlowRead#8#ffffffff_delta has 1 rows (order for disjuncts: delta=<standard>).
[2026-01-21 06:10:59] (5s) Starting to evaluate predicate DataFlowImpl#6ed98661::Impl#DataFlowImpl1#bece54ca::Config#::MkStage#Stage1#::Stage#Stage2Param#::fwdFlowStore#8#ffffffff/8@i20#33e711wj (iteration 20)
[2026-01-21 06:10:59] (5s) Empty delta for DataFlowImpl#6ed98661::Impl#DataFlowImpl1#bece54ca::Config#::MkStage#Stage1#::Stage#Stage2Param#::fwdFlowStore#8#ffffffff_delta (order for disjuncts: delta=<standard>).
[2026-01-21 06:10:59] (5s) Starting to evaluate predicate DataFlowImpl#6ed98661::Impl#DataFlowImpl1#bece54ca::Config#::MkStage#Stage1#::Stage#Stage2Param#::fwdFlowRetFromArg#8#ffffffff#reorder_2_3_4_0_1_5_6_7/8@i20#33e710wj (iteration 20)
[2026-01-21 06:10:59] (5s) Empty delta for DataFlowImpl#6ed98661::Impl#DataFlowImpl1#bece54ca::Config#::MkStage#Stage1#::Stage#Stage2Param#::fwdFlowRetFromArg#8#ffffffff#reorder_2_3_4_0_1_5_6_7_delta (order for disjuncts: delta=<standard>).
[2026-01-21 06:10:59] (5s) Starting to evaluate predicate DataFlowImpl#6ed98661::Impl#DataFlowImpl1#bece54ca::Config#::MkStage#Stage1#::Stage#Stage2Param#::fwdFlowIn#9#fffffffff/9@i20#33e71zrj (iteration 20)
[2026-01-21 06:10:59] (5s) Empty delta for DataFlowImpl#6ed98661::Impl#DataFlowImpl1#bece54ca::Config#::MkStage#Stage1#::Stage#Stage2Param#::fwdFlowIn#9#fffffffff_delta (order for disjuncts: delta=500000).
[2026-01-21 06:10:59] (5s) Empty delta for DataFlowImpl#6ed98661::Impl#DataFlowImpl1#bece54ca::Config#::MkStage#Stage1#::Stage#Stage2Param#::fwdFlowThrough#10#ffffffffff_delta (order for disjuncts: delta=<standard>).
[2026-01-21 06:10:59] (5s) Empty delta for DataFlowImpl#6ed98661::Impl#DataFlowImpl1#bece54ca::Config#::MkStage#Stage1#::Stage#Stage2Param#::fwdFlow#7#fffffff_delta (order for disjuncts: delta=<standard>).
[2026-01-21 06:10:59] (5s) Starting to evaluate predicate DataFlowImpl#6ed98661::Impl#DataFlowImpl1#bece54ca::Config#::MkStage#Stage1#::Stage#Stage2Param#::fwdFlow0#7#fffffff/7@i20#33e71wrj (iteration 20)
[2026-01-21 06:10:59] (5s) Empty delta for DataFlowImpl#6ed98661::Impl#DataFlowImpl1#bece54ca::Config#::MkStage#Stage1#::Stage#Stage2Param#::fwdFlow0#7#fffffff_delta (order for disjuncts: delta=<standard>).
[2026-01-21 06:10:59] (5s) Empty delta for DataFlowImpl#6ed98661::Impl#DataFlowImpl1#bece54ca::Config#::MkStage#Stage1#::Stage#Stage2Param#::fwdFlowConsCand#3#fff_delta (order for disjuncts: delta=500000).
[2026-01-21 06:10:59] (5s) Empty delta for DataFlowImpl#6ed98661::Impl#DataFlowImpl1#bece54ca::Config#::MkStage#Stage1#::Stage#Stage2Param#::fwdFlowIsEntered#7#fffffff#reorder_2_5_6_0_1_3_4_delta (order for disjuncts: delta=<standard>).
[2026-01-21 06:10:59] (5s) Empty delta for DataFlowImpl#6ed98661::Impl#DataFlowImpl1#bece54ca::Config#::MkStage#Stage1#::Stage#Stage2Param#::fwdFlowRead#8#ffffffff_delta (order for disjuncts: delta=<standard>).
[2026-01-21 06:10:59] (5s) Empty delta for DataFlowImpl#6ed98661::Impl#DataFlowImpl1#bece54ca::Config#::MkStage#Stage1#::Stage#Stage2Param#::fwdFlowStore#8#ffffffff_delta (order for disjuncts: delta=<standard>).
[2026-01-21 06:10:59] (5s) Empty delta for DataFlowImpl#6ed98661::Impl#DataFlowImpl1#bece54ca::Config#::MkStage#Stage1#::Stage#Stage2Param#::fwdFlowRetFromArg#8#ffffffff#reorder_2_3_4_0_1_5_6_7_delta (order for disjuncts: delta=<standard>).
[2026-01-21 06:10:59] (5s) Empty delta for DataFlowImpl#6ed98661::Impl#DataFlowImpl1#bece54ca::Config#::MkStage#Stage1#::Stage#Stage2Param#::fwdFlowIn#9#fffffffff_delta (order for disjuncts: delta=500000).
[2026-01-21 06:10:59] (5s) Empty delta for DataFlowImpl#6ed98661::Impl#DataFlowImpl1#bece54ca::Config#::MkStage#Stage1#::Stage#Stage2Param#::fwdFlowThrough#10#ffffffffff_delta (order for disjuncts: delta=<standard>).
[2026-01-21 06:10:59] (5s) Empty delta for DataFlowImpl#6ed98661::Impl#DataFlowImpl1#bece54ca::Config#::MkStage#Stage1#::Stage#Stage2Param#::fwdFlow#7#fffffff_delta (order for disjuncts: delta=<standard>).
[2026-01-21 06:10:59] (5s) Starting to evaluate predicate DataFlowImpl#6ed98661::Impl#DataFlowImpl1#bece54ca::Config#::MkStage#Stage1#::Stage#Stage2Param#::fwdFlow0#7#fffffff/7@i21#33e71wrj (iteration 21)
[2026-01-21 06:10:59] (5s) Empty delta for DataFlowImpl#6ed98661::Impl#DataFlowImpl1#bece54ca::Config#::MkStage#Stage1#::Stage#Stage2Param#::fwdFlow0#7#fffffff_delta (order for disjuncts: delta=<standard>).
[2026-01-21 06:10:59] (5s) Accumulating deltas
[2026-01-21 06:10:59] (5s)  >>> Created relation DataFlowImpl#6ed98661::Impl#DataFlowImpl1#bece54ca::Config#::MkStage#Stage1#::Stage#Stage2Param#::fwdFlow0#7#fffffff/7@33e71wrj with 55 rows and digest d34e2ad26519itf3vctetkb8to9.
[2026-01-21 06:10:59] (5s)  >>> Created relation DataFlowImpl#6ed98661::Impl#DataFlowImpl1#bece54ca::Config#::MkStage#Stage1#::Stage#Stage2Param#::fwdFlow#7#fffffff/7@33e71xrj with 55 rows and digest d34e2ad26519itf3vctetkb8to9.
[2026-01-21 06:10:59] (5s)  >>> Created relation DataFlowImpl#6ed98661::Impl#DataFlowImpl1#bece54ca::Config#::MkStage#Stage1#::Stage#Stage2Param#::fwdFlowThrough#10#ffffffffff/10@33e71yrj with 0 rows and digest THIS-RELATION-HAS-NO-TUPLES.
[2026-01-21 06:10:59] (5s)  >>> Created relation DataFlowImpl#6ed98661::Impl#DataFlowImpl1#bece54ca::Config#::MkStage#Stage1#::Stage#Stage2Param#::fwdFlowIn#9#fffffffff/9@33e71zrj with 0 rows and digest THIS-RELATION-HAS-NO-TUPLES.
[2026-01-21 06:10:59] (5s)  >>> Created relation DataFlowImpl#6ed98661::Impl#DataFlowImpl1#bece54ca::Config#::MkStage#Stage1#::Stage#Stage2Param#::fwdFlowRetFromArg#8#ffffffff#reorder_2_3_4_0_1_5_6_7/8@33e710wj with 0 rows and digest THIS-RELATION-HAS-NO-TUPLES.
[2026-01-21 06:10:59] (5s)  >>> Created relation DataFlowImpl#6ed98661::Impl#DataFlowImpl1#bece54ca::Config#::MkStage#Stage1#::Stage#Stage2Param#::fwdFlowStore#8#ffffffff/8@33e711wj with 1 rows and digest 46c15fi4hk7tjg52r74srh5627e.
[2026-01-21 06:10:59] (5s)  >>> Created relation DataFlowImpl#6ed98661::Impl#DataFlowImpl1#bece54ca::Config#::MkStage#Stage1#::Stage#Stage2Param#::fwdFlowRead#8#ffffffff/8@33e712wj with 1 rows and digest 9409abbpjb8bviq3uu028sk75dd.
[2026-01-21 06:10:59] (5s)  >>> Created relation DataFlowImpl#6ed98661::Impl#DataFlowImpl1#bece54ca::Config#::MkStage#Stage1#::Stage#Stage2Param#::fwdFlowIsEntered#7#fffffff#reorder_2_5_6_0_1_3_4/7@33e713wj with 0 rows and digest THIS-RELATION-HAS-NO-TUPLES.
[2026-01-21 06:10:59] (5s)  >>> Created relation DataFlowImpl#6ed98661::Impl#DataFlowImpl1#bece54ca::Config#::MkStage#Stage1#::Stage#Stage2Param#::fwdFlowConsCand#3#fff/3@33e714wj with 1 rows and digest d6cd7fnenrpl0ckv70men7fqbff.
[2026-01-21 06:10:59] (5s) Starting to evaluate predicate DataFlowImpl#6ed98661::Impl#DataFlowImpl1#bece54ca::Config#::MkStage#Stage1#::Stage#Stage2Param#::fwdFlow#7#fffffff_501#join_rhs/3@ccf9009c
[2026-01-21 06:10:59] (5s)  >>> Created relation DataFlowImpl#6ed98661::Impl#DataFlowImpl1#bece54ca::Config#::MkStage#Stage1#::Stage#Stage2Param#::fwdFlow#7#fffffff_501#join_rhs/3@ccf9009c with 55 rows and digest 670e46apjni6a2unl6h2rphkq2d.
[2026-01-21 06:10:59] (5s) Starting to evaluate predicate project#DataFlowImpl#6ed98661::Impl#DataFlowImpl1#bece54ca::Config#::MkStage#Stage1#::Stage#Stage2Param#::fwdFlow#7#fffffff#3/2@38e21cmh
[2026-01-21 06:10:59] (5s)  >>> Created relation project#DataFlowImpl#6ed98661::Impl#DataFlowImpl1#bece54ca::Config#::MkStage#Stage1#::Stage#Stage2Param#::fwdFlow#7#fffffff#3/2@38e21cmh with 45 rows and digest d39e11lt40uaeln8i9d4p03cql9.
[2026-01-21 06:10:59] (5s) Starting to evaluate predicate project#DataFlowImpl#6ed98661::Impl#DataFlowImpl1#bece54ca::Config#::MkStage#Stage1#::Stage#Stage2Param#::fwdFlow#7#fffffff#2/3@8171faq7
[2026-01-21 06:10:59] (5s)  >>> Created relation project#DataFlowImpl#6ed98661::Impl#DataFlowImpl1#bece54ca::Config#::MkStage#Stage1#::Stage#Stage2Param#::fwdFlow#7#fffffff#2/3@8171faq7 with 55 rows and digest c6e22a6f5fautv4d7rucgie6vv1.
[2026-01-21 06:10:59] (5s) Starting to evaluate predicate _DataFlowImpl#6ed98661::Impl#DataFlowImpl1#bece54ca::Config#::localFlowStepNodeCand1#2#ff__DataFlowI__#join_rhs/2@26b7079q
[2026-01-21 06:10:59] (5s)  >>> Created relation _DataFlowImpl#6ed98661::Impl#DataFlowImpl1#bece54ca::Config#::localFlowStepNodeCand1#2#ff__DataFlowI__#join_rhs/2@26b7079q with 64 rows and digest df1dadig229lif15r03rgeg4kcc.
[2026-01-21 06:10:59] (5s) Starting to evaluate predicate DataFlowImpl#6ed98661::Impl#DataFlowImpl1#bece54ca::Config#::additionalLocalFlowStepNodeCand1#2#ff_10#join_rhs/2@2b0650vg
[2026-01-21 06:10:59] (5s)  >>> Created relation DataFlowImpl#6ed98661::Impl#DataFlowImpl1#bece54ca::Config#::additionalLocalFlowStepNodeCand1#2#ff_10#join_rhs/2@2b0650vg with 252 rows and digest dc9be3ntuimrqhj2tqmjj2dcbkb.
[2026-01-21 06:10:59] (5s)  >>> Created relation _DataFlowImplCommon#6f4b4818::Cached::TReturnCtxNone#f#join_rhs/2@92e075fn with 1 rows and digest 3557295s01c2e6rlm01uv27d50d.
[2026-01-21 06:10:59] Cachaca resolved layer: #6362 evaluator _DataFlowImplCommon#6f4b4818::Cached::TReturnCtxNone#f#join_rhs/2@92e075fn
[2026-01-21 06:10:59] (5s) Starting to evaluate predicate DataFlowImpl#6ed98661::Impl#DataFlowImpl1#bece54ca::Config#::MkStage#Stage1#::Stage#Stage2Param#::fwdFlow#7#fffffff_50#join_rhs/2@4eac1dg0
[2026-01-21 06:10:59] (5s)  >>> Created relation DataFlowImpl#6ed98661::Impl#DataFlowImpl1#bece54ca::Config#::MkStage#Stage1#::Stage#Stage2Param#::fwdFlow#7#fffffff_50#join_rhs/2@4eac1dg0 with 55 rows and digest 7543c8sjtmvmdcmsj035o49stfd.
[2026-01-21 06:10:59] (5s) Starting to evaluate predicate project#DataFlowImpl#6ed98661::Impl#DataFlowImpl1#bece54ca::Config#::MkStage#Stage1#::Stage#Stage2Param#::fwdFlow#7#fffffff#4/1@cc1989af
[2026-01-21 06:10:59] (5s)  >>> Created relation project#DataFlowImpl#6ed98661::Impl#DataFlowImpl1#bece54ca::Config#::MkStage#Stage1#::Stage#Stage2Param#::fwdFlow#7#fffffff#4/1@cc1989af with 45 rows and digest 01b90c78o9c6issci2drg787bf7.
[2026-01-21 06:10:59] (5s) Starting to evaluate predicate _DataFlowImplCommon#6f4b4818::Cached::TBooleanNone#f_DataFlowImplCommon#6f4b4818::Cached::TReturnCtx__#join_rhs/4@b7b647cs
[2026-01-21 06:10:59] (5s)  >>> Created relation _DataFlowImplCommon#6f4b4818::Cached::TBooleanNone#f_DataFlowImplCommon#6f4b4818::Cached::TReturnCtx__#join_rhs/4@b7b647cs with 1 rows and digest 894dfb98h3pg6n00lhqvnqclkgb.
[2026-01-21 06:10:59] (5s) Starting to evaluate predicate DataFlowImpl#6ed98661::Impl#DataFlowImpl1#bece54ca::Config#::localFlowStepNodeCand1#2#ff_10#join_rhs/2@1445d49b
[2026-01-21 06:10:59] (5s)  >>> Created relation DataFlowImpl#6ed98661::Impl#DataFlowImpl1#bece54ca::Config#::localFlowStepNodeCand1#2#ff_10#join_rhs/2@1445d49b with 64 rows and digest df1dadig229lif15r03rgeg4kcc.
[2026-01-21 06:10:59] (5s) Starting to evaluate predicate project#DataFlowImpl#6ed98661::Impl#DataFlowImpl1#bece54ca::Config#::MkStage#Stage1#::Stage#Stage2Param#::fwdFlowRead#8#ffffffff/4@b2a54474
[2026-01-21 06:10:59] (5s)  >>> Created relation project#DataFlowImpl#6ed98661::Impl#DataFlowImpl1#bece54ca::Config#::MkStage#Stage1#::Stage#Stage2Param#::fwdFlowRead#8#ffffffff/4@b2a54474 with 1 rows and digest 798154kemm15ndeeh7gb0egpcj0.
[2026-01-21 06:10:59] (5s) Starting to evaluate predicate DataFlowImpl#6ed98661::Impl#DataFlowImpl1#bece54ca::Config#::MkStage#Stage1#::Stage#Stage2Param#::readStepFwd#5#fffff/5@a457527r
[2026-01-21 06:10:59] (5s)  >>> Created relation DataFlowImpl#6ed98661::Impl#DataFlowImpl1#bece54ca::Config#::MkStage#Stage1#::Stage#Stage2Param#::readStepFwd#5#fffff/5@a457527r with 1 rows and digest 751e7ad4ujrjd9q5q5qlnpbu8k2.
[2026-01-21 06:10:59] (5s) Starting to evaluate predicate DataFlowImpl#6ed98661::Impl#DataFlowImpl1#bece54ca::Config#::MkStage#Stage1#::Stage#Stage2Param#::readStepFwd#5#fffff_3401#join_rhs/4@8b8151ui
[2026-01-21 06:10:59] (5s)  >>> Created relation DataFlowImpl#6ed98661::Impl#DataFlowImpl1#bece54ca::Config#::MkStage#Stage1#::Stage#Stage2Param#::readStepFwd#5#fffff_3401#join_rhs/4@8b8151ui with 1 rows and digest 5fa1514vp1m036k3e5rehq50f4f.
[2026-01-21 06:10:59] (5s) Starting to evaluate predicate DataFlowImplCommon#6f4b4818::Cached::TReturnCtxMaybeFlowThrough#ff_10#join_rhs/2@39083cj4
[2026-01-21 06:10:59] (5s)  >>> Created relation DataFlowImplCommon#6f4b4818::Cached::TReturnCtxMaybeFlowThrough#ff_10#join_rhs/2@39083cj4 with 6288 rows and digest b662df8974cb5hlkji7t8birulb.
[2026-01-21 06:10:59] (5s) Starting to evaluate predicate project#DataFlowImpl#6ed98661::Impl#DataFlowImpl1#bece54ca::Config#::MkStage#Stage1#::Stage#Stage2Param#::readStepFwd#5#fffff/4@b059a4fk
[2026-01-21 06:10:59] (5s)  >>> Created relation project#DataFlowImpl#6ed98661::Impl#DataFlowImpl1#bece54ca::Config#::MkStage#Stage1#::Stage#Stage2Param#::readStepFwd#5#fffff/4@b059a4fk with 1 rows and digest 0e2de3kofmmvrvg464ue2hb8m73.
[2026-01-21 06:10:59] (5s) Starting to evaluate predicate project#DataFlowImpl#6ed98661::Impl#DataFlowImpl1#bece54ca::Config#::MkStage#Stage1#::Stage#Stage2Param#::readStepFwd#5#fffff_2301#join_rhs/4@3abee49g
[2026-01-21 06:10:59] (5s)  >>> Created relation project#DataFlowImpl#6ed98661::Impl#DataFlowImpl1#bece54ca::Config#::MkStage#Stage1#::Stage#Stage2Param#::readStepFwd#5#fffff_2301#join_rhs/4@3abee49g with 1 rows and digest 674fd8lnhhf027i361k6iekjsp0.
[2026-01-21 06:10:59] (5s) Starting to evaluate predicate project#DataFlowImpl#6ed98661::Impl#DataFlowImpl1#bece54ca::Config#::MkStage#Stage1#::Stage#Stage2Param#::fwdFlowRead#8#ffffffff#2/1@3bb5a9lf
[2026-01-21 06:10:59] (5s)  >>> Created relation project#DataFlowImpl#6ed98661::Impl#DataFlowImpl1#bece54ca::Config#::MkStage#Stage1#::Stage#Stage2Param#::fwdFlowRead#8#ffffffff#2/1@3bb5a9lf with 1 rows and digest 95d6c1is2b9phuaor23u2io4ii5.
[2026-01-21 06:10:59] (5s) Starting to evaluate predicate project#DataFlowImpl#6ed98661::Impl#DataFlowImpl1#bece54ca::Config#::MkStage#Stage1#::Stage#Stage2Param#::fwdFlowStore#8#ffffffff/4@0256a9r6
[2026-01-21 06:10:59] (5s)  >>> Created relation project#DataFlowImpl#6ed98661::Impl#DataFlowImpl1#bece54ca::Config#::MkStage#Stage1#::Stage#Stage2Param#::fwdFlowStore#8#ffffffff/4@0256a9r6 with 1 rows and digest 6683c6d2bvnnf05pudj1326nm35.
[2026-01-21 06:10:59] (5s) Starting to evaluate predicate project#DataFlowImpl#6ed98661::Impl#DataFlowImpl1#bece54ca::Config#::MkStage#Stage1#::Stage#Stage2Param#::fwdFlowStore#8#ffffffff_2013#join_rhs/4@107281kf
[2026-01-21 06:10:59] (5s)  >>> Created relation project#DataFlowImpl#6ed98661::Impl#DataFlowImpl1#bece54ca::Config#::MkStage#Stage1#::Stage#Stage2Param#::fwdFlowStore#8#ffffffff_2013#join_rhs/4@107281kf with 1 rows and digest f66040f6gtpkk2mv4j3esh1qa30.
[2026-01-21 06:10:59] (5s) Starting to evaluate predicate DataFlowImpl#6ed98661::Impl#DataFlowImpl1#bece54ca::Config#::MkStage#Stage1#::Stage#Stage2Param#::storeStepFwd#5#fffff/5@e2b4ac5j
[2026-01-21 06:10:59] (5s)  >>> Created relation DataFlowImpl#6ed98661::Impl#DataFlowImpl1#bece54ca::Config#::MkStage#Stage1#::Stage#Stage2Param#::storeStepFwd#5#fffff/5@e2b4ac5j with 1 rows and digest 0ab42cuc1cv9sh54a5ggrq6chi6.
[2026-01-21 06:10:59] (5s) Starting to evaluate predicate DataFlowImpl#6ed98661::Impl#DataFlowImpl1#bece54ca::Config#::MkStage#Stage1#::Stage#Stage2Param#::storeStepFwd#5#fffff_20134#join_rhs/5@0f225051
[2026-01-21 06:10:59] (5s)  >>> Created relation DataFlowImpl#6ed98661::Impl#DataFlowImpl1#bece54ca::Config#::MkStage#Stage1#::Stage#Stage2Param#::storeStepFwd#5#fffff_20134#join_rhs/5@0f225051 with 1 rows and digest 6abf8f73hahug4hofv0q7vg1vp0.
[2026-01-21 06:10:59] (5s) Starting to evaluate predicate _DataFlowImpl#6ed98661::Impl#DataFlowImpl1#bece54ca::Config#::MkStage#Stage1#::Stage#Stage2Param#::s__#join_rhs/6@ad0ed5gc
[2026-01-21 06:10:59] (5s)  >>> Created relation _DataFlowImpl#6ed98661::Impl#DataFlowImpl1#bece54ca::Config#::MkStage#Stage1#::Stage#Stage2Param#::s__#join_rhs/6@ad0ed5gc with 1 rows and digest 9af0b96s6im8fvkrmj6q60pc11b.
[2026-01-21 06:10:59] (5s) Starting to evaluate predicate DataFlowImpl#6ed98661::Impl#DataFlowImpl1#bece54ca::Config#::MkStage#Stage1#::Stage#Stage2Param#::storeStepFwd#5#fffff_34012#join_rhs/5@0d4ecbqm
[2026-01-21 06:10:59] (5s)  >>> Created relation DataFlowImpl#6ed98661::Impl#DataFlowImpl1#bece54ca::Config#::MkStage#Stage1#::Stage#Stage2Param#::storeStepFwd#5#fffff_34012#join_rhs/5@0d4ecbqm with 1 rows and digest 1d8de923geh46jkdmk0s42fdrn1.
[2026-01-21 06:10:59] (5s) Starting to evaluate predicate DataFlowImpl#6ed98661::Impl#DataFlowImpl1#bece54ca::Config#::MkStage#Stage1#::Stage#Stage2Param#::revFlowConsCand#3#fff/3@i1#d24353wo (iteration 1)
[2026-01-21 06:10:59] (5s) Empty delta for DataFlowImpl#6ed98661::Impl#DataFlowImpl1#bece54ca::Config#::MkStage#Stage1#::Stage#Stage2Param#::revFlowConsCand#3#fff_delta (order for disjuncts: delta=<standard>).
[2026-01-21 06:10:59] (5s) Starting to evaluate predicate DataFlowImpl#6ed98661::Impl#DataFlowImpl1#bece54ca::Config#::MkStage#Stage1#::Stage#Stage2Param#::revFlowIsReturned#5#fffff#reorder_3_4_0_1_2/5@i1#d24352wo (iteration 1)
[2026-01-21 06:10:59] (5s) Empty delta for DataFlowImpl#6ed98661::Impl#DataFlowImpl1#bece54ca::Config#::MkStage#Stage1#::Stage#Stage2Param#::revFlowIsReturned#5#fffff#reorder_3_4_0_1_2_delta (order for disjuncts: delta=<standard>).
[2026-01-21 06:10:59] (5s) Starting to evaluate predicate DataFlowImpl#6ed98661::Impl#DataFlowImpl1#bece54ca::Config#::MkStage#Stage1#::Stage#Stage2Param#::revFlowParamToReturn#5#fffff#reorder_2_3_0_1_4/5@i1#d24351wo (iteration 1)
[2026-01-21 06:10:59] (5s) Empty delta for DataFlowImpl#6ed98661::Impl#DataFlowImpl1#bece54ca::Config#::MkStage#Stage1#::Stage#Stage2Param#::revFlowParamToReturn#5#fffff#reorder_2_3_0_1_4_delta (order for disjuncts: delta=<standard>).
[2026-01-21 06:10:59] (5s) Starting to evaluate predicate DataFlowImpl#6ed98661::Impl#DataFlowImpl1#bece54ca::Config#::MkStage#Stage1#::Stage#Stage2Param#::revFlowOut#7#fffffff/7@i1#d24350wo (iteration 1)
[2026-01-21 06:10:59] (5s) Empty delta for DataFlowImpl#6ed98661::Impl#DataFlowImpl1#bece54ca::Config#::MkStage#Stage1#::Stage#Stage2Param#::revFlowOut#7#fffffff_delta (order for disjuncts: delta=<standard>).
[2026-01-21 06:10:59] (5s) Starting to evaluate predicate DataFlowImpl#6ed98661::Impl#DataFlowImpl1#bece54ca::Config#::MkStage#Stage1#::Stage#Stage2Param#::revFlowThrough#8#ffffffff/8@i1#d2435z5o (iteration 1)
[2026-01-21 06:10:59] (5s) Empty delta for DataFlowImpl#6ed98661::Impl#DataFlowImpl1#bece54ca::Config#::MkStage#Stage1#::Stage#Stage2Param#::revFlowThrough#8#ffffffff_delta (order for disjuncts: delta=<standard>).
[2026-01-21 06:10:59] (5s) Starting to evaluate predicate DataFlowImpl#6ed98661::Impl#DataFlowImpl1#bece54ca::Config#::MkStage#Stage1#::Stage#Stage2Param#::revFlowStore#9#fffffffff/9@i1#d2435y5o (iteration 1)
[2026-01-21 06:10:59] (5s) Empty delta for DataFlowImpl#6ed98661::Impl#DataFlowImpl1#bece54ca::Config#::MkStage#Stage1#::Stage#Stage2Param#::revFlowStore#9#fffffffff_delta (order for disjuncts: delta=<standard>).
[2026-01-21 06:10:59] (5s) Starting to evaluate predicate DataFlowImpl#6ed98661::Impl#DataFlowImpl1#bece54ca::Config#::MkStage#Stage1#::Stage#Stage2Param#::revFlow#5#fffff/5@i1#d2435x5o (iteration 1)
[2026-01-21 06:10:59] (5s) Empty delta for DataFlowImpl#6ed98661::Impl#DataFlowImpl1#bece54ca::Config#::MkStage#Stage1#::Stage#Stage2Param#::revFlow#5#fffff_delta (order for disjuncts: delta=<standard>).
[2026-01-21 06:10:59] (5s) Starting to evaluate predicate DataFlowImpl#6ed98661::Impl#DataFlowImpl1#bece54ca::Config#::MkStage#Stage1#::Stage#Stage2Param#::revFlow0#5#fffff/5@i1#d2435w5o (iteration 1)
[2026-01-21 06:10:59] (5s) 			 - DataFlowImpl#6ed98661::Impl#DataFlowImpl1#bece54ca::Config#::MkStage#Stage1#::Stage#Stage2Param#::revFlow0#5#fffff_delta has 13 rows (order for disjuncts: delta=<standard>).
[2026-01-21 06:10:59] (5s) Empty delta for DataFlowImpl#6ed98661::Impl#DataFlowImpl1#bece54ca::Config#::MkStage#Stage1#::Stage#Stage2Param#::revFlowConsCand#3#fff_delta (order for disjuncts: delta=<standard>).
[2026-01-21 06:10:59] (5s) Empty delta for DataFlowImpl#6ed98661::Impl#DataFlowImpl1#bece54ca::Config#::MkStage#Stage1#::Stage#Stage2Param#::revFlowIsReturned#5#fffff#reorder_3_4_0_1_2_delta (order for disjuncts: delta=<standard>).
[2026-01-21 06:10:59] (5s) Empty delta for DataFlowImpl#6ed98661::Impl#DataFlowImpl1#bece54ca::Config#::MkStage#Stage1#::Stage#Stage2Param#::revFlowParamToReturn#5#fffff#reorder_2_3_0_1_4_delta (order for disjuncts: delta=<standard>).
[2026-01-21 06:10:59] (5s) Empty delta for DataFlowImpl#6ed98661::Impl#DataFlowImpl1#bece54ca::Config#::MkStage#Stage1#::Stage#Stage2Param#::revFlowOut#7#fffffff_delta (order for disjuncts: delta=<standard>).
[2026-01-21 06:10:59] (5s) Empty delta for DataFlowImpl#6ed98661::Impl#DataFlowImpl1#bece54ca::Config#::MkStage#Stage1#::Stage#Stage2Param#::revFlowThrough#8#ffffffff_delta (order for disjuncts: delta=<standard>).
[2026-01-21 06:10:59] (5s) Empty delta for DataFlowImpl#6ed98661::Impl#DataFlowImpl1#bece54ca::Config#::MkStage#Stage1#::Stage#Stage2Param#::revFlowStore#9#fffffffff_delta (order for disjuncts: delta=<standard>).
[2026-01-21 06:10:59] (5s) Starting to evaluate predicate DataFlowImpl#6ed98661::Impl#DataFlowImpl1#bece54ca::Config#::MkStage#Stage1#::Stage#Stage2Param#::revFlow#5#fffff/5@i2#d2435x5o (iteration 2)
[2026-01-21 06:10:59] (5s) 			 - DataFlowImpl#6ed98661::Impl#DataFlowImpl1#bece54ca::Config#::MkStage#Stage1#::Stage#Stage2Param#::revFlow#5#fffff_delta has 13 rows (order for disjuncts: delta=500000).
[2026-01-21 06:10:59] (5s) Empty delta for DataFlowImpl#6ed98661::Impl#DataFlowImpl1#bece54ca::Config#::MkStage#Stage1#::Stage#Stage2Param#::revFlow0#5#fffff_delta (order for disjuncts: delta=<standard>).
[2026-01-21 06:10:59] (5s) Starting to evaluate predicate DataFlowImpl#6ed98661::Impl#DataFlowImpl1#bece54ca::Config#::MkStage#Stage1#::Stage#Stage2Param#::revFlowConsCand#3#fff/3@i3#d24353wo (iteration 3)
[2026-01-21 06:10:59] (5s) 			 - DataFlowImpl#6ed98661::Impl#DataFlowImpl1#bece54ca::Config#::MkStage#Stage1#::Stage#Stage2Param#::revFlowConsCand#3#fff_delta has 1 rows (order for disjuncts: delta=<standard>).
[2026-01-21 06:10:59] (5s) Empty delta for DataFlowImpl#6ed98661::Impl#DataFlowImpl1#bece54ca::Config#::MkStage#Stage1#::Stage#Stage2Param#::revFlowIsReturned#5#fffff#reorder_3_4_0_1_2_delta (order for disjuncts: delta=<standard>).
[2026-01-21 06:10:59] (5s) Starting to evaluate predicate DataFlowImpl#6ed98661::Impl#DataFlowImpl1#bece54ca::Config#::MkStage#Stage1#::Stage#Stage2Param#::revFlowParamToReturn#5#fffff#reorder_2_3_0_1_4/5@i3#d24351wo (iteration 3)
[2026-01-21 06:10:59] (5s) Empty delta for DataFlowImpl#6ed98661::Impl#DataFlowImpl1#bece54ca::Config#::MkStage#Stage1#::Stage#Stage2Param#::revFlowParamToReturn#5#fffff#reorder_2_3_0_1_4_delta (order for disjuncts: delta=500000).
[2026-01-21 06:10:59] (5s) Starting to evaluate predicate DataFlowImpl#6ed98661::Impl#DataFlowImpl1#bece54ca::Config#::MkStage#Stage1#::Stage#Stage2Param#::revFlowOut#7#fffffff/7@i3#d24350wo (iteration 3)
[2026-01-21 06:10:59] (5s) Empty delta for DataFlowImpl#6ed98661::Impl#DataFlowImpl1#bece54ca::Config#::MkStage#Stage1#::Stage#Stage2Param#::revFlowOut#7#fffffff_delta (order for disjuncts: delta=500000).
[2026-01-21 06:10:59] (5s) Empty delta for DataFlowImpl#6ed98661::Impl#DataFlowImpl1#bece54ca::Config#::MkStage#Stage1#::Stage#Stage2Param#::revFlowThrough#8#ffffffff_delta (order for disjuncts: delta=<standard>).
[2026-01-21 06:10:59] (5s) Starting to evaluate predicate DataFlowImpl#6ed98661::Impl#DataFlowImpl1#bece54ca::Config#::MkStage#Stage1#::Stage#Stage2Param#::revFlowStore#9#fffffffff/9@i3#d2435y5o (iteration 3)
[2026-01-21 06:10:59] (5s) Empty delta for DataFlowImpl#6ed98661::Impl#DataFlowImpl1#bece54ca::Config#::MkStage#Stage1#::Stage#Stage2Param#::revFlowStore#9#fffffffff_delta (order for disjuncts: delta=500000).
[2026-01-21 06:10:59] (5s) Empty delta for DataFlowImpl#6ed98661::Impl#DataFlowImpl1#bece54ca::Config#::MkStage#Stage1#::Stage#Stage2Param#::revFlow#5#fffff_delta (order for disjuncts: delta=500000).
[2026-01-21 06:10:59] (5s) Starting to evaluate predicate DataFlowImpl#6ed98661::Impl#DataFlowImpl1#bece54ca::Config#::MkStage#Stage1#::Stage#Stage2Param#::revFlow0#5#fffff/5@i3#d2435w5o (iteration 3)
[2026-01-21 06:10:59] (5s) 			 - DataFlowImpl#6ed98661::Impl#DataFlowImpl1#bece54ca::Config#::MkStage#Stage1#::Stage#Stage2Param#::revFlow0#5#fffff_delta has 14 rows (order for disjuncts: delta=500000).
[2026-01-21 06:10:59] (5s) Empty delta for DataFlowImpl#6ed98661::Impl#DataFlowImpl1#bece54ca::Config#::MkStage#Stage1#::Stage#Stage2Param#::revFlowConsCand#3#fff_delta (order for disjuncts: delta=<standard>).
[2026-01-21 06:10:59] (5s) Empty delta for DataFlowImpl#6ed98661::Impl#DataFlowImpl1#bece54ca::Config#::MkStage#Stage1#::Stage#Stage2Param#::revFlowIsReturned#5#fffff#reorder_3_4_0_1_2_delta (order for disjuncts: delta=<standard>).
[2026-01-21 06:10:59] (5s) Empty delta for DataFlowImpl#6ed98661::Impl#DataFlowImpl1#bece54ca::Config#::MkStage#Stage1#::Stage#Stage2Param#::revFlowParamToReturn#5#fffff#reorder_2_3_0_1_4_delta (order for disjuncts: delta=500000).
[2026-01-21 06:10:59] (5s) Empty delta for DataFlowImpl#6ed98661::Impl#DataFlowImpl1#bece54ca::Config#::MkStage#Stage1#::Stage#Stage2Param#::revFlowOut#7#fffffff_delta (order for disjuncts: delta=500000).
[2026-01-21 06:10:59] (5s) Empty delta for DataFlowImpl#6ed98661::Impl#DataFlowImpl1#bece54ca::Config#::MkStage#Stage1#::Stage#Stage2Param#::revFlowThrough#8#ffffffff_delta (order for disjuncts: delta=<standard>).
[2026-01-21 06:10:59] (5s) Empty delta for DataFlowImpl#6ed98661::Impl#DataFlowImpl1#bece54ca::Config#::MkStage#Stage1#::Stage#Stage2Param#::revFlowStore#9#fffffffff_delta (order for disjuncts: delta=500000).
[2026-01-21 06:10:59] (5s) Starting to evaluate predicate DataFlowImpl#6ed98661::Impl#DataFlowImpl1#bece54ca::Config#::MkStage#Stage1#::Stage#Stage2Param#::revFlow#5#fffff/5@i4#d2435x5o (iteration 4)
[2026-01-21 06:10:59] (5s) 			 - DataFlowImpl#6ed98661::Impl#DataFlowImpl1#bece54ca::Config#::MkStage#Stage1#::Stage#Stage2Param#::revFlow#5#fffff_delta has 10 rows (order for disjuncts: delta=500000).
[2026-01-21 06:10:59] (5s) Starting to evaluate predicate DataFlowImpl#6ed98661::Impl#DataFlowImpl1#bece54ca::Config#::MkStage#Stage1#::Stage#Stage2Param#::revFlow0#5#fffff/5@i4#d2435w5o (iteration 4)
[2026-01-21 06:10:59] (5s) Empty delta for DataFlowImpl#6ed98661::Impl#DataFlowImpl1#bece54ca::Config#::MkStage#Stage1#::Stage#Stage2Param#::revFlow0#5#fffff_delta (order for disjuncts: delta=500000).
[2026-01-21 06:10:59] (5s) Starting to evaluate predicate DataFlowImpl#6ed98661::Impl#DataFlowImpl1#bece54ca::Config#::MkStage#Stage1#::Stage#Stage2Param#::revFlowConsCand#3#fff/3@i5#d24353wo (iteration 5)
[2026-01-21 06:10:59] (5s) Empty delta for DataFlowImpl#6ed98661::Impl#DataFlowImpl1#bece54ca::Config#::MkStage#Stage1#::Stage#Stage2Param#::revFlowConsCand#3#fff_delta (order for disjuncts: delta=<standard>).
[2026-01-21 06:10:59] (5s) Empty delta for DataFlowImpl#6ed98661::Impl#DataFlowImpl1#bece54ca::Config#::MkStage#Stage1#::Stage#Stage2Param#::revFlowIsReturned#5#fffff#reorder_3_4_0_1_2_delta (order for disjuncts: delta=<standard>).
[2026-01-21 06:10:59] (5s) Starting to evaluate predicate DataFlowImpl#6ed98661::Impl#DataFlowImpl1#bece54ca::Config#::MkStage#Stage1#::Stage#Stage2Param#::revFlowParamToReturn#5#fffff#reorder_2_3_0_1_4/5@i5#d24351wo (iteration 5)
[2026-01-21 06:10:59] (5s) Empty delta for DataFlowImpl#6ed98661::Impl#DataFlowImpl1#bece54ca::Config#::MkStage#Stage1#::Stage#Stage2Param#::revFlowParamToReturn#5#fffff#reorder_2_3_0_1_4_delta (order for disjuncts: delta=500000).
[2026-01-21 06:10:59] (5s) Starting to evaluate predicate DataFlowImpl#6ed98661::Impl#DataFlowImpl1#bece54ca::Config#::MkStage#Stage1#::Stage#Stage2Param#::revFlowOut#7#fffffff/7@i5#d24350wo (iteration 5)
[2026-01-21 06:10:59] (5s) Empty delta for DataFlowImpl#6ed98661::Impl#DataFlowImpl1#bece54ca::Config#::MkStage#Stage1#::Stage#Stage2Param#::revFlowOut#7#fffffff_delta (order for disjuncts: delta=500000).
[2026-01-21 06:10:59] (5s) Empty delta for DataFlowImpl#6ed98661::Impl#DataFlowImpl1#bece54ca::Config#::MkStage#Stage1#::Stage#Stage2Param#::revFlowThrough#8#ffffffff_delta (order for disjuncts: delta=<standard>).
[2026-01-21 06:10:59] (5s) Starting to evaluate predicate DataFlowImpl#6ed98661::Impl#DataFlowImpl1#bece54ca::Config#::MkStage#Stage1#::Stage#Stage2Param#::revFlowStore#9#fffffffff/9@i5#d2435y5o (iteration 5)
[2026-01-21 06:10:59] (5s) Empty delta for DataFlowImpl#6ed98661::Impl#DataFlowImpl1#bece54ca::Config#::MkStage#Stage1#::Stage#Stage2Param#::revFlowStore#9#fffffffff_delta (order for disjuncts: delta=500000).
[2026-01-21 06:10:59] (5s) Empty delta for DataFlowImpl#6ed98661::Impl#DataFlowImpl1#bece54ca::Config#::MkStage#Stage1#::Stage#Stage2Param#::revFlow#5#fffff_delta (order for disjuncts: delta=500000).
[2026-01-21 06:10:59] (5s) Starting to evaluate predicate DataFlowImpl#6ed98661::Impl#DataFlowImpl1#bece54ca::Config#::MkStage#Stage1#::Stage#Stage2Param#::revFlow0#5#fffff/5@i5#d2435w5o (iteration 5)
[2026-01-21 06:10:59] (5s) 			 - DataFlowImpl#6ed98661::Impl#DataFlowImpl1#bece54ca::Config#::MkStage#Stage1#::Stage#Stage2Param#::revFlow0#5#fffff_delta has 20 rows (order for disjuncts: delta=500000).
[2026-01-21 06:10:59] (5s) Empty delta for DataFlowImpl#6ed98661::Impl#DataFlowImpl1#bece54ca::Config#::MkStage#Stage1#::Stage#Stage2Param#::revFlowConsCand#3#fff_delta (order for disjuncts: delta=<standard>).
[2026-01-21 06:10:59] (5s) Empty delta for DataFlowImpl#6ed98661::Impl#DataFlowImpl1#bece54ca::Config#::MkStage#Stage1#::Stage#Stage2Param#::revFlowIsReturned#5#fffff#reorder_3_4_0_1_2_delta (order for disjuncts: delta=<standard>).
[2026-01-21 06:10:59] (5s) Empty delta for DataFlowImpl#6ed98661::Impl#DataFlowImpl1#bece54ca::Config#::MkStage#Stage1#::Stage#Stage2Param#::revFlowParamToReturn#5#fffff#reorder_2_3_0_1_4_delta (order for disjuncts: delta=500000).
[2026-01-21 06:10:59] (5s) Empty delta for DataFlowImpl#6ed98661::Impl#DataFlowImpl1#bece54ca::Config#::MkStage#Stage1#::Stage#Stage2Param#::revFlowOut#7#fffffff_delta (order for disjuncts: delta=500000).
[2026-01-21 06:10:59] (5s) Empty delta for DataFlowImpl#6ed98661::Impl#DataFlowImpl1#bece54ca::Config#::MkStage#Stage1#::Stage#Stage2Param#::revFlowThrough#8#ffffffff_delta (order for disjuncts: delta=<standard>).
[2026-01-21 06:10:59] (5s) Empty delta for DataFlowImpl#6ed98661::Impl#DataFlowImpl1#bece54ca::Config#::MkStage#Stage1#::Stage#Stage2Param#::revFlowStore#9#fffffffff_delta (order for disjuncts: delta=500000).
[2026-01-21 06:10:59] (5s) Starting to evaluate predicate DataFlowImpl#6ed98661::Impl#DataFlowImpl1#bece54ca::Config#::MkStage#Stage1#::Stage#Stage2Param#::revFlow#5#fffff/5@i6#d2435x5o (iteration 6)
[2026-01-21 06:10:59] (5s) 			 - DataFlowImpl#6ed98661::Impl#DataFlowImpl1#bece54ca::Config#::MkStage#Stage1#::Stage#Stage2Param#::revFlow#5#fffff_delta has 12 rows (order for disjuncts: delta=500000).
[2026-01-21 06:10:59] (5s) Empty delta for DataFlowImpl#6ed98661::Impl#DataFlowImpl1#bece54ca::Config#::MkStage#Stage1#::Stage#Stage2Param#::revFlow0#5#fffff_delta (order for disjuncts: delta=500000).
[2026-01-21 06:10:59] (5s) Starting to evaluate predicate DataFlowImpl#6ed98661::Impl#DataFlowImpl1#bece54ca::Config#::MkStage#Stage1#::Stage#Stage2Param#::revFlowConsCand#3#fff/3@i7#d24353wo (iteration 7)
[2026-01-21 06:10:59] (5s) Empty delta for DataFlowImpl#6ed98661::Impl#DataFlowImpl1#bece54ca::Config#::MkStage#Stage1#::Stage#Stage2Param#::revFlowConsCand#3#fff_delta (order for disjuncts: delta=<standard>).
[2026-01-21 06:10:59] (5s) Empty delta for DataFlowImpl#6ed98661::Impl#DataFlowImpl1#bece54ca::Config#::MkStage#Stage1#::Stage#Stage2Param#::revFlowIsReturned#5#fffff#reorder_3_4_0_1_2_delta (order for disjuncts: delta=<standard>).
[2026-01-21 06:10:59] (5s) Starting to evaluate predicate DataFlowImpl#6ed98661::Impl#DataFlowImpl1#bece54ca::Config#::MkStage#Stage1#::Stage#Stage2Param#::revFlowParamToReturn#5#fffff#reorder_2_3_0_1_4/5@i7#d24351wo (iteration 7)
[2026-01-21 06:10:59] (5s) Empty delta for DataFlowImpl#6ed98661::Impl#DataFlowImpl1#bece54ca::Config#::MkStage#Stage1#::Stage#Stage2Param#::revFlowParamToReturn#5#fffff#reorder_2_3_0_1_4_delta (order for disjuncts: delta=500000).
[2026-01-21 06:10:59] (5s) Starting to evaluate predicate DataFlowImpl#6ed98661::Impl#DataFlowImpl1#bece54ca::Config#::MkStage#Stage1#::Stage#Stage2Param#::revFlowOut#7#fffffff/7@i7#d24350wo (iteration 7)
[2026-01-21 06:10:59] (5s) Empty delta for DataFlowImpl#6ed98661::Impl#DataFlowImpl1#bece54ca::Config#::MkStage#Stage1#::Stage#Stage2Param#::revFlowOut#7#fffffff_delta (order for disjuncts: delta=500000).
[2026-01-21 06:10:59] (5s) Empty delta for DataFlowImpl#6ed98661::Impl#DataFlowImpl1#bece54ca::Config#::MkStage#Stage1#::Stage#Stage2Param#::revFlowThrough#8#ffffffff_delta (order for disjuncts: delta=<standard>).
[2026-01-21 06:10:59] (5s) Starting to evaluate predicate DataFlowImpl#6ed98661::Impl#DataFlowImpl1#bece54ca::Config#::MkStage#Stage1#::Stage#Stage2Param#::revFlowStore#9#fffffffff/9@i7#d2435y5o (iteration 7)
[2026-01-21 06:10:59] (5s) Empty delta for DataFlowImpl#6ed98661::Impl#DataFlowImpl1#bece54ca::Config#::MkStage#Stage1#::Stage#Stage2Param#::revFlowStore#9#fffffffff_delta (order for disjuncts: delta=500000).
[2026-01-21 06:10:59] (5s) Empty delta for DataFlowImpl#6ed98661::Impl#DataFlowImpl1#bece54ca::Config#::MkStage#Stage1#::Stage#Stage2Param#::revFlow#5#fffff_delta (order for disjuncts: delta=500000).
[2026-01-21 06:10:59] (5s) Starting to evaluate predicate DataFlowImpl#6ed98661::Impl#DataFlowImpl1#bece54ca::Config#::MkStage#Stage1#::Stage#Stage2Param#::revFlow0#5#fffff/5@i7#d2435w5o (iteration 7)
[2026-01-21 06:10:59] (5s) 			 - DataFlowImpl#6ed98661::Impl#DataFlowImpl1#bece54ca::Config#::MkStage#Stage1#::Stage#Stage2Param#::revFlow0#5#fffff_delta has 10 rows (order for disjuncts: delta=500000).
[2026-01-21 06:10:59] (5s) Empty delta for DataFlowImpl#6ed98661::Impl#DataFlowImpl1#bece54ca::Config#::MkStage#Stage1#::Stage#Stage2Param#::revFlowConsCand#3#fff_delta (order for disjuncts: delta=<standard>).
[2026-01-21 06:10:59] (5s) Empty delta for DataFlowImpl#6ed98661::Impl#DataFlowImpl1#bece54ca::Config#::MkStage#Stage1#::Stage#Stage2Param#::revFlowIsReturned#5#fffff#reorder_3_4_0_1_2_delta (order for disjuncts: delta=<standard>).
[2026-01-21 06:10:59] (5s) Empty delta for DataFlowImpl#6ed98661::Impl#DataFlowImpl1#bece54ca::Config#::MkStage#Stage1#::Stage#Stage2Param#::revFlowParamToReturn#5#fffff#reorder_2_3_0_1_4_delta (order for disjuncts: delta=500000).
[2026-01-21 06:10:59] (5s) Empty delta for DataFlowImpl#6ed98661::Impl#DataFlowImpl1#bece54ca::Config#::MkStage#Stage1#::Stage#Stage2Param#::revFlowOut#7#fffffff_delta (order for disjuncts: delta=500000).
[2026-01-21 06:10:59] (5s) Empty delta for DataFlowImpl#6ed98661::Impl#DataFlowImpl1#bece54ca::Config#::MkStage#Stage1#::Stage#Stage2Param#::revFlowThrough#8#ffffffff_delta (order for disjuncts: delta=<standard>).
[2026-01-21 06:10:59] (5s) Empty delta for DataFlowImpl#6ed98661::Impl#DataFlowImpl1#bece54ca::Config#::MkStage#Stage1#::Stage#Stage2Param#::revFlowStore#9#fffffffff_delta (order for disjuncts: delta=500000).
[2026-01-21 06:10:59] (5s) Starting to evaluate predicate DataFlowImpl#6ed98661::Impl#DataFlowImpl1#bece54ca::Config#::MkStage#Stage1#::Stage#Stage2Param#::revFlow#5#fffff/5@i8#d2435x5o (iteration 8)
[2026-01-21 06:10:59] (5s) 			 - DataFlowImpl#6ed98661::Impl#DataFlowImpl1#bece54ca::Config#::MkStage#Stage1#::Stage#Stage2Param#::revFlow#5#fffff_delta has 3 rows (order for disjuncts: delta=500000).
[2026-01-21 06:10:59] (5s) Empty delta for DataFlowImpl#6ed98661::Impl#DataFlowImpl1#bece54ca::Config#::MkStage#Stage1#::Stage#Stage2Param#::revFlow0#5#fffff_delta (order for disjuncts: delta=500000).
[2026-01-21 06:10:59] (5s) Starting to evaluate predicate DataFlowImpl#6ed98661::Impl#DataFlowImpl1#bece54ca::Config#::MkStage#Stage1#::Stage#Stage2Param#::revFlowConsCand#3#fff/3@i9#d24353wo (iteration 9)
[2026-01-21 06:10:59] (5s) Empty delta for DataFlowImpl#6ed98661::Impl#DataFlowImpl1#bece54ca::Config#::MkStage#Stage1#::Stage#Stage2Param#::revFlowConsCand#3#fff_delta (order for disjuncts: delta=<standard>).
[2026-01-21 06:10:59] (5s) Empty delta for DataFlowImpl#6ed98661::Impl#DataFlowImpl1#bece54ca::Config#::MkStage#Stage1#::Stage#Stage2Param#::revFlowIsReturned#5#fffff#reorder_3_4_0_1_2_delta (order for disjuncts: delta=<standard>).
[2026-01-21 06:10:59] (5s) Starting to evaluate predicate DataFlowImpl#6ed98661::Impl#DataFlowImpl1#bece54ca::Config#::MkStage#Stage1#::Stage#Stage2Param#::revFlowParamToReturn#5#fffff#reorder_2_3_0_1_4/5@i9#d24351wo (iteration 9)
[2026-01-21 06:10:59] (5s) Empty delta for DataFlowImpl#6ed98661::Impl#DataFlowImpl1#bece54ca::Config#::MkStage#Stage1#::Stage#Stage2Param#::revFlowParamToReturn#5#fffff#reorder_2_3_0_1_4_delta (order for disjuncts: delta=500000).
[2026-01-21 06:10:59] (5s) Starting to evaluate predicate DataFlowImpl#6ed98661::Impl#DataFlowImpl1#bece54ca::Config#::MkStage#Stage1#::Stage#Stage2Param#::revFlowOut#7#fffffff/7@i9#d24350wo (iteration 9)
[2026-01-21 06:10:59] (5s) Empty delta for DataFlowImpl#6ed98661::Impl#DataFlowImpl1#bece54ca::Config#::MkStage#Stage1#::Stage#Stage2Param#::revFlowOut#7#fffffff_delta (order for disjuncts: delta=500000).
[2026-01-21 06:10:59] (5s) Empty delta for DataFlowImpl#6ed98661::Impl#DataFlowImpl1#bece54ca::Config#::MkStage#Stage1#::Stage#Stage2Param#::revFlowThrough#8#ffffffff_delta (order for disjuncts: delta=<standard>).
[2026-01-21 06:10:59] (5s) Starting to evaluate predicate DataFlowImpl#6ed98661::Impl#DataFlowImpl1#bece54ca::Config#::MkStage#Stage1#::Stage#Stage2Param#::revFlowStore#9#fffffffff/9@i9#d2435y5o (iteration 9)
[2026-01-21 06:10:59] (5s) 			 - DataFlowImpl#6ed98661::Impl#DataFlowImpl1#bece54ca::Config#::MkStage#Stage1#::Stage#Stage2Param#::revFlowStore#9#fffffffff_delta has 1 rows (order for disjuncts: delta=500000).
[2026-01-21 06:10:59] (5s) Empty delta for DataFlowImpl#6ed98661::Impl#DataFlowImpl1#bece54ca::Config#::MkStage#Stage1#::Stage#Stage2Param#::revFlow#5#fffff_delta (order for disjuncts: delta=500000).
[2026-01-21 06:10:59] (5s) Starting to evaluate predicate DataFlowImpl#6ed98661::Impl#DataFlowImpl1#bece54ca::Config#::MkStage#Stage1#::Stage#Stage2Param#::revFlow0#5#fffff/5@i9#d2435w5o (iteration 9)
[2026-01-21 06:10:59] (5s) 			 - DataFlowImpl#6ed98661::Impl#DataFlowImpl1#bece54ca::Config#::MkStage#Stage1#::Stage#Stage2Param#::revFlow0#5#fffff_delta has 8 rows (order for disjuncts: delta=500000).
[2026-01-21 06:10:59] (5s) Empty delta for DataFlowImpl#6ed98661::Impl#DataFlowImpl1#bece54ca::Config#::MkStage#Stage1#::Stage#Stage2Param#::revFlowConsCand#3#fff_delta (order for disjuncts: delta=<standard>).
[2026-01-21 06:10:59] (5s) Empty delta for DataFlowImpl#6ed98661::Impl#DataFlowImpl1#bece54ca::Config#::MkStage#Stage1#::Stage#Stage2Param#::revFlowIsReturned#5#fffff#reorder_3_4_0_1_2_delta (order for disjuncts: delta=<standard>).
[2026-01-21 06:10:59] (5s) Empty delta for DataFlowImpl#6ed98661::Impl#DataFlowImpl1#bece54ca::Config#::MkStage#Stage1#::Stage#Stage2Param#::revFlowParamToReturn#5#fffff#reorder_2_3_0_1_4_delta (order for disjuncts: delta=500000).
[2026-01-21 06:10:59] (5s) Empty delta for DataFlowImpl#6ed98661::Impl#DataFlowImpl1#bece54ca::Config#::MkStage#Stage1#::Stage#Stage2Param#::revFlowOut#7#fffffff_delta (order for disjuncts: delta=500000).
[2026-01-21 06:10:59] (5s) Empty delta for DataFlowImpl#6ed98661::Impl#DataFlowImpl1#bece54ca::Config#::MkStage#Stage1#::Stage#Stage2Param#::revFlowThrough#8#ffffffff_delta (order for disjuncts: delta=<standard>).
[2026-01-21 06:10:59] (5s) Empty delta for DataFlowImpl#6ed98661::Impl#DataFlowImpl1#bece54ca::Config#::MkStage#Stage1#::Stage#Stage2Param#::revFlowStore#9#fffffffff_delta (order for disjuncts: delta=500000).
[2026-01-21 06:10:59] (5s) Starting to evaluate predicate DataFlowImpl#6ed98661::Impl#DataFlowImpl1#bece54ca::Config#::MkStage#Stage1#::Stage#Stage2Param#::revFlow#5#fffff/5@i10#d2435x5o (iteration 10)
[2026-01-21 06:10:59] (5s) 			 - DataFlowImpl#6ed98661::Impl#DataFlowImpl1#bece54ca::Config#::MkStage#Stage1#::Stage#Stage2Param#::revFlow#5#fffff_delta has 8 rows (order for disjuncts: delta=500000).
[2026-01-21 06:10:59] (5s) Starting to evaluate predicate DataFlowImpl#6ed98661::Impl#DataFlowImpl1#bece54ca::Config#::MkStage#Stage1#::Stage#Stage2Param#::revFlow0#5#fffff/5@i10#d2435w5o (iteration 10)
[2026-01-21 06:10:59] (5s) 			 - DataFlowImpl#6ed98661::Impl#DataFlowImpl1#bece54ca::Config#::MkStage#Stage1#::Stage#Stage2Param#::revFlow0#5#fffff_delta has 1 rows (order for disjuncts: delta=500000).
[2026-01-21 06:10:59] (5s) Starting to evaluate predicate DataFlowImpl#6ed98661::Impl#DataFlowImpl1#bece54ca::Config#::MkStage#Stage1#::Stage#Stage2Param#::revFlowConsCand#3#fff/3@i11#d24353wo (iteration 11)
[2026-01-21 06:10:59] (5s) Empty delta for DataFlowImpl#6ed98661::Impl#DataFlowImpl1#bece54ca::Config#::MkStage#Stage1#::Stage#Stage2Param#::revFlowConsCand#3#fff_delta (order for disjuncts: delta=<standard>).
[2026-01-21 06:10:59] (5s) Empty delta for DataFlowImpl#6ed98661::Impl#DataFlowImpl1#bece54ca::Config#::MkStage#Stage1#::Stage#Stage2Param#::revFlowIsReturned#5#fffff#reorder_3_4_0_1_2_delta (order for disjuncts: delta=<standard>).
[2026-01-21 06:10:59] (5s) Starting to evaluate predicate DataFlowImpl#6ed98661::Impl#DataFlowImpl1#bece54ca::Config#::MkStage#Stage1#::Stage#Stage2Param#::revFlowParamToReturn#5#fffff#reorder_2_3_0_1_4/5@i11#d24351wo (iteration 11)
[2026-01-21 06:10:59] (5s) Empty delta for DataFlowImpl#6ed98661::Impl#DataFlowImpl1#bece54ca::Config#::MkStage#Stage1#::Stage#Stage2Param#::revFlowParamToReturn#5#fffff#reorder_2_3_0_1_4_delta (order for disjuncts: delta=500000).
[2026-01-21 06:10:59] (5s) Starting to evaluate predicate DataFlowImpl#6ed98661::Impl#DataFlowImpl1#bece54ca::Config#::MkStage#Stage1#::Stage#Stage2Param#::revFlowOut#7#fffffff/7@i11#d24350wo (iteration 11)
[2026-01-21 06:10:59] (5s) Empty delta for DataFlowImpl#6ed98661::Impl#DataFlowImpl1#bece54ca::Config#::MkStage#Stage1#::Stage#Stage2Param#::revFlowOut#7#fffffff_delta (order for disjuncts: delta=500000).
[2026-01-21 06:10:59] (5s) Empty delta for DataFlowImpl#6ed98661::Impl#DataFlowImpl1#bece54ca::Config#::MkStage#Stage1#::Stage#Stage2Param#::revFlowThrough#8#ffffffff_delta (order for disjuncts: delta=<standard>).
[2026-01-21 06:10:59] (5s) Starting to evaluate predicate DataFlowImpl#6ed98661::Impl#DataFlowImpl1#bece54ca::Config#::MkStage#Stage1#::Stage#Stage2Param#::revFlowStore#9#fffffffff/9@i11#d2435y5o (iteration 11)
[2026-01-21 06:10:59] (5s) Empty delta for DataFlowImpl#6ed98661::Impl#DataFlowImpl1#bece54ca::Config#::MkStage#Stage1#::Stage#Stage2Param#::revFlowStore#9#fffffffff_delta (order for disjuncts: delta=500000).
[2026-01-21 06:10:59] (5s) Starting to evaluate predicate DataFlowImpl#6ed98661::Impl#DataFlowImpl1#bece54ca::Config#::MkStage#Stage1#::Stage#Stage2Param#::revFlow#5#fffff/5@i11#d2435x5o (iteration 11)
[2026-01-21 06:10:59] (5s) 			 - DataFlowImpl#6ed98661::Impl#DataFlowImpl1#bece54ca::Config#::MkStage#Stage1#::Stage#Stage2Param#::revFlow#5#fffff_delta has 1 rows (order for disjuncts: delta=500000).
[2026-01-21 06:10:59] (5s) Starting to evaluate predicate DataFlowImpl#6ed98661::Impl#DataFlowImpl1#bece54ca::Config#::MkStage#Stage1#::Stage#Stage2Param#::revFlow0#5#fffff/5@i11#d2435w5o (iteration 11)
[2026-01-21 06:10:59] (5s) 			 - DataFlowImpl#6ed98661::Impl#DataFlowImpl1#bece54ca::Config#::MkStage#Stage1#::Stage#Stage2Param#::revFlow0#5#fffff_delta has 3 rows (order for disjuncts: delta=500000).
[2026-01-21 06:10:59] (5s) Starting to evaluate predicate DataFlowImpl#6ed98661::Impl#DataFlowImpl1#bece54ca::Config#::MkStage#Stage1#::Stage#Stage2Param#::revFlowConsCand#3#fff/3@i12#d24353wo (iteration 12)
[2026-01-21 06:10:59] (5s) Empty delta for DataFlowImpl#6ed98661::Impl#DataFlowImpl1#bece54ca::Config#::MkStage#Stage1#::Stage#Stage2Param#::revFlowConsCand#3#fff_delta (order for disjuncts: delta=<standard>).
[2026-01-21 06:10:59] (5s) Empty delta for DataFlowImpl#6ed98661::Impl#DataFlowImpl1#bece54ca::Config#::MkStage#Stage1#::Stage#Stage2Param#::revFlowIsReturned#5#fffff#reorder_3_4_0_1_2_delta (order for disjuncts: delta=<standard>).
[2026-01-21 06:10:59] (5s) Starting to evaluate predicate DataFlowImpl#6ed98661::Impl#DataFlowImpl1#bece54ca::Config#::MkStage#Stage1#::Stage#Stage2Param#::revFlowParamToReturn#5#fffff#reorder_2_3_0_1_4/5@i12#d24351wo (iteration 12)
[2026-01-21 06:10:59] (5s) Empty delta for DataFlowImpl#6ed98661::Impl#DataFlowImpl1#bece54ca::Config#::MkStage#Stage1#::Stage#Stage2Param#::revFlowParamToReturn#5#fffff#reorder_2_3_0_1_4_delta (order for disjuncts: delta=500000).
[2026-01-21 06:10:59] (5s) Starting to evaluate predicate DataFlowImpl#6ed98661::Impl#DataFlowImpl1#bece54ca::Config#::MkStage#Stage1#::Stage#Stage2Param#::revFlowOut#7#fffffff/7@i12#d24350wo (iteration 12)
[2026-01-21 06:10:59] (5s) Empty delta for DataFlowImpl#6ed98661::Impl#DataFlowImpl1#bece54ca::Config#::MkStage#Stage1#::Stage#Stage2Param#::revFlowOut#7#fffffff_delta (order for disjuncts: delta=500000).
[2026-01-21 06:10:59] (5s) Empty delta for DataFlowImpl#6ed98661::Impl#DataFlowImpl1#bece54ca::Config#::MkStage#Stage1#::Stage#Stage2Param#::revFlowThrough#8#ffffffff_delta (order for disjuncts: delta=<standard>).
[2026-01-21 06:10:59] (5s) Starting to evaluate predicate DataFlowImpl#6ed98661::Impl#DataFlowImpl1#bece54ca::Config#::MkStage#Stage1#::Stage#Stage2Param#::revFlowStore#9#fffffffff/9@i12#d2435y5o (iteration 12)
[2026-01-21 06:10:59] (5s) Empty delta for DataFlowImpl#6ed98661::Impl#DataFlowImpl1#bece54ca::Config#::MkStage#Stage1#::Stage#Stage2Param#::revFlowStore#9#fffffffff_delta (order for disjuncts: delta=500000).
[2026-01-21 06:10:59] (5s) Starting to evaluate predicate DataFlowImpl#6ed98661::Impl#DataFlowImpl1#bece54ca::Config#::MkStage#Stage1#::Stage#Stage2Param#::revFlow#5#fffff/5@i12#d2435x5o (iteration 12)
[2026-01-21 06:10:59] (5s) Empty delta for DataFlowImpl#6ed98661::Impl#DataFlowImpl1#bece54ca::Config#::MkStage#Stage1#::Stage#Stage2Param#::revFlow#5#fffff_delta (order for disjuncts: delta=500000).
[2026-01-21 06:10:59] (5s) Starting to evaluate predicate DataFlowImpl#6ed98661::Impl#DataFlowImpl1#bece54ca::Config#::MkStage#Stage1#::Stage#Stage2Param#::revFlow0#5#fffff/5@i12#d2435w5o (iteration 12)
[2026-01-21 06:10:59] (5s) Empty delta for DataFlowImpl#6ed98661::Impl#DataFlowImpl1#bece54ca::Config#::MkStage#Stage1#::Stage#Stage2Param#::revFlow0#5#fffff_delta (order for disjuncts: delta=500000).
[2026-01-21 06:10:59] (5s) Accumulating deltas
[2026-01-21 06:10:59] (5s)  >>> Created relation DataFlowImpl#6ed98661::Impl#DataFlowImpl1#bece54ca::Config#::MkStage#Stage1#::Stage#Stage2Param#::revFlow0#5#fffff/5@d2435w5o with 69 rows and digest fc7d9eh02n0jq4bl26bs59sfu32.
[2026-01-21 06:10:59] (5s)  >>> Created relation DataFlowImpl#6ed98661::Impl#DataFlowImpl1#bece54ca::Config#::MkStage#Stage1#::Stage#Stage2Param#::revFlow#5#fffff/5@d2435x5o with 47 rows and digest 793ad06vd0ko0dpmu3dh6e9tci1.
[2026-01-21 06:10:59] (5s)  >>> Created relation DataFlowImpl#6ed98661::Impl#DataFlowImpl1#bece54ca::Config#::MkStage#Stage1#::Stage#Stage2Param#::revFlowStore#9#fffffffff/9@d2435y5o with 1 rows and digest f35e48qv4qmpdk36dto80bsso96.
[2026-01-21 06:10:59] (5s)  >>> Created relation DataFlowImpl#6ed98661::Impl#DataFlowImpl1#bece54ca::Config#::MkStage#Stage1#::Stage#Stage2Param#::revFlowThrough#8#ffffffff/8@d2435z5o with 0 rows and digest THIS-RELATION-HAS-NO-TUPLES.
[2026-01-21 06:10:59] (5s)  >>> Created relation DataFlowImpl#6ed98661::Impl#DataFlowImpl1#bece54ca::Config#::MkStage#Stage1#::Stage#Stage2Param#::revFlowOut#7#fffffff/7@d24350wo with 0 rows and digest THIS-RELATION-HAS-NO-TUPLES.
[2026-01-21 06:10:59] (5s)  >>> Created relation DataFlowImpl#6ed98661::Impl#DataFlowImpl1#bece54ca::Config#::MkStage#Stage1#::Stage#Stage2Param#::revFlowParamToReturn#5#fffff#reorder_2_3_0_1_4/5@d24351wo with 0 rows and digest THIS-RELATION-HAS-NO-TUPLES.
[2026-01-21 06:10:59] (5s)  >>> Created relation DataFlowImpl#6ed98661::Impl#DataFlowImpl1#bece54ca::Config#::MkStage#Stage1#::Stage#Stage2Param#::revFlowIsReturned#5#fffff#reorder_3_4_0_1_2/5@d24352wo with 0 rows and digest THIS-RELATION-HAS-NO-TUPLES.
[2026-01-21 06:10:59] (5s)  >>> Created relation DataFlowImpl#6ed98661::Impl#DataFlowImpl1#bece54ca::Config#::MkStage#Stage1#::Stage#Stage2Param#::revFlowConsCand#3#fff/3@d24353wo with 1 rows and digest d6cd7fnenrpl0ckv70men7fqbff.
[2026-01-21 06:10:59] (5s) Starting to evaluate predicate project#DataFlowImpl#6ed98661::Impl#DataFlowImpl1#bece54ca::Config#::MkStage#Stage1#::Stage#Stage2Param#::revFlow#5#fffff#3/2@45148co1
[2026-01-21 06:10:59] (5s)  >>> Created relation project#DataFlowImpl#6ed98661::Impl#DataFlowImpl1#bece54ca::Config#::MkStage#Stage1#::Stage#Stage2Param#::revFlow#5#fffff#3/2@45148co1 with 46 rows and digest d00ed946no88n8fe1ikiu2frh5a.
[2026-01-21 06:10:59] (5s) Starting to evaluate predicate project#DataFlowImpl#6ed98661::Impl#DataFlowImpl1#bece54ca::Config#::MkStage#Stage1#::Stage#Stage2Param#::revFlowStore#9#fffffffff#2/6@bcd069li
[2026-01-21 06:10:59] (5s)  >>> Created relation project#DataFlowImpl#6ed98661::Impl#DataFlowImpl1#bece54ca::Config#::MkStage#Stage1#::Stage#Stage2Param#::revFlowStore#9#fffffffff#2/6@bcd069li with 1 rows and digest 7564fbejigrj05541o26dt2ivd1.
[2026-01-21 06:10:59] (5s) Starting to evaluate predicate project#DataFlowImpl#6ed98661::Impl#DataFlowImpl1#bece54ca::Config#::Stage1::storeStepCand#5#fffff#2/4@be6421ba
[2026-01-21 06:10:59] (5s)  >>> Created relation project#DataFlowImpl#6ed98661::Impl#DataFlowImpl1#bece54ca::Config#::Stage1::storeStepCand#5#fffff#2/4@be6421ba with 1 rows and digest d40c3bnf47064tb33blq6ljj0i1.
[2026-01-21 06:10:59] (5s) Starting to evaluate predicate DataFlowImpl#6ed98661::Impl#DataFlowImpl1#bece54ca::Config#::MkStage#Stage1#::Stage#Stage2Param#::storeStepCand#5#fffff/5@502e2c6b
[2026-01-21 06:10:59] (5s)  >>> Created relation DataFlowImpl#6ed98661::Impl#DataFlowImpl1#bece54ca::Config#::MkStage#Stage1#::Stage#Stage2Param#::storeStepCand#5#fffff/5@502e2c6b with 1 rows and digest db2b80gie7mek14jfmkgce6kstd.
[2026-01-21 06:10:59] (5s) Starting to evaluate predicate project#DataFlowImpl#6ed98661::Impl#DataFlowImpl1#bece54ca::Config#::MkStage#Stage1#::Stage#Stage2Param#::storeStepCand#5#fffff#2/2@49282fbn
[2026-01-21 06:10:59] (5s)  >>> Created relation project#DataFlowImpl#6ed98661::Impl#DataFlowImpl1#bece54ca::Config#::MkStage#Stage1#::Stage#Stage2Param#::storeStepCand#5#fffff#2/2@49282fbn with 1 rows and digest 8526c178cih389lriudh1ehf2a9.
[2026-01-21 06:10:59] (5s) Starting to evaluate predicate project#DataFlowImpl#6ed98661::Impl#DataFlowImpl1#bece54ca::Config#::MkStage#Stage1#::Stage#Stage2Param#::revFlowStore#9#fffffffff/3@5cd0af3j
[2026-01-21 06:10:59] (5s)  >>> Created relation project#DataFlowImpl#6ed98661::Impl#DataFlowImpl1#bece54ca::Config#::MkStage#Stage1#::Stage#Stage2Param#::revFlowStore#9#fffffffff/3@5cd0af3j with 1 rows and digest d6cd7fnenrpl0ckv70men7fqbff.
[2026-01-21 06:10:59] (5s) Starting to evaluate predicate DataFlowImpl#6ed98661::Impl#DataFlowImpl1#bece54ca::Config#::MkStage#Stage1#::Stage#Stage2Param#::revFlowAp#2#ff/2@b8762es2
[2026-01-21 06:10:59] (5s)  >>> Created relation DataFlowImpl#6ed98661::Impl#DataFlowImpl1#bece54ca::Config#::MkStage#Stage1#::Stage#Stage2Param#::revFlowAp#2#ff/2@b8762es2 with 47 rows and digest 4855b0kneuq0ct4v7o86i0nuthe.
[2026-01-21 06:10:59] (5s) Starting to evaluate predicate DataFlowImpl#6ed98661::Impl#DataFlowImpl1#bece54ca::Config#::MkStage#Stage1#::Stage#Stage2Param#::readStepCand#3#fff/3@950d11s9
[2026-01-21 06:10:59] (5s)  >>> Created relation DataFlowImpl#6ed98661::Impl#DataFlowImpl1#bece54ca::Config#::MkStage#Stage1#::Stage#Stage2Param#::readStepCand#3#fff/3@950d11s9 with 1 rows and digest 04fa050bmh1vvjij2oqmq7i8942.
[2026-01-21 06:10:59] (5s) Starting to evaluate predicate DataFlowImpl#6ed98661::Impl#DataFlowImpl1#bece54ca::Config#::LocalFlowBigStep::localFlowExit#2#ff/2@27cb90fo
[2026-01-21 06:10:59] (5s)  >>> Created relation DataFlowImpl#6ed98661::Impl#DataFlowImpl1#bece54ca::Config#::LocalFlowBigStep::localFlowExit#2#ff/2@27cb90fo with 15 rows and digest 82d211de5s9qpo2srp825ji95e3.
[2026-01-21 06:10:59] (5s) Starting to evaluate predicate project#DataFlowImpl#6ed98661::Impl#DataFlowImpl1#bece54ca::Config#::MkStage#Stage1#::Stage#Stage2Param#::storeStepCand#5#fffff/1@1f8394h1
[2026-01-21 06:10:59] (5s)  >>> Created relation project#DataFlowImpl#6ed98661::Impl#DataFlowImpl1#bece54ca::Config#::MkStage#Stage1#::Stage#Stage2Param#::storeStepCand#5#fffff/1@1f8394h1 with 1 rows and digest 198cb52gqdf89cfo7ft32qhedc4.
[2026-01-21 06:10:59] (5s) Starting to evaluate predicate project#DataFlowImpl#6ed98661::Impl#DataFlowImpl1#bece54ca::Config#::MkStage#Stage1#::Stage#Stage2Param#::readStepCand#3#fff/1@3f97d5jn
[2026-01-21 06:10:59] (5s)  >>> Created relation project#DataFlowImpl#6ed98661::Impl#DataFlowImpl1#bece54ca::Config#::MkStage#Stage1#::Stage#Stage2Param#::readStepCand#3#fff/1@3f97d5jn with 1 rows and digest f086347sr94ndiahbrj8gtv1pk9.
[2026-01-21 06:10:59] (5s) Starting to evaluate predicate DataFlowImpl#6ed98661::Impl#DataFlowImpl1#bece54ca::Config#::LocalFlowBigStep::localFlowEntry#2#ff/2@5fe03856
[2026-01-21 06:10:59] (5s)  >>> Created relation DataFlowImpl#6ed98661::Impl#DataFlowImpl1#bece54ca::Config#::LocalFlowBigStep::localFlowEntry#2#ff/2@5fe03856 with 3 rows and digest 3a4620d35h0p2l80rsk1l9fcmtd.
[2026-01-21 06:10:59] (5s) Starting to evaluate predicate _DataFlowImpl#6ed98661::Impl#DataFlowImpl1#bece54ca::Config#::localFlowStepNodeCand1#2#ff_10#join_rh__#join_rhs/3@4ee65a1d
[2026-01-21 06:10:59] (5s)  >>> Created relation _DataFlowImpl#6ed98661::Impl#DataFlowImpl1#bece54ca::Config#::localFlowStepNodeCand1#2#ff_10#join_rh__#join_rhs/3@4ee65a1d with 64 rows and digest 21774ea39vpc2f4dtmuabmodsrd.
[2026-01-21 06:10:59] (5s) Starting to evaluate predicate DataFlowImpl#6ed98661::Impl#DataFlowImpl1#bece54ca::Config#::MkStage#Stage1#::Stage#Stage2Param#::revFlowAlias#3#fff/3@973020sh
[2026-01-21 06:10:59] (5s)  >>> Created relation DataFlowImpl#6ed98661::Impl#DataFlowImpl1#bece54ca::Config#::MkStage#Stage1#::Stage#Stage2Param#::revFlowAlias#3#fff/3@973020sh with 47 rows and digest 29980d57dst3et1g96skpflnp38.
[2026-01-21 06:10:59] (5s) Starting to evaluate predicate DataFlowImpl#6ed98661::Impl#DataFlowImpl1#bece54ca::Config#::MkStage#Stage1#::Stage#Stage2Param#::revFlowAlias#3#fff_201#join_rhs/3@0d1460dl
[2026-01-21 06:10:59] (5s)  >>> Created relation DataFlowImpl#6ed98661::Impl#DataFlowImpl1#bece54ca::Config#::MkStage#Stage1#::Stage#Stage2Param#::revFlowAlias#3#fff_201#join_rhs/3@0d1460dl with 47 rows and digest 5361430q9o5mgfr1fe4t129m7b3.
[2026-01-21 06:10:59] (5s) Starting to evaluate predicate DataFlowImpl#6ed98661::Impl#DataFlowImpl1#bece54ca::Config#::MkStage#Stage1#::Stage#Stage2Param#::revFlow#5#fffff_401#join_rhs/3@0ab8a5eo
[2026-01-21 06:10:59] (5s)  >>> Created relation DataFlowImpl#6ed98661::Impl#DataFlowImpl1#bece54ca::Config#::MkStage#Stage1#::Stage#Stage2Param#::revFlow#5#fffff_401#join_rhs/3@0ab8a5eo with 47 rows and digest 2df767lqtlikr23n6stcnpi4d69.
[2026-01-21 06:10:59] (5s) Starting to evaluate predicate project#DataFlowImpl#6ed98661::Impl#DataFlowImpl1#bece54ca::Config#::MkStage#Stage1#::Stage#Stage2Param#::revFlow#5#fffff#2/2@a323cbus
[2026-01-21 06:10:59] (5s)  >>> Created relation project#DataFlowImpl#6ed98661::Impl#DataFlowImpl1#bece54ca::Config#::MkStage#Stage1#::Stage#Stage2Param#::revFlow#5#fffff#2/2@a323cbus with 44 rows and digest 30a95d95cc5didr64oknugroj2d.
[2026-01-21 06:10:59] (5s) Starting to evaluate predicate DataFlowImpl#6ed98661::Impl#DataFlowImpl1#bece54ca::Config#::LocalFlowBigStep::additionalLocalFlowStepNodeCand2#4#ffff/4@3d85b70p
[2026-01-21 06:10:59] (5s)  >>> Created relation DataFlowImpl#6ed98661::Impl#DataFlowImpl1#bece54ca::Config#::LocalFlowBigStep::additionalLocalFlowStepNodeCand2#4#ffff/4@3d85b70p with 250 rows and digest c042f4a90illpoe2gdjdut451d0.
[2026-01-21 06:10:59] (5s) Starting to evaluate predicate _DataFlowImpl#6ed98661::Impl#DataFlowImpl1#bece54ca::Config#::LocalFlowBigStep::additionalLocalFlowS__#join_rhs/4@99185dqg
[2026-01-21 06:10:59] (5s)  >>> Created relation _DataFlowImpl#6ed98661::Impl#DataFlowImpl1#bece54ca::Config#::LocalFlowBigStep::additionalLocalFlowS__#join_rhs/4@99185dqg with 250 rows and digest e5f23f04sibs36tr1srnat667l0.
[2026-01-21 06:10:59] (5s) Starting to evaluate predicate DataFlowImpl#6ed98661::Impl#DataFlowImpl1#bece54ca::Config#::LocalFlowBigStep::additionalLocalFlowStepNodeCand2#4#ffff_0132#join_rhs/4@4bfe3d79
[2026-01-21 06:10:59] (5s)  >>> Created relation DataFlowImpl#6ed98661::Impl#DataFlowImpl1#bece54ca::Config#::LocalFlowBigStep::additionalLocalFlowStepNodeCand2#4#ffff_0132#join_rhs/4@4bfe3d79 with 250 rows and digest 58181cs64drmrkv8tq0eiueoc4e.
[2026-01-21 06:10:59] (5s) Starting to evaluate predicate DataFlowImpl#6ed98661::Impl#DataFlowImpl1#bece54ca::Config#::LocalFlowBigStep::localFlowStepPlus#6#ffffff/6@i1#ed1c48ff (iteration 1)
[2026-01-21 06:10:59] (5s) 			 - DataFlowImpl#6ed98661::Impl#DataFlowImpl1#bece54ca::Config#::LocalFlowBigStep::localFlowStepPlus#6#ffffff_delta has 16 rows (order for disjuncts: delta=<standard>).
[2026-01-21 06:10:59] (5s) Starting to evaluate predicate DataFlowImpl#6ed98661::Impl#DataFlowImpl1#bece54ca::Config#::LocalFlowBigStep::localFlowStepPlus#6#ffffff/6@i2#ed1c48ff (iteration 2)
[2026-01-21 06:10:59] (5s) 			 - DataFlowImpl#6ed98661::Impl#DataFlowImpl1#bece54ca::Config#::LocalFlowBigStep::localFlowStepPlus#6#ffffff_delta has 43 rows (order for disjuncts: delta=500000).
[2026-01-21 06:10:59] (5s) Starting to evaluate predicate DataFlowImpl#6ed98661::Impl#DataFlowImpl1#bece54ca::Config#::LocalFlowBigStep::localFlowStepPlus#6#ffffff/6@i3#ed1c48ff (iteration 3)
[2026-01-21 06:10:59] (5s) 			 - DataFlowImpl#6ed98661::Impl#DataFlowImpl1#bece54ca::Config#::LocalFlowBigStep::localFlowStepPlus#6#ffffff_delta has 39 rows (order for disjuncts: delta=500000).
[2026-01-21 06:10:59] (5s) Starting to evaluate predicate DataFlowImpl#6ed98661::Impl#DataFlowImpl1#bece54ca::Config#::LocalFlowBigStep::localFlowStepPlus#6#ffffff/6@i4#ed1c48ff (iteration 4)
[2026-01-21 06:10:59] (5s) 			 - DataFlowImpl#6ed98661::Impl#DataFlowImpl1#bece54ca::Config#::LocalFlowBigStep::localFlowStepPlus#6#ffffff_delta has 31 rows (order for disjuncts: delta=500000).
[2026-01-21 06:10:59] (5s) Starting to evaluate predicate DataFlowImpl#6ed98661::Impl#DataFlowImpl1#bece54ca::Config#::LocalFlowBigStep::localFlowStepPlus#6#ffffff/6@i5#ed1c48ff (iteration 5)
[2026-01-21 06:10:59] (5s) 			 - DataFlowImpl#6ed98661::Impl#DataFlowImpl1#bece54ca::Config#::LocalFlowBigStep::localFlowStepPlus#6#ffffff_delta has 12 rows (order for disjuncts: delta=500000).
[2026-01-21 06:10:59] (5s) Starting to evaluate predicate DataFlowImpl#6ed98661::Impl#DataFlowImpl1#bece54ca::Config#::LocalFlowBigStep::localFlowStepPlus#6#ffffff/6@i6#ed1c48ff (iteration 6)
[2026-01-21 06:10:59] (5s) 			 - DataFlowImpl#6ed98661::Impl#DataFlowImpl1#bece54ca::Config#::LocalFlowBigStep::localFlowStepPlus#6#ffffff_delta has 8 rows (order for disjuncts: delta=500000).
[2026-01-21 06:10:59] (5s) Starting to evaluate predicate DataFlowImpl#6ed98661::Impl#DataFlowImpl1#bece54ca::Config#::LocalFlowBigStep::localFlowStepPlus#6#ffffff/6@i7#ed1c48ff (iteration 7)
[2026-01-21 06:10:59] (5s) Empty delta for DataFlowImpl#6ed98661::Impl#DataFlowImpl1#bece54ca::Config#::LocalFlowBigStep::localFlowStepPlus#6#ffffff_delta (order for disjuncts: delta=500000).
[2026-01-21 06:10:59] (5s) Accumulating deltas
[2026-01-21 06:10:59] (5s)  >>> Created relation DataFlowImpl#6ed98661::Impl#DataFlowImpl1#bece54ca::Config#::LocalFlowBigStep::localFlowStepPlus#6#ffffff/6@ed1c48ff with 149 rows and digest cf4e5c9863muo648tcpc4bn6k32.
[2026-01-21 06:10:59] (5s) Starting to evaluate predicate DataFlowImpl#6ed98661::Impl#DataFlowImpl1#bece54ca::Config#::LocalFlowBigStep::localFlowStepPlus#6#ffffff_120345#join_rhs/6@0bbd8djj
[2026-01-21 06:10:59] (5s)  >>> Created relation DataFlowImpl#6ed98661::Impl#DataFlowImpl1#bece54ca::Config#::LocalFlowBigStep::localFlowStepPlus#6#ffffff_120345#join_rhs/6@0bbd8djj with 149 rows and digest c1fc46gh67r8k2gsdg6594r6ai9.
[2026-01-21 06:10:59] (5s) Starting to evaluate predicate DataFlowImpl#6ed98661::Impl#DataFlowImpl1#bece54ca::Config#::LocalFlowBigStep::localFlowBigStep#7#fffffff/7@859d861s
[2026-01-21 06:10:59] (5s)  >>> Created relation DataFlowImpl#6ed98661::Impl#DataFlowImpl1#bece54ca::Config#::LocalFlowBigStep::localFlowBigStep#7#fffffff/7@859d861s with 50 rows and digest 84604cj9e0f4rt21l6kdvoen3g1.
[2026-01-21 06:10:59] (5s) Starting to evaluate predicate DataFlowImpl#6ed98661::Impl#DataFlowImpl1#bece54ca::Config#::LocalFlowBigStep::localFlowBigStep#7#fffffff_0134256#join_rhs/7@4c36dcbd
[2026-01-21 06:10:59] (5s)  >>> Created relation DataFlowImpl#6ed98661::Impl#DataFlowImpl1#bece54ca::Config#::LocalFlowBigStep::localFlowBigStep#7#fffffff_0134256#join_rhs/7@4c36dcbd with 50 rows and digest 015c3diosg583gkkr9j4nsevupa.
[2026-01-21 06:10:59] (5s) Starting to evaluate predicate DataFlowImpl#6ed98661::Impl#DataFlowImpl1#bece54ca::Config#::LocalFlowBigStep::localFlowBigStep#7#fffffff_4012356#join_rhs/7@18004a2o
[2026-01-21 06:10:59] (5s)  >>> Created relation DataFlowImpl#6ed98661::Impl#DataFlowImpl1#bece54ca::Config#::LocalFlowBigStep::localFlowBigStep#7#fffffff_4012356#join_rhs/7@18004a2o with 50 rows and digest 5122589jk7u8u77836g3u0ihib9.
[2026-01-21 06:10:59] (5s) Starting to evaluate predicate project#DataFlowImpl#6ed98661::Impl#DataFlowImpl1#bece54ca::Config#::LocalFlowBigStep::localFlowBigStep#7#fffffff/4@1ba68esj
[2026-01-21 06:10:59] (5s)  >>> Created relation project#DataFlowImpl#6ed98661::Impl#DataFlowImpl1#bece54ca::Config#::LocalFlowBigStep::localFlowBigStep#7#fffffff/4@1ba68esj with 5 rows and digest 4357c6unpld2emdihao44h5r7ie.
[2026-01-21 06:10:59] (5s) Starting to evaluate predicate DataFlowImpl#6ed98661::Impl#DataFlowImpl1#bece54ca::Config#::BooleanCallContext::Cc#b/1@8bf30afh
[2026-01-21 06:10:59] (5s)  >>> Created relation DataFlowImpl#6ed98661::Impl#DataFlowImpl1#bece54ca::Config#::BooleanCallContext::Cc#b/1@8bf30afh with 2 rows and digest 607404kiu5j9p096j0t56i87r4d.
[2026-01-21 06:10:59] (5s)  >>> Created relation _DataFlowImpl#6ed98661::Impl#DataFlowImpl1#bece54ca::Config#::BooleanCallContext::Cc#b_const_false#shared/0@47d4e7s7 with 1 rows and digest fd6820o6135r0vvaoscapm97f53.
[2026-01-21 06:10:59] Cachaca resolved layer: #6617 evaluator _DataFlowImpl#6ed98661::Impl#DataFlowImpl1#bece54ca::Config#::BooleanCallContext::Cc#b_const_false#shared/0@47d4e7s7
[2026-01-21 06:10:59] (5s) Starting to evaluate predicate _DataFlowImplCommon#6f4b4818::Cached::TAccessPathFrontNone#f_DataFlowImplCommon#6f4b4818::Cached::TP__#join_rhs/3@dbf9893o
[2026-01-21 06:10:59] (5s)  >>> Created relation _DataFlowImplCommon#6f4b4818::Cached::TAccessPathFrontNone#f_DataFlowImplCommon#6f4b4818::Cached::TP__#join_rhs/3@dbf9893o with 1 rows and digest da61bbi3a8n2gnef48k56jilhsd.
[2026-01-21 06:10:59] (5s)  >>> Created relation _DataFlowImplCommon#6f4b4818::Cached::TApproxAccessPathFrontNone#f_DataFlowImplCommon#6f4b4818::Cach__#join_rhs#1/2@7da0dd09 with 1 rows and digest 3557295s01c2e6rlm01uv27d50d.
[2026-01-21 06:10:59] Cachaca resolved layer: #6694 evaluator _DataFlowImplCommon#6f4b4818::Cached::TApproxAccessPathFrontNone#f_DataFlowImplCommon#6f4b4818::Cach__#join_rhs#1/2@7da0dd09
[2026-01-21 06:10:59] (5s) Starting to evaluate predicate DataFlowImpl#6ed98661::Impl#DataFlowImpl1#bece54ca::Config#::MkStage#Stage1#::Stage#Stage2Param#::revFlow#1#f/1@eac5380m
[2026-01-21 06:10:59] (5s)  >>> Created relation DataFlowImpl#6ed98661::Impl#DataFlowImpl1#bece54ca::Config#::MkStage#Stage1#::Stage#Stage2Param#::revFlow#1#f/1@eac5380m with 46 rows and digest de6a75e81h87lqab5p3kqii70fa.
[2026-01-21 06:10:59] (5s)  >>> Created relation DataFlowImplCommon#6f4b4818::Cached::TApproxFrontNil#ff_1#join_rhs/1@5c144468 with 3508 rows and digest d58ab83767npssa3plvo7fnvut0.
[2026-01-21 06:10:59] Cachaca resolved layer: #6565 evaluator DataFlowImplCommon#6f4b4818::Cached::TApproxFrontNil#ff_1#join_rhs/1@5c144468
[2026-01-21 06:10:59] (5s) Starting to evaluate predicate DataFlowImpl#6ed98661::Impl#DataFlowImpl1#bece54ca::Config#::Stage3Param::getApNil#1#ff/2@abff3be6
[2026-01-21 06:10:59] (5s)  >>> Created relation DataFlowImpl#6ed98661::Impl#DataFlowImpl1#bece54ca::Config#::Stage3Param::getApNil#1#ff/2@abff3be6 with 46 rows and digest 0ef178tl1ca4kjjrrrr8nj0qqd0.
[2026-01-21 06:10:59] (5s) Starting to evaluate predicate DataFlowImplCommon#6f4b4818::ApproxAccessPathFront::toBoolNonEmpty#0#dispred#ff/2@e240b1r1
[2026-01-21 06:10:59] (5s)  >>> Created relation DataFlowImplCommon#6f4b4818::ApproxAccessPathFront::toBoolNonEmpty#0#dispred#ff/2@e240b1r1 with 3509 rows and digest 972759ibkc7na708hlscu0dkq7e.
[2026-01-21 06:10:59] (5s) Starting to evaluate predicate DataFlowImpl#6ed98661::Impl#DataFlowImpl1#bece54ca::Config#::Stage3Param::getApprox#1#ff/2@079051qm
[2026-01-21 06:10:59] (5s)  >>> Created relation DataFlowImpl#6ed98661::Impl#DataFlowImpl1#bece54ca::Config#::Stage3Param::getApprox#1#ff/2@079051qm with 3509 rows and digest 972759ibkc7na708hlscu0dkq7e.
[2026-01-21 06:10:59] (5s) Starting to evaluate predicate DataFlowImplCommon#6f4b4818::ApproxAccessPathFront#class#f/1@3d701bg4
[2026-01-21 06:10:59] (5s)  >>> Created relation DataFlowImplCommon#6f4b4818::ApproxAccessPathFront#class#f/1@3d701bg4 with 3509 rows and digest bd9ccbsepsr5f76maetasccs0i8.
[2026-01-21 06:10:59] (5s) Starting to evaluate predicate _DataFlowImplCommon#6f4b4818::ApproxAccessPathFront#class#f_DataFlowImplCommon#6f4b4818::Cached::TAp__#shared/2@7fbb1f5s
[2026-01-21 06:10:59] (5s)  >>> Created relation _DataFlowImplCommon#6f4b4818::ApproxAccessPathFront#class#f_DataFlowImplCommon#6f4b4818::Cached::TAp__#shared/2@7fbb1f5s with 1 rows and digest eb2a58cir6nodgc2ji010ak9d5d.
[2026-01-21 06:10:59] (5s) Starting to evaluate predicate DataFlowImplCommon#6f4b4818::ApproxAccessPathFront::getAHead#ff/2@07436dmr
[2026-01-21 06:10:59] (5s)  >>> Created relation DataFlowImplCommon#6f4b4818::ApproxAccessPathFront::getAHead#ff/2@07436dmr with 768 rows and digest 951fec57r00k9jahdb91blg45s3.
[2026-01-21 06:10:59] (5s) Starting to evaluate predicate DataFlowImplCommon#6f4b4818::ApproxAccessPathFront::getAHead#ff_10#join_rhs/2@e545b1se
[2026-01-21 06:10:59] (5s)  >>> Created relation DataFlowImplCommon#6f4b4818::ApproxAccessPathFront::getAHead#ff_10#join_rhs/2@e545b1se with 768 rows and digest 7fc2fd1deua3dmp9qgrkgifjglc.
[2026-01-21 06:10:59] (5s) Starting to evaluate predicate _DataFlowImplCommon#6f4b4818::ApproxAccessPathFront::getAHead#ff_10#join_rhs_DataFlowImplCommon#6f4b__#join_rhs/3@797022b0
[2026-01-21 06:10:59] (5s)  >>> Created relation _DataFlowImplCommon#6f4b4818::ApproxAccessPathFront::getAHead#ff_10#join_rhs_DataFlowImplCommon#6f4b__#join_rhs/3@797022b0 with 768 rows and digest f9ce6a1ki24t22gice3tve0vha4.
[2026-01-21 06:10:59] (5s) Starting to evaluate predicate project#DataFlowImpl#6ed98661::Impl#DataFlowImpl1#bece54ca::Config#::MkStage#Stage1#::Stage#Stage2Param#::storeStepCand#5#fffff#3/4@460d8dcg
[2026-01-21 06:10:59] (5s)  >>> Created relation project#DataFlowImpl#6ed98661::Impl#DataFlowImpl1#bece54ca::Config#::MkStage#Stage1#::Stage#Stage2Param#::storeStepCand#5#fffff#3/4@460d8dcg with 1 rows and digest 6683c6d2bvnnf05pudj1326nm35.
[2026-01-21 06:10:59] (5s) Starting to evaluate predicate DataFlowImplCommon#6f4b4818::ApproxAccessPathFront::getType#0#dispred#ff/2@b735fc8c
[2026-01-21 06:10:59] (5s)  >>> Created relation DataFlowImplCommon#6f4b4818::ApproxAccessPathFront::getType#0#dispred#ff/2@b735fc8c with 3509 rows and digest ba86b802din1l33eoeiskf57mv6.
[2026-01-21 06:10:59] (5s) Starting to evaluate predicate DataFlowImplCommon#6f4b4818::ApproxAccessPathFront::getType#0#dispred#ff_0#join_rhs/1@98d2c0dk
[2026-01-21 06:10:59] (5s)  >>> Created relation DataFlowImplCommon#6f4b4818::ApproxAccessPathFront::getType#0#dispred#ff_0#join_rhs/1@98d2c0dk with 3509 rows and digest bd9ccbsepsr5f76maetasccs0i8.
[2026-01-21 06:10:59] (5s)  >>> Created relation DataFlowImpl#6ed98661::Impl#DataFlowImpl1#bece54ca::Config#::MkStage#Stage2#::Stage#Stage3Param#::readStepCand#4#ffff/4@907e00lm with 1 rows and digest bcc18b4rtnh2q8g574ac1l51v69.
[2026-01-21 06:10:59] Cachaca resolved layer: #6603 evaluator DataFlowImpl#6ed98661::Impl#DataFlowImpl1#bece54ca::Config#::MkStage#Stage2#::Stage#Stage3Param#::readStepCand#4#ffff/4@907e00lm
[2026-01-21 06:10:59] (5s) Starting to evaluate predicate DataFlowImplCommon#6f4b4818::Cached::MkTypedContentApprox#fff_20#join_rhs/2@446f83ac
[2026-01-21 06:10:59] (5s)  >>> Created relation DataFlowImplCommon#6f4b4818::Cached::MkTypedContentApprox#fff_20#join_rhs/2@446f83ac with 1 rows and digest 3557295s01c2e6rlm01uv27d50d.
[2026-01-21 06:10:59] (5s) Starting to evaluate predicate DataFlowImpl#6ed98661::Impl#DataFlowImpl1#bece54ca::Config#::Stage3Param::getHeadContent#1#ff/2@9167e3pr
[2026-01-21 06:10:59] (5s)  >>> Created relation DataFlowImpl#6ed98661::Impl#DataFlowImpl1#bece54ca::Config#::Stage3Param::getHeadContent#1#ff/2@9167e3pr with 1 rows and digest ec24e2cfln51tu2fqm7ed45u463.
[2026-01-21 06:10:59] (5s) Starting to evaluate predicate _DataFlowImpl#6ed98661::Impl#DataFlowImpl1#bece54ca::Config#::BooleanCallContext::Cc#b_const_false#join_rhs/2@4c9138q3
[2026-01-21 06:10:59] (5s)  >>> Created relation _DataFlowImpl#6ed98661::Impl#DataFlowImpl1#bece54ca::Config#::BooleanCallContext::Cc#b_const_false#join_rhs/2@4c9138q3 with 1 rows and digest c7c194iqr8jjvbbfd5u044hrggd.
[2026-01-21 06:10:59] (5s)  >>> Created relation _DataFlowImplCommon#6f4b4818::Cached::TApproxAccessPathFrontNone#f_DataFlowImplCommon#6f4b4818::Cach__#join_rhs/3@140a7cp8 with 1 rows and digest da61bbi3a8n2gnef48k56jilhsd.
[2026-01-21 06:10:59] Cachaca resolved layer: #6619 evaluator _DataFlowImplCommon#6f4b4818::Cached::TApproxAccessPathFrontNone#f_DataFlowImplCommon#6f4b4818::Cach__#join_rhs/3@140a7cp8
[2026-01-21 06:10:59] (5s) Starting to evaluate predicate DataFlowImpl#6ed98661::Impl#DataFlowImpl1#bece54ca::Config#::Stage3Param::localStep#7#cpe#123456#ffffbf/6@f61e5fat
[2026-01-21 06:10:59] (5s)  >>> Created relation DataFlowImpl#6ed98661::Impl#DataFlowImpl1#bece54ca::Config#::Stage3Param::localStep#7#cpe#123456#ffffbf/6@f61e5fat with 50 rows and digest 5411955s9eccl3mpps05jg18qn4.
[2026-01-21 06:10:59] (5s) Starting to evaluate predicate DataFlowImpl#6ed98661::Impl#DataFlowImpl1#bece54ca::Config#::Stage3Param::localStep#7#cpe#123456#ffffbf_013425#join_rhs/6@3c7637rj
[2026-01-21 06:10:59] (5s)  >>> Created relation DataFlowImpl#6ed98661::Impl#DataFlowImpl1#bece54ca::Config#::Stage3Param::localStep#7#cpe#123456#ffffbf_013425#join_rhs/6@3c7637rj with 50 rows and digest 0609d11qaea5g6b3tin07lhh16e.
[2026-01-21 06:10:59] (5s)  >>> Created relation _DataFlowImpl#6ed98661::Impl#DataFlowImpl1#bece54ca::Config#::BooleanCallContext::Cc#b_const_true#join_rhs/1@7f082f0j with 1 rows and digest a893328hs05n6r6ac664gmlsk88.
[2026-01-21 06:10:59] Cachaca resolved layer: #6650 evaluator _DataFlowImpl#6ed98661::Impl#DataFlowImpl1#bece54ca::Config#::BooleanCallContext::Cc#b_const_true#join_rhs/1@7f082f0j
[2026-01-21 06:10:59] (5s) Starting to evaluate predicate DataFlowImpl#6ed98661::Impl#DataFlowImpl1#bece54ca::Config#::Stage3Param::localStep#7#cpe#123456#ffffbf_401235#join_rhs/6@21158dc3
[2026-01-21 06:10:59] (5s)  >>> Created relation DataFlowImpl#6ed98661::Impl#DataFlowImpl1#bece54ca::Config#::Stage3Param::localStep#7#cpe#123456#ffffbf_401235#join_rhs/6@21158dc3 with 50 rows and digest f98e156agbo77sq4h3e43d9ba3e.
[2026-01-21 06:10:59] (5s) Starting to evaluate predicate project#DataFlowImpl#6ed98661::Impl#DataFlowImpl1#bece54ca::Config#::Stage3Param::localStep#7#cpe#123456#ffffbf/3@c3d6b6dk
[2026-01-21 06:10:59] (5s)  >>> Created relation project#DataFlowImpl#6ed98661::Impl#DataFlowImpl1#bece54ca::Config#::Stage3Param::localStep#7#cpe#123456#ffffbf/3@c3d6b6dk with 5 rows and digest 0aeac1khkb5vm83ckrf350sjr2a.
[2026-01-21 06:10:59] (5s) Starting to evaluate predicate DataFlowImpl#6ed98661::Impl#DataFlowImpl1#bece54ca::Config#::Stage3Param::castingNodeEx#1#f/1@82a873gi
[2026-01-21 06:10:59] (5s)  >>> Created relation DataFlowImpl#6ed98661::Impl#DataFlowImpl1#bece54ca::Config#::Stage3Param::castingNodeEx#1#f/1@82a873gi with 35490 rows and digest da8960n149e1g91r3sf4lh0hbb2.
[2026-01-21 06:10:59] (5s) Starting to evaluate predicate _DataFlowImplCommon#6f4b4818::Cached::TParamNodeSome#ff_num#DataFlowImpl#6ed98661::Impl#DataFlowImpl__#join_rhs/5@f14ef45f
[2026-01-21 06:10:59] (5s)  >>> Created relation _DataFlowImplCommon#6f4b4818::Cached::TParamNodeSome#ff_num#DataFlowImpl#6ed98661::Impl#DataFlowImpl__#join_rhs/5@f14ef45f with 4567 rows and digest 086e7383h2nhk8k8idu8m6tvrlc.
[2026-01-21 06:10:59] (5s) Starting to evaluate predicate DataFlowImplCommon#6f4b4818::Cached::TApproxAccessPathFrontSome#ff_10#join_rhs/2@8c7035t8
[2026-01-21 06:10:59] (5s)  >>> Created relation DataFlowImplCommon#6f4b4818::Cached::TApproxAccessPathFrontSome#ff_10#join_rhs/2@8c7035t8 with 3509 rows and digest a88720t87auceu9l61qjgj9ncu1.
[2026-01-21 06:10:59] (5s) Starting to evaluate predicate DataFlowImpl#6ed98661::Impl#DataFlowImpl1#bece54ca::Config#::MkStage#Stage2#::Stage#Stage3Param#::fwdFlowConsCand#3#fff/3@i1#f702f4w7 (iteration 1)
[2026-01-21 06:10:59] (5s) Empty delta for DataFlowImpl#6ed98661::Impl#DataFlowImpl1#bece54ca::Config#::MkStage#Stage2#::Stage#Stage3Param#::fwdFlowConsCand#3#fff_delta (order for disjuncts: delta=<standard>).
[2026-01-21 06:10:59] (5s) Starting to evaluate predicate DataFlowImpl#6ed98661::Impl#DataFlowImpl1#bece54ca::Config#::MkStage#Stage2#::Stage#Stage3Param#::fwdFlowIsEntered#7#fffffff#reorder_2_5_6_0_1_3_4/7@i1#f702f3w7 (iteration 1)
[2026-01-21 06:10:59] (5s) Empty delta for DataFlowImpl#6ed98661::Impl#DataFlowImpl1#bece54ca::Config#::MkStage#Stage2#::Stage#Stage3Param#::fwdFlowIsEntered#7#fffffff#reorder_2_5_6_0_1_3_4_delta (order for disjuncts: delta=<standard>).
[2026-01-21 06:10:59] (5s) Starting to evaluate predicate DataFlowImpl#6ed98661::Impl#DataFlowImpl1#bece54ca::Config#::MkStage#Stage2#::Stage#Stage3Param#::fwdFlowRetFromArg#8#ffffffff#reorder_2_3_4_0_1_5_6_7/8@i1#f702f2w7 (iteration 1)
[2026-01-21 06:10:59] (5s) Empty delta for DataFlowImpl#6ed98661::Impl#DataFlowImpl1#bece54ca::Config#::MkStage#Stage2#::Stage#Stage3Param#::fwdFlowRetFromArg#8#ffffffff#reorder_2_3_4_0_1_5_6_7_delta (order for disjuncts: delta=<standard>).
[2026-01-21 06:10:59] (5s) Starting to evaluate predicate DataFlowImpl#6ed98661::Impl#DataFlowImpl1#bece54ca::Config#::MkStage#Stage2#::Stage#Stage3Param#::fwdFlowIn#9#fffffffff/9@i1#f702f1w7 (iteration 1)
[2026-01-21 06:10:59] (5s) Empty delta for DataFlowImpl#6ed98661::Impl#DataFlowImpl1#bece54ca::Config#::MkStage#Stage2#::Stage#Stage3Param#::fwdFlowIn#9#fffffffff_delta (order for disjuncts: delta=<standard>).
[2026-01-21 06:10:59] (5s) Starting to evaluate predicate DataFlowImpl#6ed98661::Impl#DataFlowImpl1#bece54ca::Config#::MkStage#Stage2#::Stage#Stage3Param#::fwdFlowThrough#10#ffffffffff/10@i1#f702f0w7 (iteration 1)
[2026-01-21 06:10:59] (5s) Empty delta for DataFlowImpl#6ed98661::Impl#DataFlowImpl1#bece54ca::Config#::MkStage#Stage2#::Stage#Stage3Param#::fwdFlowThrough#10#ffffffffff_delta (order for disjuncts: delta=<standard>).
[2026-01-21 06:10:59] (5s) Starting to evaluate predicate DataFlowImpl#6ed98661::Impl#DataFlowImpl1#bece54ca::Config#::MkStage#Stage2#::Stage#Stage3Param#::fwdFlow#7#fffffff/7@i1#f702fz17 (iteration 1)
[2026-01-21 06:10:59] (5s) Empty delta for DataFlowImpl#6ed98661::Impl#DataFlowImpl1#bece54ca::Config#::MkStage#Stage2#::Stage#Stage3Param#::fwdFlow#7#fffffff_delta (order for disjuncts: delta=<standard>).
[2026-01-21 06:10:59] (5s) Starting to evaluate predicate DataFlowImpl#6ed98661::Impl#DataFlowImpl1#bece54ca::Config#::MkStage#Stage2#::Stage#Stage3Param#::fwdFlow0#7#fffffff/7@i1#f702fy17 (iteration 1)
[2026-01-21 06:10:59] (5s) 			 - DataFlowImpl#6ed98661::Impl#DataFlowImpl1#bece54ca::Config#::MkStage#Stage2#::Stage#Stage3Param#::fwdFlow0#7#fffffff_delta has 1 rows (order for disjuncts: delta=<standard>).
[2026-01-21 06:10:59] (5s) Starting to evaluate predicate DataFlowImpl#6ed98661::Impl#DataFlowImpl1#bece54ca::Config#::MkStage#Stage2#::Stage#Stage3Param#::fwdFlowRead#8#ffffffff/8@i1#f702fx17 (iteration 1)
[2026-01-21 06:10:59] (5s) Empty delta for DataFlowImpl#6ed98661::Impl#DataFlowImpl1#bece54ca::Config#::MkStage#Stage2#::Stage#Stage3Param#::fwdFlowRead#8#ffffffff_delta (order for disjuncts: delta=<standard>).
[2026-01-21 06:10:59] (5s) Starting to evaluate predicate DataFlowImpl#6ed98661::Impl#DataFlowImpl1#bece54ca::Config#::MkStage#Stage2#::Stage#Stage3Param#::fwdFlowStore#8#ffffffff/8@i1#f702fw17 (iteration 1)
[2026-01-21 06:10:59] (5s) Empty delta for DataFlowImpl#6ed98661::Impl#DataFlowImpl1#bece54ca::Config#::MkStage#Stage2#::Stage#Stage3Param#::fwdFlowStore#8#ffffffff_delta (order for disjuncts: delta=<standard>).
[2026-01-21 06:10:59] (5s) Empty delta for DataFlowImpl#6ed98661::Impl#DataFlowImpl1#bece54ca::Config#::MkStage#Stage2#::Stage#Stage3Param#::fwdFlowConsCand#3#fff_delta (order for disjuncts: delta=<standard>).
[2026-01-21 06:10:59] (5s) Empty delta for DataFlowImpl#6ed98661::Impl#DataFlowImpl1#bece54ca::Config#::MkStage#Stage2#::Stage#Stage3Param#::fwdFlowIsEntered#7#fffffff#reorder_2_5_6_0_1_3_4_delta (order for disjuncts: delta=<standard>).
[2026-01-21 06:10:59] (5s) Empty delta for DataFlowImpl#6ed98661::Impl#DataFlowImpl1#bece54ca::Config#::MkStage#Stage2#::Stage#Stage3Param#::fwdFlowRetFromArg#8#ffffffff#reorder_2_3_4_0_1_5_6_7_delta (order for disjuncts: delta=<standard>).
[2026-01-21 06:10:59] (5s) Empty delta for DataFlowImpl#6ed98661::Impl#DataFlowImpl1#bece54ca::Config#::MkStage#Stage2#::Stage#Stage3Param#::fwdFlowIn#9#fffffffff_delta (order for disjuncts: delta=<standard>).
[2026-01-21 06:10:59] (5s) Empty delta for DataFlowImpl#6ed98661::Impl#DataFlowImpl1#bece54ca::Config#::MkStage#Stage2#::Stage#Stage3Param#::fwdFlowThrough#10#ffffffffff_delta (order for disjuncts: delta=<standard>).
[2026-01-21 06:10:59] (5s) Starting to evaluate predicate DataFlowImpl#6ed98661::Impl#DataFlowImpl1#bece54ca::Config#::MkStage#Stage2#::Stage#Stage3Param#::fwdFlow#7#fffffff/7@i2#f702fz17 (iteration 2)
[2026-01-21 06:10:59] (5s) 			 - DataFlowImpl#6ed98661::Impl#DataFlowImpl1#bece54ca::Config#::MkStage#Stage2#::Stage#Stage3Param#::fwdFlow#7#fffffff_delta has 1 rows (order for disjuncts: delta=500000).
[2026-01-21 06:10:59] (5s) Empty delta for DataFlowImpl#6ed98661::Impl#DataFlowImpl1#bece54ca::Config#::MkStage#Stage2#::Stage#Stage3Param#::fwdFlow0#7#fffffff_delta (order for disjuncts: delta=<standard>).
[2026-01-21 06:10:59] (5s) Empty delta for DataFlowImpl#6ed98661::Impl#DataFlowImpl1#bece54ca::Config#::MkStage#Stage2#::Stage#Stage3Param#::fwdFlowRead#8#ffffffff_delta (order for disjuncts: delta=<standard>).
[2026-01-21 06:10:59] (5s) Empty delta for DataFlowImpl#6ed98661::Impl#DataFlowImpl1#bece54ca::Config#::MkStage#Stage2#::Stage#Stage3Param#::fwdFlowStore#8#ffffffff_delta (order for disjuncts: delta=<standard>).
[2026-01-21 06:10:59] (5s) Empty delta for DataFlowImpl#6ed98661::Impl#DataFlowImpl1#bece54ca::Config#::MkStage#Stage2#::Stage#Stage3Param#::fwdFlowConsCand#3#fff_delta (order for disjuncts: delta=<standard>).
[2026-01-21 06:10:59] (5s) Empty delta for DataFlowImpl#6ed98661::Impl#DataFlowImpl1#bece54ca::Config#::MkStage#Stage2#::Stage#Stage3Param#::fwdFlowIsEntered#7#fffffff#reorder_2_5_6_0_1_3_4_delta (order for disjuncts: delta=<standard>).
[2026-01-21 06:10:59] (5s) Starting to evaluate predicate DataFlowImpl#6ed98661::Impl#DataFlowImpl1#bece54ca::Config#::MkStage#Stage2#::Stage#Stage3Param#::fwdFlowRetFromArg#8#ffffffff#reorder_2_3_4_0_1_5_6_7/8@i3#f702f2w7 (iteration 3)
[2026-01-21 06:10:59] (5s) Empty delta for DataFlowImpl#6ed98661::Impl#DataFlowImpl1#bece54ca::Config#::MkStage#Stage2#::Stage#Stage3Param#::fwdFlowRetFromArg#8#ffffffff#reorder_2_3_4_0_1_5_6_7_delta (order for disjuncts: delta=500000).
[2026-01-21 06:10:59] (5s) Starting to evaluate predicate DataFlowImpl#6ed98661::Impl#DataFlowImpl1#bece54ca::Config#::MkStage#Stage2#::Stage#Stage3Param#::fwdFlowIn#9#fffffffff/9@i3#f702f1w7 (iteration 3)
[2026-01-21 06:10:59] (5s) Empty delta for DataFlowImpl#6ed98661::Impl#DataFlowImpl1#bece54ca::Config#::MkStage#Stage2#::Stage#Stage3Param#::fwdFlowIn#9#fffffffff_delta (order for disjuncts: delta=500000).
[2026-01-21 06:10:59] (5s) Empty delta for DataFlowImpl#6ed98661::Impl#DataFlowImpl1#bece54ca::Config#::MkStage#Stage2#::Stage#Stage3Param#::fwdFlowThrough#10#ffffffffff_delta (order for disjuncts: delta=<standard>).
[2026-01-21 06:10:59] (5s) Empty delta for DataFlowImpl#6ed98661::Impl#DataFlowImpl1#bece54ca::Config#::MkStage#Stage2#::Stage#Stage3Param#::fwdFlow#7#fffffff_delta (order for disjuncts: delta=500000).
[2026-01-21 06:10:59] (5s) Starting to evaluate predicate DataFlowImpl#6ed98661::Impl#DataFlowImpl1#bece54ca::Config#::MkStage#Stage2#::Stage#Stage3Param#::fwdFlow0#7#fffffff/7@i3#f702fy17 (iteration 3)
[2026-01-21 06:10:59] (5s) 			 - DataFlowImpl#6ed98661::Impl#DataFlowImpl1#bece54ca::Config#::MkStage#Stage2#::Stage#Stage3Param#::fwdFlow0#7#fffffff_delta has 14 rows (order for disjuncts: delta=<standard>).
[2026-01-21 06:10:59] (5s) Starting to evaluate predicate DataFlowImpl#6ed98661::Impl#DataFlowImpl1#bece54ca::Config#::MkStage#Stage2#::Stage#Stage3Param#::fwdFlowRead#8#ffffffff/8@i3#f702fx17 (iteration 3)
[2026-01-21 06:10:59] (5s) Empty delta for DataFlowImpl#6ed98661::Impl#DataFlowImpl1#bece54ca::Config#::MkStage#Stage2#::Stage#Stage3Param#::fwdFlowRead#8#ffffffff_delta (order for disjuncts: delta=500000).
[2026-01-21 06:10:59] (5s) Starting to evaluate predicate DataFlowImpl#6ed98661::Impl#DataFlowImpl1#bece54ca::Config#::MkStage#Stage2#::Stage#Stage3Param#::fwdFlowStore#8#ffffffff/8@i3#f702fw17 (iteration 3)
[2026-01-21 06:10:59] (5s) Empty delta for DataFlowImpl#6ed98661::Impl#DataFlowImpl1#bece54ca::Config#::MkStage#Stage2#::Stage#Stage3Param#::fwdFlowStore#8#ffffffff_delta (order for disjuncts: delta=500000).
[2026-01-21 06:10:59] (5s) Empty delta for DataFlowImpl#6ed98661::Impl#DataFlowImpl1#bece54ca::Config#::MkStage#Stage2#::Stage#Stage3Param#::fwdFlowConsCand#3#fff_delta (order for disjuncts: delta=<standard>).
[2026-01-21 06:10:59] (5s) Empty delta for DataFlowImpl#6ed98661::Impl#DataFlowImpl1#bece54ca::Config#::MkStage#Stage2#::Stage#Stage3Param#::fwdFlowIsEntered#7#fffffff#reorder_2_5_6_0_1_3_4_delta (order for disjuncts: delta=<standard>).
[2026-01-21 06:10:59] (5s) Empty delta for DataFlowImpl#6ed98661::Impl#DataFlowImpl1#bece54ca::Config#::MkStage#Stage2#::Stage#Stage3Param#::fwdFlowRetFromArg#8#ffffffff#reorder_2_3_4_0_1_5_6_7_delta (order for disjuncts: delta=500000).
[2026-01-21 06:10:59] (5s) Empty delta for DataFlowImpl#6ed98661::Impl#DataFlowImpl1#bece54ca::Config#::MkStage#Stage2#::Stage#Stage3Param#::fwdFlowIn#9#fffffffff_delta (order for disjuncts: delta=500000).
[2026-01-21 06:10:59] (5s) Empty delta for DataFlowImpl#6ed98661::Impl#DataFlowImpl1#bece54ca::Config#::MkStage#Stage2#::Stage#Stage3Param#::fwdFlowThrough#10#ffffffffff_delta (order for disjuncts: delta=<standard>).
[2026-01-21 06:10:59] (5s) Starting to evaluate predicate DataFlowImpl#6ed98661::Impl#DataFlowImpl1#bece54ca::Config#::MkStage#Stage2#::Stage#Stage3Param#::fwdFlow#7#fffffff/7@i4#f702fz17 (iteration 4)
[2026-01-21 06:10:59] (5s) 			 - DataFlowImpl#6ed98661::Impl#DataFlowImpl1#bece54ca::Config#::MkStage#Stage2#::Stage#Stage3Param#::fwdFlow#7#fffffff_delta has 13 rows (order for disjuncts: delta=500000).
[2026-01-21 06:10:59] (5s) Empty delta for DataFlowImpl#6ed98661::Impl#DataFlowImpl1#bece54ca::Config#::MkStage#Stage2#::Stage#Stage3Param#::fwdFlow0#7#fffffff_delta (order for disjuncts: delta=<standard>).
[2026-01-21 06:10:59] (5s) Empty delta for DataFlowImpl#6ed98661::Impl#DataFlowImpl1#bece54ca::Config#::MkStage#Stage2#::Stage#Stage3Param#::fwdFlowRead#8#ffffffff_delta (order for disjuncts: delta=500000).
[2026-01-21 06:10:59] (5s) Empty delta for DataFlowImpl#6ed98661::Impl#DataFlowImpl1#bece54ca::Config#::MkStage#Stage2#::Stage#Stage3Param#::fwdFlowStore#8#ffffffff_delta (order for disjuncts: delta=500000).
[2026-01-21 06:10:59] (5s) Empty delta for DataFlowImpl#6ed98661::Impl#DataFlowImpl1#bece54ca::Config#::MkStage#Stage2#::Stage#Stage3Param#::fwdFlowConsCand#3#fff_delta (order for disjuncts: delta=<standard>).
[2026-01-21 06:10:59] (5s) Empty delta for DataFlowImpl#6ed98661::Impl#DataFlowImpl1#bece54ca::Config#::MkStage#Stage2#::Stage#Stage3Param#::fwdFlowIsEntered#7#fffffff#reorder_2_5_6_0_1_3_4_delta (order for disjuncts: delta=<standard>).
[2026-01-21 06:10:59] (5s) Starting to evaluate predicate DataFlowImpl#6ed98661::Impl#DataFlowImpl1#bece54ca::Config#::MkStage#Stage2#::Stage#Stage3Param#::fwdFlowRetFromArg#8#ffffffff#reorder_2_3_4_0_1_5_6_7/8@i5#f702f2w7 (iteration 5)
[2026-01-21 06:10:59] (5s) Empty delta for DataFlowImpl#6ed98661::Impl#DataFlowImpl1#bece54ca::Config#::MkStage#Stage2#::Stage#Stage3Param#::fwdFlowRetFromArg#8#ffffffff#reorder_2_3_4_0_1_5_6_7_delta (order for disjuncts: delta=500000).
[2026-01-21 06:10:59] (5s) Starting to evaluate predicate DataFlowImpl#6ed98661::Impl#DataFlowImpl1#bece54ca::Config#::MkStage#Stage2#::Stage#Stage3Param#::fwdFlowIn#9#fffffffff/9@i5#f702f1w7 (iteration 5)
[2026-01-21 06:10:59] (5s) Empty delta for DataFlowImpl#6ed98661::Impl#DataFlowImpl1#bece54ca::Config#::MkStage#Stage2#::Stage#Stage3Param#::fwdFlowIn#9#fffffffff_delta (order for disjuncts: delta=500000).
[2026-01-21 06:10:59] (5s) Empty delta for DataFlowImpl#6ed98661::Impl#DataFlowImpl1#bece54ca::Config#::MkStage#Stage2#::Stage#Stage3Param#::fwdFlowThrough#10#ffffffffff_delta (order for disjuncts: delta=<standard>).
[2026-01-21 06:10:59] (5s) Empty delta for DataFlowImpl#6ed98661::Impl#DataFlowImpl1#bece54ca::Config#::MkStage#Stage2#::Stage#Stage3Param#::fwdFlow#7#fffffff_delta (order for disjuncts: delta=500000).
[2026-01-21 06:10:59] (5s) Starting to evaluate predicate DataFlowImpl#6ed98661::Impl#DataFlowImpl1#bece54ca::Config#::MkStage#Stage2#::Stage#Stage3Param#::fwdFlow0#7#fffffff/7@i5#f702fy17 (iteration 5)
[2026-01-21 06:10:59] (5s) Empty delta for DataFlowImpl#6ed98661::Impl#DataFlowImpl1#bece54ca::Config#::MkStage#Stage2#::Stage#Stage3Param#::fwdFlow0#7#fffffff_delta (order for disjuncts: delta=<standard>).
[2026-01-21 06:10:59] (5s) Starting to evaluate predicate DataFlowImpl#6ed98661::Impl#DataFlowImpl1#bece54ca::Config#::MkStage#Stage2#::Stage#Stage3Param#::fwdFlowRead#8#ffffffff/8@i5#f702fx17 (iteration 5)
[2026-01-21 06:10:59] (5s) Empty delta for DataFlowImpl#6ed98661::Impl#DataFlowImpl1#bece54ca::Config#::MkStage#Stage2#::Stage#Stage3Param#::fwdFlowRead#8#ffffffff_delta (order for disjuncts: delta=500000).
[2026-01-21 06:10:59] (5s) Starting to evaluate predicate DataFlowImpl#6ed98661::Impl#DataFlowImpl1#bece54ca::Config#::MkStage#Stage2#::Stage#Stage3Param#::fwdFlowStore#8#ffffffff/8@i5#f702fw17 (iteration 5)
[2026-01-21 06:10:59] (5s) 			 - DataFlowImpl#6ed98661::Impl#DataFlowImpl1#bece54ca::Config#::MkStage#Stage2#::Stage#Stage3Param#::fwdFlowStore#8#ffffffff_delta has 1 rows (order for disjuncts: delta=500000).
[2026-01-21 06:10:59] (5s) Starting to evaluate predicate DataFlowImpl#6ed98661::Impl#DataFlowImpl1#bece54ca::Config#::MkStage#Stage2#::Stage#Stage3Param#::fwdFlowConsCand#3#fff/3@i6#f702f4w7 (iteration 6)
[2026-01-21 06:10:59] (5s) 			 - DataFlowImpl#6ed98661::Impl#DataFlowImpl1#bece54ca::Config#::MkStage#Stage2#::Stage#Stage3Param#::fwdFlowConsCand#3#fff_delta has 1 rows (order for disjuncts: delta=500000).
[2026-01-21 06:10:59] (5s) Empty delta for DataFlowImpl#6ed98661::Impl#DataFlowImpl1#bece54ca::Config#::MkStage#Stage2#::Stage#Stage3Param#::fwdFlowIsEntered#7#fffffff#reorder_2_5_6_0_1_3_4_delta (order for disjuncts: delta=<standard>).
[2026-01-21 06:10:59] (5s) Empty delta for DataFlowImpl#6ed98661::Impl#DataFlowImpl1#bece54ca::Config#::MkStage#Stage2#::Stage#Stage3Param#::fwdFlowRetFromArg#8#ffffffff#reorder_2_3_4_0_1_5_6_7_delta (order for disjuncts: delta=500000).
[2026-01-21 06:10:59] (5s) Empty delta for DataFlowImpl#6ed98661::Impl#DataFlowImpl1#bece54ca::Config#::MkStage#Stage2#::Stage#Stage3Param#::fwdFlowIn#9#fffffffff_delta (order for disjuncts: delta=500000).
[2026-01-21 06:10:59] (5s) Empty delta for DataFlowImpl#6ed98661::Impl#DataFlowImpl1#bece54ca::Config#::MkStage#Stage2#::Stage#Stage3Param#::fwdFlowThrough#10#ffffffffff_delta (order for disjuncts: delta=<standard>).
[2026-01-21 06:10:59] (5s) Empty delta for DataFlowImpl#6ed98661::Impl#DataFlowImpl1#bece54ca::Config#::MkStage#Stage2#::Stage#Stage3Param#::fwdFlow#7#fffffff_delta (order for disjuncts: delta=500000).
[2026-01-21 06:10:59] (5s) Starting to evaluate predicate DataFlowImpl#6ed98661::Impl#DataFlowImpl1#bece54ca::Config#::MkStage#Stage2#::Stage#Stage3Param#::fwdFlow0#7#fffffff/7@i6#f702fy17 (iteration 6)
[2026-01-21 06:10:59] (5s) 			 - DataFlowImpl#6ed98661::Impl#DataFlowImpl1#bece54ca::Config#::MkStage#Stage2#::Stage#Stage3Param#::fwdFlow0#7#fffffff_delta has 1 rows (order for disjuncts: delta=<standard>).
[2026-01-21 06:10:59] (5s) Empty delta for DataFlowImpl#6ed98661::Impl#DataFlowImpl1#bece54ca::Config#::MkStage#Stage2#::Stage#Stage3Param#::fwdFlowRead#8#ffffffff_delta (order for disjuncts: delta=500000).
[2026-01-21 06:10:59] (5s) Empty delta for DataFlowImpl#6ed98661::Impl#DataFlowImpl1#bece54ca::Config#::MkStage#Stage2#::Stage#Stage3Param#::fwdFlowStore#8#ffffffff_delta (order for disjuncts: delta=500000).
[2026-01-21 06:10:59] (5s) Empty delta for DataFlowImpl#6ed98661::Impl#DataFlowImpl1#bece54ca::Config#::MkStage#Stage2#::Stage#Stage3Param#::fwdFlowConsCand#3#fff_delta (order for disjuncts: delta=500000).
[2026-01-21 06:10:59] (5s) Empty delta for DataFlowImpl#6ed98661::Impl#DataFlowImpl1#bece54ca::Config#::MkStage#Stage2#::Stage#Stage3Param#::fwdFlowIsEntered#7#fffffff#reorder_2_5_6_0_1_3_4_delta (order for disjuncts: delta=<standard>).
[2026-01-21 06:10:59] (5s) Empty delta for DataFlowImpl#6ed98661::Impl#DataFlowImpl1#bece54ca::Config#::MkStage#Stage2#::Stage#Stage3Param#::fwdFlowRetFromArg#8#ffffffff#reorder_2_3_4_0_1_5_6_7_delta (order for disjuncts: delta=500000).
[2026-01-21 06:10:59] (5s) Empty delta for DataFlowImpl#6ed98661::Impl#DataFlowImpl1#bece54ca::Config#::MkStage#Stage2#::Stage#Stage3Param#::fwdFlowIn#9#fffffffff_delta (order for disjuncts: delta=500000).
[2026-01-21 06:10:59] (5s) Empty delta for DataFlowImpl#6ed98661::Impl#DataFlowImpl1#bece54ca::Config#::MkStage#Stage2#::Stage#Stage3Param#::fwdFlowThrough#10#ffffffffff_delta (order for disjuncts: delta=<standard>).
[2026-01-21 06:10:59] (5s) Starting to evaluate predicate DataFlowImpl#6ed98661::Impl#DataFlowImpl1#bece54ca::Config#::MkStage#Stage2#::Stage#Stage3Param#::fwdFlow#7#fffffff/7@i7#f702fz17 (iteration 7)
[2026-01-21 06:10:59] (5s) 			 - DataFlowImpl#6ed98661::Impl#DataFlowImpl1#bece54ca::Config#::MkStage#Stage2#::Stage#Stage3Param#::fwdFlow#7#fffffff_delta has 1 rows (order for disjuncts: delta=500000).
[2026-01-21 06:10:59] (5s) Starting to evaluate predicate DataFlowImpl#6ed98661::Impl#DataFlowImpl1#bece54ca::Config#::MkStage#Stage2#::Stage#Stage3Param#::fwdFlow0#7#fffffff/7@i7#f702fy17 (iteration 7)
[2026-01-21 06:10:59] (5s) Empty delta for DataFlowImpl#6ed98661::Impl#DataFlowImpl1#bece54ca::Config#::MkStage#Stage2#::Stage#Stage3Param#::fwdFlow0#7#fffffff_delta (order for disjuncts: delta=<standard>).
[2026-01-21 06:10:59] (5s) Empty delta for DataFlowImpl#6ed98661::Impl#DataFlowImpl1#bece54ca::Config#::MkStage#Stage2#::Stage#Stage3Param#::fwdFlowRead#8#ffffffff_delta (order for disjuncts: delta=500000).
[2026-01-21 06:10:59] (5s) Empty delta for DataFlowImpl#6ed98661::Impl#DataFlowImpl1#bece54ca::Config#::MkStage#Stage2#::Stage#Stage3Param#::fwdFlowStore#8#ffffffff_delta (order for disjuncts: delta=500000).
[2026-01-21 06:10:59] (5s) Empty delta for DataFlowImpl#6ed98661::Impl#DataFlowImpl1#bece54ca::Config#::MkStage#Stage2#::Stage#Stage3Param#::fwdFlowConsCand#3#fff_delta (order for disjuncts: delta=500000).
[2026-01-21 06:10:59] (5s) Empty delta for DataFlowImpl#6ed98661::Impl#DataFlowImpl1#bece54ca::Config#::MkStage#Stage2#::Stage#Stage3Param#::fwdFlowIsEntered#7#fffffff#reorder_2_5_6_0_1_3_4_delta (order for disjuncts: delta=<standard>).
[2026-01-21 06:10:59] (5s) Starting to evaluate predicate DataFlowImpl#6ed98661::Impl#DataFlowImpl1#bece54ca::Config#::MkStage#Stage2#::Stage#Stage3Param#::fwdFlowRetFromArg#8#ffffffff#reorder_2_3_4_0_1_5_6_7/8@i8#f702f2w7 (iteration 8)
[2026-01-21 06:10:59] (5s) Empty delta for DataFlowImpl#6ed98661::Impl#DataFlowImpl1#bece54ca::Config#::MkStage#Stage2#::Stage#Stage3Param#::fwdFlowRetFromArg#8#ffffffff#reorder_2_3_4_0_1_5_6_7_delta (order for disjuncts: delta=500000).
[2026-01-21 06:10:59] (5s) Starting to evaluate predicate DataFlowImpl#6ed98661::Impl#DataFlowImpl1#bece54ca::Config#::MkStage#Stage2#::Stage#Stage3Param#::fwdFlowIn#9#fffffffff/9@i8#f702f1w7 (iteration 8)
[2026-01-21 06:10:59] (5s) Empty delta for DataFlowImpl#6ed98661::Impl#DataFlowImpl1#bece54ca::Config#::MkStage#Stage2#::Stage#Stage3Param#::fwdFlowIn#9#fffffffff_delta (order for disjuncts: delta=500000).
[2026-01-21 06:10:59] (5s) Empty delta for DataFlowImpl#6ed98661::Impl#DataFlowImpl1#bece54ca::Config#::MkStage#Stage2#::Stage#Stage3Param#::fwdFlowThrough#10#ffffffffff_delta (order for disjuncts: delta=<standard>).
[2026-01-21 06:10:59] (5s) Empty delta for DataFlowImpl#6ed98661::Impl#DataFlowImpl1#bece54ca::Config#::MkStage#Stage2#::Stage#Stage3Param#::fwdFlow#7#fffffff_delta (order for disjuncts: delta=500000).
[2026-01-21 06:10:59] (5s) Starting to evaluate predicate DataFlowImpl#6ed98661::Impl#DataFlowImpl1#bece54ca::Config#::MkStage#Stage2#::Stage#Stage3Param#::fwdFlow0#7#fffffff/7@i8#f702fy17 (iteration 8)
[2026-01-21 06:10:59] (5s) 			 - DataFlowImpl#6ed98661::Impl#DataFlowImpl1#bece54ca::Config#::MkStage#Stage2#::Stage#Stage3Param#::fwdFlow0#7#fffffff_delta has 4 rows (order for disjuncts: delta=<standard>).
[2026-01-21 06:10:59] (5s) Starting to evaluate predicate DataFlowImpl#6ed98661::Impl#DataFlowImpl1#bece54ca::Config#::MkStage#Stage2#::Stage#Stage3Param#::fwdFlowRead#8#ffffffff/8@i8#f702fx17 (iteration 8)
[2026-01-21 06:10:59] (5s) Empty delta for DataFlowImpl#6ed98661::Impl#DataFlowImpl1#bece54ca::Config#::MkStage#Stage2#::Stage#Stage3Param#::fwdFlowRead#8#ffffffff_delta (order for disjuncts: delta=500000).
[2026-01-21 06:10:59] (5s) Starting to evaluate predicate DataFlowImpl#6ed98661::Impl#DataFlowImpl1#bece54ca::Config#::MkStage#Stage2#::Stage#Stage3Param#::fwdFlowStore#8#ffffffff/8@i8#f702fw17 (iteration 8)
[2026-01-21 06:10:59] (5s) Empty delta for DataFlowImpl#6ed98661::Impl#DataFlowImpl1#bece54ca::Config#::MkStage#Stage2#::Stage#Stage3Param#::fwdFlowStore#8#ffffffff_delta (order for disjuncts: delta=500000).
[2026-01-21 06:10:59] (5s) Empty delta for DataFlowImpl#6ed98661::Impl#DataFlowImpl1#bece54ca::Config#::MkStage#Stage2#::Stage#Stage3Param#::fwdFlowConsCand#3#fff_delta (order for disjuncts: delta=500000).
[2026-01-21 06:10:59] (5s) Empty delta for DataFlowImpl#6ed98661::Impl#DataFlowImpl1#bece54ca::Config#::MkStage#Stage2#::Stage#Stage3Param#::fwdFlowIsEntered#7#fffffff#reorder_2_5_6_0_1_3_4_delta (order for disjuncts: delta=<standard>).
[2026-01-21 06:10:59] (5s) Empty delta for DataFlowImpl#6ed98661::Impl#DataFlowImpl1#bece54ca::Config#::MkStage#Stage2#::Stage#Stage3Param#::fwdFlowRetFromArg#8#ffffffff#reorder_2_3_4_0_1_5_6_7_delta (order for disjuncts: delta=500000).
[2026-01-21 06:10:59] (5s) Empty delta for DataFlowImpl#6ed98661::Impl#DataFlowImpl1#bece54ca::Config#::MkStage#Stage2#::Stage#Stage3Param#::fwdFlowIn#9#fffffffff_delta (order for disjuncts: delta=500000).
[2026-01-21 06:10:59] (5s) Empty delta for DataFlowImpl#6ed98661::Impl#DataFlowImpl1#bece54ca::Config#::MkStage#Stage2#::Stage#Stage3Param#::fwdFlowThrough#10#ffffffffff_delta (order for disjuncts: delta=<standard>).
[2026-01-21 06:10:59] (5s) Starting to evaluate predicate DataFlowImpl#6ed98661::Impl#DataFlowImpl1#bece54ca::Config#::MkStage#Stage2#::Stage#Stage3Param#::fwdFlow#7#fffffff/7@i9#f702fz17 (iteration 9)
[2026-01-21 06:10:59] (5s) 			 - DataFlowImpl#6ed98661::Impl#DataFlowImpl1#bece54ca::Config#::MkStage#Stage2#::Stage#Stage3Param#::fwdFlow#7#fffffff_delta has 2 rows (order for disjuncts: delta=500000).
[2026-01-21 06:10:59] (5s) Empty delta for DataFlowImpl#6ed98661::Impl#DataFlowImpl1#bece54ca::Config#::MkStage#Stage2#::Stage#Stage3Param#::fwdFlow0#7#fffffff_delta (order for disjuncts: delta=<standard>).
[2026-01-21 06:10:59] (5s) Empty delta for DataFlowImpl#6ed98661::Impl#DataFlowImpl1#bece54ca::Config#::MkStage#Stage2#::Stage#Stage3Param#::fwdFlowRead#8#ffffffff_delta (order for disjuncts: delta=500000).
[2026-01-21 06:10:59] (5s) Empty delta for DataFlowImpl#6ed98661::Impl#DataFlowImpl1#bece54ca::Config#::MkStage#Stage2#::Stage#Stage3Param#::fwdFlowStore#8#ffffffff_delta (order for disjuncts: delta=500000).
[2026-01-21 06:10:59] (5s) Empty delta for DataFlowImpl#6ed98661::Impl#DataFlowImpl1#bece54ca::Config#::MkStage#Stage2#::Stage#Stage3Param#::fwdFlowConsCand#3#fff_delta (order for disjuncts: delta=500000).
[2026-01-21 06:10:59] (5s) Empty delta for DataFlowImpl#6ed98661::Impl#DataFlowImpl1#bece54ca::Config#::MkStage#Stage2#::Stage#Stage3Param#::fwdFlowIsEntered#7#fffffff#reorder_2_5_6_0_1_3_4_delta (order for disjuncts: delta=<standard>).
[2026-01-21 06:10:59] (5s) Starting to evaluate predicate DataFlowImpl#6ed98661::Impl#DataFlowImpl1#bece54ca::Config#::MkStage#Stage2#::Stage#Stage3Param#::fwdFlowRetFromArg#8#ffffffff#reorder_2_3_4_0_1_5_6_7/8@i10#f702f2w7 (iteration 10)
[2026-01-21 06:10:59] (5s) Empty delta for DataFlowImpl#6ed98661::Impl#DataFlowImpl1#bece54ca::Config#::MkStage#Stage2#::Stage#Stage3Param#::fwdFlowRetFromArg#8#ffffffff#reorder_2_3_4_0_1_5_6_7_delta (order for disjuncts: delta=500000).
[2026-01-21 06:10:59] (5s) Starting to evaluate predicate DataFlowImpl#6ed98661::Impl#DataFlowImpl1#bece54ca::Config#::MkStage#Stage2#::Stage#Stage3Param#::fwdFlowIn#9#fffffffff/9@i10#f702f1w7 (iteration 10)
[2026-01-21 06:10:59] (5s) Empty delta for DataFlowImpl#6ed98661::Impl#DataFlowImpl1#bece54ca::Config#::MkStage#Stage2#::Stage#Stage3Param#::fwdFlowIn#9#fffffffff_delta (order for disjuncts: delta=500000).
[2026-01-21 06:10:59] (5s) Empty delta for DataFlowImpl#6ed98661::Impl#DataFlowImpl1#bece54ca::Config#::MkStage#Stage2#::Stage#Stage3Param#::fwdFlowThrough#10#ffffffffff_delta (order for disjuncts: delta=<standard>).
[2026-01-21 06:10:59] (5s) Empty delta for DataFlowImpl#6ed98661::Impl#DataFlowImpl1#bece54ca::Config#::MkStage#Stage2#::Stage#Stage3Param#::fwdFlow#7#fffffff_delta (order for disjuncts: delta=500000).
[2026-01-21 06:10:59] (5s) Starting to evaluate predicate DataFlowImpl#6ed98661::Impl#DataFlowImpl1#bece54ca::Config#::MkStage#Stage2#::Stage#Stage3Param#::fwdFlow0#7#fffffff/7@i10#f702fy17 (iteration 10)
[2026-01-21 06:10:59] (5s) Empty delta for DataFlowImpl#6ed98661::Impl#DataFlowImpl1#bece54ca::Config#::MkStage#Stage2#::Stage#Stage3Param#::fwdFlow0#7#fffffff_delta (order for disjuncts: delta=<standard>).
[2026-01-21 06:10:59] (5s) Starting to evaluate predicate DataFlowImpl#6ed98661::Impl#DataFlowImpl1#bece54ca::Config#::MkStage#Stage2#::Stage#Stage3Param#::fwdFlowRead#8#ffffffff/8@i10#f702fx17 (iteration 10)
[2026-01-21 06:10:59] (5s) 			 - DataFlowImpl#6ed98661::Impl#DataFlowImpl1#bece54ca::Config#::MkStage#Stage2#::Stage#Stage3Param#::fwdFlowRead#8#ffffffff_delta has 1 rows (order for disjuncts: delta=500000).
[2026-01-21 06:10:59] (5s) Starting to evaluate predicate DataFlowImpl#6ed98661::Impl#DataFlowImpl1#bece54ca::Config#::MkStage#Stage2#::Stage#Stage3Param#::fwdFlowStore#8#ffffffff/8@i10#f702fw17 (iteration 10)
[2026-01-21 06:10:59] (5s) Empty delta for DataFlowImpl#6ed98661::Impl#DataFlowImpl1#bece54ca::Config#::MkStage#Stage2#::Stage#Stage3Param#::fwdFlowStore#8#ffffffff_delta (order for disjuncts: delta=500000).
[2026-01-21 06:10:59] (5s) Empty delta for DataFlowImpl#6ed98661::Impl#DataFlowImpl1#bece54ca::Config#::MkStage#Stage2#::Stage#Stage3Param#::fwdFlowConsCand#3#fff_delta (order for disjuncts: delta=500000).
[2026-01-21 06:10:59] (5s) Empty delta for DataFlowImpl#6ed98661::Impl#DataFlowImpl1#bece54ca::Config#::MkStage#Stage2#::Stage#Stage3Param#::fwdFlowIsEntered#7#fffffff#reorder_2_5_6_0_1_3_4_delta (order for disjuncts: delta=<standard>).
[2026-01-21 06:10:59] (5s) Empty delta for DataFlowImpl#6ed98661::Impl#DataFlowImpl1#bece54ca::Config#::MkStage#Stage2#::Stage#Stage3Param#::fwdFlowRetFromArg#8#ffffffff#reorder_2_3_4_0_1_5_6_7_delta (order for disjuncts: delta=500000).
[2026-01-21 06:10:59] (5s) Empty delta for DataFlowImpl#6ed98661::Impl#DataFlowImpl1#bece54ca::Config#::MkStage#Stage2#::Stage#Stage3Param#::fwdFlowIn#9#fffffffff_delta (order for disjuncts: delta=500000).
[2026-01-21 06:10:59] (5s) Empty delta for DataFlowImpl#6ed98661::Impl#DataFlowImpl1#bece54ca::Config#::MkStage#Stage2#::Stage#Stage3Param#::fwdFlowThrough#10#ffffffffff_delta (order for disjuncts: delta=<standard>).
[2026-01-21 06:10:59] (5s) Empty delta for DataFlowImpl#6ed98661::Impl#DataFlowImpl1#bece54ca::Config#::MkStage#Stage2#::Stage#Stage3Param#::fwdFlow#7#fffffff_delta (order for disjuncts: delta=500000).
[2026-01-21 06:10:59] (5s) Starting to evaluate predicate DataFlowImpl#6ed98661::Impl#DataFlowImpl1#bece54ca::Config#::MkStage#Stage2#::Stage#Stage3Param#::fwdFlow0#7#fffffff/7@i11#f702fy17 (iteration 11)
[2026-01-21 06:10:59] (5s) Empty delta for DataFlowImpl#6ed98661::Impl#DataFlowImpl1#bece54ca::Config#::MkStage#Stage2#::Stage#Stage3Param#::fwdFlow0#7#fffffff_delta (order for disjuncts: delta=<standard>).
[2026-01-21 06:10:59] (5s) Empty delta for DataFlowImpl#6ed98661::Impl#DataFlowImpl1#bece54ca::Config#::MkStage#Stage2#::Stage#Stage3Param#::fwdFlowRead#8#ffffffff_delta (order for disjuncts: delta=500000).
[2026-01-21 06:10:59] (5s) Empty delta for DataFlowImpl#6ed98661::Impl#DataFlowImpl1#bece54ca::Config#::MkStage#Stage2#::Stage#Stage3Param#::fwdFlowStore#8#ffffffff_delta (order for disjuncts: delta=500000).
[2026-01-21 06:10:59] (5s) Accumulating deltas
[2026-01-21 06:10:59] (5s)  >>> Created relation DataFlowImpl#6ed98661::Impl#DataFlowImpl1#bece54ca::Config#::MkStage#Stage2#::Stage#Stage3Param#::fwdFlowStore#8#ffffffff/8@f702fw17 with 1 rows and digest cbe891m5f7g8io450lk00sft5ld.
[2026-01-21 06:10:59] (5s)  >>> Created relation DataFlowImpl#6ed98661::Impl#DataFlowImpl1#bece54ca::Config#::MkStage#Stage2#::Stage#Stage3Param#::fwdFlowRead#8#ffffffff/8@f702fx17 with 1 rows and digest e756d86um6vl3ofbv1ebn84ose8.
[2026-01-21 06:10:59] (5s)  >>> Created relation DataFlowImpl#6ed98661::Impl#DataFlowImpl1#bece54ca::Config#::MkStage#Stage2#::Stage#Stage3Param#::fwdFlow0#7#fffffff/7@f702fy17 with 20 rows and digest 02cc58m86ia358972tr6evplu06.
[2026-01-21 06:10:59] (5s)  >>> Created relation DataFlowImpl#6ed98661::Impl#DataFlowImpl1#bece54ca::Config#::MkStage#Stage2#::Stage#Stage3Param#::fwdFlow#7#fffffff/7@f702fz17 with 17 rows and digest 15e0f6tfic52smje91df5i70vpe.
[2026-01-21 06:10:59] (5s)  >>> Created relation DataFlowImpl#6ed98661::Impl#DataFlowImpl1#bece54ca::Config#::MkStage#Stage2#::Stage#Stage3Param#::fwdFlowThrough#10#ffffffffff/10@f702f0w7 with 0 rows and digest THIS-RELATION-HAS-NO-TUPLES.
[2026-01-21 06:10:59] (5s)  >>> Created relation DataFlowImpl#6ed98661::Impl#DataFlowImpl1#bece54ca::Config#::MkStage#Stage2#::Stage#Stage3Param#::fwdFlowIn#9#fffffffff/9@f702f1w7 with 0 rows and digest THIS-RELATION-HAS-NO-TUPLES.
[2026-01-21 06:10:59] (5s)  >>> Created relation DataFlowImpl#6ed98661::Impl#DataFlowImpl1#bece54ca::Config#::MkStage#Stage2#::Stage#Stage3Param#::fwdFlowRetFromArg#8#ffffffff#reorder_2_3_4_0_1_5_6_7/8@f702f2w7 with 0 rows and digest THIS-RELATION-HAS-NO-TUPLES.
[2026-01-21 06:10:59] (5s)  >>> Created relation DataFlowImpl#6ed98661::Impl#DataFlowImpl1#bece54ca::Config#::MkStage#Stage2#::Stage#Stage3Param#::fwdFlowIsEntered#7#fffffff#reorder_2_5_6_0_1_3_4/7@f702f3w7 with 0 rows and digest THIS-RELATION-HAS-NO-TUPLES.
[2026-01-21 06:10:59] (5s)  >>> Created relation DataFlowImpl#6ed98661::Impl#DataFlowImpl1#bece54ca::Config#::MkStage#Stage2#::Stage#Stage3Param#::fwdFlowConsCand#3#fff/3@f702f4w7 with 1 rows and digest 4dc017qo8i7a2qrdg6uq92v3ol0.
[2026-01-21 06:10:59] (5s) Starting to evaluate predicate project#DataFlowImpl#6ed98661::Impl#DataFlowImpl1#bece54ca::Config#::MkStage#Stage2#::Stage#Stage3Param#::fwdFlow#7#fffffff#2/3@ee1f096f
[2026-01-21 06:10:59] (5s)  >>> Created relation project#DataFlowImpl#6ed98661::Impl#DataFlowImpl1#bece54ca::Config#::MkStage#Stage2#::Stage#Stage3Param#::fwdFlow#7#fffffff#2/3@ee1f096f with 17 rows and digest ec55ccg3p2pcl5es8bgt4thdpfb.
[2026-01-21 06:10:59] (5s) Starting to evaluate predicate project#DataFlowImpl#6ed98661::Impl#DataFlowImpl1#bece54ca::Config#::MkStage#Stage2#::Stage#Stage3Param#::fwdFlowRead#8#ffffffff/4@d42ef71t
[2026-01-21 06:10:59] (5s)  >>> Created relation project#DataFlowImpl#6ed98661::Impl#DataFlowImpl1#bece54ca::Config#::MkStage#Stage2#::Stage#Stage3Param#::fwdFlowRead#8#ffffffff/4@d42ef71t with 1 rows and digest fe19673umspd412ske9vasgdgkc.
[2026-01-21 06:10:59] (5s) Starting to evaluate predicate DataFlowImpl#6ed98661::Impl#DataFlowImpl1#bece54ca::Config#::MkStage#Stage2#::Stage#Stage3Param#::readStepFwd#5#fffff/5@412327jn
[2026-01-21 06:10:59] (5s)  >>> Created relation DataFlowImpl#6ed98661::Impl#DataFlowImpl1#bece54ca::Config#::MkStage#Stage2#::Stage#Stage3Param#::readStepFwd#5#fffff/5@412327jn with 1 rows and digest 413956vm2pn62f53sq518a42hna.
[2026-01-21 06:10:59] (5s) Starting to evaluate predicate project#DataFlowImpl#6ed98661::Impl#DataFlowImpl1#bece54ca::Config#::MkStage#Stage2#::Stage#Stage3Param#::readStepFwd#5#fffff/4@6581fdnk
[2026-01-21 06:10:59] (5s)  >>> Created relation project#DataFlowImpl#6ed98661::Impl#DataFlowImpl1#bece54ca::Config#::MkStage#Stage2#::Stage#Stage3Param#::readStepFwd#5#fffff/4@6581fdnk with 1 rows and digest 9b254bdv06gei8gljtr7fdr8qq3.
[2026-01-21 06:10:59] (5s) Starting to evaluate predicate project#DataFlowImpl#6ed98661::Impl#DataFlowImpl1#bece54ca::Config#::MkStage#Stage2#::Stage#Stage3Param#::readStepFwd#5#fffff_2301#join_rhs/4@6fb742tj
[2026-01-21 06:10:59] (5s)  >>> Created relation project#DataFlowImpl#6ed98661::Impl#DataFlowImpl1#bece54ca::Config#::MkStage#Stage2#::Stage#Stage3Param#::readStepFwd#5#fffff_2301#join_rhs/4@6fb742tj with 1 rows and digest 1d8b91jqr7f6sqlbsqm0ifq1086.
[2026-01-21 06:10:59] (5s) Starting to evaluate predicate project#DataFlowImpl#6ed98661::Impl#DataFlowImpl1#bece54ca::Config#::Stage3Param::localStep#7#cpe#123456#ffffbf#2/3@edf666fh
[2026-01-21 06:10:59] (5s)  >>> Created relation project#DataFlowImpl#6ed98661::Impl#DataFlowImpl1#bece54ca::Config#::Stage3Param::localStep#7#cpe#123456#ffffbf#2/3@edf666fh with 45 rows and digest 4282d1tvd8jbrtmksdke6m9lrua.
[2026-01-21 06:10:59] (5s) Starting to evaluate predicate project#DataFlowImpl#6ed98661::Impl#DataFlowImpl1#bece54ca::Config#::MkStage#Stage2#::Stage#Stage3Param#::fwdFlow#7#fffffff#2_201#join_rhs/3@ed996eil
[2026-01-21 06:10:59] (5s)  >>> Created relation project#DataFlowImpl#6ed98661::Impl#DataFlowImpl1#bece54ca::Config#::MkStage#Stage2#::Stage#Stage3Param#::fwdFlow#7#fffffff#2_201#join_rhs/3@ed996eil with 17 rows and digest 472e7bbg2kjn0ii6i7jn7bb267b.
[2026-01-21 06:10:59] (5s) Starting to evaluate predicate _DataFlowImplCommon#6f4b4818::Cached::TApproxFrontNil#ff_1#join_rhs_project#DataFlowImpl#6ed98661::I__#join_rhs/5@f3d81fui
[2026-01-21 06:10:59] (5s)  >>> Created relation _DataFlowImplCommon#6f4b4818::Cached::TApproxFrontNil#ff_1#join_rhs_project#DataFlowImpl#6ed98661::I__#join_rhs/5@f3d81fui with 30 rows and digest 7f92e2ag988e3fcge3h6c0d3a9d.
[2026-01-21 06:10:59] (5s) Starting to evaluate predicate project#DataFlowImpl#6ed98661::Impl#DataFlowImpl1#bece54ca::Config#::Stage3Param::localStep#7#cpe#123456#ffffbf_210#join_rhs/3@ed231anu
[2026-01-21 06:10:59] (5s)  >>> Created relation project#DataFlowImpl#6ed98661::Impl#DataFlowImpl1#bece54ca::Config#::Stage3Param::localStep#7#cpe#123456#ffffbf_210#join_rhs/3@ed231anu with 5 rows and digest 3a4ba1h35fstk412arflud3m7t5.
[2026-01-21 06:10:59] (5s) Starting to evaluate predicate project#DataFlowImpl#6ed98661::Impl#DataFlowImpl1#bece54ca::Config#::MkStage#Stage2#::Stage#Stage3Param#::fwdFlow#7#fffffff#3/2@c72a8d2h
[2026-01-21 06:10:59] (5s)  >>> Created relation project#DataFlowImpl#6ed98661::Impl#DataFlowImpl1#bece54ca::Config#::MkStage#Stage2#::Stage#Stage3Param#::fwdFlow#7#fffffff#3/2@c72a8d2h with 17 rows and digest a798d1inchuvkkmf90nogqeifp9.
[2026-01-21 06:10:59] (5s) Starting to evaluate predicate project#DataFlowImpl#6ed98661::Impl#DataFlowImpl1#bece54ca::Config#::Stage3Param::localStep#7#cpe#123456#ffffbf#2_120#join_rhs/3@b4d76fs4
[2026-01-21 06:10:59] (5s)  >>> Created relation project#DataFlowImpl#6ed98661::Impl#DataFlowImpl1#bece54ca::Config#::Stage3Param::localStep#7#cpe#123456#ffffbf#2_120#join_rhs/3@b4d76fs4 with 45 rows and digest ae29defafgv87luebv64du8u246.
[2026-01-21 06:10:59] (5s) Starting to evaluate predicate DataFlowImpl#6ed98661::Impl#DataFlowImpl1#bece54ca::Config#::MkStage#Stage2#::Stage#Stage3Param#::readStepFwd#5#fffff_3401#join_rhs/4@a662c798
[2026-01-21 06:10:59] (5s)  >>> Created relation DataFlowImpl#6ed98661::Impl#DataFlowImpl1#bece54ca::Config#::MkStage#Stage2#::Stage#Stage3Param#::readStepFwd#5#fffff_3401#join_rhs/4@a662c798 with 1 rows and digest 8ff133kt2qgkcgkefm5qcfi08n3.
[2026-01-21 06:10:59] (5s) Starting to evaluate predicate project#DataFlowImpl#6ed98661::Impl#DataFlowImpl1#bece54ca::Config#::Stage3Param::localStep#7#cpe#123456#ffffbf_120#join_rhs/3@982ae25l
[2026-01-21 06:10:59] (5s)  >>> Created relation project#DataFlowImpl#6ed98661::Impl#DataFlowImpl1#bece54ca::Config#::Stage3Param::localStep#7#cpe#123456#ffffbf_120#join_rhs/3@982ae25l with 5 rows and digest 0c98720o30oavm2k58shrh3i6n1.
[2026-01-21 06:10:59] (5s) Starting to evaluate predicate project#DataFlowImpl#6ed98661::Impl#DataFlowImpl1#bece54ca::Config#::MkStage#Stage2#::Stage#Stage3Param#::fwdFlowRead#8#ffffffff#2/2@1c712f1f
[2026-01-21 06:10:59] (5s)  >>> Created relation project#DataFlowImpl#6ed98661::Impl#DataFlowImpl1#bece54ca::Config#::MkStage#Stage2#::Stage#Stage3Param#::fwdFlowRead#8#ffffffff#2/2@1c712f1f with 1 rows and digest e537320mj6dikm3bgr3asdf2vv2.
[2026-01-21 06:10:59] (5s) Starting to evaluate predicate project#DataFlowImpl#6ed98661::Impl#DataFlowImpl1#bece54ca::Config#::MkStage#Stage2#::Stage#Stage3Param#::fwdFlowStore#8#ffffffff/4@f9fe9c39
[2026-01-21 06:10:59] (5s)  >>> Created relation project#DataFlowImpl#6ed98661::Impl#DataFlowImpl1#bece54ca::Config#::MkStage#Stage2#::Stage#Stage3Param#::fwdFlowStore#8#ffffffff/4@f9fe9c39 with 1 rows and digest 156883avs5arhi14jgsvlab814c.
[2026-01-21 06:10:59] (5s) Starting to evaluate predicate project#DataFlowImpl#6ed98661::Impl#DataFlowImpl1#bece54ca::Config#::MkStage#Stage2#::Stage#Stage3Param#::fwdFlowStore#8#ffffffff_2013#join_rhs/4@a88285o1
[2026-01-21 06:10:59] (5s)  >>> Created relation project#DataFlowImpl#6ed98661::Impl#DataFlowImpl1#bece54ca::Config#::MkStage#Stage2#::Stage#Stage3Param#::fwdFlowStore#8#ffffffff_2013#join_rhs/4@a88285o1 with 1 rows and digest 24e4dbc1bip6advpenttkhqvns3.
[2026-01-21 06:10:59] (5s) Starting to evaluate predicate DataFlowImpl#6ed98661::Impl#DataFlowImpl1#bece54ca::Config#::MkStage#Stage2#::Stage#Stage3Param#::storeStepFwd#5#fffff/5@17143apl
[2026-01-21 06:10:59] (5s)  >>> Created relation DataFlowImpl#6ed98661::Impl#DataFlowImpl1#bece54ca::Config#::MkStage#Stage2#::Stage#Stage3Param#::storeStepFwd#5#fffff/5@17143apl with 1 rows and digest 65ec36ljtv3ij1aum577qlt6tre.
[2026-01-21 06:10:59] (5s) Starting to evaluate predicate DataFlowImpl#6ed98661::Impl#DataFlowImpl1#bece54ca::Config#::MkStage#Stage2#::Stage#Stage3Param#::storeStepFwd#5#fffff_20134#join_rhs/5@27f8fauj
[2026-01-21 06:10:59] (5s)  >>> Created relation DataFlowImpl#6ed98661::Impl#DataFlowImpl1#bece54ca::Config#::MkStage#Stage2#::Stage#Stage3Param#::storeStepFwd#5#fffff_20134#join_rhs/5@27f8fauj with 1 rows and digest 5f9fe6osbrm1ilqpr27qn1bqnvc.
[2026-01-21 06:10:59] (5s) Starting to evaluate predicate _DataFlowImpl#6ed98661::Impl#DataFlowImpl1#bece54ca::Config#::MkStage#Stage2#::Stage#Stage3Param#::s__#join_rhs/6@d99566fn
[2026-01-21 06:10:59] (5s)  >>> Created relation _DataFlowImpl#6ed98661::Impl#DataFlowImpl1#bece54ca::Config#::MkStage#Stage2#::Stage#Stage3Param#::s__#join_rhs/6@d99566fn with 1 rows and digest a095d27bjrmkrlqj9u78rdmgfmd.
[2026-01-21 06:10:59] (5s) Starting to evaluate predicate DataFlowImpl#6ed98661::Impl#DataFlowImpl1#bece54ca::Config#::MkStage#Stage2#::Stage#Stage3Param#::storeStepFwd#5#fffff_34012#join_rhs/5@6dce49vr
[2026-01-21 06:10:59] (5s)  >>> Created relation DataFlowImpl#6ed98661::Impl#DataFlowImpl1#bece54ca::Config#::MkStage#Stage2#::Stage#Stage3Param#::storeStepFwd#5#fffff_34012#join_rhs/5@6dce49vr with 1 rows and digest cc85afgfqktethm7dmd4krt66f1.
[2026-01-21 06:10:59] (5s) Starting to evaluate predicate DataFlowImpl#6ed98661::Impl#DataFlowImpl1#bece54ca::Config#::MkStage#Stage2#::Stage#Stage3Param#::revFlowConsCand#3#fff/3@i1#94d423wt (iteration 1)
[2026-01-21 06:10:59] (5s) Empty delta for DataFlowImpl#6ed98661::Impl#DataFlowImpl1#bece54ca::Config#::MkStage#Stage2#::Stage#Stage3Param#::revFlowConsCand#3#fff_delta (order for disjuncts: delta=<standard>).
[2026-01-21 06:10:59] (5s) Starting to evaluate predicate DataFlowImpl#6ed98661::Impl#DataFlowImpl1#bece54ca::Config#::MkStage#Stage2#::Stage#Stage3Param#::revFlowIsReturned#5#fffff#reorder_3_4_0_1_2/5@i1#94d422wt (iteration 1)
[2026-01-21 06:10:59] (5s) Empty delta for DataFlowImpl#6ed98661::Impl#DataFlowImpl1#bece54ca::Config#::MkStage#Stage2#::Stage#Stage3Param#::revFlowIsReturned#5#fffff#reorder_3_4_0_1_2_delta (order for disjuncts: delta=<standard>).
[2026-01-21 06:10:59] (5s) Starting to evaluate predicate DataFlowImpl#6ed98661::Impl#DataFlowImpl1#bece54ca::Config#::MkStage#Stage2#::Stage#Stage3Param#::revFlowOut#7#fffffff/7@i1#94d421wt (iteration 1)
[2026-01-21 06:10:59] (5s) Empty delta for DataFlowImpl#6ed98661::Impl#DataFlowImpl1#bece54ca::Config#::MkStage#Stage2#::Stage#Stage3Param#::revFlowOut#7#fffffff_delta (order for disjuncts: delta=<standard>).
[2026-01-21 06:10:59] (5s) Starting to evaluate predicate DataFlowImpl#6ed98661::Impl#DataFlowImpl1#bece54ca::Config#::MkStage#Stage2#::Stage#Stage3Param#::revFlowThrough#8#ffffffff/8@i1#94d420wt (iteration 1)
[2026-01-21 06:10:59] (5s) Empty delta for DataFlowImpl#6ed98661::Impl#DataFlowImpl1#bece54ca::Config#::MkStage#Stage2#::Stage#Stage3Param#::revFlowThrough#8#ffffffff_delta (order for disjuncts: delta=<standard>).
[2026-01-21 06:10:59] (5s) Starting to evaluate predicate DataFlowImpl#6ed98661::Impl#DataFlowImpl1#bece54ca::Config#::MkStage#Stage2#::Stage#Stage3Param#::revFlowStore#9#fffffffff/9@i1#94d42z9t (iteration 1)
[2026-01-21 06:10:59] (5s) Empty delta for DataFlowImpl#6ed98661::Impl#DataFlowImpl1#bece54ca::Config#::MkStage#Stage2#::Stage#Stage3Param#::revFlowStore#9#fffffffff_delta (order for disjuncts: delta=<standard>).
[2026-01-21 06:10:59] (5s) Starting to evaluate predicate DataFlowImpl#6ed98661::Impl#DataFlowImpl1#bece54ca::Config#::MkStage#Stage2#::Stage#Stage3Param#::revFlow#5#fffff/5@i1#94d42y9t (iteration 1)
[2026-01-21 06:10:59] (5s) Empty delta for DataFlowImpl#6ed98661::Impl#DataFlowImpl1#bece54ca::Config#::MkStage#Stage2#::Stage#Stage3Param#::revFlow#5#fffff_delta (order for disjuncts: delta=<standard>).
[2026-01-21 06:10:59] (5s) Starting to evaluate predicate DataFlowImpl#6ed98661::Impl#DataFlowImpl1#bece54ca::Config#::MkStage#Stage2#::Stage#Stage3Param#::revFlowParamToReturn#5#fffff#reorder_2_3_0_1_4/5@i1#94d42x9t (iteration 1)
[2026-01-21 06:10:59] (5s) Empty delta for DataFlowImpl#6ed98661::Impl#DataFlowImpl1#bece54ca::Config#::MkStage#Stage2#::Stage#Stage3Param#::revFlowParamToReturn#5#fffff#reorder_2_3_0_1_4_delta (order for disjuncts: delta=<standard>).
[2026-01-21 06:10:59] (5s) Starting to evaluate predicate DataFlowImpl#6ed98661::Impl#DataFlowImpl1#bece54ca::Config#::MkStage#Stage2#::Stage#Stage3Param#::revFlow0#5#fffff/5@i1#94d42w9t (iteration 1)
[2026-01-21 06:10:59] (5s) 			 - DataFlowImpl#6ed98661::Impl#DataFlowImpl1#bece54ca::Config#::MkStage#Stage2#::Stage#Stage3Param#::revFlow0#5#fffff_delta has 13 rows (order for disjuncts: delta=<standard>).
[2026-01-21 06:10:59] (5s) Empty delta for DataFlowImpl#6ed98661::Impl#DataFlowImpl1#bece54ca::Config#::MkStage#Stage2#::Stage#Stage3Param#::revFlowConsCand#3#fff_delta (order for disjuncts: delta=<standard>).
[2026-01-21 06:10:59] (5s) Empty delta for DataFlowImpl#6ed98661::Impl#DataFlowImpl1#bece54ca::Config#::MkStage#Stage2#::Stage#Stage3Param#::revFlowIsReturned#5#fffff#reorder_3_4_0_1_2_delta (order for disjuncts: delta=<standard>).
[2026-01-21 06:10:59] (5s) Empty delta for DataFlowImpl#6ed98661::Impl#DataFlowImpl1#bece54ca::Config#::MkStage#Stage2#::Stage#Stage3Param#::revFlowOut#7#fffffff_delta (order for disjuncts: delta=<standard>).
[2026-01-21 06:10:59] (5s) Empty delta for DataFlowImpl#6ed98661::Impl#DataFlowImpl1#bece54ca::Config#::MkStage#Stage2#::Stage#Stage3Param#::revFlowThrough#8#ffffffff_delta (order for disjuncts: delta=<standard>).
[2026-01-21 06:10:59] (5s) Empty delta for DataFlowImpl#6ed98661::Impl#DataFlowImpl1#bece54ca::Config#::MkStage#Stage2#::Stage#Stage3Param#::revFlowStore#9#fffffffff_delta (order for disjuncts: delta=<standard>).
[2026-01-21 06:10:59] (5s) Starting to evaluate predicate DataFlowImpl#6ed98661::Impl#DataFlowImpl1#bece54ca::Config#::MkStage#Stage2#::Stage#Stage3Param#::revFlow#5#fffff/5@i2#94d42y9t (iteration 2)
[2026-01-21 06:10:59] (5s) 			 - DataFlowImpl#6ed98661::Impl#DataFlowImpl1#bece54ca::Config#::MkStage#Stage2#::Stage#Stage3Param#::revFlow#5#fffff_delta has 13 rows (order for disjuncts: delta=500000).
[2026-01-21 06:10:59] (5s) Empty delta for DataFlowImpl#6ed98661::Impl#DataFlowImpl1#bece54ca::Config#::MkStage#Stage2#::Stage#Stage3Param#::revFlowParamToReturn#5#fffff#reorder_2_3_0_1_4_delta (order for disjuncts: delta=<standard>).
[2026-01-21 06:10:59] (5s) Empty delta for DataFlowImpl#6ed98661::Impl#DataFlowImpl1#bece54ca::Config#::MkStage#Stage2#::Stage#Stage3Param#::revFlow0#5#fffff_delta (order for disjuncts: delta=<standard>).
[2026-01-21 06:10:59] (5s) Starting to evaluate predicate DataFlowImpl#6ed98661::Impl#DataFlowImpl1#bece54ca::Config#::MkStage#Stage2#::Stage#Stage3Param#::revFlowConsCand#3#fff/3@i3#94d423wt (iteration 3)
[2026-01-21 06:10:59] (5s) 			 - DataFlowImpl#6ed98661::Impl#DataFlowImpl1#bece54ca::Config#::MkStage#Stage2#::Stage#Stage3Param#::revFlowConsCand#3#fff_delta has 1 rows (order for disjuncts: delta=<standard>).
[2026-01-21 06:10:59] (5s) Empty delta for DataFlowImpl#6ed98661::Impl#DataFlowImpl1#bece54ca::Config#::MkStage#Stage2#::Stage#Stage3Param#::revFlowIsReturned#5#fffff#reorder_3_4_0_1_2_delta (order for disjuncts: delta=<standard>).
[2026-01-21 06:10:59] (5s) Starting to evaluate predicate DataFlowImpl#6ed98661::Impl#DataFlowImpl1#bece54ca::Config#::MkStage#Stage2#::Stage#Stage3Param#::revFlowOut#7#fffffff/7@i3#94d421wt (iteration 3)
[2026-01-21 06:10:59] (5s) Empty delta for DataFlowImpl#6ed98661::Impl#DataFlowImpl1#bece54ca::Config#::MkStage#Stage2#::Stage#Stage3Param#::revFlowOut#7#fffffff_delta (order for disjuncts: delta=500000).
[2026-01-21 06:10:59] (5s) Empty delta for DataFlowImpl#6ed98661::Impl#DataFlowImpl1#bece54ca::Config#::MkStage#Stage2#::Stage#Stage3Param#::revFlowThrough#8#ffffffff_delta (order for disjuncts: delta=<standard>).
[2026-01-21 06:10:59] (5s) Starting to evaluate predicate DataFlowImpl#6ed98661::Impl#DataFlowImpl1#bece54ca::Config#::MkStage#Stage2#::Stage#Stage3Param#::revFlowStore#9#fffffffff/9@i3#94d42z9t (iteration 3)
[2026-01-21 06:10:59] (5s) Empty delta for DataFlowImpl#6ed98661::Impl#DataFlowImpl1#bece54ca::Config#::MkStage#Stage2#::Stage#Stage3Param#::revFlowStore#9#fffffffff_delta (order for disjuncts: delta=500000).
[2026-01-21 06:10:59] (5s) Empty delta for DataFlowImpl#6ed98661::Impl#DataFlowImpl1#bece54ca::Config#::MkStage#Stage2#::Stage#Stage3Param#::revFlow#5#fffff_delta (order for disjuncts: delta=500000).
[2026-01-21 06:10:59] (5s) Starting to evaluate predicate DataFlowImpl#6ed98661::Impl#DataFlowImpl1#bece54ca::Config#::MkStage#Stage2#::Stage#Stage3Param#::revFlowParamToReturn#5#fffff#reorder_2_3_0_1_4/5@i3#94d42x9t (iteration 3)
[2026-01-21 06:10:59] (5s) Empty delta for DataFlowImpl#6ed98661::Impl#DataFlowImpl1#bece54ca::Config#::MkStage#Stage2#::Stage#Stage3Param#::revFlowParamToReturn#5#fffff#reorder_2_3_0_1_4_delta (order for disjuncts: delta=500000).
[2026-01-21 06:10:59] (5s) Starting to evaluate predicate DataFlowImpl#6ed98661::Impl#DataFlowImpl1#bece54ca::Config#::MkStage#Stage2#::Stage#Stage3Param#::revFlow0#5#fffff/5@i3#94d42w9t (iteration 3)
[2026-01-21 06:10:59] (5s) 			 - DataFlowImpl#6ed98661::Impl#DataFlowImpl1#bece54ca::Config#::MkStage#Stage2#::Stage#Stage3Param#::revFlow0#5#fffff_delta has 2 rows (order for disjuncts: delta=500000).
[2026-01-21 06:10:59] (5s) Empty delta for DataFlowImpl#6ed98661::Impl#DataFlowImpl1#bece54ca::Config#::MkStage#Stage2#::Stage#Stage3Param#::revFlowConsCand#3#fff_delta (order for disjuncts: delta=<standard>).
[2026-01-21 06:10:59] (5s) Empty delta for DataFlowImpl#6ed98661::Impl#DataFlowImpl1#bece54ca::Config#::MkStage#Stage2#::Stage#Stage3Param#::revFlowIsReturned#5#fffff#reorder_3_4_0_1_2_delta (order for disjuncts: delta=<standard>).
[2026-01-21 06:10:59] (5s) Empty delta for DataFlowImpl#6ed98661::Impl#DataFlowImpl1#bece54ca::Config#::MkStage#Stage2#::Stage#Stage3Param#::revFlowOut#7#fffffff_delta (order for disjuncts: delta=500000).
[2026-01-21 06:10:59] (5s) Empty delta for DataFlowImpl#6ed98661::Impl#DataFlowImpl1#bece54ca::Config#::MkStage#Stage2#::Stage#Stage3Param#::revFlowThrough#8#ffffffff_delta (order for disjuncts: delta=<standard>).
[2026-01-21 06:10:59] (5s) Empty delta for DataFlowImpl#6ed98661::Impl#DataFlowImpl1#bece54ca::Config#::MkStage#Stage2#::Stage#Stage3Param#::revFlowStore#9#fffffffff_delta (order for disjuncts: delta=500000).
[2026-01-21 06:10:59] (5s) Starting to evaluate predicate DataFlowImpl#6ed98661::Impl#DataFlowImpl1#bece54ca::Config#::MkStage#Stage2#::Stage#Stage3Param#::revFlow#5#fffff/5@i4#94d42y9t (iteration 4)
[2026-01-21 06:10:59] (5s) 			 - DataFlowImpl#6ed98661::Impl#DataFlowImpl1#bece54ca::Config#::MkStage#Stage2#::Stage#Stage3Param#::revFlow#5#fffff_delta has 1 rows (order for disjuncts: delta=500000).
[2026-01-21 06:10:59] (5s) Empty delta for DataFlowImpl#6ed98661::Impl#DataFlowImpl1#bece54ca::Config#::MkStage#Stage2#::Stage#Stage3Param#::revFlowParamToReturn#5#fffff#reorder_2_3_0_1_4_delta (order for disjuncts: delta=500000).
[2026-01-21 06:10:59] (5s) Starting to evaluate predicate DataFlowImpl#6ed98661::Impl#DataFlowImpl1#bece54ca::Config#::MkStage#Stage2#::Stage#Stage3Param#::revFlow0#5#fffff/5@i4#94d42w9t (iteration 4)
[2026-01-21 06:10:59] (5s) Empty delta for DataFlowImpl#6ed98661::Impl#DataFlowImpl1#bece54ca::Config#::MkStage#Stage2#::Stage#Stage3Param#::revFlow0#5#fffff_delta (order for disjuncts: delta=500000).
[2026-01-21 06:10:59] (5s) Starting to evaluate predicate DataFlowImpl#6ed98661::Impl#DataFlowImpl1#bece54ca::Config#::MkStage#Stage2#::Stage#Stage3Param#::revFlowConsCand#3#fff/3@i5#94d423wt (iteration 5)
[2026-01-21 06:10:59] (5s) Empty delta for DataFlowImpl#6ed98661::Impl#DataFlowImpl1#bece54ca::Config#::MkStage#Stage2#::Stage#Stage3Param#::revFlowConsCand#3#fff_delta (order for disjuncts: delta=<standard>).
[2026-01-21 06:10:59] (5s) Empty delta for DataFlowImpl#6ed98661::Impl#DataFlowImpl1#bece54ca::Config#::MkStage#Stage2#::Stage#Stage3Param#::revFlowIsReturned#5#fffff#reorder_3_4_0_1_2_delta (order for disjuncts: delta=<standard>).
[2026-01-21 06:10:59] (5s) Starting to evaluate predicate DataFlowImpl#6ed98661::Impl#DataFlowImpl1#bece54ca::Config#::MkStage#Stage2#::Stage#Stage3Param#::revFlowOut#7#fffffff/7@i5#94d421wt (iteration 5)
[2026-01-21 06:10:59] (5s) Empty delta for DataFlowImpl#6ed98661::Impl#DataFlowImpl1#bece54ca::Config#::MkStage#Stage2#::Stage#Stage3Param#::revFlowOut#7#fffffff_delta (order for disjuncts: delta=500000).
[2026-01-21 06:10:59] (5s) Empty delta for DataFlowImpl#6ed98661::Impl#DataFlowImpl1#bece54ca::Config#::MkStage#Stage2#::Stage#Stage3Param#::revFlowThrough#8#ffffffff_delta (order for disjuncts: delta=<standard>).
[2026-01-21 06:10:59] (5s) Starting to evaluate predicate DataFlowImpl#6ed98661::Impl#DataFlowImpl1#bece54ca::Config#::MkStage#Stage2#::Stage#Stage3Param#::revFlowStore#9#fffffffff/9@i5#94d42z9t (iteration 5)
[2026-01-21 06:10:59] (5s) Empty delta for DataFlowImpl#6ed98661::Impl#DataFlowImpl1#bece54ca::Config#::MkStage#Stage2#::Stage#Stage3Param#::revFlowStore#9#fffffffff_delta (order for disjuncts: delta=500000).
[2026-01-21 06:10:59] (5s) Empty delta for DataFlowImpl#6ed98661::Impl#DataFlowImpl1#bece54ca::Config#::MkStage#Stage2#::Stage#Stage3Param#::revFlow#5#fffff_delta (order for disjuncts: delta=500000).
[2026-01-21 06:10:59] (5s) Starting to evaluate predicate DataFlowImpl#6ed98661::Impl#DataFlowImpl1#bece54ca::Config#::MkStage#Stage2#::Stage#Stage3Param#::revFlowParamToReturn#5#fffff#reorder_2_3_0_1_4/5@i5#94d42x9t (iteration 5)
[2026-01-21 06:10:59] (5s) Empty delta for DataFlowImpl#6ed98661::Impl#DataFlowImpl1#bece54ca::Config#::MkStage#Stage2#::Stage#Stage3Param#::revFlowParamToReturn#5#fffff#reorder_2_3_0_1_4_delta (order for disjuncts: delta=500000).
[2026-01-21 06:10:59] (5s) Starting to evaluate predicate DataFlowImpl#6ed98661::Impl#DataFlowImpl1#bece54ca::Config#::MkStage#Stage2#::Stage#Stage3Param#::revFlow0#5#fffff/5@i5#94d42w9t (iteration 5)
[2026-01-21 06:10:59] (5s) 			 - DataFlowImpl#6ed98661::Impl#DataFlowImpl1#bece54ca::Config#::MkStage#Stage2#::Stage#Stage3Param#::revFlow0#5#fffff_delta has 1 rows (order for disjuncts: delta=500000).
[2026-01-21 06:10:59] (5s) Empty delta for DataFlowImpl#6ed98661::Impl#DataFlowImpl1#bece54ca::Config#::MkStage#Stage2#::Stage#Stage3Param#::revFlowConsCand#3#fff_delta (order for disjuncts: delta=<standard>).
[2026-01-21 06:10:59] (5s) Empty delta for DataFlowImpl#6ed98661::Impl#DataFlowImpl1#bece54ca::Config#::MkStage#Stage2#::Stage#Stage3Param#::revFlowIsReturned#5#fffff#reorder_3_4_0_1_2_delta (order for disjuncts: delta=<standard>).
[2026-01-21 06:10:59] (5s) Empty delta for DataFlowImpl#6ed98661::Impl#DataFlowImpl1#bece54ca::Config#::MkStage#Stage2#::Stage#Stage3Param#::revFlowOut#7#fffffff_delta (order for disjuncts: delta=500000).
[2026-01-21 06:10:59] (5s) Empty delta for DataFlowImpl#6ed98661::Impl#DataFlowImpl1#bece54ca::Config#::MkStage#Stage2#::Stage#Stage3Param#::revFlowThrough#8#ffffffff_delta (order for disjuncts: delta=<standard>).
[2026-01-21 06:10:59] (5s) Empty delta for DataFlowImpl#6ed98661::Impl#DataFlowImpl1#bece54ca::Config#::MkStage#Stage2#::Stage#Stage3Param#::revFlowStore#9#fffffffff_delta (order for disjuncts: delta=500000).
[2026-01-21 06:10:59] (5s) Starting to evaluate predicate DataFlowImpl#6ed98661::Impl#DataFlowImpl1#bece54ca::Config#::MkStage#Stage2#::Stage#Stage3Param#::revFlow#5#fffff/5@i6#94d42y9t (iteration 6)
[2026-01-21 06:10:59] (5s) 			 - DataFlowImpl#6ed98661::Impl#DataFlowImpl1#bece54ca::Config#::MkStage#Stage2#::Stage#Stage3Param#::revFlow#5#fffff_delta has 1 rows (order for disjuncts: delta=500000).
[2026-01-21 06:10:59] (5s) Empty delta for DataFlowImpl#6ed98661::Impl#DataFlowImpl1#bece54ca::Config#::MkStage#Stage2#::Stage#Stage3Param#::revFlowParamToReturn#5#fffff#reorder_2_3_0_1_4_delta (order for disjuncts: delta=500000).
[2026-01-21 06:10:59] (5s) Empty delta for DataFlowImpl#6ed98661::Impl#DataFlowImpl1#bece54ca::Config#::MkStage#Stage2#::Stage#Stage3Param#::revFlow0#5#fffff_delta (order for disjuncts: delta=500000).
[2026-01-21 06:10:59] (5s) Starting to evaluate predicate DataFlowImpl#6ed98661::Impl#DataFlowImpl1#bece54ca::Config#::MkStage#Stage2#::Stage#Stage3Param#::revFlowConsCand#3#fff/3@i7#94d423wt (iteration 7)
[2026-01-21 06:10:59] (5s) Empty delta for DataFlowImpl#6ed98661::Impl#DataFlowImpl1#bece54ca::Config#::MkStage#Stage2#::Stage#Stage3Param#::revFlowConsCand#3#fff_delta (order for disjuncts: delta=<standard>).
[2026-01-21 06:10:59] (5s) Empty delta for DataFlowImpl#6ed98661::Impl#DataFlowImpl1#bece54ca::Config#::MkStage#Stage2#::Stage#Stage3Param#::revFlowIsReturned#5#fffff#reorder_3_4_0_1_2_delta (order for disjuncts: delta=<standard>).
[2026-01-21 06:10:59] (5s) Starting to evaluate predicate DataFlowImpl#6ed98661::Impl#DataFlowImpl1#bece54ca::Config#::MkStage#Stage2#::Stage#Stage3Param#::revFlowOut#7#fffffff/7@i7#94d421wt (iteration 7)
[2026-01-21 06:10:59] (5s) Empty delta for DataFlowImpl#6ed98661::Impl#DataFlowImpl1#bece54ca::Config#::MkStage#Stage2#::Stage#Stage3Param#::revFlowOut#7#fffffff_delta (order for disjuncts: delta=500000).
[2026-01-21 06:10:59] (5s) Empty delta for DataFlowImpl#6ed98661::Impl#DataFlowImpl1#bece54ca::Config#::MkStage#Stage2#::Stage#Stage3Param#::revFlowThrough#8#ffffffff_delta (order for disjuncts: delta=<standard>).
[2026-01-21 06:10:59] (5s) Starting to evaluate predicate DataFlowImpl#6ed98661::Impl#DataFlowImpl1#bece54ca::Config#::MkStage#Stage2#::Stage#Stage3Param#::revFlowStore#9#fffffffff/9@i7#94d42z9t (iteration 7)
[2026-01-21 06:10:59] (5s) 			 - DataFlowImpl#6ed98661::Impl#DataFlowImpl1#bece54ca::Config#::MkStage#Stage2#::Stage#Stage3Param#::revFlowStore#9#fffffffff_delta has 1 rows (order for disjuncts: delta=500000).
[2026-01-21 06:10:59] (5s) Empty delta for DataFlowImpl#6ed98661::Impl#DataFlowImpl1#bece54ca::Config#::MkStage#Stage2#::Stage#Stage3Param#::revFlow#5#fffff_delta (order for disjuncts: delta=500000).
[2026-01-21 06:10:59] (5s) Starting to evaluate predicate DataFlowImpl#6ed98661::Impl#DataFlowImpl1#bece54ca::Config#::MkStage#Stage2#::Stage#Stage3Param#::revFlowParamToReturn#5#fffff#reorder_2_3_0_1_4/5@i7#94d42x9t (iteration 7)
[2026-01-21 06:10:59] (5s) Empty delta for DataFlowImpl#6ed98661::Impl#DataFlowImpl1#bece54ca::Config#::MkStage#Stage2#::Stage#Stage3Param#::revFlowParamToReturn#5#fffff#reorder_2_3_0_1_4_delta (order for disjuncts: delta=500000).
[2026-01-21 06:10:59] (5s) Starting to evaluate predicate DataFlowImpl#6ed98661::Impl#DataFlowImpl1#bece54ca::Config#::MkStage#Stage2#::Stage#Stage3Param#::revFlow0#5#fffff/5@i7#94d42w9t (iteration 7)
[2026-01-21 06:10:59] (5s) Empty delta for DataFlowImpl#6ed98661::Impl#DataFlowImpl1#bece54ca::Config#::MkStage#Stage2#::Stage#Stage3Param#::revFlow0#5#fffff_delta (order for disjuncts: delta=500000).
[2026-01-21 06:10:59] (5s) Empty delta for DataFlowImpl#6ed98661::Impl#DataFlowImpl1#bece54ca::Config#::MkStage#Stage2#::Stage#Stage3Param#::revFlowConsCand#3#fff_delta (order for disjuncts: delta=<standard>).
[2026-01-21 06:10:59] (5s) Empty delta for DataFlowImpl#6ed98661::Impl#DataFlowImpl1#bece54ca::Config#::MkStage#Stage2#::Stage#Stage3Param#::revFlowIsReturned#5#fffff#reorder_3_4_0_1_2_delta (order for disjuncts: delta=<standard>).
[2026-01-21 06:10:59] (5s) Empty delta for DataFlowImpl#6ed98661::Impl#DataFlowImpl1#bece54ca::Config#::MkStage#Stage2#::Stage#Stage3Param#::revFlowOut#7#fffffff_delta (order for disjuncts: delta=500000).
[2026-01-21 06:10:59] (5s) Empty delta for DataFlowImpl#6ed98661::Impl#DataFlowImpl1#bece54ca::Config#::MkStage#Stage2#::Stage#Stage3Param#::revFlowThrough#8#ffffffff_delta (order for disjuncts: delta=<standard>).
[2026-01-21 06:10:59] (5s) Empty delta for DataFlowImpl#6ed98661::Impl#DataFlowImpl1#bece54ca::Config#::MkStage#Stage2#::Stage#Stage3Param#::revFlowStore#9#fffffffff_delta (order for disjuncts: delta=500000).
[2026-01-21 06:10:59] (5s) Empty delta for DataFlowImpl#6ed98661::Impl#DataFlowImpl1#bece54ca::Config#::MkStage#Stage2#::Stage#Stage3Param#::revFlow#5#fffff_delta (order for disjuncts: delta=500000).
[2026-01-21 06:10:59] (5s) Empty delta for DataFlowImpl#6ed98661::Impl#DataFlowImpl1#bece54ca::Config#::MkStage#Stage2#::Stage#Stage3Param#::revFlowParamToReturn#5#fffff#reorder_2_3_0_1_4_delta (order for disjuncts: delta=500000).
[2026-01-21 06:10:59] (5s) Starting to evaluate predicate DataFlowImpl#6ed98661::Impl#DataFlowImpl1#bece54ca::Config#::MkStage#Stage2#::Stage#Stage3Param#::revFlow0#5#fffff/5@i8#94d42w9t (iteration 8)
[2026-01-21 06:10:59] (5s) 			 - DataFlowImpl#6ed98661::Impl#DataFlowImpl1#bece54ca::Config#::MkStage#Stage2#::Stage#Stage3Param#::revFlow0#5#fffff_delta has 1 rows (order for disjuncts: delta=500000).
[2026-01-21 06:10:59] (5s) Empty delta for DataFlowImpl#6ed98661::Impl#DataFlowImpl1#bece54ca::Config#::MkStage#Stage2#::Stage#Stage3Param#::revFlowConsCand#3#fff_delta (order for disjuncts: delta=<standard>).
[2026-01-21 06:10:59] (5s) Empty delta for DataFlowImpl#6ed98661::Impl#DataFlowImpl1#bece54ca::Config#::MkStage#Stage2#::Stage#Stage3Param#::revFlowIsReturned#5#fffff#reorder_3_4_0_1_2_delta (order for disjuncts: delta=<standard>).
[2026-01-21 06:10:59] (5s) Empty delta for DataFlowImpl#6ed98661::Impl#DataFlowImpl1#bece54ca::Config#::MkStage#Stage2#::Stage#Stage3Param#::revFlowOut#7#fffffff_delta (order for disjuncts: delta=500000).
[2026-01-21 06:10:59] (5s) Empty delta for DataFlowImpl#6ed98661::Impl#DataFlowImpl1#bece54ca::Config#::MkStage#Stage2#::Stage#Stage3Param#::revFlowThrough#8#ffffffff_delta (order for disjuncts: delta=<standard>).
[2026-01-21 06:10:59] (5s) Empty delta for DataFlowImpl#6ed98661::Impl#DataFlowImpl1#bece54ca::Config#::MkStage#Stage2#::Stage#Stage3Param#::revFlowStore#9#fffffffff_delta (order for disjuncts: delta=500000).
[2026-01-21 06:10:59] (5s) Starting to evaluate predicate DataFlowImpl#6ed98661::Impl#DataFlowImpl1#bece54ca::Config#::MkStage#Stage2#::Stage#Stage3Param#::revFlow#5#fffff/5@i9#94d42y9t (iteration 9)
[2026-01-21 06:10:59] (5s) 			 - DataFlowImpl#6ed98661::Impl#DataFlowImpl1#bece54ca::Config#::MkStage#Stage2#::Stage#Stage3Param#::revFlow#5#fffff_delta has 1 rows (order for disjuncts: delta=500000).
[2026-01-21 06:10:59] (5s) Empty delta for DataFlowImpl#6ed98661::Impl#DataFlowImpl1#bece54ca::Config#::MkStage#Stage2#::Stage#Stage3Param#::revFlowParamToReturn#5#fffff#reorder_2_3_0_1_4_delta (order for disjuncts: delta=500000).
[2026-01-21 06:10:59] (5s) Empty delta for DataFlowImpl#6ed98661::Impl#DataFlowImpl1#bece54ca::Config#::MkStage#Stage2#::Stage#Stage3Param#::revFlow0#5#fffff_delta (order for disjuncts: delta=500000).
[2026-01-21 06:10:59] (5s) Starting to evaluate predicate DataFlowImpl#6ed98661::Impl#DataFlowImpl1#bece54ca::Config#::MkStage#Stage2#::Stage#Stage3Param#::revFlowConsCand#3#fff/3@i10#94d423wt (iteration 10)
[2026-01-21 06:10:59] (5s) Empty delta for DataFlowImpl#6ed98661::Impl#DataFlowImpl1#bece54ca::Config#::MkStage#Stage2#::Stage#Stage3Param#::revFlowConsCand#3#fff_delta (order for disjuncts: delta=<standard>).
[2026-01-21 06:10:59] (5s) Empty delta for DataFlowImpl#6ed98661::Impl#DataFlowImpl1#bece54ca::Config#::MkStage#Stage2#::Stage#Stage3Param#::revFlowIsReturned#5#fffff#reorder_3_4_0_1_2_delta (order for disjuncts: delta=<standard>).
[2026-01-21 06:10:59] (5s) Starting to evaluate predicate DataFlowImpl#6ed98661::Impl#DataFlowImpl1#bece54ca::Config#::MkStage#Stage2#::Stage#Stage3Param#::revFlowOut#7#fffffff/7@i10#94d421wt (iteration 10)
[2026-01-21 06:10:59] (5s) Empty delta for DataFlowImpl#6ed98661::Impl#DataFlowImpl1#bece54ca::Config#::MkStage#Stage2#::Stage#Stage3Param#::revFlowOut#7#fffffff_delta (order for disjuncts: delta=500000).
[2026-01-21 06:10:59] (5s) Empty delta for DataFlowImpl#6ed98661::Impl#DataFlowImpl1#bece54ca::Config#::MkStage#Stage2#::Stage#Stage3Param#::revFlowThrough#8#ffffffff_delta (order for disjuncts: delta=<standard>).
[2026-01-21 06:10:59] (5s) Starting to evaluate predicate DataFlowImpl#6ed98661::Impl#DataFlowImpl1#bece54ca::Config#::MkStage#Stage2#::Stage#Stage3Param#::revFlowStore#9#fffffffff/9@i10#94d42z9t (iteration 10)
[2026-01-21 06:10:59] (5s) Empty delta for DataFlowImpl#6ed98661::Impl#DataFlowImpl1#bece54ca::Config#::MkStage#Stage2#::Stage#Stage3Param#::revFlowStore#9#fffffffff_delta (order for disjuncts: delta=500000).
[2026-01-21 06:10:59] (5s) Empty delta for DataFlowImpl#6ed98661::Impl#DataFlowImpl1#bece54ca::Config#::MkStage#Stage2#::Stage#Stage3Param#::revFlow#5#fffff_delta (order for disjuncts: delta=500000).
[2026-01-21 06:10:59] (5s) Starting to evaluate predicate DataFlowImpl#6ed98661::Impl#DataFlowImpl1#bece54ca::Config#::MkStage#Stage2#::Stage#Stage3Param#::revFlowParamToReturn#5#fffff#reorder_2_3_0_1_4/5@i10#94d42x9t (iteration 10)
[2026-01-21 06:10:59] (5s) Empty delta for DataFlowImpl#6ed98661::Impl#DataFlowImpl1#bece54ca::Config#::MkStage#Stage2#::Stage#Stage3Param#::revFlowParamToReturn#5#fffff#reorder_2_3_0_1_4_delta (order for disjuncts: delta=500000).
[2026-01-21 06:10:59] (5s) Starting to evaluate predicate DataFlowImpl#6ed98661::Impl#DataFlowImpl1#bece54ca::Config#::MkStage#Stage2#::Stage#Stage3Param#::revFlow0#5#fffff/5@i10#94d42w9t (iteration 10)
[2026-01-21 06:10:59] (5s) Empty delta for DataFlowImpl#6ed98661::Impl#DataFlowImpl1#bece54ca::Config#::MkStage#Stage2#::Stage#Stage3Param#::revFlow0#5#fffff_delta (order for disjuncts: delta=500000).
[2026-01-21 06:10:59] (5s) Accumulating deltas
[2026-01-21 06:10:59] (5s)  >>> Created relation DataFlowImpl#6ed98661::Impl#DataFlowImpl1#bece54ca::Config#::MkStage#Stage2#::Stage#Stage3Param#::revFlow0#5#fffff/5@94d42w9t with 17 rows and digest de1412n267dro9smbopa23609d3.
[2026-01-21 06:10:59] (5s)  >>> Created relation DataFlowImpl#6ed98661::Impl#DataFlowImpl1#bece54ca::Config#::MkStage#Stage2#::Stage#Stage3Param#::revFlowParamToReturn#5#fffff#reorder_2_3_0_1_4/5@94d42x9t with 0 rows and digest THIS-RELATION-HAS-NO-TUPLES.
[2026-01-21 06:10:59] (5s)  >>> Created relation DataFlowImpl#6ed98661::Impl#DataFlowImpl1#bece54ca::Config#::MkStage#Stage2#::Stage#Stage3Param#::revFlow#5#fffff/5@94d42y9t with 16 rows and digest 5820357idgia9mm9car7opsobsd.
[2026-01-21 06:10:59] (5s)  >>> Created relation DataFlowImpl#6ed98661::Impl#DataFlowImpl1#bece54ca::Config#::MkStage#Stage2#::Stage#Stage3Param#::revFlowStore#9#fffffffff/9@94d42z9t with 1 rows and digest 9cbd0bpgkf4a1vre3c2j9iavv57.
[2026-01-21 06:10:59] (5s)  >>> Created relation DataFlowImpl#6ed98661::Impl#DataFlowImpl1#bece54ca::Config#::MkStage#Stage2#::Stage#Stage3Param#::revFlowThrough#8#ffffffff/8@94d420wt with 0 rows and digest THIS-RELATION-HAS-NO-TUPLES.
[2026-01-21 06:10:59] (5s)  >>> Created relation DataFlowImpl#6ed98661::Impl#DataFlowImpl1#bece54ca::Config#::MkStage#Stage2#::Stage#Stage3Param#::revFlowOut#7#fffffff/7@94d421wt with 0 rows and digest THIS-RELATION-HAS-NO-TUPLES.
[2026-01-21 06:10:59] (5s)  >>> Created relation DataFlowImpl#6ed98661::Impl#DataFlowImpl1#bece54ca::Config#::MkStage#Stage2#::Stage#Stage3Param#::revFlowIsReturned#5#fffff#reorder_3_4_0_1_2/5@94d422wt with 0 rows and digest THIS-RELATION-HAS-NO-TUPLES.
[2026-01-21 06:10:59] (5s)  >>> Created relation DataFlowImpl#6ed98661::Impl#DataFlowImpl1#bece54ca::Config#::MkStage#Stage2#::Stage#Stage3Param#::revFlowConsCand#3#fff/3@94d423wt with 1 rows and digest 4dc017qo8i7a2qrdg6uq92v3ol0.
[2026-01-21 06:10:59] (5s) Starting to evaluate predicate project#DataFlowImpl#6ed98661::Impl#DataFlowImpl1#bece54ca::Config#::MkStage#Stage2#::Stage#Stage3Param#::revFlow#5#fffff#3/1@8853ccl0
[2026-01-21 06:10:59] (5s)  >>> Created relation project#DataFlowImpl#6ed98661::Impl#DataFlowImpl1#bece54ca::Config#::MkStage#Stage2#::Stage#Stage3Param#::revFlow#5#fffff#3/1@8853ccl0 with 16 rows and digest b51567talkpqrri790287ss3kr9.
[2026-01-21 06:10:59] (5s)  >>> Created relation DataFlowImplCommon#6f4b4818::Cached::TFrontNil#ff_1#join_rhs/1@cb1838m3 with 3508 rows and digest d58ab83767npssa3plvo7fnvut0.
[2026-01-21 06:10:59] Cachaca resolved layer: #6537 evaluator DataFlowImplCommon#6f4b4818::Cached::TFrontNil#ff_1#join_rhs/1@cb1838m3
[2026-01-21 06:10:59] (5s) Starting to evaluate predicate DataFlowImpl#6ed98661::Impl#DataFlowImpl1#bece54ca::Config#::Stage4Param::getApNil#1#ff/2@aa1825vk
[2026-01-21 06:10:59] (5s)  >>> Created relation DataFlowImpl#6ed98661::Impl#DataFlowImpl1#bece54ca::Config#::Stage4Param::getApNil#1#ff/2@aa1825vk with 16 rows and digest 0e9f9eh815slu91d943hggb3fbd.
[2026-01-21 06:10:59] (5s) Starting to evaluate predicate DataFlowImpl#6ed98661::Impl#DataFlowImpl1#bece54ca::Config#::Stage4Param::getApprox#1#ff/2@3e6a0dvt
[2026-01-21 06:10:59] (5s)  >>> Created relation DataFlowImpl#6ed98661::Impl#DataFlowImpl1#bece54ca::Config#::Stage4Param::getApprox#1#ff/2@3e6a0dvt with 4276 rows and digest 564087ma6ikqdeo520gurie2551.
[2026-01-21 06:10:59] (5s) Starting to evaluate predicate DataFlowImpl#6ed98661::Impl#DataFlowImpl1#bece54ca::Config#::MkStage#Stage2#::Stage#Stage3Param#::revFlowAlias#3#fff/3@620acf5a
[2026-01-21 06:10:59] (5s)  >>> Created relation DataFlowImpl#6ed98661::Impl#DataFlowImpl1#bece54ca::Config#::MkStage#Stage2#::Stage#Stage3Param#::revFlowAlias#3#fff/3@620acf5a with 16 rows and digest 1a416aau544plmvar602hma6st1.
[2026-01-21 06:10:59] (5s) Starting to evaluate predicate DataFlowImplCommon#6f4b4818::AccessPathFront::getType#0#dispred#ff/2@201b3emo
[2026-01-21 06:10:59] (5s)  >>> Created relation DataFlowImplCommon#6f4b4818::AccessPathFront::getType#0#dispred#ff/2@201b3emo with 4276 rows and digest eedf52pbhksaq38sjfdntq5a140.
[2026-01-21 06:10:59] (5s) Starting to evaluate predicate DataFlowImplCommon#6f4b4818::AccessPathFront::getType#0#dispred#ff_0#join_rhs/1@e3075fu0
[2026-01-21 06:10:59] (5s)  >>> Created relation DataFlowImplCommon#6f4b4818::AccessPathFront::getType#0#dispred#ff_0#join_rhs/1@e3075fu0 with 4276 rows and digest 5d8ad2ftravbn7elt8k6656is74.
[2026-01-21 06:10:59] (5s) Starting to evaluate predicate DataFlowImplCommon#6f4b4818::Cached::TAccessPathFrontSome#ff_10#join_rhs/2@ffc862ru
[2026-01-21 06:10:59] (5s)  >>> Created relation DataFlowImplCommon#6f4b4818::Cached::TAccessPathFrontSome#ff_10#join_rhs/2@ffc862ru with 4276 rows and digest 45f0b96dadi79gb1d0blu3gofkb.
[2026-01-21 06:10:59] (5s) Starting to evaluate predicate DataFlowImplCommon#6f4b4818::Cached::TFrontHead#ff_10#join_rhs/2@a7c0b3j9
[2026-01-21 06:10:59] (5s)  >>> Created relation DataFlowImplCommon#6f4b4818::Cached::TFrontHead#ff_10#join_rhs/2@a7c0b3j9 with 768 rows and digest 413fbdrg89modn4vcqrl223v357.
[2026-01-21 06:10:59] (5s) Starting to evaluate predicate DataFlowImplCommon#6f4b4818::AccessPathFront#class#f/1@38e7d49f
[2026-01-21 06:10:59] (5s)  >>> Created relation DataFlowImplCommon#6f4b4818::AccessPathFront#class#f/1@38e7d49f with 4276 rows and digest 5d8ad2ftravbn7elt8k6656is74.
[2026-01-21 06:10:59] (5s) Starting to evaluate predicate DataFlowImplCommon#6f4b4818::AccessPathFront::getHead#0#dispred#ff/2@2bed1eur
[2026-01-21 06:10:59] (5s)  >>> Created relation DataFlowImplCommon#6f4b4818::AccessPathFront::getHead#0#dispred#ff/2@2bed1eur with 768 rows and digest 413fbdrg89modn4vcqrl223v357.
[2026-01-21 06:10:59] (5s) Starting to evaluate predicate DataFlowImplCommon#6f4b4818::AccessPathFront::getHead#0#dispred#ff_10#join_rhs/2@16455dp9
[2026-01-21 06:10:59] (5s)  >>> Created relation DataFlowImplCommon#6f4b4818::AccessPathFront::getHead#0#dispred#ff_10#join_rhs/2@16455dp9 with 768 rows and digest a781f0sfr4q17pqm2mai80tif15.
[2026-01-21 06:10:59] (5s) Starting to evaluate predicate _DataFlowImplCommon#6f4b4818::AccessPathFront::getHead#0#dispred#ff_10#join_rhs_DataFlowImplCommon#6__#join_rhs/3@1f4939tp
[2026-01-21 06:10:59] (5s)  >>> Created relation _DataFlowImplCommon#6f4b4818::AccessPathFront::getHead#0#dispred#ff_10#join_rhs_DataFlowImplCommon#6__#join_rhs/3@1f4939tp with 768 rows and digest c0e388f47vq0cgbbt5khfdme875.
[2026-01-21 06:10:59] (5s) Starting to evaluate predicate DataFlowImpl#6ed98661::Impl#DataFlowImpl1#bece54ca::Config#::Stage4Param::getHeadContent#1#ff/2@e8f3bfa1
[2026-01-21 06:10:59] (5s)  >>> Created relation DataFlowImpl#6ed98661::Impl#DataFlowImpl1#bece54ca::Config#::Stage4Param::getHeadContent#1#ff/2@e8f3bfa1 with 768 rows and digest c1dd8ccveoe6eeer32qbipual17.
[2026-01-21 06:10:59] (5s) Starting to evaluate predicate project#DataFlowImpl#6ed98661::Impl#DataFlowImpl1#bece54ca::Config#::MkStage#Stage2#::Stage#Stage3Param#::revFlowStore#9#fffffffff#2/6@393e906k
[2026-01-21 06:10:59] (5s)  >>> Created relation project#DataFlowImpl#6ed98661::Impl#DataFlowImpl1#bece54ca::Config#::MkStage#Stage2#::Stage#Stage3Param#::revFlowStore#9#fffffffff#2/6@393e906k with 1 rows and digest 0f8ff6b6uq8o5fltnchadvluvrb.
[2026-01-21 06:10:59] (5s) Starting to evaluate predicate DataFlowImpl#6ed98661::Impl#DataFlowImpl1#bece54ca::Config#::MkStage#Stage1#::Stage#Stage2Param#::storeStepCand#5#fffff_0234#join_rhs/4@687d01a1
[2026-01-21 06:10:59] (5s)  >>> Created relation DataFlowImpl#6ed98661::Impl#DataFlowImpl1#bece54ca::Config#::MkStage#Stage1#::Stage#Stage2Param#::storeStepCand#5#fffff_0234#join_rhs/4@687d01a1 with 1 rows and digest d40c3bnf47064tb33blq6ljj0i1.
[2026-01-21 06:10:59] (5s) Starting to evaluate predicate DataFlowImpl#6ed98661::Impl#DataFlowImpl1#bece54ca::Config#::MkStage#Stage2#::Stage#Stage3Param#::storeStepCand#5#fffff/5@2f4876ef
[2026-01-21 06:10:59] (5s)  >>> Created relation DataFlowImpl#6ed98661::Impl#DataFlowImpl1#bece54ca::Config#::MkStage#Stage2#::Stage#Stage3Param#::storeStepCand#5#fffff/5@2f4876ef with 1 rows and digest b3ebe0qp7s5kg18bb93l6udhooc.
[2026-01-21 06:10:59] (5s) Starting to evaluate predicate project#DataFlowImpl#6ed98661::Impl#DataFlowImpl1#bece54ca::Config#::MkStage#Stage2#::Stage#Stage3Param#::storeStepCand#5#fffff/4@99caceik
[2026-01-21 06:10:59] (5s)  >>> Created relation project#DataFlowImpl#6ed98661::Impl#DataFlowImpl1#bece54ca::Config#::MkStage#Stage2#::Stage#Stage3Param#::storeStepCand#5#fffff/4@99caceik with 1 rows and digest 156883avs5arhi14jgsvlab814c.
[2026-01-21 06:10:59] (5s) Starting to evaluate predicate DataFlowImpl#6ed98661::Impl#DataFlowImpl1#bece54ca::Config#::MkStage#Stage2#::Stage#Stage3Param#::revFlowAp#2#ff/2@21e5102g
[2026-01-21 06:10:59] (5s)  >>> Created relation DataFlowImpl#6ed98661::Impl#DataFlowImpl1#bece54ca::Config#::MkStage#Stage2#::Stage#Stage3Param#::revFlowAp#2#ff/2@21e5102g with 16 rows and digest fa750ajdpecbsacfd9cd1jnt39d.
[2026-01-21 06:10:59] (5s) Starting to evaluate predicate project#DataFlowImpl#6ed98661::Impl#DataFlowImpl1#bece54ca::Config#::MkStage#Stage2#::Stage#Stage3Param#::revFlowStore#9#fffffffff/3@8b7760fl
[2026-01-21 06:10:59] (5s)  >>> Created relation project#DataFlowImpl#6ed98661::Impl#DataFlowImpl1#bece54ca::Config#::MkStage#Stage2#::Stage#Stage3Param#::revFlowStore#9#fffffffff/3@8b7760fl with 1 rows and digest 4dc017qo8i7a2qrdg6uq92v3ol0.
[2026-01-21 06:10:59] (5s) Starting to evaluate predicate DataFlowImpl#6ed98661::Impl#DataFlowImpl1#bece54ca::Config#::MkStage#Stage2#::Stage#Stage3Param#::readStepCand#3#fff/3@419a9f4s
[2026-01-21 06:10:59] (5s)  >>> Created relation DataFlowImpl#6ed98661::Impl#DataFlowImpl1#bece54ca::Config#::MkStage#Stage2#::Stage#Stage3Param#::readStepCand#3#fff/3@419a9f4s with 1 rows and digest 04fa050bmh1vvjij2oqmq7i8942.
[2026-01-21 06:10:59] (5s) Starting to evaluate predicate DataFlowImpl#6ed98661::Impl#DataFlowImpl1#bece54ca::Config#::MkStage#Stage3#::Stage#Stage4Param#::readStepCand#4#ffff/4@e9fb347p
[2026-01-21 06:10:59] (5s)  >>> Created relation DataFlowImpl#6ed98661::Impl#DataFlowImpl1#bece54ca::Config#::MkStage#Stage3#::Stage#Stage4Param#::readStepCand#4#ffff/4@e9fb347p with 1 rows and digest b6777a6hfuqis4j87h1o3ka9rh2.
[2026-01-21 06:10:59] (5s) Starting to evaluate predicate project#DataFlowImpl#6ed98661::Impl#DataFlowImpl1#bece54ca::Config#::MkStage#Stage2#::Stage#Stage3Param#::revFlowAlias#3#fff/2@b7098aaf
[2026-01-21 06:10:59] (5s)  >>> Created relation project#DataFlowImpl#6ed98661::Impl#DataFlowImpl1#bece54ca::Config#::MkStage#Stage2#::Stage#Stage3Param#::revFlowAlias#3#fff/2@b7098aaf with 16 rows and digest 55f8eeeduvso5avbart4s43tdv7.
[2026-01-21 06:10:59] (5s) Starting to evaluate predicate DataFlowImpl#6ed98661::Impl#DataFlowImpl1#bece54ca::Config#::LocalFlowBigStep::localFlowBigStep#7#fffffff_123045#join_rhs/6@9d04b6f3
[2026-01-21 06:10:59] (5s)  >>> Created relation DataFlowImpl#6ed98661::Impl#DataFlowImpl1#bece54ca::Config#::LocalFlowBigStep::localFlowBigStep#7#fffffff_123045#join_rhs/6@9d04b6f3 with 50 rows and digest 2fb952hgo91egjanlpk3q46r4tc.
[2026-01-21 06:10:59] (5s) Starting to evaluate predicate project#DataFlowImpl#6ed98661::Impl#DataFlowImpl1#bece54ca::Config#::MkStage#Stage2#::Stage#Stage3Param#::revFlow#5#fffff#2/2@87d198ao
[2026-01-21 06:10:59] (5s)  >>> Created relation project#DataFlowImpl#6ed98661::Impl#DataFlowImpl1#bece54ca::Config#::MkStage#Stage2#::Stage#Stage3Param#::revFlow#5#fffff#2/2@87d198ao with 16 rows and digest 55f8eeeduvso5avbart4s43tdv7.
[2026-01-21 06:10:59] (5s) Starting to evaluate predicate DataFlowImpl#6ed98661::Impl#DataFlowImpl1#bece54ca::Config#::Stage4Param::localStep#7#fffffff/7@2dc2cacf
[2026-01-21 06:10:59] (5s)  >>> Created relation DataFlowImpl#6ed98661::Impl#DataFlowImpl1#bece54ca::Config#::Stage4Param::localStep#7#fffffff/7@2dc2cacf with 50 rows and digest 262ad2bspqh7l4an36rd3vv479f.
[2026-01-21 06:10:59] (5s) Starting to evaluate predicate DataFlowImpl#6ed98661::Impl#DataFlowImpl1#bece54ca::Config#::Stage4Param::localStep#7#fffffff_013425#join_rhs/6@71d8649f
[2026-01-21 06:10:59] (5s)  >>> Created relation DataFlowImpl#6ed98661::Impl#DataFlowImpl1#bece54ca::Config#::Stage4Param::localStep#7#fffffff_013425#join_rhs/6@71d8649f with 50 rows and digest bfedc1u6tn2dkmhhuunq50b7a29.
[2026-01-21 06:10:59] (5s) Starting to evaluate predicate DataFlowImpl#6ed98661::Impl#DataFlowImpl1#bece54ca::Config#::Stage4Param::localStep#7#fffffff_4012356#join_rhs/7@4e4109o5
[2026-01-21 06:10:59] (5s)  >>> Created relation DataFlowImpl#6ed98661::Impl#DataFlowImpl1#bece54ca::Config#::Stage4Param::localStep#7#fffffff_4012356#join_rhs/7@4e4109o5 with 50 rows and digest ddc5a6h236l1akvkdu7rrv49hgb.
[2026-01-21 06:10:59] (5s) Starting to evaluate predicate project#DataFlowImpl#6ed98661::Impl#DataFlowImpl1#bece54ca::Config#::Stage4Param::localStep#7#fffffff/3@7c3bd8sk
[2026-01-21 06:10:59] (5s)  >>> Created relation project#DataFlowImpl#6ed98661::Impl#DataFlowImpl1#bece54ca::Config#::Stage4Param::localStep#7#fffffff/3@7c3bd8sk with 5 rows and digest 0aeac1khkb5vm83ckrf350sjr2a.
[2026-01-21 06:10:59] (5s) Starting to evaluate predicate DataFlowImpl#6ed98661::Impl#DataFlowImpl1#bece54ca::Config#::MkStage#Stage3#::Stage#Stage4Param#::fwdFlowConsCand#3#fff/3@i1#dd0a84wk (iteration 1)
[2026-01-21 06:10:59] (5s) Empty delta for DataFlowImpl#6ed98661::Impl#DataFlowImpl1#bece54ca::Config#::MkStage#Stage3#::Stage#Stage4Param#::fwdFlowConsCand#3#fff_delta (order for disjuncts: delta=<standard>).
[2026-01-21 06:10:59] (5s) Starting to evaluate predicate DataFlowImpl#6ed98661::Impl#DataFlowImpl1#bece54ca::Config#::MkStage#Stage3#::Stage#Stage4Param#::fwdFlowIsEntered#7#fffffff#reorder_2_5_6_0_1_3_4/7@i1#dd0a83wk (iteration 1)
[2026-01-21 06:10:59] (5s) Empty delta for DataFlowImpl#6ed98661::Impl#DataFlowImpl1#bece54ca::Config#::MkStage#Stage3#::Stage#Stage4Param#::fwdFlowIsEntered#7#fffffff#reorder_2_5_6_0_1_3_4_delta (order for disjuncts: delta=<standard>).
[2026-01-21 06:10:59] (5s) Starting to evaluate predicate DataFlowImpl#6ed98661::Impl#DataFlowImpl1#bece54ca::Config#::MkStage#Stage3#::Stage#Stage4Param#::fwdFlowRetFromArg#8#ffffffff#reorder_2_3_4_0_1_5_6_7/8@i1#dd0a82wk (iteration 1)
[2026-01-21 06:10:59] (5s) Empty delta for DataFlowImpl#6ed98661::Impl#DataFlowImpl1#bece54ca::Config#::MkStage#Stage3#::Stage#Stage4Param#::fwdFlowRetFromArg#8#ffffffff#reorder_2_3_4_0_1_5_6_7_delta (order for disjuncts: delta=<standard>).
[2026-01-21 06:10:59] (5s) Starting to evaluate predicate DataFlowImpl#6ed98661::Impl#DataFlowImpl1#bece54ca::Config#::MkStage#Stage3#::Stage#Stage4Param#::fwdFlowIn#9#fffffffff/9@i1#dd0a81wk (iteration 1)
[2026-01-21 06:10:59] (5s) Empty delta for DataFlowImpl#6ed98661::Impl#DataFlowImpl1#bece54ca::Config#::MkStage#Stage3#::Stage#Stage4Param#::fwdFlowIn#9#fffffffff_delta (order for disjuncts: delta=<standard>).
[2026-01-21 06:10:59] (5s) Starting to evaluate predicate DataFlowImpl#6ed98661::Impl#DataFlowImpl1#bece54ca::Config#::MkStage#Stage3#::Stage#Stage4Param#::fwdFlowThrough#10#ffffffffff/10@i1#dd0a80wk (iteration 1)
[2026-01-21 06:10:59] (5s) Empty delta for DataFlowImpl#6ed98661::Impl#DataFlowImpl1#bece54ca::Config#::MkStage#Stage3#::Stage#Stage4Param#::fwdFlowThrough#10#ffffffffff_delta (order for disjuncts: delta=<standard>).
[2026-01-21 06:10:59] (5s) Starting to evaluate predicate DataFlowImpl#6ed98661::Impl#DataFlowImpl1#bece54ca::Config#::MkStage#Stage3#::Stage#Stage4Param#::fwdFlow#7#fffffff/7@i1#dd0a8z3k (iteration 1)
[2026-01-21 06:10:59] (5s) Empty delta for DataFlowImpl#6ed98661::Impl#DataFlowImpl1#bece54ca::Config#::MkStage#Stage3#::Stage#Stage4Param#::fwdFlow#7#fffffff_delta (order for disjuncts: delta=<standard>).
[2026-01-21 06:10:59] (5s) Starting to evaluate predicate DataFlowImpl#6ed98661::Impl#DataFlowImpl1#bece54ca::Config#::MkStage#Stage3#::Stage#Stage4Param#::fwdFlow0#7#fffffff/7@i1#dd0a8y3k (iteration 1)
[2026-01-21 06:10:59] (5s) 			 - DataFlowImpl#6ed98661::Impl#DataFlowImpl1#bece54ca::Config#::MkStage#Stage3#::Stage#Stage4Param#::fwdFlow0#7#fffffff_delta has 1 rows (order for disjuncts: delta=<standard>).
[2026-01-21 06:10:59] (5s) Starting to evaluate predicate DataFlowImpl#6ed98661::Impl#DataFlowImpl1#bece54ca::Config#::MkStage#Stage3#::Stage#Stage4Param#::fwdFlowRead#8#ffffffff/8@i1#dd0a8x3k (iteration 1)
[2026-01-21 06:10:59] (5s) Empty delta for DataFlowImpl#6ed98661::Impl#DataFlowImpl1#bece54ca::Config#::MkStage#Stage3#::Stage#Stage4Param#::fwdFlowRead#8#ffffffff_delta (order for disjuncts: delta=<standard>).
[2026-01-21 06:10:59] (5s) Starting to evaluate predicate DataFlowImpl#6ed98661::Impl#DataFlowImpl1#bece54ca::Config#::MkStage#Stage3#::Stage#Stage4Param#::fwdFlowStore#8#ffffffff/8@i1#dd0a8w3k (iteration 1)
[2026-01-21 06:10:59] (5s) Empty delta for DataFlowImpl#6ed98661::Impl#DataFlowImpl1#bece54ca::Config#::MkStage#Stage3#::Stage#Stage4Param#::fwdFlowStore#8#ffffffff_delta (order for disjuncts: delta=<standard>).
[2026-01-21 06:10:59] (5s) Empty delta for DataFlowImpl#6ed98661::Impl#DataFlowImpl1#bece54ca::Config#::MkStage#Stage3#::Stage#Stage4Param#::fwdFlowConsCand#3#fff_delta (order for disjuncts: delta=<standard>).
[2026-01-21 06:10:59] (5s) Empty delta for DataFlowImpl#6ed98661::Impl#DataFlowImpl1#bece54ca::Config#::MkStage#Stage3#::Stage#Stage4Param#::fwdFlowIsEntered#7#fffffff#reorder_2_5_6_0_1_3_4_delta (order for disjuncts: delta=<standard>).
[2026-01-21 06:10:59] (5s) Empty delta for DataFlowImpl#6ed98661::Impl#DataFlowImpl1#bece54ca::Config#::MkStage#Stage3#::Stage#Stage4Param#::fwdFlowRetFromArg#8#ffffffff#reorder_2_3_4_0_1_5_6_7_delta (order for disjuncts: delta=<standard>).
[2026-01-21 06:10:59] (5s) Empty delta for DataFlowImpl#6ed98661::Impl#DataFlowImpl1#bece54ca::Config#::MkStage#Stage3#::Stage#Stage4Param#::fwdFlowIn#9#fffffffff_delta (order for disjuncts: delta=<standard>).
[2026-01-21 06:10:59] (5s) Empty delta for DataFlowImpl#6ed98661::Impl#DataFlowImpl1#bece54ca::Config#::MkStage#Stage3#::Stage#Stage4Param#::fwdFlowThrough#10#ffffffffff_delta (order for disjuncts: delta=<standard>).
[2026-01-21 06:10:59] (5s) Starting to evaluate predicate DataFlowImpl#6ed98661::Impl#DataFlowImpl1#bece54ca::Config#::MkStage#Stage3#::Stage#Stage4Param#::fwdFlow#7#fffffff/7@i2#dd0a8z3k (iteration 2)
[2026-01-21 06:10:59] (5s) 			 - DataFlowImpl#6ed98661::Impl#DataFlowImpl1#bece54ca::Config#::MkStage#Stage3#::Stage#Stage4Param#::fwdFlow#7#fffffff_delta has 1 rows (order for disjuncts: delta=500000).
[2026-01-21 06:10:59] (5s) Empty delta for DataFlowImpl#6ed98661::Impl#DataFlowImpl1#bece54ca::Config#::MkStage#Stage3#::Stage#Stage4Param#::fwdFlow0#7#fffffff_delta (order for disjuncts: delta=<standard>).
[2026-01-21 06:10:59] (5s) Empty delta for DataFlowImpl#6ed98661::Impl#DataFlowImpl1#bece54ca::Config#::MkStage#Stage3#::Stage#Stage4Param#::fwdFlowRead#8#ffffffff_delta (order for disjuncts: delta=<standard>).
[2026-01-21 06:10:59] (5s) Empty delta for DataFlowImpl#6ed98661::Impl#DataFlowImpl1#bece54ca::Config#::MkStage#Stage3#::Stage#Stage4Param#::fwdFlowStore#8#ffffffff_delta (order for disjuncts: delta=<standard>).
[2026-01-21 06:10:59] (5s) Empty delta for DataFlowImpl#6ed98661::Impl#DataFlowImpl1#bece54ca::Config#::MkStage#Stage3#::Stage#Stage4Param#::fwdFlowConsCand#3#fff_delta (order for disjuncts: delta=<standard>).
[2026-01-21 06:10:59] (5s) Empty delta for DataFlowImpl#6ed98661::Impl#DataFlowImpl1#bece54ca::Config#::MkStage#Stage3#::Stage#Stage4Param#::fwdFlowIsEntered#7#fffffff#reorder_2_5_6_0_1_3_4_delta (order for disjuncts: delta=<standard>).
[2026-01-21 06:10:59] (5s) Starting to evaluate predicate DataFlowImpl#6ed98661::Impl#DataFlowImpl1#bece54ca::Config#::MkStage#Stage3#::Stage#Stage4Param#::fwdFlowRetFromArg#8#ffffffff#reorder_2_3_4_0_1_5_6_7/8@i3#dd0a82wk (iteration 3)
[2026-01-21 06:10:59] (5s) Empty delta for DataFlowImpl#6ed98661::Impl#DataFlowImpl1#bece54ca::Config#::MkStage#Stage3#::Stage#Stage4Param#::fwdFlowRetFromArg#8#ffffffff#reorder_2_3_4_0_1_5_6_7_delta (order for disjuncts: delta=500000).
[2026-01-21 06:10:59] (5s) Starting to evaluate predicate DataFlowImpl#6ed98661::Impl#DataFlowImpl1#bece54ca::Config#::MkStage#Stage3#::Stage#Stage4Param#::fwdFlowIn#9#fffffffff/9@i3#dd0a81wk (iteration 3)
[2026-01-21 06:10:59] (5s) Empty delta for DataFlowImpl#6ed98661::Impl#DataFlowImpl1#bece54ca::Config#::MkStage#Stage3#::Stage#Stage4Param#::fwdFlowIn#9#fffffffff_delta (order for disjuncts: delta=500000).
[2026-01-21 06:10:59] (5s) Empty delta for DataFlowImpl#6ed98661::Impl#DataFlowImpl1#bece54ca::Config#::MkStage#Stage3#::Stage#Stage4Param#::fwdFlowThrough#10#ffffffffff_delta (order for disjuncts: delta=<standard>).
[2026-01-21 06:10:59] (5s) Empty delta for DataFlowImpl#6ed98661::Impl#DataFlowImpl1#bece54ca::Config#::MkStage#Stage3#::Stage#Stage4Param#::fwdFlow#7#fffffff_delta (order for disjuncts: delta=500000).
[2026-01-21 06:10:59] (5s) Starting to evaluate predicate DataFlowImpl#6ed98661::Impl#DataFlowImpl1#bece54ca::Config#::MkStage#Stage3#::Stage#Stage4Param#::fwdFlow0#7#fffffff/7@i3#dd0a8y3k (iteration 3)
[2026-01-21 06:10:59] (5s) 			 - DataFlowImpl#6ed98661::Impl#DataFlowImpl1#bece54ca::Config#::MkStage#Stage3#::Stage#Stage4Param#::fwdFlow0#7#fffffff_delta has 14 rows (order for disjuncts: delta=<standard>).
[2026-01-21 06:10:59] (5s) Starting to evaluate predicate DataFlowImpl#6ed98661::Impl#DataFlowImpl1#bece54ca::Config#::MkStage#Stage3#::Stage#Stage4Param#::fwdFlowRead#8#ffffffff/8@i3#dd0a8x3k (iteration 3)
[2026-01-21 06:10:59] (5s) Empty delta for DataFlowImpl#6ed98661::Impl#DataFlowImpl1#bece54ca::Config#::MkStage#Stage3#::Stage#Stage4Param#::fwdFlowRead#8#ffffffff_delta (order for disjuncts: delta=500000).
[2026-01-21 06:10:59] (5s) Starting to evaluate predicate DataFlowImpl#6ed98661::Impl#DataFlowImpl1#bece54ca::Config#::MkStage#Stage3#::Stage#Stage4Param#::fwdFlowStore#8#ffffffff/8@i3#dd0a8w3k (iteration 3)
[2026-01-21 06:10:59] (5s) Empty delta for DataFlowImpl#6ed98661::Impl#DataFlowImpl1#bece54ca::Config#::MkStage#Stage3#::Stage#Stage4Param#::fwdFlowStore#8#ffffffff_delta (order for disjuncts: delta=500000).
[2026-01-21 06:10:59] (5s) Empty delta for DataFlowImpl#6ed98661::Impl#DataFlowImpl1#bece54ca::Config#::MkStage#Stage3#::Stage#Stage4Param#::fwdFlowConsCand#3#fff_delta (order for disjuncts: delta=<standard>).
[2026-01-21 06:10:59] (5s) Empty delta for DataFlowImpl#6ed98661::Impl#DataFlowImpl1#bece54ca::Config#::MkStage#Stage3#::Stage#Stage4Param#::fwdFlowIsEntered#7#fffffff#reorder_2_5_6_0_1_3_4_delta (order for disjuncts: delta=<standard>).
[2026-01-21 06:10:59] (5s) Empty delta for DataFlowImpl#6ed98661::Impl#DataFlowImpl1#bece54ca::Config#::MkStage#Stage3#::Stage#Stage4Param#::fwdFlowRetFromArg#8#ffffffff#reorder_2_3_4_0_1_5_6_7_delta (order for disjuncts: delta=500000).
[2026-01-21 06:10:59] (5s) Empty delta for DataFlowImpl#6ed98661::Impl#DataFlowImpl1#bece54ca::Config#::MkStage#Stage3#::Stage#Stage4Param#::fwdFlowIn#9#fffffffff_delta (order for disjuncts: delta=500000).
[2026-01-21 06:10:59] (5s) Empty delta for DataFlowImpl#6ed98661::Impl#DataFlowImpl1#bece54ca::Config#::MkStage#Stage3#::Stage#Stage4Param#::fwdFlowThrough#10#ffffffffff_delta (order for disjuncts: delta=<standard>).
[2026-01-21 06:10:59] (5s) Starting to evaluate predicate DataFlowImpl#6ed98661::Impl#DataFlowImpl1#bece54ca::Config#::MkStage#Stage3#::Stage#Stage4Param#::fwdFlow#7#fffffff/7@i4#dd0a8z3k (iteration 4)
[2026-01-21 06:10:59] (5s) 			 - DataFlowImpl#6ed98661::Impl#DataFlowImpl1#bece54ca::Config#::MkStage#Stage3#::Stage#Stage4Param#::fwdFlow#7#fffffff_delta has 13 rows (order for disjuncts: delta=500000).
[2026-01-21 06:10:59] (5s) Empty delta for DataFlowImpl#6ed98661::Impl#DataFlowImpl1#bece54ca::Config#::MkStage#Stage3#::Stage#Stage4Param#::fwdFlow0#7#fffffff_delta (order for disjuncts: delta=<standard>).
[2026-01-21 06:10:59] (5s) Empty delta for DataFlowImpl#6ed98661::Impl#DataFlowImpl1#bece54ca::Config#::MkStage#Stage3#::Stage#Stage4Param#::fwdFlowRead#8#ffffffff_delta (order for disjuncts: delta=500000).
[2026-01-21 06:10:59] (5s) Empty delta for DataFlowImpl#6ed98661::Impl#DataFlowImpl1#bece54ca::Config#::MkStage#Stage3#::Stage#Stage4Param#::fwdFlowStore#8#ffffffff_delta (order for disjuncts: delta=500000).
[2026-01-21 06:10:59] (5s) Empty delta for DataFlowImpl#6ed98661::Impl#DataFlowImpl1#bece54ca::Config#::MkStage#Stage3#::Stage#Stage4Param#::fwdFlowConsCand#3#fff_delta (order for disjuncts: delta=<standard>).
[2026-01-21 06:10:59] (5s) Empty delta for DataFlowImpl#6ed98661::Impl#DataFlowImpl1#bece54ca::Config#::MkStage#Stage3#::Stage#Stage4Param#::fwdFlowIsEntered#7#fffffff#reorder_2_5_6_0_1_3_4_delta (order for disjuncts: delta=<standard>).
[2026-01-21 06:10:59] (5s) Starting to evaluate predicate DataFlowImpl#6ed98661::Impl#DataFlowImpl1#bece54ca::Config#::MkStage#Stage3#::Stage#Stage4Param#::fwdFlowRetFromArg#8#ffffffff#reorder_2_3_4_0_1_5_6_7/8@i5#dd0a82wk (iteration 5)
[2026-01-21 06:10:59] (5s) Empty delta for DataFlowImpl#6ed98661::Impl#DataFlowImpl1#bece54ca::Config#::MkStage#Stage3#::Stage#Stage4Param#::fwdFlowRetFromArg#8#ffffffff#reorder_2_3_4_0_1_5_6_7_delta (order for disjuncts: delta=500000).
[2026-01-21 06:10:59] (5s) Starting to evaluate predicate DataFlowImpl#6ed98661::Impl#DataFlowImpl1#bece54ca::Config#::MkStage#Stage3#::Stage#Stage4Param#::fwdFlowIn#9#fffffffff/9@i5#dd0a81wk (iteration 5)
[2026-01-21 06:10:59] (5s) Empty delta for DataFlowImpl#6ed98661::Impl#DataFlowImpl1#bece54ca::Config#::MkStage#Stage3#::Stage#Stage4Param#::fwdFlowIn#9#fffffffff_delta (order for disjuncts: delta=500000).
[2026-01-21 06:10:59] (5s) Empty delta for DataFlowImpl#6ed98661::Impl#DataFlowImpl1#bece54ca::Config#::MkStage#Stage3#::Stage#Stage4Param#::fwdFlowThrough#10#ffffffffff_delta (order for disjuncts: delta=<standard>).
[2026-01-21 06:10:59] (5s) Empty delta for DataFlowImpl#6ed98661::Impl#DataFlowImpl1#bece54ca::Config#::MkStage#Stage3#::Stage#Stage4Param#::fwdFlow#7#fffffff_delta (order for disjuncts: delta=500000).
[2026-01-21 06:10:59] (5s) Starting to evaluate predicate DataFlowImpl#6ed98661::Impl#DataFlowImpl1#bece54ca::Config#::MkStage#Stage3#::Stage#Stage4Param#::fwdFlow0#7#fffffff/7@i5#dd0a8y3k (iteration 5)
[2026-01-21 06:10:59] (5s) Empty delta for DataFlowImpl#6ed98661::Impl#DataFlowImpl1#bece54ca::Config#::MkStage#Stage3#::Stage#Stage4Param#::fwdFlow0#7#fffffff_delta (order for disjuncts: delta=<standard>).
[2026-01-21 06:10:59] (5s) Starting to evaluate predicate DataFlowImpl#6ed98661::Impl#DataFlowImpl1#bece54ca::Config#::MkStage#Stage3#::Stage#Stage4Param#::fwdFlowRead#8#ffffffff/8@i5#dd0a8x3k (iteration 5)
[2026-01-21 06:10:59] (5s) Empty delta for DataFlowImpl#6ed98661::Impl#DataFlowImpl1#bece54ca::Config#::MkStage#Stage3#::Stage#Stage4Param#::fwdFlowRead#8#ffffffff_delta (order for disjuncts: delta=500000).
[2026-01-21 06:10:59] (5s) Starting to evaluate predicate DataFlowImpl#6ed98661::Impl#DataFlowImpl1#bece54ca::Config#::MkStage#Stage3#::Stage#Stage4Param#::fwdFlowStore#8#ffffffff/8@i5#dd0a8w3k (iteration 5)
[2026-01-21 06:10:59] (5s) 			 - DataFlowImpl#6ed98661::Impl#DataFlowImpl1#bece54ca::Config#::MkStage#Stage3#::Stage#Stage4Param#::fwdFlowStore#8#ffffffff_delta has 1 rows (order for disjuncts: delta=500000).
[2026-01-21 06:10:59] (5s) Starting to evaluate predicate DataFlowImpl#6ed98661::Impl#DataFlowImpl1#bece54ca::Config#::MkStage#Stage3#::Stage#Stage4Param#::fwdFlowConsCand#3#fff/3@i6#dd0a84wk (iteration 6)
[2026-01-21 06:10:59] (5s) 			 - DataFlowImpl#6ed98661::Impl#DataFlowImpl1#bece54ca::Config#::MkStage#Stage3#::Stage#Stage4Param#::fwdFlowConsCand#3#fff_delta has 1 rows (order for disjuncts: delta=500000).
[2026-01-21 06:10:59] (5s) Empty delta for DataFlowImpl#6ed98661::Impl#DataFlowImpl1#bece54ca::Config#::MkStage#Stage3#::Stage#Stage4Param#::fwdFlowIsEntered#7#fffffff#reorder_2_5_6_0_1_3_4_delta (order for disjuncts: delta=<standard>).
[2026-01-21 06:10:59] (5s) Empty delta for DataFlowImpl#6ed98661::Impl#DataFlowImpl1#bece54ca::Config#::MkStage#Stage3#::Stage#Stage4Param#::fwdFlowRetFromArg#8#ffffffff#reorder_2_3_4_0_1_5_6_7_delta (order for disjuncts: delta=500000).
[2026-01-21 06:10:59] (5s) Empty delta for DataFlowImpl#6ed98661::Impl#DataFlowImpl1#bece54ca::Config#::MkStage#Stage3#::Stage#Stage4Param#::fwdFlowIn#9#fffffffff_delta (order for disjuncts: delta=500000).
[2026-01-21 06:10:59] (5s) Empty delta for DataFlowImpl#6ed98661::Impl#DataFlowImpl1#bece54ca::Config#::MkStage#Stage3#::Stage#Stage4Param#::fwdFlowThrough#10#ffffffffff_delta (order for disjuncts: delta=<standard>).
[2026-01-21 06:10:59] (5s) Empty delta for DataFlowImpl#6ed98661::Impl#DataFlowImpl1#bece54ca::Config#::MkStage#Stage3#::Stage#Stage4Param#::fwdFlow#7#fffffff_delta (order for disjuncts: delta=500000).
[2026-01-21 06:10:59] (5s) Starting to evaluate predicate DataFlowImpl#6ed98661::Impl#DataFlowImpl1#bece54ca::Config#::MkStage#Stage3#::Stage#Stage4Param#::fwdFlow0#7#fffffff/7@i6#dd0a8y3k (iteration 6)
[2026-01-21 06:10:59] (5s) 			 - DataFlowImpl#6ed98661::Impl#DataFlowImpl1#bece54ca::Config#::MkStage#Stage3#::Stage#Stage4Param#::fwdFlow0#7#fffffff_delta has 1 rows (order for disjuncts: delta=<standard>).
[2026-01-21 06:10:59] (5s) Empty delta for DataFlowImpl#6ed98661::Impl#DataFlowImpl1#bece54ca::Config#::MkStage#Stage3#::Stage#Stage4Param#::fwdFlowRead#8#ffffffff_delta (order for disjuncts: delta=500000).
[2026-01-21 06:10:59] (5s) Empty delta for DataFlowImpl#6ed98661::Impl#DataFlowImpl1#bece54ca::Config#::MkStage#Stage3#::Stage#Stage4Param#::fwdFlowStore#8#ffffffff_delta (order for disjuncts: delta=500000).
[2026-01-21 06:10:59] (5s) Empty delta for DataFlowImpl#6ed98661::Impl#DataFlowImpl1#bece54ca::Config#::MkStage#Stage3#::Stage#Stage4Param#::fwdFlowConsCand#3#fff_delta (order for disjuncts: delta=500000).
[2026-01-21 06:10:59] (5s) Empty delta for DataFlowImpl#6ed98661::Impl#DataFlowImpl1#bece54ca::Config#::MkStage#Stage3#::Stage#Stage4Param#::fwdFlowIsEntered#7#fffffff#reorder_2_5_6_0_1_3_4_delta (order for disjuncts: delta=<standard>).
[2026-01-21 06:10:59] (5s) Empty delta for DataFlowImpl#6ed98661::Impl#DataFlowImpl1#bece54ca::Config#::MkStage#Stage3#::Stage#Stage4Param#::fwdFlowRetFromArg#8#ffffffff#reorder_2_3_4_0_1_5_6_7_delta (order for disjuncts: delta=500000).
[2026-01-21 06:10:59] (5s) Empty delta for DataFlowImpl#6ed98661::Impl#DataFlowImpl1#bece54ca::Config#::MkStage#Stage3#::Stage#Stage4Param#::fwdFlowIn#9#fffffffff_delta (order for disjuncts: delta=500000).
[2026-01-21 06:10:59] (5s) Empty delta for DataFlowImpl#6ed98661::Impl#DataFlowImpl1#bece54ca::Config#::MkStage#Stage3#::Stage#Stage4Param#::fwdFlowThrough#10#ffffffffff_delta (order for disjuncts: delta=<standard>).
[2026-01-21 06:10:59] (5s) Starting to evaluate predicate DataFlowImpl#6ed98661::Impl#DataFlowImpl1#bece54ca::Config#::MkStage#Stage3#::Stage#Stage4Param#::fwdFlow#7#fffffff/7@i7#dd0a8z3k (iteration 7)
[2026-01-21 06:10:59] (5s) 			 - DataFlowImpl#6ed98661::Impl#DataFlowImpl1#bece54ca::Config#::MkStage#Stage3#::Stage#Stage4Param#::fwdFlow#7#fffffff_delta has 1 rows (order for disjuncts: delta=500000).
[2026-01-21 06:10:59] (5s) Starting to evaluate predicate DataFlowImpl#6ed98661::Impl#DataFlowImpl1#bece54ca::Config#::MkStage#Stage3#::Stage#Stage4Param#::fwdFlow0#7#fffffff/7@i7#dd0a8y3k (iteration 7)
[2026-01-21 06:10:59] (5s) Empty delta for DataFlowImpl#6ed98661::Impl#DataFlowImpl1#bece54ca::Config#::MkStage#Stage3#::Stage#Stage4Param#::fwdFlow0#7#fffffff_delta (order for disjuncts: delta=<standard>).
[2026-01-21 06:10:59] (5s) Empty delta for DataFlowImpl#6ed98661::Impl#DataFlowImpl1#bece54ca::Config#::MkStage#Stage3#::Stage#Stage4Param#::fwdFlowRead#8#ffffffff_delta (order for disjuncts: delta=500000).
[2026-01-21 06:10:59] (5s) Empty delta for DataFlowImpl#6ed98661::Impl#DataFlowImpl1#bece54ca::Config#::MkStage#Stage3#::Stage#Stage4Param#::fwdFlowStore#8#ffffffff_delta (order for disjuncts: delta=500000).
[2026-01-21 06:10:59] (5s) Empty delta for DataFlowImpl#6ed98661::Impl#DataFlowImpl1#bece54ca::Config#::MkStage#Stage3#::Stage#Stage4Param#::fwdFlowConsCand#3#fff_delta (order for disjuncts: delta=500000).
[2026-01-21 06:10:59] (5s) Empty delta for DataFlowImpl#6ed98661::Impl#DataFlowImpl1#bece54ca::Config#::MkStage#Stage3#::Stage#Stage4Param#::fwdFlowIsEntered#7#fffffff#reorder_2_5_6_0_1_3_4_delta (order for disjuncts: delta=<standard>).
[2026-01-21 06:10:59] (5s) Starting to evaluate predicate DataFlowImpl#6ed98661::Impl#DataFlowImpl1#bece54ca::Config#::MkStage#Stage3#::Stage#Stage4Param#::fwdFlowRetFromArg#8#ffffffff#reorder_2_3_4_0_1_5_6_7/8@i8#dd0a82wk (iteration 8)
[2026-01-21 06:10:59] (5s) Empty delta for DataFlowImpl#6ed98661::Impl#DataFlowImpl1#bece54ca::Config#::MkStage#Stage3#::Stage#Stage4Param#::fwdFlowRetFromArg#8#ffffffff#reorder_2_3_4_0_1_5_6_7_delta (order for disjuncts: delta=500000).
[2026-01-21 06:10:59] (5s) Starting to evaluate predicate DataFlowImpl#6ed98661::Impl#DataFlowImpl1#bece54ca::Config#::MkStage#Stage3#::Stage#Stage4Param#::fwdFlowIn#9#fffffffff/9@i8#dd0a81wk (iteration 8)
[2026-01-21 06:10:59] (5s) Empty delta for DataFlowImpl#6ed98661::Impl#DataFlowImpl1#bece54ca::Config#::MkStage#Stage3#::Stage#Stage4Param#::fwdFlowIn#9#fffffffff_delta (order for disjuncts: delta=500000).
[2026-01-21 06:10:59] (5s) Empty delta for DataFlowImpl#6ed98661::Impl#DataFlowImpl1#bece54ca::Config#::MkStage#Stage3#::Stage#Stage4Param#::fwdFlowThrough#10#ffffffffff_delta (order for disjuncts: delta=<standard>).
[2026-01-21 06:10:59] (5s) Empty delta for DataFlowImpl#6ed98661::Impl#DataFlowImpl1#bece54ca::Config#::MkStage#Stage3#::Stage#Stage4Param#::fwdFlow#7#fffffff_delta (order for disjuncts: delta=500000).
[2026-01-21 06:10:59] (5s) Starting to evaluate predicate DataFlowImpl#6ed98661::Impl#DataFlowImpl1#bece54ca::Config#::MkStage#Stage3#::Stage#Stage4Param#::fwdFlow0#7#fffffff/7@i8#dd0a8y3k (iteration 8)
[2026-01-21 06:10:59] (5s) 			 - DataFlowImpl#6ed98661::Impl#DataFlowImpl1#bece54ca::Config#::MkStage#Stage3#::Stage#Stage4Param#::fwdFlow0#7#fffffff_delta has 4 rows (order for disjuncts: delta=<standard>).
[2026-01-21 06:10:59] (5s) Starting to evaluate predicate DataFlowImpl#6ed98661::Impl#DataFlowImpl1#bece54ca::Config#::MkStage#Stage3#::Stage#Stage4Param#::fwdFlowRead#8#ffffffff/8@i8#dd0a8x3k (iteration 8)
[2026-01-21 06:10:59] (5s) Empty delta for DataFlowImpl#6ed98661::Impl#DataFlowImpl1#bece54ca::Config#::MkStage#Stage3#::Stage#Stage4Param#::fwdFlowRead#8#ffffffff_delta (order for disjuncts: delta=500000).
[2026-01-21 06:10:59] (5s) Starting to evaluate predicate DataFlowImpl#6ed98661::Impl#DataFlowImpl1#bece54ca::Config#::MkStage#Stage3#::Stage#Stage4Param#::fwdFlowStore#8#ffffffff/8@i8#dd0a8w3k (iteration 8)
[2026-01-21 06:10:59] (5s) Empty delta for DataFlowImpl#6ed98661::Impl#DataFlowImpl1#bece54ca::Config#::MkStage#Stage3#::Stage#Stage4Param#::fwdFlowStore#8#ffffffff_delta (order for disjuncts: delta=500000).
[2026-01-21 06:10:59] (5s) Empty delta for DataFlowImpl#6ed98661::Impl#DataFlowImpl1#bece54ca::Config#::MkStage#Stage3#::Stage#Stage4Param#::fwdFlowConsCand#3#fff_delta (order for disjuncts: delta=500000).
[2026-01-21 06:10:59] (5s) Empty delta for DataFlowImpl#6ed98661::Impl#DataFlowImpl1#bece54ca::Config#::MkStage#Stage3#::Stage#Stage4Param#::fwdFlowIsEntered#7#fffffff#reorder_2_5_6_0_1_3_4_delta (order for disjuncts: delta=<standard>).
[2026-01-21 06:10:59] (5s) Empty delta for DataFlowImpl#6ed98661::Impl#DataFlowImpl1#bece54ca::Config#::MkStage#Stage3#::Stage#Stage4Param#::fwdFlowRetFromArg#8#ffffffff#reorder_2_3_4_0_1_5_6_7_delta (order for disjuncts: delta=500000).
[2026-01-21 06:10:59] (5s) Empty delta for DataFlowImpl#6ed98661::Impl#DataFlowImpl1#bece54ca::Config#::MkStage#Stage3#::Stage#Stage4Param#::fwdFlowIn#9#fffffffff_delta (order for disjuncts: delta=500000).
[2026-01-21 06:10:59] (5s) Empty delta for DataFlowImpl#6ed98661::Impl#DataFlowImpl1#bece54ca::Config#::MkStage#Stage3#::Stage#Stage4Param#::fwdFlowThrough#10#ffffffffff_delta (order for disjuncts: delta=<standard>).
[2026-01-21 06:10:59] (5s) Starting to evaluate predicate DataFlowImpl#6ed98661::Impl#DataFlowImpl1#bece54ca::Config#::MkStage#Stage3#::Stage#Stage4Param#::fwdFlow#7#fffffff/7@i9#dd0a8z3k (iteration 9)
[2026-01-21 06:10:59] (5s) 			 - DataFlowImpl#6ed98661::Impl#DataFlowImpl1#bece54ca::Config#::MkStage#Stage3#::Stage#Stage4Param#::fwdFlow#7#fffffff_delta has 1 rows (order for disjuncts: delta=500000).
[2026-01-21 06:10:59] (5s) Empty delta for DataFlowImpl#6ed98661::Impl#DataFlowImpl1#bece54ca::Config#::MkStage#Stage3#::Stage#Stage4Param#::fwdFlow0#7#fffffff_delta (order for disjuncts: delta=<standard>).
[2026-01-21 06:10:59] (5s) Empty delta for DataFlowImpl#6ed98661::Impl#DataFlowImpl1#bece54ca::Config#::MkStage#Stage3#::Stage#Stage4Param#::fwdFlowRead#8#ffffffff_delta (order for disjuncts: delta=500000).
[2026-01-21 06:10:59] (5s) Empty delta for DataFlowImpl#6ed98661::Impl#DataFlowImpl1#bece54ca::Config#::MkStage#Stage3#::Stage#Stage4Param#::fwdFlowStore#8#ffffffff_delta (order for disjuncts: delta=500000).
[2026-01-21 06:10:59] (5s) Empty delta for DataFlowImpl#6ed98661::Impl#DataFlowImpl1#bece54ca::Config#::MkStage#Stage3#::Stage#Stage4Param#::fwdFlowConsCand#3#fff_delta (order for disjuncts: delta=500000).
[2026-01-21 06:10:59] (5s) Empty delta for DataFlowImpl#6ed98661::Impl#DataFlowImpl1#bece54ca::Config#::MkStage#Stage3#::Stage#Stage4Param#::fwdFlowIsEntered#7#fffffff#reorder_2_5_6_0_1_3_4_delta (order for disjuncts: delta=<standard>).
[2026-01-21 06:10:59] (5s) Starting to evaluate predicate DataFlowImpl#6ed98661::Impl#DataFlowImpl1#bece54ca::Config#::MkStage#Stage3#::Stage#Stage4Param#::fwdFlowRetFromArg#8#ffffffff#reorder_2_3_4_0_1_5_6_7/8@i10#dd0a82wk (iteration 10)
[2026-01-21 06:10:59] (5s) Empty delta for DataFlowImpl#6ed98661::Impl#DataFlowImpl1#bece54ca::Config#::MkStage#Stage3#::Stage#Stage4Param#::fwdFlowRetFromArg#8#ffffffff#reorder_2_3_4_0_1_5_6_7_delta (order for disjuncts: delta=500000).
[2026-01-21 06:10:59] (5s) Starting to evaluate predicate DataFlowImpl#6ed98661::Impl#DataFlowImpl1#bece54ca::Config#::MkStage#Stage3#::Stage#Stage4Param#::fwdFlowIn#9#fffffffff/9@i10#dd0a81wk (iteration 10)
[2026-01-21 06:10:59] (5s) Empty delta for DataFlowImpl#6ed98661::Impl#DataFlowImpl1#bece54ca::Config#::MkStage#Stage3#::Stage#Stage4Param#::fwdFlowIn#9#fffffffff_delta (order for disjuncts: delta=500000).
[2026-01-21 06:10:59] (5s) Empty delta for DataFlowImpl#6ed98661::Impl#DataFlowImpl1#bece54ca::Config#::MkStage#Stage3#::Stage#Stage4Param#::fwdFlowThrough#10#ffffffffff_delta (order for disjuncts: delta=<standard>).
[2026-01-21 06:10:59] (5s) Empty delta for DataFlowImpl#6ed98661::Impl#DataFlowImpl1#bece54ca::Config#::MkStage#Stage3#::Stage#Stage4Param#::fwdFlow#7#fffffff_delta (order for disjuncts: delta=500000).
[2026-01-21 06:10:59] (5s) Starting to evaluate predicate DataFlowImpl#6ed98661::Impl#DataFlowImpl1#bece54ca::Config#::MkStage#Stage3#::Stage#Stage4Param#::fwdFlow0#7#fffffff/7@i10#dd0a8y3k (iteration 10)
[2026-01-21 06:10:59] (5s) Empty delta for DataFlowImpl#6ed98661::Impl#DataFlowImpl1#bece54ca::Config#::MkStage#Stage3#::Stage#Stage4Param#::fwdFlow0#7#fffffff_delta (order for disjuncts: delta=<standard>).
[2026-01-21 06:10:59] (5s) Starting to evaluate predicate DataFlowImpl#6ed98661::Impl#DataFlowImpl1#bece54ca::Config#::MkStage#Stage3#::Stage#Stage4Param#::fwdFlowRead#8#ffffffff/8@i10#dd0a8x3k (iteration 10)
[2026-01-21 06:10:59] (5s) 			 - DataFlowImpl#6ed98661::Impl#DataFlowImpl1#bece54ca::Config#::MkStage#Stage3#::Stage#Stage4Param#::fwdFlowRead#8#ffffffff_delta has 1 rows (order for disjuncts: delta=500000).
[2026-01-21 06:10:59] (5s) Starting to evaluate predicate DataFlowImpl#6ed98661::Impl#DataFlowImpl1#bece54ca::Config#::MkStage#Stage3#::Stage#Stage4Param#::fwdFlowStore#8#ffffffff/8@i10#dd0a8w3k (iteration 10)
[2026-01-21 06:10:59] (5s) Empty delta for DataFlowImpl#6ed98661::Impl#DataFlowImpl1#bece54ca::Config#::MkStage#Stage3#::Stage#Stage4Param#::fwdFlowStore#8#ffffffff_delta (order for disjuncts: delta=500000).
[2026-01-21 06:10:59] (5s) Empty delta for DataFlowImpl#6ed98661::Impl#DataFlowImpl1#bece54ca::Config#::MkStage#Stage3#::Stage#Stage4Param#::fwdFlowConsCand#3#fff_delta (order for disjuncts: delta=500000).
[2026-01-21 06:10:59] (5s) Empty delta for DataFlowImpl#6ed98661::Impl#DataFlowImpl1#bece54ca::Config#::MkStage#Stage3#::Stage#Stage4Param#::fwdFlowIsEntered#7#fffffff#reorder_2_5_6_0_1_3_4_delta (order for disjuncts: delta=<standard>).
[2026-01-21 06:10:59] (5s) Empty delta for DataFlowImpl#6ed98661::Impl#DataFlowImpl1#bece54ca::Config#::MkStage#Stage3#::Stage#Stage4Param#::fwdFlowRetFromArg#8#ffffffff#reorder_2_3_4_0_1_5_6_7_delta (order for disjuncts: delta=500000).
[2026-01-21 06:10:59] (5s) Empty delta for DataFlowImpl#6ed98661::Impl#DataFlowImpl1#bece54ca::Config#::MkStage#Stage3#::Stage#Stage4Param#::fwdFlowIn#9#fffffffff_delta (order for disjuncts: delta=500000).
[2026-01-21 06:10:59] (5s) Empty delta for DataFlowImpl#6ed98661::Impl#DataFlowImpl1#bece54ca::Config#::MkStage#Stage3#::Stage#Stage4Param#::fwdFlowThrough#10#ffffffffff_delta (order for disjuncts: delta=<standard>).
[2026-01-21 06:10:59] (5s) Empty delta for DataFlowImpl#6ed98661::Impl#DataFlowImpl1#bece54ca::Config#::MkStage#Stage3#::Stage#Stage4Param#::fwdFlow#7#fffffff_delta (order for disjuncts: delta=500000).
[2026-01-21 06:10:59] (5s) Starting to evaluate predicate DataFlowImpl#6ed98661::Impl#DataFlowImpl1#bece54ca::Config#::MkStage#Stage3#::Stage#Stage4Param#::fwdFlow0#7#fffffff/7@i11#dd0a8y3k (iteration 11)
[2026-01-21 06:10:59] (5s) Empty delta for DataFlowImpl#6ed98661::Impl#DataFlowImpl1#bece54ca::Config#::MkStage#Stage3#::Stage#Stage4Param#::fwdFlow0#7#fffffff_delta (order for disjuncts: delta=<standard>).
[2026-01-21 06:10:59] (5s) Empty delta for DataFlowImpl#6ed98661::Impl#DataFlowImpl1#bece54ca::Config#::MkStage#Stage3#::Stage#Stage4Param#::fwdFlowRead#8#ffffffff_delta (order for disjuncts: delta=500000).
[2026-01-21 06:10:59] (5s) Empty delta for DataFlowImpl#6ed98661::Impl#DataFlowImpl1#bece54ca::Config#::MkStage#Stage3#::Stage#Stage4Param#::fwdFlowStore#8#ffffffff_delta (order for disjuncts: delta=500000).
[2026-01-21 06:10:59] (5s) Accumulating deltas
[2026-01-21 06:10:59] (5s)  >>> Created relation DataFlowImpl#6ed98661::Impl#DataFlowImpl1#bece54ca::Config#::MkStage#Stage3#::Stage#Stage4Param#::fwdFlowStore#8#ffffffff/8@dd0a8w3k with 1 rows and digest cbe891m5f7g8io450lk00sft5ld.
[2026-01-21 06:10:59] (5s)  >>> Created relation DataFlowImpl#6ed98661::Impl#DataFlowImpl1#bece54ca::Config#::MkStage#Stage3#::Stage#Stage4Param#::fwdFlowRead#8#ffffffff/8@dd0a8x3k with 1 rows and digest ccaca5q0h0qttb1h5ql4gh98n75.
[2026-01-21 06:10:59] (5s)  >>> Created relation DataFlowImpl#6ed98661::Impl#DataFlowImpl1#bece54ca::Config#::MkStage#Stage3#::Stage#Stage4Param#::fwdFlow0#7#fffffff/7@dd0a8y3k with 20 rows and digest 221353mkgdtbtfkf1e9uinps0o9.
[2026-01-21 06:10:59] (5s)  >>> Created relation DataFlowImpl#6ed98661::Impl#DataFlowImpl1#bece54ca::Config#::MkStage#Stage3#::Stage#Stage4Param#::fwdFlow#7#fffffff/7@dd0a8z3k with 16 rows and digest 152b2fvnnf3j4g6ddo751htbqa0.
[2026-01-21 06:10:59] (5s)  >>> Created relation DataFlowImpl#6ed98661::Impl#DataFlowImpl1#bece54ca::Config#::MkStage#Stage3#::Stage#Stage4Param#::fwdFlowThrough#10#ffffffffff/10@dd0a80wk with 0 rows and digest THIS-RELATION-HAS-NO-TUPLES.
[2026-01-21 06:10:59] (5s)  >>> Created relation DataFlowImpl#6ed98661::Impl#DataFlowImpl1#bece54ca::Config#::MkStage#Stage3#::Stage#Stage4Param#::fwdFlowIn#9#fffffffff/9@dd0a81wk with 0 rows and digest THIS-RELATION-HAS-NO-TUPLES.
[2026-01-21 06:10:59] (5s)  >>> Created relation DataFlowImpl#6ed98661::Impl#DataFlowImpl1#bece54ca::Config#::MkStage#Stage3#::Stage#Stage4Param#::fwdFlowRetFromArg#8#ffffffff#reorder_2_3_4_0_1_5_6_7/8@dd0a82wk with 0 rows and digest THIS-RELATION-HAS-NO-TUPLES.
[2026-01-21 06:10:59] (5s)  >>> Created relation DataFlowImpl#6ed98661::Impl#DataFlowImpl1#bece54ca::Config#::MkStage#Stage3#::Stage#Stage4Param#::fwdFlowIsEntered#7#fffffff#reorder_2_5_6_0_1_3_4/7@dd0a83wk with 0 rows and digest THIS-RELATION-HAS-NO-TUPLES.
[2026-01-21 06:10:59] (5s)  >>> Created relation DataFlowImpl#6ed98661::Impl#DataFlowImpl1#bece54ca::Config#::MkStage#Stage3#::Stage#Stage4Param#::fwdFlowConsCand#3#fff/3@dd0a84wk with 1 rows and digest 62f9889h8mhpsk6pd0qg1vomq46.
[2026-01-21 06:10:59] (5s) Starting to evaluate predicate project#DataFlowImpl#6ed98661::Impl#DataFlowImpl1#bece54ca::Config#::MkStage#Stage3#::Stage#Stage4Param#::fwdFlow#7#fffffff#2/3@9d8358o4
[2026-01-21 06:10:59] (5s)  >>> Created relation project#DataFlowImpl#6ed98661::Impl#DataFlowImpl1#bece54ca::Config#::MkStage#Stage3#::Stage#Stage4Param#::fwdFlow#7#fffffff#2/3@9d8358o4 with 16 rows and digest b45a95q7ujfjh0ln9t5pv9ttn07.
[2026-01-21 06:10:59] (5s) Starting to evaluate predicate project#DataFlowImpl#6ed98661::Impl#DataFlowImpl1#bece54ca::Config#::MkStage#Stage3#::Stage#Stage4Param#::fwdFlowRead#8#ffffffff/4@f06944uc
[2026-01-21 06:10:59] (5s)  >>> Created relation project#DataFlowImpl#6ed98661::Impl#DataFlowImpl1#bece54ca::Config#::MkStage#Stage3#::Stage#Stage4Param#::fwdFlowRead#8#ffffffff/4@f06944uc with 1 rows and digest 1f900fnogj7phripbk058b5guf3.
[2026-01-21 06:10:59] (5s) Starting to evaluate predicate DataFlowImpl#6ed98661::Impl#DataFlowImpl1#bece54ca::Config#::MkStage#Stage3#::Stage#Stage4Param#::readStepFwd#5#fffff/5@a7fbb01t
[2026-01-21 06:10:59] (5s)  >>> Created relation DataFlowImpl#6ed98661::Impl#DataFlowImpl1#bece54ca::Config#::MkStage#Stage3#::Stage#Stage4Param#::readStepFwd#5#fffff/5@a7fbb01t with 1 rows and digest 304670pasikmtl83gn9p757rkva.
[2026-01-21 06:10:59] (5s) Starting to evaluate predicate project#DataFlowImpl#6ed98661::Impl#DataFlowImpl1#bece54ca::Config#::MkStage#Stage3#::Stage#Stage4Param#::readStepFwd#5#fffff/4@046e3a0h
[2026-01-21 06:10:59] (5s)  >>> Created relation project#DataFlowImpl#6ed98661::Impl#DataFlowImpl1#bece54ca::Config#::MkStage#Stage3#::Stage#Stage4Param#::readStepFwd#5#fffff/4@046e3a0h with 1 rows and digest 4e34f58do3pvpadnfm9jrdmv603.
[2026-01-21 06:10:59] (5s) Starting to evaluate predicate project#DataFlowImpl#6ed98661::Impl#DataFlowImpl1#bece54ca::Config#::MkStage#Stage3#::Stage#Stage4Param#::readStepFwd#5#fffff_2301#join_rhs/4@41f39d0a
[2026-01-21 06:10:59] (5s)  >>> Created relation project#DataFlowImpl#6ed98661::Impl#DataFlowImpl1#bece54ca::Config#::MkStage#Stage3#::Stage#Stage4Param#::readStepFwd#5#fffff_2301#join_rhs/4@41f39d0a with 1 rows and digest d4a0ddn2ijoilkksjck0r72ndc8.
[2026-01-21 06:10:59] (5s)  >>> Created relation _DataFlowImplCommon#6f4b4818::Cached::TAccessPathFrontNone#f_DataFlowImplCommon#6f4b4818::Cached::TR__#join_rhs/2@3cabb1jh with 1 rows and digest 3557295s01c2e6rlm01uv27d50d.
[2026-01-21 06:10:59] Cachaca resolved layer: #6892 evaluator _DataFlowImplCommon#6f4b4818::Cached::TAccessPathFrontNone#f_DataFlowImplCommon#6f4b4818::Cached::TR__#join_rhs/2@3cabb1jh
[2026-01-21 06:10:59] (5s) Starting to evaluate predicate _DataFlowImplCommon#6f4b4818::Cached::TFrontNil#ff__DataFlowImplCommon#6f4b4818::Cached::TAccessPath__#join_rhs/3@540d91q1
[2026-01-21 06:10:59] (5s)  >>> Created relation _DataFlowImplCommon#6f4b4818::Cached::TFrontNil#ff__DataFlowImplCommon#6f4b4818::Cached::TAccessPath__#join_rhs/3@540d91q1 with 3508 rows and digest d36d55t39k78i24bgothb0mlci5.
[2026-01-21 06:10:59] (5s) Starting to evaluate predicate project#DataFlowImpl#6ed98661::Impl#DataFlowImpl1#bece54ca::Config#::Stage4Param::localStep#7#fffffff#3/3@c99259uf
[2026-01-21 06:10:59] (5s)  >>> Created relation project#DataFlowImpl#6ed98661::Impl#DataFlowImpl1#bece54ca::Config#::Stage4Param::localStep#7#fffffff#3/3@c99259uf with 45 rows and digest 4282d1tvd8jbrtmksdke6m9lrua.
[2026-01-21 06:10:59] (5s) Starting to evaluate predicate project#DataFlowImpl#6ed98661::Impl#DataFlowImpl1#bece54ca::Config#::MkStage#Stage3#::Stage#Stage4Param#::fwdFlow#7#fffffff#2_201#join_rhs/3@7f3a71s6
[2026-01-21 06:10:59] (5s)  >>> Created relation project#DataFlowImpl#6ed98661::Impl#DataFlowImpl1#bece54ca::Config#::MkStage#Stage3#::Stage#Stage4Param#::fwdFlow#7#fffffff#2_201#join_rhs/3@7f3a71s6 with 16 rows and digest 7b4c33hh77eo77ldln2d8o4h60d.
[2026-01-21 06:10:59] (5s) Starting to evaluate predicate _DataFlowImplCommon#6f4b4818::Cached::TFrontNil#ff_1#join_rhs_project#DataFlowImpl#6ed98661::Impl#Da__#join_rhs/5@b6567emk
[2026-01-21 06:10:59] (5s)  >>> Created relation _DataFlowImplCommon#6f4b4818::Cached::TFrontNil#ff_1#join_rhs_project#DataFlowImpl#6ed98661::Impl#Da__#join_rhs/5@b6567emk with 30 rows and digest 7f92e2ag988e3fcge3h6c0d3a9d.
[2026-01-21 06:10:59] (5s)  >>> Created relation project#DataFlowImpl#6ed98661::Impl#DataFlowImpl1#bece54ca::Config#::Stage4Param::localStep#7#fffffff_210#join_rhs/3@d6bc6d00 with 5 rows and digest 3a4ba1h35fstk412arflud3m7t5.
[2026-01-21 06:10:59] Cachaca resolved layer: #6902 evaluator project#DataFlowImpl#6ed98661::Impl#DataFlowImpl1#bece54ca::Config#::Stage4Param::localStep#7#fffffff_210#join_rhs/3@d6bc6d00
[2026-01-21 06:10:59] (5s) Starting to evaluate predicate project#DataFlowImpl#6ed98661::Impl#DataFlowImpl1#bece54ca::Config#::MkStage#Stage3#::Stage#Stage4Param#::fwdFlow#7#fffffff#3/2@e14380rv
[2026-01-21 06:10:59] (5s)  >>> Created relation project#DataFlowImpl#6ed98661::Impl#DataFlowImpl1#bece54ca::Config#::MkStage#Stage3#::Stage#Stage4Param#::fwdFlow#7#fffffff#3/2@e14380rv with 16 rows and digest 299c4bkdfncp0846jan2kfhqveb.
[2026-01-21 06:10:59] (5s)  >>> Created relation project#DataFlowImpl#6ed98661::Impl#DataFlowImpl1#bece54ca::Config#::Stage4Param::localStep#7#fffffff#3_120#join_rhs/3@caefe3bu with 45 rows and digest ae29defafgv87luebv64du8u246.
[2026-01-21 06:10:59] Cachaca resolved layer: #6906 evaluator project#DataFlowImpl#6ed98661::Impl#DataFlowImpl1#bece54ca::Config#::Stage4Param::localStep#7#fffffff#3_120#join_rhs/3@caefe3bu
[2026-01-21 06:10:59] (5s) Starting to evaluate predicate DataFlowImpl#6ed98661::Impl#DataFlowImpl1#bece54ca::Config#::MkStage#Stage3#::Stage#Stage4Param#::readStepFwd#5#fffff_3401#join_rhs/4@bcca7b6m
[2026-01-21 06:10:59] (5s)  >>> Created relation DataFlowImpl#6ed98661::Impl#DataFlowImpl1#bece54ca::Config#::MkStage#Stage3#::Stage#Stage4Param#::readStepFwd#5#fffff_3401#join_rhs/4@bcca7b6m with 1 rows and digest 9f501fo76pih1l1vl4b9ukja3ve.
[2026-01-21 06:10:59] (5s)  >>> Created relation project#DataFlowImpl#6ed98661::Impl#DataFlowImpl1#bece54ca::Config#::Stage4Param::localStep#7#fffffff_120#join_rhs/3@a75e5fsn with 5 rows and digest 0c98720o30oavm2k58shrh3i6n1.
[2026-01-21 06:10:59] Cachaca resolved layer: #6938 evaluator project#DataFlowImpl#6ed98661::Impl#DataFlowImpl1#bece54ca::Config#::Stage4Param::localStep#7#fffffff_120#join_rhs/3@a75e5fsn
[2026-01-21 06:10:59] (5s) Starting to evaluate predicate _DataFlowImplCommon#6f4b4818::Cached::TReturnCtxMaybeFlowThrough#ff_DataFlowImplCommon#6f4b4818::Cac__#join_rhs/3@15906191
[2026-01-21 06:10:59] (5s)  >>> Created relation _DataFlowImplCommon#6f4b4818::Cached::TReturnCtxMaybeFlowThrough#ff_DataFlowImplCommon#6f4b4818::Cac__#join_rhs/3@15906191 with 6288 rows and digest 3008c7bt905ro8kgn8rchgdu566.
[2026-01-21 06:10:59] (5s) Starting to evaluate predicate project#DataFlowImpl#6ed98661::Impl#DataFlowImpl1#bece54ca::Config#::MkStage#Stage3#::Stage#Stage4Param#::fwdFlowRead#8#ffffffff#2/2@ace9b4r7
[2026-01-21 06:10:59] (5s)  >>> Created relation project#DataFlowImpl#6ed98661::Impl#DataFlowImpl1#bece54ca::Config#::MkStage#Stage3#::Stage#Stage4Param#::fwdFlowRead#8#ffffffff#2/2@ace9b4r7 with 1 rows and digest 9a839680jut75dcjtoj4ppq7dgf.
[2026-01-21 06:10:59] (5s)  >>> Created relation project#DataFlowImpl#6ed98661::Impl#DataFlowImpl1#bece54ca::Config#::MkStage#Stage3#::Stage#Stage4Param#::fwdFlowStore#8#ffffffff/4@c622b34d with 1 rows and digest 156883avs5arhi14jgsvlab814c.
[2026-01-21 06:10:59] Cachaca resolved layer: #6943 evaluator project#DataFlowImpl#6ed98661::Impl#DataFlowImpl1#bece54ca::Config#::MkStage#Stage3#::Stage#Stage4Param#::fwdFlowStore#8#ffffffff/4@c622b34d
[2026-01-21 06:10:59] (5s)  >>> Created relation project#DataFlowImpl#6ed98661::Impl#DataFlowImpl1#bece54ca::Config#::MkStage#Stage3#::Stage#Stage4Param#::fwdFlowStore#8#ffffffff_2013#join_rhs/4@8fbcaf4o with 1 rows and digest 24e4dbc1bip6advpenttkhqvns3.
[2026-01-21 06:10:59] Cachaca resolved layer: #6945 evaluator project#DataFlowImpl#6ed98661::Impl#DataFlowImpl1#bece54ca::Config#::MkStage#Stage3#::Stage#Stage4Param#::fwdFlowStore#8#ffffffff_2013#join_rhs/4@8fbcaf4o
[2026-01-21 06:10:59] (5s) Starting to evaluate predicate DataFlowImpl#6ed98661::Impl#DataFlowImpl1#bece54ca::Config#::MkStage#Stage3#::Stage#Stage4Param#::storeStepFwd#5#fffff/5@417a82hb
[2026-01-21 06:10:59] (5s)  >>> Created relation DataFlowImpl#6ed98661::Impl#DataFlowImpl1#bece54ca::Config#::MkStage#Stage3#::Stage#Stage4Param#::storeStepFwd#5#fffff/5@417a82hb with 1 rows and digest 5db02dm20ek6abui12b4tltkkge.
[2026-01-21 06:10:59] (5s) Starting to evaluate predicate DataFlowImpl#6ed98661::Impl#DataFlowImpl1#bece54ca::Config#::MkStage#Stage3#::Stage#Stage4Param#::storeStepFwd#5#fffff_20134#join_rhs/5@e67915id
[2026-01-21 06:10:59] (5s)  >>> Created relation DataFlowImpl#6ed98661::Impl#DataFlowImpl1#bece54ca::Config#::MkStage#Stage3#::Stage#Stage4Param#::storeStepFwd#5#fffff_20134#join_rhs/5@e67915id with 1 rows and digest 226505b34qvqfc2sront8h9gg3c.
[2026-01-21 06:10:59] (5s) Starting to evaluate predicate _DataFlowImpl#6ed98661::Impl#DataFlowImpl1#bece54ca::Config#::MkStage#Stage3#::Stage#Stage4Param#::s__#join_rhs/6@3f332f7a
[2026-01-21 06:10:59] (5s)  >>> Created relation _DataFlowImpl#6ed98661::Impl#DataFlowImpl1#bece54ca::Config#::MkStage#Stage3#::Stage#Stage4Param#::s__#join_rhs/6@3f332f7a with 1 rows and digest 972fe2vig0dalnkt8lh1npjj225.
[2026-01-21 06:10:59] (5s) Starting to evaluate predicate DataFlowImpl#6ed98661::Impl#DataFlowImpl1#bece54ca::Config#::MkStage#Stage3#::Stage#Stage4Param#::storeStepFwd#5#fffff_34012#join_rhs/5@0ee8d9g7
[2026-01-21 06:10:59] (5s)  >>> Created relation DataFlowImpl#6ed98661::Impl#DataFlowImpl1#bece54ca::Config#::MkStage#Stage3#::Stage#Stage4Param#::storeStepFwd#5#fffff_34012#join_rhs/5@0ee8d9g7 with 1 rows and digest 3536e9jbpbh3gt0j5cpsgmoic8b.
[2026-01-21 06:10:59] (5s) Starting to evaluate predicate DataFlowImpl#6ed98661::Impl#DataFlowImpl1#bece54ca::Config#::MkStage#Stage3#::Stage#Stage4Param#::revFlowConsCand#3#fff/3@i1#a568e3w0 (iteration 1)
[2026-01-21 06:10:59] (5s) Empty delta for DataFlowImpl#6ed98661::Impl#DataFlowImpl1#bece54ca::Config#::MkStage#Stage3#::Stage#Stage4Param#::revFlowConsCand#3#fff_delta (order for disjuncts: delta=<standard>).
[2026-01-21 06:10:59] (5s) Starting to evaluate predicate DataFlowImpl#6ed98661::Impl#DataFlowImpl1#bece54ca::Config#::MkStage#Stage3#::Stage#Stage4Param#::revFlowIsReturned#5#fffff#reorder_3_4_0_1_2/5@i1#a568e2w0 (iteration 1)
[2026-01-21 06:10:59] (5s) Empty delta for DataFlowImpl#6ed98661::Impl#DataFlowImpl1#bece54ca::Config#::MkStage#Stage3#::Stage#Stage4Param#::revFlowIsReturned#5#fffff#reorder_3_4_0_1_2_delta (order for disjuncts: delta=<standard>).
[2026-01-21 06:10:59] (5s) Starting to evaluate predicate DataFlowImpl#6ed98661::Impl#DataFlowImpl1#bece54ca::Config#::MkStage#Stage3#::Stage#Stage4Param#::revFlowOut#7#fffffff/7@i1#a568e1w0 (iteration 1)
[2026-01-21 06:10:59] (5s) Empty delta for DataFlowImpl#6ed98661::Impl#DataFlowImpl1#bece54ca::Config#::MkStage#Stage3#::Stage#Stage4Param#::revFlowOut#7#fffffff_delta (order for disjuncts: delta=<standard>).
[2026-01-21 06:10:59] (5s) Starting to evaluate predicate DataFlowImpl#6ed98661::Impl#DataFlowImpl1#bece54ca::Config#::MkStage#Stage3#::Stage#Stage4Param#::revFlowThrough#8#ffffffff/8@i1#a568e0w0 (iteration 1)
[2026-01-21 06:10:59] (5s) Empty delta for DataFlowImpl#6ed98661::Impl#DataFlowImpl1#bece54ca::Config#::MkStage#Stage3#::Stage#Stage4Param#::revFlowThrough#8#ffffffff_delta (order for disjuncts: delta=<standard>).
[2026-01-21 06:10:59] (5s) Starting to evaluate predicate DataFlowImpl#6ed98661::Impl#DataFlowImpl1#bece54ca::Config#::MkStage#Stage3#::Stage#Stage4Param#::revFlowStore#9#fffffffff/9@i1#a568ez30 (iteration 1)
[2026-01-21 06:10:59] (5s) Empty delta for DataFlowImpl#6ed98661::Impl#DataFlowImpl1#bece54ca::Config#::MkStage#Stage3#::Stage#Stage4Param#::revFlowStore#9#fffffffff_delta (order for disjuncts: delta=<standard>).
[2026-01-21 06:10:59] (5s) Starting to evaluate predicate DataFlowImpl#6ed98661::Impl#DataFlowImpl1#bece54ca::Config#::MkStage#Stage3#::Stage#Stage4Param#::revFlow#5#fffff/5@i1#a568ey30 (iteration 1)
[2026-01-21 06:10:59] (5s) Empty delta for DataFlowImpl#6ed98661::Impl#DataFlowImpl1#bece54ca::Config#::MkStage#Stage3#::Stage#Stage4Param#::revFlow#5#fffff_delta (order for disjuncts: delta=<standard>).
[2026-01-21 06:10:59] (5s) Starting to evaluate predicate DataFlowImpl#6ed98661::Impl#DataFlowImpl1#bece54ca::Config#::MkStage#Stage3#::Stage#Stage4Param#::revFlowParamToReturn#5#fffff#reorder_2_3_0_1_4/5@i1#a568ex30 (iteration 1)
[2026-01-21 06:10:59] (5s) Empty delta for DataFlowImpl#6ed98661::Impl#DataFlowImpl1#bece54ca::Config#::MkStage#Stage3#::Stage#Stage4Param#::revFlowParamToReturn#5#fffff#reorder_2_3_0_1_4_delta (order for disjuncts: delta=<standard>).
[2026-01-21 06:10:59] (5s) Starting to evaluate predicate DataFlowImpl#6ed98661::Impl#DataFlowImpl1#bece54ca::Config#::MkStage#Stage3#::Stage#Stage4Param#::revFlow0#5#fffff/5@i1#a568ew30 (iteration 1)
[2026-01-21 06:10:59] (5s) 			 - DataFlowImpl#6ed98661::Impl#DataFlowImpl1#bece54ca::Config#::MkStage#Stage3#::Stage#Stage4Param#::revFlow0#5#fffff_delta has 13 rows (order for disjuncts: delta=<standard>).
[2026-01-21 06:10:59] (5s) Empty delta for DataFlowImpl#6ed98661::Impl#DataFlowImpl1#bece54ca::Config#::MkStage#Stage3#::Stage#Stage4Param#::revFlowConsCand#3#fff_delta (order for disjuncts: delta=<standard>).
[2026-01-21 06:10:59] (5s) Empty delta for DataFlowImpl#6ed98661::Impl#DataFlowImpl1#bece54ca::Config#::MkStage#Stage3#::Stage#Stage4Param#::revFlowIsReturned#5#fffff#reorder_3_4_0_1_2_delta (order for disjuncts: delta=<standard>).
[2026-01-21 06:10:59] (5s) Empty delta for DataFlowImpl#6ed98661::Impl#DataFlowImpl1#bece54ca::Config#::MkStage#Stage3#::Stage#Stage4Param#::revFlowOut#7#fffffff_delta (order for disjuncts: delta=<standard>).
[2026-01-21 06:10:59] (5s) Empty delta for DataFlowImpl#6ed98661::Impl#DataFlowImpl1#bece54ca::Config#::MkStage#Stage3#::Stage#Stage4Param#::revFlowThrough#8#ffffffff_delta (order for disjuncts: delta=<standard>).
[2026-01-21 06:10:59] (5s) Empty delta for DataFlowImpl#6ed98661::Impl#DataFlowImpl1#bece54ca::Config#::MkStage#Stage3#::Stage#Stage4Param#::revFlowStore#9#fffffffff_delta (order for disjuncts: delta=<standard>).
[2026-01-21 06:10:59] (5s) Starting to evaluate predicate DataFlowImpl#6ed98661::Impl#DataFlowImpl1#bece54ca::Config#::MkStage#Stage3#::Stage#Stage4Param#::revFlow#5#fffff/5@i2#a568ey30 (iteration 2)
[2026-01-21 06:10:59] (5s) 			 - DataFlowImpl#6ed98661::Impl#DataFlowImpl1#bece54ca::Config#::MkStage#Stage3#::Stage#Stage4Param#::revFlow#5#fffff_delta has 13 rows (order for disjuncts: delta=500000).
[2026-01-21 06:10:59] (5s) Empty delta for DataFlowImpl#6ed98661::Impl#DataFlowImpl1#bece54ca::Config#::MkStage#Stage3#::Stage#Stage4Param#::revFlowParamToReturn#5#fffff#reorder_2_3_0_1_4_delta (order for disjuncts: delta=<standard>).
[2026-01-21 06:10:59] (5s) Empty delta for DataFlowImpl#6ed98661::Impl#DataFlowImpl1#bece54ca::Config#::MkStage#Stage3#::Stage#Stage4Param#::revFlow0#5#fffff_delta (order for disjuncts: delta=<standard>).
[2026-01-21 06:10:59] (5s) Starting to evaluate predicate DataFlowImpl#6ed98661::Impl#DataFlowImpl1#bece54ca::Config#::MkStage#Stage3#::Stage#Stage4Param#::revFlowConsCand#3#fff/3@i3#a568e3w0 (iteration 3)
[2026-01-21 06:10:59] (5s) 			 - DataFlowImpl#6ed98661::Impl#DataFlowImpl1#bece54ca::Config#::MkStage#Stage3#::Stage#Stage4Param#::revFlowConsCand#3#fff_delta has 1 rows (order for disjuncts: delta=<standard>).
[2026-01-21 06:10:59] (5s) Empty delta for DataFlowImpl#6ed98661::Impl#DataFlowImpl1#bece54ca::Config#::MkStage#Stage3#::Stage#Stage4Param#::revFlowIsReturned#5#fffff#reorder_3_4_0_1_2_delta (order for disjuncts: delta=<standard>).
[2026-01-21 06:10:59] (5s) Starting to evaluate predicate DataFlowImpl#6ed98661::Impl#DataFlowImpl1#bece54ca::Config#::MkStage#Stage3#::Stage#Stage4Param#::revFlowOut#7#fffffff/7@i3#a568e1w0 (iteration 3)
[2026-01-21 06:10:59] (5s) Empty delta for DataFlowImpl#6ed98661::Impl#DataFlowImpl1#bece54ca::Config#::MkStage#Stage3#::Stage#Stage4Param#::revFlowOut#7#fffffff_delta (order for disjuncts: delta=500000).
[2026-01-21 06:10:59] (5s) Empty delta for DataFlowImpl#6ed98661::Impl#DataFlowImpl1#bece54ca::Config#::MkStage#Stage3#::Stage#Stage4Param#::revFlowThrough#8#ffffffff_delta (order for disjuncts: delta=<standard>).
[2026-01-21 06:10:59] (5s) Starting to evaluate predicate DataFlowImpl#6ed98661::Impl#DataFlowImpl1#bece54ca::Config#::MkStage#Stage3#::Stage#Stage4Param#::revFlowStore#9#fffffffff/9@i3#a568ez30 (iteration 3)
[2026-01-21 06:10:59] (5s) Empty delta for DataFlowImpl#6ed98661::Impl#DataFlowImpl1#bece54ca::Config#::MkStage#Stage3#::Stage#Stage4Param#::revFlowStore#9#fffffffff_delta (order for disjuncts: delta=500000).
[2026-01-21 06:10:59] (5s) Empty delta for DataFlowImpl#6ed98661::Impl#DataFlowImpl1#bece54ca::Config#::MkStage#Stage3#::Stage#Stage4Param#::revFlow#5#fffff_delta (order for disjuncts: delta=500000).
[2026-01-21 06:10:59] (5s) Starting to evaluate predicate DataFlowImpl#6ed98661::Impl#DataFlowImpl1#bece54ca::Config#::MkStage#Stage3#::Stage#Stage4Param#::revFlowParamToReturn#5#fffff#reorder_2_3_0_1_4/5@i3#a568ex30 (iteration 3)
[2026-01-21 06:10:59] (5s) Empty delta for DataFlowImpl#6ed98661::Impl#DataFlowImpl1#bece54ca::Config#::MkStage#Stage3#::Stage#Stage4Param#::revFlowParamToReturn#5#fffff#reorder_2_3_0_1_4_delta (order for disjuncts: delta=500000).
[2026-01-21 06:10:59] (5s) Starting to evaluate predicate DataFlowImpl#6ed98661::Impl#DataFlowImpl1#bece54ca::Config#::MkStage#Stage3#::Stage#Stage4Param#::revFlow0#5#fffff/5@i3#a568ew30 (iteration 3)
[2026-01-21 06:10:59] (5s) 			 - DataFlowImpl#6ed98661::Impl#DataFlowImpl1#bece54ca::Config#::MkStage#Stage3#::Stage#Stage4Param#::revFlow0#5#fffff_delta has 2 rows (order for disjuncts: delta=500000).
[2026-01-21 06:10:59] (5s) Empty delta for DataFlowImpl#6ed98661::Impl#DataFlowImpl1#bece54ca::Config#::MkStage#Stage3#::Stage#Stage4Param#::revFlowConsCand#3#fff_delta (order for disjuncts: delta=<standard>).
[2026-01-21 06:10:59] (5s) Empty delta for DataFlowImpl#6ed98661::Impl#DataFlowImpl1#bece54ca::Config#::MkStage#Stage3#::Stage#Stage4Param#::revFlowIsReturned#5#fffff#reorder_3_4_0_1_2_delta (order for disjuncts: delta=<standard>).
[2026-01-21 06:10:59] (5s) Empty delta for DataFlowImpl#6ed98661::Impl#DataFlowImpl1#bece54ca::Config#::MkStage#Stage3#::Stage#Stage4Param#::revFlowOut#7#fffffff_delta (order for disjuncts: delta=500000).
[2026-01-21 06:10:59] (5s) Empty delta for DataFlowImpl#6ed98661::Impl#DataFlowImpl1#bece54ca::Config#::MkStage#Stage3#::Stage#Stage4Param#::revFlowThrough#8#ffffffff_delta (order for disjuncts: delta=<standard>).
[2026-01-21 06:10:59] (5s) Empty delta for DataFlowImpl#6ed98661::Impl#DataFlowImpl1#bece54ca::Config#::MkStage#Stage3#::Stage#Stage4Param#::revFlowStore#9#fffffffff_delta (order for disjuncts: delta=500000).
[2026-01-21 06:10:59] (5s) Starting to evaluate predicate DataFlowImpl#6ed98661::Impl#DataFlowImpl1#bece54ca::Config#::MkStage#Stage3#::Stage#Stage4Param#::revFlow#5#fffff/5@i4#a568ey30 (iteration 4)
[2026-01-21 06:10:59] (5s) 			 - DataFlowImpl#6ed98661::Impl#DataFlowImpl1#bece54ca::Config#::MkStage#Stage3#::Stage#Stage4Param#::revFlow#5#fffff_delta has 1 rows (order for disjuncts: delta=500000).
[2026-01-21 06:10:59] (5s) Empty delta for DataFlowImpl#6ed98661::Impl#DataFlowImpl1#bece54ca::Config#::MkStage#Stage3#::Stage#Stage4Param#::revFlowParamToReturn#5#fffff#reorder_2_3_0_1_4_delta (order for disjuncts: delta=500000).
[2026-01-21 06:10:59] (5s) Starting to evaluate predicate DataFlowImpl#6ed98661::Impl#DataFlowImpl1#bece54ca::Config#::MkStage#Stage3#::Stage#Stage4Param#::revFlow0#5#fffff/5@i4#a568ew30 (iteration 4)
[2026-01-21 06:10:59] (5s) Empty delta for DataFlowImpl#6ed98661::Impl#DataFlowImpl1#bece54ca::Config#::MkStage#Stage3#::Stage#Stage4Param#::revFlow0#5#fffff_delta (order for disjuncts: delta=500000).
[2026-01-21 06:10:59] (5s) Starting to evaluate predicate DataFlowImpl#6ed98661::Impl#DataFlowImpl1#bece54ca::Config#::MkStage#Stage3#::Stage#Stage4Param#::revFlowConsCand#3#fff/3@i5#a568e3w0 (iteration 5)
[2026-01-21 06:10:59] (5s) Empty delta for DataFlowImpl#6ed98661::Impl#DataFlowImpl1#bece54ca::Config#::MkStage#Stage3#::Stage#Stage4Param#::revFlowConsCand#3#fff_delta (order for disjuncts: delta=<standard>).
[2026-01-21 06:10:59] (5s) Empty delta for DataFlowImpl#6ed98661::Impl#DataFlowImpl1#bece54ca::Config#::MkStage#Stage3#::Stage#Stage4Param#::revFlowIsReturned#5#fffff#reorder_3_4_0_1_2_delta (order for disjuncts: delta=<standard>).
[2026-01-21 06:10:59] (5s) Starting to evaluate predicate DataFlowImpl#6ed98661::Impl#DataFlowImpl1#bece54ca::Config#::MkStage#Stage3#::Stage#Stage4Param#::revFlowOut#7#fffffff/7@i5#a568e1w0 (iteration 5)
[2026-01-21 06:10:59] (5s) Empty delta for DataFlowImpl#6ed98661::Impl#DataFlowImpl1#bece54ca::Config#::MkStage#Stage3#::Stage#Stage4Param#::revFlowOut#7#fffffff_delta (order for disjuncts: delta=500000).
[2026-01-21 06:10:59] (5s) Empty delta for DataFlowImpl#6ed98661::Impl#DataFlowImpl1#bece54ca::Config#::MkStage#Stage3#::Stage#Stage4Param#::revFlowThrough#8#ffffffff_delta (order for disjuncts: delta=<standard>).
[2026-01-21 06:10:59] (5s) Starting to evaluate predicate DataFlowImpl#6ed98661::Impl#DataFlowImpl1#bece54ca::Config#::MkStage#Stage3#::Stage#Stage4Param#::revFlowStore#9#fffffffff/9@i5#a568ez30 (iteration 5)
[2026-01-21 06:10:59] (5s) Empty delta for DataFlowImpl#6ed98661::Impl#DataFlowImpl1#bece54ca::Config#::MkStage#Stage3#::Stage#Stage4Param#::revFlowStore#9#fffffffff_delta (order for disjuncts: delta=500000).
[2026-01-21 06:10:59] (5s) Empty delta for DataFlowImpl#6ed98661::Impl#DataFlowImpl1#bece54ca::Config#::MkStage#Stage3#::Stage#Stage4Param#::revFlow#5#fffff_delta (order for disjuncts: delta=500000).
[2026-01-21 06:10:59] (5s) Starting to evaluate predicate DataFlowImpl#6ed98661::Impl#DataFlowImpl1#bece54ca::Config#::MkStage#Stage3#::Stage#Stage4Param#::revFlowParamToReturn#5#fffff#reorder_2_3_0_1_4/5@i5#a568ex30 (iteration 5)
[2026-01-21 06:10:59] (5s) Empty delta for DataFlowImpl#6ed98661::Impl#DataFlowImpl1#bece54ca::Config#::MkStage#Stage3#::Stage#Stage4Param#::revFlowParamToReturn#5#fffff#reorder_2_3_0_1_4_delta (order for disjuncts: delta=500000).
[2026-01-21 06:10:59] (5s) Starting to evaluate predicate DataFlowImpl#6ed98661::Impl#DataFlowImpl1#bece54ca::Config#::MkStage#Stage3#::Stage#Stage4Param#::revFlow0#5#fffff/5@i5#a568ew30 (iteration 5)
[2026-01-21 06:10:59] (5s) 			 - DataFlowImpl#6ed98661::Impl#DataFlowImpl1#bece54ca::Config#::MkStage#Stage3#::Stage#Stage4Param#::revFlow0#5#fffff_delta has 1 rows (order for disjuncts: delta=500000).
[2026-01-21 06:10:59] (5s) Empty delta for DataFlowImpl#6ed98661::Impl#DataFlowImpl1#bece54ca::Config#::MkStage#Stage3#::Stage#Stage4Param#::revFlowConsCand#3#fff_delta (order for disjuncts: delta=<standard>).
[2026-01-21 06:10:59] (5s) Empty delta for DataFlowImpl#6ed98661::Impl#DataFlowImpl1#bece54ca::Config#::MkStage#Stage3#::Stage#Stage4Param#::revFlowIsReturned#5#fffff#reorder_3_4_0_1_2_delta (order for disjuncts: delta=<standard>).
[2026-01-21 06:10:59] (5s) Empty delta for DataFlowImpl#6ed98661::Impl#DataFlowImpl1#bece54ca::Config#::MkStage#Stage3#::Stage#Stage4Param#::revFlowOut#7#fffffff_delta (order for disjuncts: delta=500000).
[2026-01-21 06:10:59] (5s) Empty delta for DataFlowImpl#6ed98661::Impl#DataFlowImpl1#bece54ca::Config#::MkStage#Stage3#::Stage#Stage4Param#::revFlowThrough#8#ffffffff_delta (order for disjuncts: delta=<standard>).
[2026-01-21 06:10:59] (5s) Empty delta for DataFlowImpl#6ed98661::Impl#DataFlowImpl1#bece54ca::Config#::MkStage#Stage3#::Stage#Stage4Param#::revFlowStore#9#fffffffff_delta (order for disjuncts: delta=500000).
[2026-01-21 06:10:59] (5s) Starting to evaluate predicate DataFlowImpl#6ed98661::Impl#DataFlowImpl1#bece54ca::Config#::MkStage#Stage3#::Stage#Stage4Param#::revFlow#5#fffff/5@i6#a568ey30 (iteration 6)
[2026-01-21 06:10:59] (5s) 			 - DataFlowImpl#6ed98661::Impl#DataFlowImpl1#bece54ca::Config#::MkStage#Stage3#::Stage#Stage4Param#::revFlow#5#fffff_delta has 1 rows (order for disjuncts: delta=500000).
[2026-01-21 06:10:59] (5s) Empty delta for DataFlowImpl#6ed98661::Impl#DataFlowImpl1#bece54ca::Config#::MkStage#Stage3#::Stage#Stage4Param#::revFlowParamToReturn#5#fffff#reorder_2_3_0_1_4_delta (order for disjuncts: delta=500000).
[2026-01-21 06:10:59] (5s) Empty delta for DataFlowImpl#6ed98661::Impl#DataFlowImpl1#bece54ca::Config#::MkStage#Stage3#::Stage#Stage4Param#::revFlow0#5#fffff_delta (order for disjuncts: delta=500000).
[2026-01-21 06:10:59] (5s) Starting to evaluate predicate DataFlowImpl#6ed98661::Impl#DataFlowImpl1#bece54ca::Config#::MkStage#Stage3#::Stage#Stage4Param#::revFlowConsCand#3#fff/3@i7#a568e3w0 (iteration 7)
[2026-01-21 06:10:59] (5s) Empty delta for DataFlowImpl#6ed98661::Impl#DataFlowImpl1#bece54ca::Config#::MkStage#Stage3#::Stage#Stage4Param#::revFlowConsCand#3#fff_delta (order for disjuncts: delta=<standard>).
[2026-01-21 06:10:59] (5s) Empty delta for DataFlowImpl#6ed98661::Impl#DataFlowImpl1#bece54ca::Config#::MkStage#Stage3#::Stage#Stage4Param#::revFlowIsReturned#5#fffff#reorder_3_4_0_1_2_delta (order for disjuncts: delta=<standard>).
[2026-01-21 06:10:59] (5s) Starting to evaluate predicate DataFlowImpl#6ed98661::Impl#DataFlowImpl1#bece54ca::Config#::MkStage#Stage3#::Stage#Stage4Param#::revFlowOut#7#fffffff/7@i7#a568e1w0 (iteration 7)
[2026-01-21 06:10:59] (5s) Empty delta for DataFlowImpl#6ed98661::Impl#DataFlowImpl1#bece54ca::Config#::MkStage#Stage3#::Stage#Stage4Param#::revFlowOut#7#fffffff_delta (order for disjuncts: delta=500000).
[2026-01-21 06:10:59] (5s) Empty delta for DataFlowImpl#6ed98661::Impl#DataFlowImpl1#bece54ca::Config#::MkStage#Stage3#::Stage#Stage4Param#::revFlowThrough#8#ffffffff_delta (order for disjuncts: delta=<standard>).
[2026-01-21 06:10:59] (5s) Starting to evaluate predicate DataFlowImpl#6ed98661::Impl#DataFlowImpl1#bece54ca::Config#::MkStage#Stage3#::Stage#Stage4Param#::revFlowStore#9#fffffffff/9@i7#a568ez30 (iteration 7)
[2026-01-21 06:10:59] (5s) 			 - DataFlowImpl#6ed98661::Impl#DataFlowImpl1#bece54ca::Config#::MkStage#Stage3#::Stage#Stage4Param#::revFlowStore#9#fffffffff_delta has 1 rows (order for disjuncts: delta=500000).
[2026-01-21 06:10:59] (5s) Empty delta for DataFlowImpl#6ed98661::Impl#DataFlowImpl1#bece54ca::Config#::MkStage#Stage3#::Stage#Stage4Param#::revFlow#5#fffff_delta (order for disjuncts: delta=500000).
[2026-01-21 06:10:59] (5s) Starting to evaluate predicate DataFlowImpl#6ed98661::Impl#DataFlowImpl1#bece54ca::Config#::MkStage#Stage3#::Stage#Stage4Param#::revFlowParamToReturn#5#fffff#reorder_2_3_0_1_4/5@i7#a568ex30 (iteration 7)
[2026-01-21 06:10:59] (5s) Empty delta for DataFlowImpl#6ed98661::Impl#DataFlowImpl1#bece54ca::Config#::MkStage#Stage3#::Stage#Stage4Param#::revFlowParamToReturn#5#fffff#reorder_2_3_0_1_4_delta (order for disjuncts: delta=500000).
[2026-01-21 06:10:59] (5s) Starting to evaluate predicate DataFlowImpl#6ed98661::Impl#DataFlowImpl1#bece54ca::Config#::MkStage#Stage3#::Stage#Stage4Param#::revFlow0#5#fffff/5@i7#a568ew30 (iteration 7)
[2026-01-21 06:10:59] (5s) Empty delta for DataFlowImpl#6ed98661::Impl#DataFlowImpl1#bece54ca::Config#::MkStage#Stage3#::Stage#Stage4Param#::revFlow0#5#fffff_delta (order for disjuncts: delta=500000).
[2026-01-21 06:10:59] (5s) Empty delta for DataFlowImpl#6ed98661::Impl#DataFlowImpl1#bece54ca::Config#::MkStage#Stage3#::Stage#Stage4Param#::revFlowConsCand#3#fff_delta (order for disjuncts: delta=<standard>).
[2026-01-21 06:10:59] (5s) Empty delta for DataFlowImpl#6ed98661::Impl#DataFlowImpl1#bece54ca::Config#::MkStage#Stage3#::Stage#Stage4Param#::revFlowIsReturned#5#fffff#reorder_3_4_0_1_2_delta (order for disjuncts: delta=<standard>).
[2026-01-21 06:10:59] (5s) Empty delta for DataFlowImpl#6ed98661::Impl#DataFlowImpl1#bece54ca::Config#::MkStage#Stage3#::Stage#Stage4Param#::revFlowOut#7#fffffff_delta (order for disjuncts: delta=500000).
[2026-01-21 06:10:59] (5s) Empty delta for DataFlowImpl#6ed98661::Impl#DataFlowImpl1#bece54ca::Config#::MkStage#Stage3#::Stage#Stage4Param#::revFlowThrough#8#ffffffff_delta (order for disjuncts: delta=<standard>).
[2026-01-21 06:10:59] (5s) Empty delta for DataFlowImpl#6ed98661::Impl#DataFlowImpl1#bece54ca::Config#::MkStage#Stage3#::Stage#Stage4Param#::revFlowStore#9#fffffffff_delta (order for disjuncts: delta=500000).
[2026-01-21 06:10:59] (5s) Empty delta for DataFlowImpl#6ed98661::Impl#DataFlowImpl1#bece54ca::Config#::MkStage#Stage3#::Stage#Stage4Param#::revFlow#5#fffff_delta (order for disjuncts: delta=500000).
[2026-01-21 06:10:59] (5s) Empty delta for DataFlowImpl#6ed98661::Impl#DataFlowImpl1#bece54ca::Config#::MkStage#Stage3#::Stage#Stage4Param#::revFlowParamToReturn#5#fffff#reorder_2_3_0_1_4_delta (order for disjuncts: delta=500000).
[2026-01-21 06:10:59] (5s) Starting to evaluate predicate DataFlowImpl#6ed98661::Impl#DataFlowImpl1#bece54ca::Config#::MkStage#Stage3#::Stage#Stage4Param#::revFlow0#5#fffff/5@i8#a568ew30 (iteration 8)
[2026-01-21 06:10:59] (5s) 			 - DataFlowImpl#6ed98661::Impl#DataFlowImpl1#bece54ca::Config#::MkStage#Stage3#::Stage#Stage4Param#::revFlow0#5#fffff_delta has 1 rows (order for disjuncts: delta=500000).
[2026-01-21 06:10:59] (5s) Empty delta for DataFlowImpl#6ed98661::Impl#DataFlowImpl1#bece54ca::Config#::MkStage#Stage3#::Stage#Stage4Param#::revFlowConsCand#3#fff_delta (order for disjuncts: delta=<standard>).
[2026-01-21 06:10:59] (5s) Empty delta for DataFlowImpl#6ed98661::Impl#DataFlowImpl1#bece54ca::Config#::MkStage#Stage3#::Stage#Stage4Param#::revFlowIsReturned#5#fffff#reorder_3_4_0_1_2_delta (order for disjuncts: delta=<standard>).
[2026-01-21 06:10:59] (5s) Empty delta for DataFlowImpl#6ed98661::Impl#DataFlowImpl1#bece54ca::Config#::MkStage#Stage3#::Stage#Stage4Param#::revFlowOut#7#fffffff_delta (order for disjuncts: delta=500000).
[2026-01-21 06:10:59] (5s) Empty delta for DataFlowImpl#6ed98661::Impl#DataFlowImpl1#bece54ca::Config#::MkStage#Stage3#::Stage#Stage4Param#::revFlowThrough#8#ffffffff_delta (order for disjuncts: delta=<standard>).
[2026-01-21 06:10:59] (5s) Empty delta for DataFlowImpl#6ed98661::Impl#DataFlowImpl1#bece54ca::Config#::MkStage#Stage3#::Stage#Stage4Param#::revFlowStore#9#fffffffff_delta (order for disjuncts: delta=500000).
[2026-01-21 06:10:59] (5s) Starting to evaluate predicate DataFlowImpl#6ed98661::Impl#DataFlowImpl1#bece54ca::Config#::MkStage#Stage3#::Stage#Stage4Param#::revFlow#5#fffff/5@i9#a568ey30 (iteration 9)
[2026-01-21 06:10:59] (5s) 			 - DataFlowImpl#6ed98661::Impl#DataFlowImpl1#bece54ca::Config#::MkStage#Stage3#::Stage#Stage4Param#::revFlow#5#fffff_delta has 1 rows (order for disjuncts: delta=500000).
[2026-01-21 06:10:59] (5s) Empty delta for DataFlowImpl#6ed98661::Impl#DataFlowImpl1#bece54ca::Config#::MkStage#Stage3#::Stage#Stage4Param#::revFlowParamToReturn#5#fffff#reorder_2_3_0_1_4_delta (order for disjuncts: delta=500000).
[2026-01-21 06:10:59] (5s) Empty delta for DataFlowImpl#6ed98661::Impl#DataFlowImpl1#bece54ca::Config#::MkStage#Stage3#::Stage#Stage4Param#::revFlow0#5#fffff_delta (order for disjuncts: delta=500000).
[2026-01-21 06:10:59] (5s) Starting to evaluate predicate DataFlowImpl#6ed98661::Impl#DataFlowImpl1#bece54ca::Config#::MkStage#Stage3#::Stage#Stage4Param#::revFlowConsCand#3#fff/3@i10#a568e3w0 (iteration 10)
[2026-01-21 06:10:59] (5s) Empty delta for DataFlowImpl#6ed98661::Impl#DataFlowImpl1#bece54ca::Config#::MkStage#Stage3#::Stage#Stage4Param#::revFlowConsCand#3#fff_delta (order for disjuncts: delta=<standard>).
[2026-01-21 06:10:59] (5s) Empty delta for DataFlowImpl#6ed98661::Impl#DataFlowImpl1#bece54ca::Config#::MkStage#Stage3#::Stage#Stage4Param#::revFlowIsReturned#5#fffff#reorder_3_4_0_1_2_delta (order for disjuncts: delta=<standard>).
[2026-01-21 06:10:59] (5s) Starting to evaluate predicate DataFlowImpl#6ed98661::Impl#DataFlowImpl1#bece54ca::Config#::MkStage#Stage3#::Stage#Stage4Param#::revFlowOut#7#fffffff/7@i10#a568e1w0 (iteration 10)
[2026-01-21 06:10:59] (5s) Empty delta for DataFlowImpl#6ed98661::Impl#DataFlowImpl1#bece54ca::Config#::MkStage#Stage3#::Stage#Stage4Param#::revFlowOut#7#fffffff_delta (order for disjuncts: delta=500000).
[2026-01-21 06:10:59] (5s) Empty delta for DataFlowImpl#6ed98661::Impl#DataFlowImpl1#bece54ca::Config#::MkStage#Stage3#::Stage#Stage4Param#::revFlowThrough#8#ffffffff_delta (order for disjuncts: delta=<standard>).
[2026-01-21 06:10:59] (5s) Starting to evaluate predicate DataFlowImpl#6ed98661::Impl#DataFlowImpl1#bece54ca::Config#::MkStage#Stage3#::Stage#Stage4Param#::revFlowStore#9#fffffffff/9@i10#a568ez30 (iteration 10)
[2026-01-21 06:10:59] (5s) Empty delta for DataFlowImpl#6ed98661::Impl#DataFlowImpl1#bece54ca::Config#::MkStage#Stage3#::Stage#Stage4Param#::revFlowStore#9#fffffffff_delta (order for disjuncts: delta=500000).
[2026-01-21 06:10:59] (5s) Empty delta for DataFlowImpl#6ed98661::Impl#DataFlowImpl1#bece54ca::Config#::MkStage#Stage3#::Stage#Stage4Param#::revFlow#5#fffff_delta (order for disjuncts: delta=500000).
[2026-01-21 06:10:59] (5s) Starting to evaluate predicate DataFlowImpl#6ed98661::Impl#DataFlowImpl1#bece54ca::Config#::MkStage#Stage3#::Stage#Stage4Param#::revFlowParamToReturn#5#fffff#reorder_2_3_0_1_4/5@i10#a568ex30 (iteration 10)
[2026-01-21 06:10:59] (5s) Empty delta for DataFlowImpl#6ed98661::Impl#DataFlowImpl1#bece54ca::Config#::MkStage#Stage3#::Stage#Stage4Param#::revFlowParamToReturn#5#fffff#reorder_2_3_0_1_4_delta (order for disjuncts: delta=500000).
[2026-01-21 06:10:59] (5s) Starting to evaluate predicate DataFlowImpl#6ed98661::Impl#DataFlowImpl1#bece54ca::Config#::MkStage#Stage3#::Stage#Stage4Param#::revFlow0#5#fffff/5@i10#a568ew30 (iteration 10)
[2026-01-21 06:10:59] (5s) Empty delta for DataFlowImpl#6ed98661::Impl#DataFlowImpl1#bece54ca::Config#::MkStage#Stage3#::Stage#Stage4Param#::revFlow0#5#fffff_delta (order for disjuncts: delta=500000).
[2026-01-21 06:10:59] (5s) Accumulating deltas
[2026-01-21 06:10:59] (5s)  >>> Created relation DataFlowImpl#6ed98661::Impl#DataFlowImpl1#bece54ca::Config#::MkStage#Stage3#::Stage#Stage4Param#::revFlow0#5#fffff/5@a568ew30 with 17 rows and digest a3724845or9mjqs0r4in4s9np6a.
[2026-01-21 06:10:59] (5s)  >>> Created relation DataFlowImpl#6ed98661::Impl#DataFlowImpl1#bece54ca::Config#::MkStage#Stage3#::Stage#Stage4Param#::revFlowParamToReturn#5#fffff#reorder_2_3_0_1_4/5@a568ex30 with 0 rows and digest THIS-RELATION-HAS-NO-TUPLES.
[2026-01-21 06:10:59] (5s)  >>> Created relation DataFlowImpl#6ed98661::Impl#DataFlowImpl1#bece54ca::Config#::MkStage#Stage3#::Stage#Stage4Param#::revFlow#5#fffff/5@a568ey30 with 16 rows and digest f2c593sig70eu107fs6cp5a5hc2.
[2026-01-21 06:10:59] (5s)  >>> Created relation DataFlowImpl#6ed98661::Impl#DataFlowImpl1#bece54ca::Config#::MkStage#Stage3#::Stage#Stage4Param#::revFlowStore#9#fffffffff/9@a568ez30 with 1 rows and digest 942bc6g8v7fs794hj24v4ujnrsa.
[2026-01-21 06:10:59] (5s)  >>> Created relation DataFlowImpl#6ed98661::Impl#DataFlowImpl1#bece54ca::Config#::MkStage#Stage3#::Stage#Stage4Param#::revFlowThrough#8#ffffffff/8@a568e0w0 with 0 rows and digest THIS-RELATION-HAS-NO-TUPLES.
[2026-01-21 06:10:59] (5s)  >>> Created relation DataFlowImpl#6ed98661::Impl#DataFlowImpl1#bece54ca::Config#::MkStage#Stage3#::Stage#Stage4Param#::revFlowOut#7#fffffff/7@a568e1w0 with 0 rows and digest THIS-RELATION-HAS-NO-TUPLES.
[2026-01-21 06:10:59] (5s)  >>> Created relation DataFlowImpl#6ed98661::Impl#DataFlowImpl1#bece54ca::Config#::MkStage#Stage3#::Stage#Stage4Param#::revFlowIsReturned#5#fffff#reorder_3_4_0_1_2/5@a568e2w0 with 0 rows and digest THIS-RELATION-HAS-NO-TUPLES.
[2026-01-21 06:10:59] (5s)  >>> Created relation DataFlowImpl#6ed98661::Impl#DataFlowImpl1#bece54ca::Config#::MkStage#Stage3#::Stage#Stage4Param#::revFlowConsCand#3#fff/3@a568e3w0 with 1 rows and digest 62f9889h8mhpsk6pd0qg1vomq46.
[2026-01-21 06:10:59] (5s) Starting to evaluate predicate project#DataFlowImpl#6ed98661::Impl#DataFlowImpl1#bece54ca::Config#::MkStage#Stage3#::Stage#Stage4Param#::revFlow#5#fffff#2/1@fbe1a68q
[2026-01-21 06:10:59] (5s)  >>> Created relation project#DataFlowImpl#6ed98661::Impl#DataFlowImpl1#bece54ca::Config#::MkStage#Stage3#::Stage#Stage4Param#::revFlow#5#fffff#2/1@fbe1a68q with 2 rows and digest 31f749in0hvldqlqnfn4a0amv8f.
[2026-01-21 06:10:59] (5s) Starting to evaluate predicate project#DataFlowImpl#6ed98661::Impl#DataFlowImpl1#bece54ca::Config#::MkStage#Stage3#::Stage#Stage4Param#::revFlowStore#9#fffffffff#2/6@8c8d96ed
[2026-01-21 06:10:59] (5s)  >>> Created relation project#DataFlowImpl#6ed98661::Impl#DataFlowImpl1#bece54ca::Config#::MkStage#Stage3#::Stage#Stage4Param#::revFlowStore#9#fffffffff#2/6@8c8d96ed with 1 rows and digest e0d046uj56ggsdt2k4mm6f8hbi5.
[2026-01-21 06:10:59] (5s) Starting to evaluate predicate project#DataFlowImpl#6ed98661::Impl#DataFlowImpl1#bece54ca::Config#::MkStage#Stage2#::Stage#Stage3Param#::storeStepCand#5#fffff#2/4@73f7e9t3
[2026-01-21 06:10:59] (5s)  >>> Created relation project#DataFlowImpl#6ed98661::Impl#DataFlowImpl1#bece54ca::Config#::MkStage#Stage2#::Stage#Stage3Param#::storeStepCand#5#fffff#2/4@73f7e9t3 with 1 rows and digest d40c3bnf47064tb33blq6ljj0i1.
[2026-01-21 06:10:59] (5s) Starting to evaluate predicate DataFlowImpl#6ed98661::Impl#DataFlowImpl1#bece54ca::Config#::MkStage#Stage3#::Stage#Stage4Param#::storeStepCand#5#fffff/5@effc47fl
[2026-01-21 06:10:59] (5s)  >>> Created relation DataFlowImpl#6ed98661::Impl#DataFlowImpl1#bece54ca::Config#::MkStage#Stage3#::Stage#Stage4Param#::storeStepCand#5#fffff/5@effc47fl with 1 rows and digest b3ebe0qp7s5kg18bb93l6udhooc.
[2026-01-21 06:10:59] (5s) Starting to evaluate predicate project#DataFlowImpl#6ed98661::Impl#DataFlowImpl1#bece54ca::Config#::MkStage#Stage3#::Stage#Stage4Param#::storeStepCand#5#fffff/2@06b7c96m
[2026-01-21 06:10:59] (5s)  >>> Created relation project#DataFlowImpl#6ed98661::Impl#DataFlowImpl1#bece54ca::Config#::MkStage#Stage3#::Stage#Stage4Param#::storeStepCand#5#fffff/2@06b7c96m with 1 rows and digest aaf2c3pk0b0ducv6t4838qcqsq9.
[2026-01-21 06:10:59] (5s) Starting to evaluate predicate DataFlowImpl#6ed98661::Impl#DataFlowImpl1#bece54ca::Config#::MkStage#Stage3#::Stage#Stage4Param#::validAp#1#f/1@i1#44ed9xuu (iteration 1)
[2026-01-21 06:10:59] (5s) 			 - DataFlowImpl#6ed98661::Impl#DataFlowImpl1#bece54ca::Config#::MkStage#Stage3#::Stage#Stage4Param#::validAp#1#f_delta has 1 rows (order for disjuncts: delta=<standard>).
[2026-01-21 06:10:59] (5s) Starting to evaluate predicate DataFlowImpl#6ed98661::Impl#DataFlowImpl1#bece54ca::Config#::MkStage#Stage3#::Stage#Stage4Param#::consCand#2#ff/2@i1#44ed9wuu (iteration 1)
[2026-01-21 06:10:59] (5s) Empty delta for DataFlowImpl#6ed98661::Impl#DataFlowImpl1#bece54ca::Config#::MkStage#Stage3#::Stage#Stage4Param#::consCand#2#ff_delta (order for disjuncts: delta=<standard>).
[2026-01-21 06:10:59] (5s) Empty delta for DataFlowImpl#6ed98661::Impl#DataFlowImpl1#bece54ca::Config#::MkStage#Stage3#::Stage#Stage4Param#::validAp#1#f_delta (order for disjuncts: delta=<standard>).
[2026-01-21 06:10:59] (5s) Starting to evaluate predicate DataFlowImpl#6ed98661::Impl#DataFlowImpl1#bece54ca::Config#::MkStage#Stage3#::Stage#Stage4Param#::consCand#2#ff/2@i2#44ed9wuu (iteration 2)
[2026-01-21 06:10:59] (5s) 			 - DataFlowImpl#6ed98661::Impl#DataFlowImpl1#bece54ca::Config#::MkStage#Stage3#::Stage#Stage4Param#::consCand#2#ff_delta has 1 rows (order for disjuncts: delta=<standard>).
[2026-01-21 06:10:59] (5s) Starting to evaluate predicate DataFlowImpl#6ed98661::Impl#DataFlowImpl1#bece54ca::Config#::MkStage#Stage3#::Stage#Stage4Param#::validAp#1#f/1@i3#44ed9xuu (iteration 3)
[2026-01-21 06:10:59] (5s) 			 - DataFlowImpl#6ed98661::Impl#DataFlowImpl1#bece54ca::Config#::MkStage#Stage3#::Stage#Stage4Param#::validAp#1#f_delta has 1 rows (order for disjuncts: delta=500000).
[2026-01-21 06:10:59] (5s) Empty delta for DataFlowImpl#6ed98661::Impl#DataFlowImpl1#bece54ca::Config#::MkStage#Stage3#::Stage#Stage4Param#::consCand#2#ff_delta (order for disjuncts: delta=<standard>).
[2026-01-21 06:10:59] (5s) Empty delta for DataFlowImpl#6ed98661::Impl#DataFlowImpl1#bece54ca::Config#::MkStage#Stage3#::Stage#Stage4Param#::validAp#1#f_delta (order for disjuncts: delta=500000).
[2026-01-21 06:10:59] (5s) Starting to evaluate predicate DataFlowImpl#6ed98661::Impl#DataFlowImpl1#bece54ca::Config#::MkStage#Stage3#::Stage#Stage4Param#::consCand#2#ff/2@i4#44ed9wuu (iteration 4)
[2026-01-21 06:10:59] (5s) Empty delta for DataFlowImpl#6ed98661::Impl#DataFlowImpl1#bece54ca::Config#::MkStage#Stage3#::Stage#Stage4Param#::consCand#2#ff_delta (order for disjuncts: delta=<standard>).
[2026-01-21 06:10:59] (5s) Accumulating deltas
[2026-01-21 06:10:59] (5s)  >>> Created relation DataFlowImpl#6ed98661::Impl#DataFlowImpl1#bece54ca::Config#::MkStage#Stage3#::Stage#Stage4Param#::consCand#2#ff/2@44ed9wuu with 1 rows and digest edc776lotk97cor8oobbc0dldef.
[2026-01-21 06:10:59] (5s)  >>> Created relation DataFlowImpl#6ed98661::Impl#DataFlowImpl1#bece54ca::Config#::MkStage#Stage3#::Stage#Stage4Param#::validAp#1#f/1@44ed9xuu with 2 rows and digest 5ad55e63feph8dsjfml72h0n7o6.
[2026-01-21 06:10:59] (5s) Starting to evaluate predicate DataFlowImpl#6ed98661::Impl#DataFlowImpl1#bece54ca::Config#::MkStage#Stage3#::Stage#Stage4Param#::consCand#2#ff_10#join_rhs/2@6cfa51bh
[2026-01-21 06:10:59] (5s)  >>> Created relation DataFlowImpl#6ed98661::Impl#DataFlowImpl1#bece54ca::Config#::MkStage#Stage3#::Stage#Stage4Param#::consCand#2#ff_10#join_rhs/2@6cfa51bh with 1 rows and digest aaf2c3pk0b0ducv6t4838qcqsq9.
[2026-01-21 06:10:59] (5s) Starting to evaluate predicate _DataFlowImpl#6ed98661::Impl#DataFlowImpl1#bece54ca::Config#::MkStage#Stage3#::Stage#Stage4Param#::c__#shared/2@3181a21p
[2026-01-21 06:10:59] (5s)  >>> Created relation _DataFlowImpl#6ed98661::Impl#DataFlowImpl1#bece54ca::Config#::MkStage#Stage3#::Stage#Stage4Param#::c__#shared/2@3181a21p with 0 rows and digest THIS-RELATION-HAS-NO-TUPLES.
[2026-01-21 06:10:59] (5s) Inferred that _DataFlowImpl#6ed98661::Impl#DataFlowImpl1#bece54ca::Config#::MkStage#Stage3#::Stage#Stage4Param#::r__#count_range/4@a27d04fj is empty, due to _DataFlowImpl#6ed98661::Impl#DataFlowImpl1#bece54ca::Config#::MkStage#Stage3#::Stage#Stage4Param#::c__#shared/2@3181a21p.
[2026-01-21 06:10:59] (5s) Inferred that __DataFlowImpl#6ed98661::Impl#DataFlowImpl1#bece54ca::Config#::MkStage#Stage3#::Stage#Stage4Param#::__#join_rhs/2@caca6dt8 is empty, due to _DataFlowImpl#6ed98661::Impl#DataFlowImpl1#bece54ca::Config#::MkStage#Stage3#::Stage#Stage4Param#::r__#count_range/4@a27d04fj.
[2026-01-21 06:10:59] (5s) Inferred that DataFlowImpl#6ed98661::Impl#DataFlowImpl1#bece54ca::Config#::expensiveLen2unfolding#1#f/1@91cf6bh3 is empty, due to __DataFlowImpl#6ed98661::Impl#DataFlowImpl1#bece54ca::Config#::MkStage#Stage3#::Stage#Stage4Param#::__#join_rhs/2@caca6dt8.
[2026-01-21 06:10:59] (5s) Inferred that DataFlowImpl#6ed98661::Impl#DataFlowImpl1#bece54ca::Config#::TCons1#dom#ff/2@9f2b3ela is empty, due to DataFlowImpl#6ed98661::Impl#DataFlowImpl1#bece54ca::Config#::expensiveLen2unfolding#1#f/1@91cf6bh3.
[2026-01-21 06:10:59] (5s)  >>> Created relation _DataFlowImpl#6ed98661::Impl#DataFlowImpl1#bece54ca::Config#::MkStage#Stage3#::Stage#Stage4Param#::r__#count_range/4@a27d04fj with 0 rows and digest THIS-RELATION-HAS-NO-TUPLES.
[2026-01-21 06:10:59] (5s)  >>> Created relation __DataFlowImpl#6ed98661::Impl#DataFlowImpl1#bece54ca::Config#::MkStage#Stage3#::Stage#Stage4Param#::__#join_rhs/2@caca6dt8 with 0 rows and digest THIS-RELATION-HAS-NO-TUPLES.
[2026-01-21 06:10:59] (5s)  >>> Created relation DataFlowImpl#6ed98661::Impl#DataFlowImpl1#bece54ca::Config#::expensiveLen2unfolding#1#f/1@91cf6bh3 with 0 rows and digest THIS-RELATION-HAS-NO-TUPLES.
[2026-01-21 06:10:59] (5s)  >>> Created relation DataFlowImpl#6ed98661::Impl#DataFlowImpl1#bece54ca::Config#::TCons1#dom#ff/2@9f2b3ela with 0 rows and digest THIS-RELATION-HAS-NO-TUPLES.
[2026-01-21 06:10:59] (5s) Starting to evaluate predicate DataFlowImpl#6ed98661::Impl#DataFlowImpl1#bece54ca::Config#::TConsCons#dom#fff/3@880dd1fp
[2026-01-21 06:10:59] (5s)  >>> Created relation DataFlowImpl#6ed98661::Impl#DataFlowImpl1#bece54ca::Config#::TConsCons#dom#fff/3@880dd1fp with 0 rows and digest THIS-RELATION-HAS-NO-TUPLES.
[2026-01-21 06:10:59] (5s) Starting to evaluate predicate num#DataFlowImpl#6ed98661::Impl#DataFlowImpl1#bece54ca::Config#::TConsCons#ffff/4@aa1e8avk
[2026-01-21 06:10:59] (5s)  >>> Created relation num#DataFlowImpl#6ed98661::Impl#DataFlowImpl1#bece54ca::Config#::TConsCons#ffff/4@aa1e8avk with 0 rows and digest THIS-RELATION-HAS-NO-TUPLES.
[2026-01-21 06:10:59] (5s) Inferred that num#DataFlowImpl#6ed98661::Impl#DataFlowImpl1#bece54ca::Config#::TConsCons#ffff_1203#join_rhs/4@9c203fb8 is empty, due to num#DataFlowImpl#6ed98661::Impl#DataFlowImpl1#bece54ca::Config#::TConsCons#ffff/4@aa1e8avk.
[2026-01-21 06:10:59] (5s) Inferred that num#DataFlowImpl#6ed98661::Impl#DataFlowImpl1#bece54ca::Config#::TConsCons#ffff_2013#join_rhs/4@c2f421l2 is empty, due to num#DataFlowImpl#6ed98661::Impl#DataFlowImpl1#bece54ca::Config#::TConsCons#ffff/4@aa1e8avk.
[2026-01-21 06:10:59] (5s) Inferred that num#DataFlowImpl#6ed98661::Impl#DataFlowImpl1#bece54ca::Config#::TConsCons#ffff_1023#join_rhs/4@b4a08adv is empty, due to num#DataFlowImpl#6ed98661::Impl#DataFlowImpl1#bece54ca::Config#::TConsCons#ffff/4@aa1e8avk.
[2026-01-21 06:10:59] (5s)  >>> Created relation num#DataFlowImpl#6ed98661::Impl#DataFlowImpl1#bece54ca::Config#::TConsCons#ffff_2013#join_rhs/4@c2f421l2 with 0 rows and digest THIS-RELATION-HAS-NO-TUPLES.
[2026-01-21 06:10:59] (5s)  >>> Created relation num#DataFlowImpl#6ed98661::Impl#DataFlowImpl1#bece54ca::Config#::TConsCons#ffff_1023#join_rhs/4@b4a08adv with 0 rows and digest THIS-RELATION-HAS-NO-TUPLES.
[2026-01-21 06:10:59] (5s)  >>> Created relation num#DataFlowImpl#6ed98661::Impl#DataFlowImpl1#bece54ca::Config#::TConsCons#ffff_1203#join_rhs/4@9c203fb8 with 0 rows and digest THIS-RELATION-HAS-NO-TUPLES.
[2026-01-21 06:10:59] (5s) Starting to evaluate predicate DataFlowImpl#6ed98661::Impl#DataFlowImpl1#bece54ca::Config#::TConsNil#dom#ff/2@15c4fb06
[2026-01-21 06:10:59] (5s)  >>> Created relation DataFlowImpl#6ed98661::Impl#DataFlowImpl1#bece54ca::Config#::TConsNil#dom#ff/2@15c4fb06 with 1 rows and digest d70cd5fc7p6cs6ap0etm961taib.
[2026-01-21 06:10:59] (5s) Starting to evaluate predicate num#DataFlowImpl#6ed98661::Impl#DataFlowImpl1#bece54ca::Config#::TConsNil#fff/3@8c0bbe6l
[2026-01-21 06:10:59] (5s)  >>> Created relation num#DataFlowImpl#6ed98661::Impl#DataFlowImpl1#bece54ca::Config#::TConsNil#fff/3@8c0bbe6l with 1 rows and digest d3691dq2lhu8oc97co5jgr57tp0.
[2026-01-21 06:10:59] (5s) Starting to evaluate predicate num#DataFlowImpl#6ed98661::Impl#DataFlowImpl1#bece54ca::Config#::TCons1#fff/3@a9039214
[2026-01-21 06:10:59] (5s)  >>> Created relation num#DataFlowImpl#6ed98661::Impl#DataFlowImpl1#bece54ca::Config#::TCons1#fff/3@a9039214 with 0 rows and digest THIS-RELATION-HAS-NO-TUPLES.
[2026-01-21 06:10:59] (5s) Inferred that num#DataFlowImpl#6ed98661::Impl#DataFlowImpl1#bece54ca::Config#::TCons1#fff_2#antijoin_rhs/1@416734pg is empty, due to num#DataFlowImpl#6ed98661::Impl#DataFlowImpl1#bece54ca::Config#::TCons1#fff/3@a9039214.
[2026-01-21 06:10:59] (5s) Inferred that _DataFlowImpl#6ed98661::Impl#DataFlowImpl1#bece54ca::Config#::MkStage#Stage4#::Stage#Stage5Param#::c__#count_range/3@434dc1hn is empty, due to num#DataFlowImpl#6ed98661::Impl#DataFlowImpl1#bece54ca::Config#::TCons1#fff/3@a9039214.
[2026-01-21 06:10:59] (5s) Inferred that __DataFlowImpl#6ed98661::Impl#DataFlowImpl1#bece54ca::Config#::MkStage#Stage4#::Stage#Stage5Param#::__#join_rhs/3@bd17abn0 is empty, due to _DataFlowImpl#6ed98661::Impl#DataFlowImpl1#bece54ca::Config#::MkStage#Stage4#::Stage#Stage5Param#::c__#count_range/3@434dc1hn.
[2026-01-21 06:10:59] (5s) Inferred that DataFlowImpl#6ed98661::Impl#DataFlowImpl1#bece54ca::Config#::count1to2unfold#1#ff/2@abc3249m is empty, due to __DataFlowImpl#6ed98661::Impl#DataFlowImpl1#bece54ca::Config#::MkStage#Stage4#::Stage#Stage5Param#::__#join_rhs/3@bd17abn0.
[2026-01-21 06:10:59] (5s) Inferred that DataFlowImpl#6ed98661::Impl#DataFlowImpl1#bece54ca::Config#::expensiveLen1to2unfolding#1#f/1@a3df02ah is empty, due to DataFlowImpl#6ed98661::Impl#DataFlowImpl1#bece54ca::Config#::count1to2unfold#1#ff/2@abc3249m.
[2026-01-21 06:10:59] (5s) Inferred that DataFlowImpl#6ed98661::Impl#DataFlowImpl1#bece54ca::Config#::TAccessPathCons1#dom#ff/2@eebdc0q8 is empty, due to DataFlowImpl#6ed98661::Impl#DataFlowImpl1#bece54ca::Config#::expensiveLen1to2unfolding#1#f/1@a3df02ah.
[2026-01-21 06:10:59] (5s)  >>> Created relation DataFlowImpl#6ed98661::Impl#DataFlowImpl1#bece54ca::Config#::expensiveLen1to2unfolding#1#f/1@a3df02ah with 0 rows and digest THIS-RELATION-HAS-NO-TUPLES.
[2026-01-21 06:10:59] (5s)  >>> Created relation DataFlowImpl#6ed98661::Impl#DataFlowImpl1#bece54ca::Config#::TAccessPathCons1#dom#ff/2@eebdc0q8 with 0 rows and digest THIS-RELATION-HAS-NO-TUPLES.
[2026-01-21 06:10:59] (5s)  >>> Created relation DataFlowImpl#6ed98661::Impl#DataFlowImpl1#bece54ca::Config#::count1to2unfold#1#ff/2@abc3249m with 0 rows and digest THIS-RELATION-HAS-NO-TUPLES.
[2026-01-21 06:10:59] (5s)  >>> Created relation num#DataFlowImpl#6ed98661::Impl#DataFlowImpl1#bece54ca::Config#::TCons1#fff_2#antijoin_rhs/1@416734pg with 0 rows and digest THIS-RELATION-HAS-NO-TUPLES.
[2026-01-21 06:10:59] (5s)  >>> Created relation _DataFlowImpl#6ed98661::Impl#DataFlowImpl1#bece54ca::Config#::MkStage#Stage4#::Stage#Stage5Param#::c__#count_range/3@434dc1hn with 0 rows and digest THIS-RELATION-HAS-NO-TUPLES.
[2026-01-21 06:10:59] (5s)  >>> Created relation __DataFlowImpl#6ed98661::Impl#DataFlowImpl1#bece54ca::Config#::MkStage#Stage4#::Stage#Stage5Param#::__#join_rhs/3@bd17abn0 with 0 rows and digest THIS-RELATION-HAS-NO-TUPLES.
[2026-01-21 06:10:59] (5s) Starting to evaluate predicate DataFlowImpl#6ed98661::Impl#DataFlowImpl1#bece54ca::Config#::AccessPathApproxCons#class#f/1@ac6a81jd
[2026-01-21 06:10:59] (5s)  >>> Created relation DataFlowImpl#6ed98661::Impl#DataFlowImpl1#bece54ca::Config#::AccessPathApproxCons#class#f/1@ac6a81jd with 1 rows and digest 8f8153vdbsq2r6vup2bfh65nrt4.
[2026-01-21 06:10:59] (5s) Starting to evaluate predicate DataFlowImpl#6ed98661::Impl#DataFlowImpl1#bece54ca::Config#::getHead#0#dispred#ff/2@ba74bf3j
[2026-01-21 06:10:59] (5s)  >>> Created relation DataFlowImpl#6ed98661::Impl#DataFlowImpl1#bece54ca::Config#::getHead#0#dispred#ff/2@ba74bf3j with 1 rows and digest a81fb0lhqe3l20c47vkr0ii9s3e.
[2026-01-21 06:10:59] (5s) Starting to evaluate predicate num#DataFlowImpl#6ed98661::Impl#DataFlowImpl1#bece54ca::Config#::TAccessPathCons1#fff/3@4c0701jh
[2026-01-21 06:10:59] (5s)  >>> Created relation num#DataFlowImpl#6ed98661::Impl#DataFlowImpl1#bece54ca::Config#::TAccessPathCons1#fff/3@4c0701jh with 0 rows and digest THIS-RELATION-HAS-NO-TUPLES.
[2026-01-21 06:10:59] (5s) Inferred that DataFlowImpl#6ed98661::Impl#DataFlowImpl1#bece54ca::Config#::AccessPathCons1#fff/3@76fa9928 is empty, due to num#DataFlowImpl#6ed98661::Impl#DataFlowImpl1#bece54ca::Config#::TAccessPathCons1#fff/3@4c0701jh.
[2026-01-21 06:10:59] (5s) Inferred that DataFlowImpl#6ed98661::Impl#DataFlowImpl1#bece54ca::Config#::AccessPathCons1#fff_201#join_rhs/3@419482ps is empty, due to DataFlowImpl#6ed98661::Impl#DataFlowImpl1#bece54ca::Config#::AccessPathCons1#fff/3@76fa9928.
[2026-01-21 06:10:59] (5s)  >>> Created relation DataFlowImpl#6ed98661::Impl#DataFlowImpl1#bece54ca::Config#::AccessPathCons1#fff/3@76fa9928 with 0 rows and digest THIS-RELATION-HAS-NO-TUPLES.
[2026-01-21 06:10:59] (5s)  >>> Created relation DataFlowImpl#6ed98661::Impl#DataFlowImpl1#bece54ca::Config#::AccessPathCons1#fff_201#join_rhs/3@419482ps with 0 rows and digest THIS-RELATION-HAS-NO-TUPLES.
[2026-01-21 06:10:59] (5s) Starting to evaluate predicate num#DataFlowImpl#6ed98661::Impl#DataFlowImpl1#bece54ca::Config#::TAccessPathApproxNone#f/1@9d7ac6qe
[2026-01-21 06:10:59] (5s)  >>> Created relation num#DataFlowImpl#6ed98661::Impl#DataFlowImpl1#bece54ca::Config#::TAccessPathApproxNone#f/1@9d7ac6qe with 1 rows and digest 751409erq7l4p07vda6rsvi12cf.
[2026-01-21 06:10:59] (5s) Starting to evaluate predicate _DataFlowImplCommon#6f4b4818::Cached::TAnyCallContext#f_DataFlowImplCommon#6f4b4818::Cached::TParamN__#join_rhs/3@298f4dsl
[2026-01-21 06:10:59] (5s)  >>> Created relation _DataFlowImplCommon#6f4b4818::Cached::TAnyCallContext#f_DataFlowImplCommon#6f4b4818::Cached::TParamN__#join_rhs/3@298f4dsl with 1 rows and digest 77c46b9a33q4si59ojubobv5lfa.
[2026-01-21 06:10:59] (5s) Starting to evaluate predicate project#DataFlowImpl#6ed98661::Impl#DataFlowImpl1#bece54ca::Config#::MkStage#Stage3#::Stage#Stage4Param#::revFlow#5#fffff#4/1@7ede54q5
[2026-01-21 06:10:59] (5s)  >>> Created relation project#DataFlowImpl#6ed98661::Impl#DataFlowImpl1#bece54ca::Config#::MkStage#Stage3#::Stage#Stage4Param#::revFlow#5#fffff#4/1@7ede54q5 with 16 rows and digest b51567talkpqrri790287ss3kr9.
[2026-01-21 06:10:59] (5s) Starting to evaluate predicate DataFlowImpl#6ed98661::Impl#DataFlowImpl1#bece54ca::Config#::Stage5Param::getApNil#1#ff/2@ecabeeth
[2026-01-21 06:10:59] (5s)  >>> Created relation DataFlowImpl#6ed98661::Impl#DataFlowImpl1#bece54ca::Config#::Stage5Param::getApNil#1#ff/2@ecabeeth with 16 rows and digest 0e9f9eh815slu91d943hggb3fbd.
[2026-01-21 06:10:59] (5s) Starting to evaluate predicate DataFlowImpl#6ed98661::Impl#DataFlowImpl1#bece54ca::Config#::getFront#0#dispred#ff/2@89ced7q0
[2026-01-21 06:10:59] (5s)  >>> Created relation DataFlowImpl#6ed98661::Impl#DataFlowImpl1#bece54ca::Config#::getFront#0#dispred#ff/2@89ced7q0 with 3509 rows and digest bf728ad81256gj2lfnpl3db87kc.
[2026-01-21 06:10:59] (5s) Starting to evaluate predicate DataFlowImpl#6ed98661::Impl#DataFlowImpl1#bece54ca::Config#::MkStage#Stage3#::Stage#Stage4Param#::revFlowAlias#3#fff/3@c637d1ro
[2026-01-21 06:10:59] (5s)  >>> Created relation DataFlowImpl#6ed98661::Impl#DataFlowImpl1#bece54ca::Config#::MkStage#Stage3#::Stage#Stage4Param#::revFlowAlias#3#fff/3@c637d1ro with 16 rows and digest b45a95q7ujfjh0ln9t5pv9ttn07.
[2026-01-21 06:10:59] (5s)  >>> Created relation num#DataFlowImpl#6ed98661::Impl#DataFlowImpl1#bece54ca::Config#::TNil#ff_1#join_rhs/1@8551c161 with 3508 rows and digest d58ab83767npssa3plvo7fnvut0.
[2026-01-21 06:10:59] Cachaca resolved layer: #7031 evaluator num#DataFlowImpl#6ed98661::Impl#DataFlowImpl1#bece54ca::Config#::TNil#ff_1#join_rhs/1@8551c161
[2026-01-21 06:10:59] (5s) Starting to evaluate predicate DataFlowImpl#6ed98661::Impl#DataFlowImpl1#bece54ca::Config#::AccessPathApprox#class#f/1@69f275vr
[2026-01-21 06:10:59] (5s)  >>> Created relation DataFlowImpl#6ed98661::Impl#DataFlowImpl1#bece54ca::Config#::AccessPathApprox#class#f/1@69f275vr with 3509 rows and digest 9b273ctpabcn4pmb0keamg5f2nc.
[2026-01-21 06:10:59] (5s) Starting to evaluate predicate num#DataFlowImpl#6ed98661::Impl#DataFlowImpl1#bece54ca::Config#::TAccessPathApproxSome#ff/2@22ad6fv5
[2026-01-21 06:10:59] (5s)  >>> Created relation num#DataFlowImpl#6ed98661::Impl#DataFlowImpl1#bece54ca::Config#::TAccessPathApproxSome#ff/2@22ad6fv5 with 3509 rows and digest 45b68ann2c5814cfl0t4qg17i36.
[2026-01-21 06:10:59] (5s)  >>> Created relation num#DataFlowImpl#6ed98661::Impl#DataFlowImpl1#bece54ca::Config#::TAccessPathApproxSome#ff_10#join_rhs/2@74c4010p with 3509 rows and digest a88720t87auceu9l61qjgj9ncu1.
[2026-01-21 06:10:59] Cachaca resolved layer: #7063 evaluator num#DataFlowImpl#6ed98661::Impl#DataFlowImpl1#bece54ca::Config#::TAccessPathApproxSome#ff_10#join_rhs/2@74c4010p
[2026-01-21 06:10:59] (5s) Starting to evaluate predicate DataFlowImpl#6ed98661::Impl#DataFlowImpl1#bece54ca::Config#::Stage5Param::getHeadContent#1#ff/2@6742behr
[2026-01-21 06:10:59] (5s)  >>> Created relation DataFlowImpl#6ed98661::Impl#DataFlowImpl1#bece54ca::Config#::Stage5Param::getHeadContent#1#ff/2@6742behr with 1 rows and digest e537320mj6dikm3bgr3asdf2vv2.
[2026-01-21 06:10:59] (5s)  >>> Created relation project#DataFlowImpl#6ed98661::Impl#DataFlowImpl1#bece54ca::Config#::MkStage#Stage3#::Stage#Stage4Param#::storeStepCand#5#fffff#2/4@0e5c6dae with 1 rows and digest 156883avs5arhi14jgsvlab814c.
[2026-01-21 06:10:59] Cachaca resolved layer: #7077 evaluator project#DataFlowImpl#6ed98661::Impl#DataFlowImpl1#bece54ca::Config#::MkStage#Stage3#::Stage#Stage4Param#::storeStepCand#5#fffff#2/4@0e5c6dae
[2026-01-21 06:10:59] (5s) Starting to evaluate predicate num#DataFlowImpl#6ed98661::Impl#DataFlowImpl1#bece54ca::Config#::TConsNil#fff_102#join_rhs/3@2b9270jg
[2026-01-21 06:10:59] (5s)  >>> Created relation num#DataFlowImpl#6ed98661::Impl#DataFlowImpl1#bece54ca::Config#::TConsNil#fff_102#join_rhs/3@2b9270jg with 1 rows and digest 12d520k9ohdeteb9nkbofcpd4t0.
[2026-01-21 06:10:59] (5s) Starting to evaluate predicate DataFlowImpl#6ed98661::Impl#DataFlowImpl1#bece54ca::Config#::pop#1#dispred#fff/3@3ad142td
[2026-01-21 06:10:59] (5s)  >>> Created relation DataFlowImpl#6ed98661::Impl#DataFlowImpl1#bece54ca::Config#::pop#1#dispred#fff/3@3ad142td with 1 rows and digest 1a0e21cna6q9f85majo051k5l2f.
[2026-01-21 06:10:59] (5s) Starting to evaluate predicate DataFlowImpl#6ed98661::Impl#DataFlowImpl1#bece54ca::Config#::pop#1#dispred#fff_120#join_rhs/3@a3de93q0
[2026-01-21 06:10:59] (5s)  >>> Created relation DataFlowImpl#6ed98661::Impl#DataFlowImpl1#bece54ca::Config#::pop#1#dispred#fff_120#join_rhs/3@a3de93q0 with 1 rows and digest 94d9dfrfo8cmuhqhngun1mmknu1.
[2026-01-21 06:10:59] (5s) Starting to evaluate predicate project#DataFlowImpl#6ed98661::Impl#DataFlowImpl1#bece54ca::Config#::MkStage#Stage3#::Stage#Stage4Param#::revFlowStore#9#fffffffff/3@420867g3
[2026-01-21 06:10:59] (5s)  >>> Created relation project#DataFlowImpl#6ed98661::Impl#DataFlowImpl1#bece54ca::Config#::MkStage#Stage3#::Stage#Stage4Param#::revFlowStore#9#fffffffff/3@420867g3 with 1 rows and digest 62f9889h8mhpsk6pd0qg1vomq46.
[2026-01-21 06:10:59] (5s) Starting to evaluate predicate DataFlowImpl#6ed98661::Impl#DataFlowImpl1#bece54ca::Config#::MkStage#Stage3#::Stage#Stage4Param#::revFlowAp#2#ff/2@75ec22c9
[2026-01-21 06:10:59] (5s)  >>> Created relation DataFlowImpl#6ed98661::Impl#DataFlowImpl1#bece54ca::Config#::MkStage#Stage3#::Stage#Stage4Param#::revFlowAp#2#ff/2@75ec22c9 with 16 rows and digest 299c4bkdfncp0846jan2kfhqveb.
[2026-01-21 06:10:59] (5s) Starting to evaluate predicate DataFlowImpl#6ed98661::Impl#DataFlowImpl1#bece54ca::Config#::MkStage#Stage3#::Stage#Stage4Param#::readStepCand#3#fff/3@8a14d3gl
[2026-01-21 06:10:59] (5s)  >>> Created relation DataFlowImpl#6ed98661::Impl#DataFlowImpl1#bece54ca::Config#::MkStage#Stage3#::Stage#Stage4Param#::readStepCand#3#fff/3@8a14d3gl with 1 rows and digest 04fa050bmh1vvjij2oqmq7i8942.
[2026-01-21 06:10:59] (5s)  >>> Created relation DataFlowImpl#6ed98661::Impl#DataFlowImpl1#bece54ca::Config#::MkStage#Stage4#::Stage#Stage5Param#::readStepCand#4#ffff/4@656a5ec8 with 1 rows and digest b6777a6hfuqis4j87h1o3ka9rh2.
[2026-01-21 06:10:59] Cachaca resolved layer: #7071 evaluator DataFlowImpl#6ed98661::Impl#DataFlowImpl1#bece54ca::Config#::MkStage#Stage4#::Stage#Stage5Param#::readStepCand#4#ffff/4@656a5ec8
[2026-01-21 06:10:59] (5s) Starting to evaluate predicate project#DataFlowImpl#6ed98661::Impl#DataFlowImpl1#bece54ca::Config#::MkStage#Stage3#::Stage#Stage4Param#::revFlowAlias#3#fff/2@eaa24ab3
[2026-01-21 06:10:59] (5s)  >>> Created relation project#DataFlowImpl#6ed98661::Impl#DataFlowImpl1#bece54ca::Config#::MkStage#Stage3#::Stage#Stage4Param#::revFlowAlias#3#fff/2@eaa24ab3 with 16 rows and digest 55f8eeeduvso5avbart4s43tdv7.
[2026-01-21 06:10:59] (5s) Starting to evaluate predicate DataFlowImpl#6ed98661::Impl#DataFlowImpl1#bece54ca::Config#::LocalFlowBigStep::localFlowBigStep#7#fffffff_1230456#join_rhs/7@f7c86c6o
[2026-01-21 06:10:59] (5s)  >>> Created relation DataFlowImpl#6ed98661::Impl#DataFlowImpl1#bece54ca::Config#::LocalFlowBigStep::localFlowBigStep#7#fffffff_1230456#join_rhs/7@f7c86c6o with 50 rows and digest 709565h1e3l0h6s21lfavbkn1u5.
[2026-01-21 06:10:59] (5s) Starting to evaluate predicate project#DataFlowImpl#6ed98661::Impl#DataFlowImpl1#bece54ca::Config#::MkStage#Stage3#::Stage#Stage4Param#::revFlow#5#fffff#3/2@490d2apm
[2026-01-21 06:10:59] (5s)  >>> Created relation project#DataFlowImpl#6ed98661::Impl#DataFlowImpl1#bece54ca::Config#::MkStage#Stage3#::Stage#Stage4Param#::revFlow#5#fffff#3/2@490d2apm with 16 rows and digest 55f8eeeduvso5avbart4s43tdv7.
[2026-01-21 06:10:59] (5s) Starting to evaluate predicate DataFlowImpl#6ed98661::Impl#DataFlowImpl1#bece54ca::Config#::Stage5Param::localStep#7#ffffbff/7@9dd5f74k
[2026-01-21 06:10:59] (5s)  >>> Created relation DataFlowImpl#6ed98661::Impl#DataFlowImpl1#bece54ca::Config#::Stage5Param::localStep#7#ffffbff/7@9dd5f74k with 50 rows and digest 234fb86buecrsqkk8r38too5vqf.
[2026-01-21 06:10:59] (5s) Starting to evaluate predicate DataFlowImpl#6ed98661::Impl#DataFlowImpl1#bece54ca::Config#::Stage5Param::localStep#7#ffffbff_013425#join_rhs/6@89f38368
[2026-01-21 06:10:59] (5s)  >>> Created relation DataFlowImpl#6ed98661::Impl#DataFlowImpl1#bece54ca::Config#::Stage5Param::localStep#7#ffffbff_013425#join_rhs/6@89f38368 with 50 rows and digest bfedc1u6tn2dkmhhuunq50b7a29.
[2026-01-21 06:10:59] (5s) Starting to evaluate predicate DataFlowImpl#6ed98661::Impl#DataFlowImpl1#bece54ca::Config#::Stage5Param::localStep#7#ffffbff_4012356#join_rhs/7@22a43cvn
[2026-01-21 06:10:59] (5s)  >>> Created relation DataFlowImpl#6ed98661::Impl#DataFlowImpl1#bece54ca::Config#::Stage5Param::localStep#7#ffffbff_4012356#join_rhs/7@22a43cvn with 50 rows and digest ddc5a6h236l1akvkdu7rrv49hgb.
[2026-01-21 06:10:59] (5s)  >>> Created relation project#DataFlowImpl#6ed98661::Impl#DataFlowImpl1#bece54ca::Config#::Stage5Param::localStep#7#ffffbff/3@6ee11dno with 5 rows and digest 0aeac1khkb5vm83ckrf350sjr2a.
[2026-01-21 06:10:59] Cachaca resolved layer: #7099 evaluator project#DataFlowImpl#6ed98661::Impl#DataFlowImpl1#bece54ca::Config#::Stage5Param::localStep#7#ffffbff/3@6ee11dno
[2026-01-21 06:10:59] (5s) Starting to evaluate predicate DataFlowImpl#6ed98661::Impl#DataFlowImpl1#bece54ca::Config#::MkStage#Stage4#::Stage#Stage5Param#::fwdFlowConsCand#3#fff/3@i1#e103c4wj (iteration 1)
[2026-01-21 06:10:59] (5s) Empty delta for DataFlowImpl#6ed98661::Impl#DataFlowImpl1#bece54ca::Config#::MkStage#Stage4#::Stage#Stage5Param#::fwdFlowConsCand#3#fff_delta (order for disjuncts: delta=<standard>).
[2026-01-21 06:10:59] (5s) Starting to evaluate predicate DataFlowImpl#6ed98661::Impl#DataFlowImpl1#bece54ca::Config#::MkStage#Stage4#::Stage#Stage5Param#::fwdFlowIsEntered#7#fffffff#reorder_2_5_6_0_1_3_4/7@i1#e103c3wj (iteration 1)
[2026-01-21 06:10:59] (5s) Empty delta for DataFlowImpl#6ed98661::Impl#DataFlowImpl1#bece54ca::Config#::MkStage#Stage4#::Stage#Stage5Param#::fwdFlowIsEntered#7#fffffff#reorder_2_5_6_0_1_3_4_delta (order for disjuncts: delta=<standard>).
[2026-01-21 06:10:59] (5s) Starting to evaluate predicate DataFlowImpl#6ed98661::Impl#DataFlowImpl1#bece54ca::Config#::MkStage#Stage4#::Stage#Stage5Param#::fwdFlowIn#9#fffffffff/9@i1#e103c2wj (iteration 1)
[2026-01-21 06:10:59] (5s) Empty delta for DataFlowImpl#6ed98661::Impl#DataFlowImpl1#bece54ca::Config#::MkStage#Stage4#::Stage#Stage5Param#::fwdFlowIn#9#fffffffff_delta (order for disjuncts: delta=<standard>).
[2026-01-21 06:10:59] (5s) Starting to evaluate predicate DataFlowImpl#6ed98661::Impl#DataFlowImpl1#bece54ca::Config#::MkStage#Stage4#::Stage#Stage5Param#::fwdFlowThrough#10#ffffffffff/10@i1#e103c1wj (iteration 1)
[2026-01-21 06:10:59] (5s) Empty delta for DataFlowImpl#6ed98661::Impl#DataFlowImpl1#bece54ca::Config#::MkStage#Stage4#::Stage#Stage5Param#::fwdFlowThrough#10#ffffffffff_delta (order for disjuncts: delta=<standard>).
[2026-01-21 06:10:59] (5s) Starting to evaluate predicate DataFlowImpl#6ed98661::Impl#DataFlowImpl1#bece54ca::Config#::MkStage#Stage4#::Stage#Stage5Param#::fwdFlow#7#fffffff/7@i1#e103c0wj (iteration 1)
[2026-01-21 06:10:59] (5s) Empty delta for DataFlowImpl#6ed98661::Impl#DataFlowImpl1#bece54ca::Config#::MkStage#Stage4#::Stage#Stage5Param#::fwdFlow#7#fffffff_delta (order for disjuncts: delta=<standard>).
[2026-01-21 06:10:59] (5s) Starting to evaluate predicate DataFlowImpl#6ed98661::Impl#DataFlowImpl1#bece54ca::Config#::MkStage#Stage4#::Stage#Stage5Param#::fwdFlow0#7#fffffff/7@i1#e103czqj (iteration 1)
[2026-01-21 06:10:59] (5s) 			 - DataFlowImpl#6ed98661::Impl#DataFlowImpl1#bece54ca::Config#::MkStage#Stage4#::Stage#Stage5Param#::fwdFlow0#7#fffffff_delta has 1 rows (order for disjuncts: delta=<standard>).
[2026-01-21 06:10:59] (5s) Starting to evaluate predicate DataFlowImpl#6ed98661::Impl#DataFlowImpl1#bece54ca::Config#::MkStage#Stage4#::Stage#Stage5Param#::fwdFlowStore#8#ffffffff/8@i1#e103cyqj (iteration 1)
[2026-01-21 06:10:59] (5s) Empty delta for DataFlowImpl#6ed98661::Impl#DataFlowImpl1#bece54ca::Config#::MkStage#Stage4#::Stage#Stage5Param#::fwdFlowStore#8#ffffffff_delta (order for disjuncts: delta=<standard>).
[2026-01-21 06:10:59] (5s) Starting to evaluate predicate DataFlowImpl#6ed98661::Impl#DataFlowImpl1#bece54ca::Config#::MkStage#Stage4#::Stage#Stage5Param#::fwdFlowRead#8#ffffffff/8@i1#e103cxqj (iteration 1)
[2026-01-21 06:10:59] (5s) Empty delta for DataFlowImpl#6ed98661::Impl#DataFlowImpl1#bece54ca::Config#::MkStage#Stage4#::Stage#Stage5Param#::fwdFlowRead#8#ffffffff_delta (order for disjuncts: delta=<standard>).
[2026-01-21 06:10:59] (5s) Starting to evaluate predicate DataFlowImpl#6ed98661::Impl#DataFlowImpl1#bece54ca::Config#::MkStage#Stage4#::Stage#Stage5Param#::fwdFlowRetFromArg#8#ffffffff#reorder_2_3_4_0_1_5_6_7/8@i1#e103cwqj (iteration 1)
[2026-01-21 06:10:59] (5s) Empty delta for DataFlowImpl#6ed98661::Impl#DataFlowImpl1#bece54ca::Config#::MkStage#Stage4#::Stage#Stage5Param#::fwdFlowRetFromArg#8#ffffffff#reorder_2_3_4_0_1_5_6_7_delta (order for disjuncts: delta=<standard>).
[2026-01-21 06:10:59] (5s) Empty delta for DataFlowImpl#6ed98661::Impl#DataFlowImpl1#bece54ca::Config#::MkStage#Stage4#::Stage#Stage5Param#::fwdFlowConsCand#3#fff_delta (order for disjuncts: delta=<standard>).
[2026-01-21 06:10:59] (5s) Empty delta for DataFlowImpl#6ed98661::Impl#DataFlowImpl1#bece54ca::Config#::MkStage#Stage4#::Stage#Stage5Param#::fwdFlowIsEntered#7#fffffff#reorder_2_5_6_0_1_3_4_delta (order for disjuncts: delta=<standard>).
[2026-01-21 06:10:59] (5s) Empty delta for DataFlowImpl#6ed98661::Impl#DataFlowImpl1#bece54ca::Config#::MkStage#Stage4#::Stage#Stage5Param#::fwdFlowIn#9#fffffffff_delta (order for disjuncts: delta=<standard>).
[2026-01-21 06:10:59] (5s) Empty delta for DataFlowImpl#6ed98661::Impl#DataFlowImpl1#bece54ca::Config#::MkStage#Stage4#::Stage#Stage5Param#::fwdFlowThrough#10#ffffffffff_delta (order for disjuncts: delta=<standard>).
[2026-01-21 06:10:59] (5s) Starting to evaluate predicate DataFlowImpl#6ed98661::Impl#DataFlowImpl1#bece54ca::Config#::MkStage#Stage4#::Stage#Stage5Param#::fwdFlow#7#fffffff/7@i2#e103c0wj (iteration 2)
[2026-01-21 06:10:59] (5s) 			 - DataFlowImpl#6ed98661::Impl#DataFlowImpl1#bece54ca::Config#::MkStage#Stage4#::Stage#Stage5Param#::fwdFlow#7#fffffff_delta has 1 rows (order for disjuncts: delta=500000).
[2026-01-21 06:10:59] (5s) Empty delta for DataFlowImpl#6ed98661::Impl#DataFlowImpl1#bece54ca::Config#::MkStage#Stage4#::Stage#Stage5Param#::fwdFlow0#7#fffffff_delta (order for disjuncts: delta=<standard>).
[2026-01-21 06:10:59] (5s) Empty delta for DataFlowImpl#6ed98661::Impl#DataFlowImpl1#bece54ca::Config#::MkStage#Stage4#::Stage#Stage5Param#::fwdFlowStore#8#ffffffff_delta (order for disjuncts: delta=<standard>).
[2026-01-21 06:10:59] (5s) Empty delta for DataFlowImpl#6ed98661::Impl#DataFlowImpl1#bece54ca::Config#::MkStage#Stage4#::Stage#Stage5Param#::fwdFlowRead#8#ffffffff_delta (order for disjuncts: delta=<standard>).
[2026-01-21 06:10:59] (5s) Empty delta for DataFlowImpl#6ed98661::Impl#DataFlowImpl1#bece54ca::Config#::MkStage#Stage4#::Stage#Stage5Param#::fwdFlowRetFromArg#8#ffffffff#reorder_2_3_4_0_1_5_6_7_delta (order for disjuncts: delta=<standard>).
[2026-01-21 06:10:59] (5s) Empty delta for DataFlowImpl#6ed98661::Impl#DataFlowImpl1#bece54ca::Config#::MkStage#Stage4#::Stage#Stage5Param#::fwdFlowConsCand#3#fff_delta (order for disjuncts: delta=<standard>).
[2026-01-21 06:10:59] (5s) Empty delta for DataFlowImpl#6ed98661::Impl#DataFlowImpl1#bece54ca::Config#::MkStage#Stage4#::Stage#Stage5Param#::fwdFlowIsEntered#7#fffffff#reorder_2_5_6_0_1_3_4_delta (order for disjuncts: delta=<standard>).
[2026-01-21 06:10:59] (5s) Starting to evaluate predicate DataFlowImpl#6ed98661::Impl#DataFlowImpl1#bece54ca::Config#::MkStage#Stage4#::Stage#Stage5Param#::fwdFlowIn#9#fffffffff/9@i3#e103c2wj (iteration 3)
[2026-01-21 06:10:59] (5s) Empty delta for DataFlowImpl#6ed98661::Impl#DataFlowImpl1#bece54ca::Config#::MkStage#Stage4#::Stage#Stage5Param#::fwdFlowIn#9#fffffffff_delta (order for disjuncts: delta=500000).
[2026-01-21 06:10:59] (5s) Empty delta for DataFlowImpl#6ed98661::Impl#DataFlowImpl1#bece54ca::Config#::MkStage#Stage4#::Stage#Stage5Param#::fwdFlowThrough#10#ffffffffff_delta (order for disjuncts: delta=<standard>).
[2026-01-21 06:10:59] (5s) Empty delta for DataFlowImpl#6ed98661::Impl#DataFlowImpl1#bece54ca::Config#::MkStage#Stage4#::Stage#Stage5Param#::fwdFlow#7#fffffff_delta (order for disjuncts: delta=500000).
[2026-01-21 06:10:59] (5s) Starting to evaluate predicate DataFlowImpl#6ed98661::Impl#DataFlowImpl1#bece54ca::Config#::MkStage#Stage4#::Stage#Stage5Param#::fwdFlow0#7#fffffff/7@i3#e103czqj (iteration 3)
[2026-01-21 06:10:59] (5s) 			 - DataFlowImpl#6ed98661::Impl#DataFlowImpl1#bece54ca::Config#::MkStage#Stage4#::Stage#Stage5Param#::fwdFlow0#7#fffffff_delta has 14 rows (order for disjuncts: delta=<standard>).
[2026-01-21 06:10:59] (5s) Starting to evaluate predicate DataFlowImpl#6ed98661::Impl#DataFlowImpl1#bece54ca::Config#::MkStage#Stage4#::Stage#Stage5Param#::fwdFlowStore#8#ffffffff/8@i3#e103cyqj (iteration 3)
[2026-01-21 06:10:59] (5s) Empty delta for DataFlowImpl#6ed98661::Impl#DataFlowImpl1#bece54ca::Config#::MkStage#Stage4#::Stage#Stage5Param#::fwdFlowStore#8#ffffffff_delta (order for disjuncts: delta=500000).
[2026-01-21 06:10:59] (5s) Starting to evaluate predicate DataFlowImpl#6ed98661::Impl#DataFlowImpl1#bece54ca::Config#::MkStage#Stage4#::Stage#Stage5Param#::fwdFlowRead#8#ffffffff/8@i3#e103cxqj (iteration 3)
[2026-01-21 06:10:59] (5s) Empty delta for DataFlowImpl#6ed98661::Impl#DataFlowImpl1#bece54ca::Config#::MkStage#Stage4#::Stage#Stage5Param#::fwdFlowRead#8#ffffffff_delta (order for disjuncts: delta=500000).
[2026-01-21 06:10:59] (5s) Starting to evaluate predicate DataFlowImpl#6ed98661::Impl#DataFlowImpl1#bece54ca::Config#::MkStage#Stage4#::Stage#Stage5Param#::fwdFlowRetFromArg#8#ffffffff#reorder_2_3_4_0_1_5_6_7/8@i3#e103cwqj (iteration 3)
[2026-01-21 06:10:59] (5s) Empty delta for DataFlowImpl#6ed98661::Impl#DataFlowImpl1#bece54ca::Config#::MkStage#Stage4#::Stage#Stage5Param#::fwdFlowRetFromArg#8#ffffffff#reorder_2_3_4_0_1_5_6_7_delta (order for disjuncts: delta=<standard>).
[2026-01-21 06:10:59] (5s) Empty delta for DataFlowImpl#6ed98661::Impl#DataFlowImpl1#bece54ca::Config#::MkStage#Stage4#::Stage#Stage5Param#::fwdFlowConsCand#3#fff_delta (order for disjuncts: delta=<standard>).
[2026-01-21 06:10:59] (5s) Empty delta for DataFlowImpl#6ed98661::Impl#DataFlowImpl1#bece54ca::Config#::MkStage#Stage4#::Stage#Stage5Param#::fwdFlowIsEntered#7#fffffff#reorder_2_5_6_0_1_3_4_delta (order for disjuncts: delta=<standard>).
[2026-01-21 06:10:59] (5s) Empty delta for DataFlowImpl#6ed98661::Impl#DataFlowImpl1#bece54ca::Config#::MkStage#Stage4#::Stage#Stage5Param#::fwdFlowIn#9#fffffffff_delta (order for disjuncts: delta=500000).
[2026-01-21 06:10:59] (5s) Empty delta for DataFlowImpl#6ed98661::Impl#DataFlowImpl1#bece54ca::Config#::MkStage#Stage4#::Stage#Stage5Param#::fwdFlowThrough#10#ffffffffff_delta (order for disjuncts: delta=<standard>).
[2026-01-21 06:10:59] (5s) Starting to evaluate predicate DataFlowImpl#6ed98661::Impl#DataFlowImpl1#bece54ca::Config#::MkStage#Stage4#::Stage#Stage5Param#::fwdFlow#7#fffffff/7@i4#e103c0wj (iteration 4)
[2026-01-21 06:10:59] (5s) 			 - DataFlowImpl#6ed98661::Impl#DataFlowImpl1#bece54ca::Config#::MkStage#Stage4#::Stage#Stage5Param#::fwdFlow#7#fffffff_delta has 13 rows (order for disjuncts: delta=500000).
[2026-01-21 06:10:59] (5s) Empty delta for DataFlowImpl#6ed98661::Impl#DataFlowImpl1#bece54ca::Config#::MkStage#Stage4#::Stage#Stage5Param#::fwdFlow0#7#fffffff_delta (order for disjuncts: delta=<standard>).
[2026-01-21 06:10:59] (5s) Empty delta for DataFlowImpl#6ed98661::Impl#DataFlowImpl1#bece54ca::Config#::MkStage#Stage4#::Stage#Stage5Param#::fwdFlowStore#8#ffffffff_delta (order for disjuncts: delta=500000).
[2026-01-21 06:10:59] (5s) Empty delta for DataFlowImpl#6ed98661::Impl#DataFlowImpl1#bece54ca::Config#::MkStage#Stage4#::Stage#Stage5Param#::fwdFlowRead#8#ffffffff_delta (order for disjuncts: delta=500000).
[2026-01-21 06:10:59] (5s) Empty delta for DataFlowImpl#6ed98661::Impl#DataFlowImpl1#bece54ca::Config#::MkStage#Stage4#::Stage#Stage5Param#::fwdFlowRetFromArg#8#ffffffff#reorder_2_3_4_0_1_5_6_7_delta (order for disjuncts: delta=<standard>).
[2026-01-21 06:10:59] (5s) Empty delta for DataFlowImpl#6ed98661::Impl#DataFlowImpl1#bece54ca::Config#::MkStage#Stage4#::Stage#Stage5Param#::fwdFlowConsCand#3#fff_delta (order for disjuncts: delta=<standard>).
[2026-01-21 06:10:59] (5s) Empty delta for DataFlowImpl#6ed98661::Impl#DataFlowImpl1#bece54ca::Config#::MkStage#Stage4#::Stage#Stage5Param#::fwdFlowIsEntered#7#fffffff#reorder_2_5_6_0_1_3_4_delta (order for disjuncts: delta=<standard>).
[2026-01-21 06:10:59] (5s) Starting to evaluate predicate DataFlowImpl#6ed98661::Impl#DataFlowImpl1#bece54ca::Config#::MkStage#Stage4#::Stage#Stage5Param#::fwdFlowIn#9#fffffffff/9@i5#e103c2wj (iteration 5)
[2026-01-21 06:10:59] (5s) Empty delta for DataFlowImpl#6ed98661::Impl#DataFlowImpl1#bece54ca::Config#::MkStage#Stage4#::Stage#Stage5Param#::fwdFlowIn#9#fffffffff_delta (order for disjuncts: delta=500000).
[2026-01-21 06:10:59] (5s) Empty delta for DataFlowImpl#6ed98661::Impl#DataFlowImpl1#bece54ca::Config#::MkStage#Stage4#::Stage#Stage5Param#::fwdFlowThrough#10#ffffffffff_delta (order for disjuncts: delta=<standard>).
[2026-01-21 06:10:59] (5s) Empty delta for DataFlowImpl#6ed98661::Impl#DataFlowImpl1#bece54ca::Config#::MkStage#Stage4#::Stage#Stage5Param#::fwdFlow#7#fffffff_delta (order for disjuncts: delta=500000).
[2026-01-21 06:10:59] (5s) Starting to evaluate predicate DataFlowImpl#6ed98661::Impl#DataFlowImpl1#bece54ca::Config#::MkStage#Stage4#::Stage#Stage5Param#::fwdFlow0#7#fffffff/7@i5#e103czqj (iteration 5)
[2026-01-21 06:10:59] (5s) Empty delta for DataFlowImpl#6ed98661::Impl#DataFlowImpl1#bece54ca::Config#::MkStage#Stage4#::Stage#Stage5Param#::fwdFlow0#7#fffffff_delta (order for disjuncts: delta=<standard>).
[2026-01-21 06:10:59] (5s) Starting to evaluate predicate DataFlowImpl#6ed98661::Impl#DataFlowImpl1#bece54ca::Config#::MkStage#Stage4#::Stage#Stage5Param#::fwdFlowStore#8#ffffffff/8@i5#e103cyqj (iteration 5)
[2026-01-21 06:10:59] (5s) 			 - DataFlowImpl#6ed98661::Impl#DataFlowImpl1#bece54ca::Config#::MkStage#Stage4#::Stage#Stage5Param#::fwdFlowStore#8#ffffffff_delta has 1 rows (order for disjuncts: delta=500000).
[2026-01-21 06:10:59] (5s) Starting to evaluate predicate DataFlowImpl#6ed98661::Impl#DataFlowImpl1#bece54ca::Config#::MkStage#Stage4#::Stage#Stage5Param#::fwdFlowRead#8#ffffffff/8@i5#e103cxqj (iteration 5)
[2026-01-21 06:10:59] (5s) Empty delta for DataFlowImpl#6ed98661::Impl#DataFlowImpl1#bece54ca::Config#::MkStage#Stage4#::Stage#Stage5Param#::fwdFlowRead#8#ffffffff_delta (order for disjuncts: delta=500000).
[2026-01-21 06:10:59] (5s) Starting to evaluate predicate DataFlowImpl#6ed98661::Impl#DataFlowImpl1#bece54ca::Config#::MkStage#Stage4#::Stage#Stage5Param#::fwdFlowRetFromArg#8#ffffffff#reorder_2_3_4_0_1_5_6_7/8@i5#e103cwqj (iteration 5)
[2026-01-21 06:10:59] (5s) Empty delta for DataFlowImpl#6ed98661::Impl#DataFlowImpl1#bece54ca::Config#::MkStage#Stage4#::Stage#Stage5Param#::fwdFlowRetFromArg#8#ffffffff#reorder_2_3_4_0_1_5_6_7_delta (order for disjuncts: delta=<standard>).
[2026-01-21 06:10:59] (5s) Starting to evaluate predicate DataFlowImpl#6ed98661::Impl#DataFlowImpl1#bece54ca::Config#::MkStage#Stage4#::Stage#Stage5Param#::fwdFlowConsCand#3#fff/3@i6#e103c4wj (iteration 6)
[2026-01-21 06:10:59] (5s) 			 - DataFlowImpl#6ed98661::Impl#DataFlowImpl1#bece54ca::Config#::MkStage#Stage4#::Stage#Stage5Param#::fwdFlowConsCand#3#fff_delta has 1 rows (order for disjuncts: delta=500000).
[2026-01-21 06:10:59] (5s) Empty delta for DataFlowImpl#6ed98661::Impl#DataFlowImpl1#bece54ca::Config#::MkStage#Stage4#::Stage#Stage5Param#::fwdFlowIsEntered#7#fffffff#reorder_2_5_6_0_1_3_4_delta (order for disjuncts: delta=<standard>).
[2026-01-21 06:10:59] (5s) Empty delta for DataFlowImpl#6ed98661::Impl#DataFlowImpl1#bece54ca::Config#::MkStage#Stage4#::Stage#Stage5Param#::fwdFlowIn#9#fffffffff_delta (order for disjuncts: delta=500000).
[2026-01-21 06:10:59] (5s) Empty delta for DataFlowImpl#6ed98661::Impl#DataFlowImpl1#bece54ca::Config#::MkStage#Stage4#::Stage#Stage5Param#::fwdFlowThrough#10#ffffffffff_delta (order for disjuncts: delta=<standard>).
[2026-01-21 06:10:59] (5s) Empty delta for DataFlowImpl#6ed98661::Impl#DataFlowImpl1#bece54ca::Config#::MkStage#Stage4#::Stage#Stage5Param#::fwdFlow#7#fffffff_delta (order for disjuncts: delta=500000).
[2026-01-21 06:10:59] (5s) Starting to evaluate predicate DataFlowImpl#6ed98661::Impl#DataFlowImpl1#bece54ca::Config#::MkStage#Stage4#::Stage#Stage5Param#::fwdFlow0#7#fffffff/7@i6#e103czqj (iteration 6)
[2026-01-21 06:10:59] (5s) 			 - DataFlowImpl#6ed98661::Impl#DataFlowImpl1#bece54ca::Config#::MkStage#Stage4#::Stage#Stage5Param#::fwdFlow0#7#fffffff_delta has 1 rows (order for disjuncts: delta=<standard>).
[2026-01-21 06:10:59] (5s) Empty delta for DataFlowImpl#6ed98661::Impl#DataFlowImpl1#bece54ca::Config#::MkStage#Stage4#::Stage#Stage5Param#::fwdFlowStore#8#ffffffff_delta (order for disjuncts: delta=500000).
[2026-01-21 06:10:59] (5s) Empty delta for DataFlowImpl#6ed98661::Impl#DataFlowImpl1#bece54ca::Config#::MkStage#Stage4#::Stage#Stage5Param#::fwdFlowRead#8#ffffffff_delta (order for disjuncts: delta=500000).
[2026-01-21 06:10:59] (5s) Empty delta for DataFlowImpl#6ed98661::Impl#DataFlowImpl1#bece54ca::Config#::MkStage#Stage4#::Stage#Stage5Param#::fwdFlowRetFromArg#8#ffffffff#reorder_2_3_4_0_1_5_6_7_delta (order for disjuncts: delta=<standard>).
[2026-01-21 06:10:59] (5s) Empty delta for DataFlowImpl#6ed98661::Impl#DataFlowImpl1#bece54ca::Config#::MkStage#Stage4#::Stage#Stage5Param#::fwdFlowConsCand#3#fff_delta (order for disjuncts: delta=500000).
[2026-01-21 06:10:59] (5s) Empty delta for DataFlowImpl#6ed98661::Impl#DataFlowImpl1#bece54ca::Config#::MkStage#Stage4#::Stage#Stage5Param#::fwdFlowIsEntered#7#fffffff#reorder_2_5_6_0_1_3_4_delta (order for disjuncts: delta=<standard>).
[2026-01-21 06:10:59] (5s) Empty delta for DataFlowImpl#6ed98661::Impl#DataFlowImpl1#bece54ca::Config#::MkStage#Stage4#::Stage#Stage5Param#::fwdFlowIn#9#fffffffff_delta (order for disjuncts: delta=500000).
[2026-01-21 06:10:59] (5s) Empty delta for DataFlowImpl#6ed98661::Impl#DataFlowImpl1#bece54ca::Config#::MkStage#Stage4#::Stage#Stage5Param#::fwdFlowThrough#10#ffffffffff_delta (order for disjuncts: delta=<standard>).
[2026-01-21 06:10:59] (5s) Starting to evaluate predicate DataFlowImpl#6ed98661::Impl#DataFlowImpl1#bece54ca::Config#::MkStage#Stage4#::Stage#Stage5Param#::fwdFlow#7#fffffff/7@i7#e103c0wj (iteration 7)
[2026-01-21 06:10:59] (5s) 			 - DataFlowImpl#6ed98661::Impl#DataFlowImpl1#bece54ca::Config#::MkStage#Stage4#::Stage#Stage5Param#::fwdFlow#7#fffffff_delta has 1 rows (order for disjuncts: delta=500000).
[2026-01-21 06:10:59] (5s) Starting to evaluate predicate DataFlowImpl#6ed98661::Impl#DataFlowImpl1#bece54ca::Config#::MkStage#Stage4#::Stage#Stage5Param#::fwdFlow0#7#fffffff/7@i7#e103czqj (iteration 7)
[2026-01-21 06:10:59] (5s) Empty delta for DataFlowImpl#6ed98661::Impl#DataFlowImpl1#bece54ca::Config#::MkStage#Stage4#::Stage#Stage5Param#::fwdFlow0#7#fffffff_delta (order for disjuncts: delta=<standard>).
[2026-01-21 06:10:59] (5s) Empty delta for DataFlowImpl#6ed98661::Impl#DataFlowImpl1#bece54ca::Config#::MkStage#Stage4#::Stage#Stage5Param#::fwdFlowStore#8#ffffffff_delta (order for disjuncts: delta=500000).
[2026-01-21 06:10:59] (5s) Empty delta for DataFlowImpl#6ed98661::Impl#DataFlowImpl1#bece54ca::Config#::MkStage#Stage4#::Stage#Stage5Param#::fwdFlowRead#8#ffffffff_delta (order for disjuncts: delta=500000).
[2026-01-21 06:10:59] (5s) Empty delta for DataFlowImpl#6ed98661::Impl#DataFlowImpl1#bece54ca::Config#::MkStage#Stage4#::Stage#Stage5Param#::fwdFlowRetFromArg#8#ffffffff#reorder_2_3_4_0_1_5_6_7_delta (order for disjuncts: delta=<standard>).
[2026-01-21 06:10:59] (5s) Empty delta for DataFlowImpl#6ed98661::Impl#DataFlowImpl1#bece54ca::Config#::MkStage#Stage4#::Stage#Stage5Param#::fwdFlowConsCand#3#fff_delta (order for disjuncts: delta=500000).
[2026-01-21 06:10:59] (5s) Empty delta for DataFlowImpl#6ed98661::Impl#DataFlowImpl1#bece54ca::Config#::MkStage#Stage4#::Stage#Stage5Param#::fwdFlowIsEntered#7#fffffff#reorder_2_5_6_0_1_3_4_delta (order for disjuncts: delta=<standard>).
[2026-01-21 06:10:59] (5s) Starting to evaluate predicate DataFlowImpl#6ed98661::Impl#DataFlowImpl1#bece54ca::Config#::MkStage#Stage4#::Stage#Stage5Param#::fwdFlowIn#9#fffffffff/9@i8#e103c2wj (iteration 8)
[2026-01-21 06:10:59] (5s) Empty delta for DataFlowImpl#6ed98661::Impl#DataFlowImpl1#bece54ca::Config#::MkStage#Stage4#::Stage#Stage5Param#::fwdFlowIn#9#fffffffff_delta (order for disjuncts: delta=500000).
[2026-01-21 06:10:59] (5s) Empty delta for DataFlowImpl#6ed98661::Impl#DataFlowImpl1#bece54ca::Config#::MkStage#Stage4#::Stage#Stage5Param#::fwdFlowThrough#10#ffffffffff_delta (order for disjuncts: delta=<standard>).
[2026-01-21 06:10:59] (5s) Empty delta for DataFlowImpl#6ed98661::Impl#DataFlowImpl1#bece54ca::Config#::MkStage#Stage4#::Stage#Stage5Param#::fwdFlow#7#fffffff_delta (order for disjuncts: delta=500000).
[2026-01-21 06:10:59] (5s) Starting to evaluate predicate DataFlowImpl#6ed98661::Impl#DataFlowImpl1#bece54ca::Config#::MkStage#Stage4#::Stage#Stage5Param#::fwdFlow0#7#fffffff/7@i8#e103czqj (iteration 8)
[2026-01-21 06:10:59] (5s) 			 - DataFlowImpl#6ed98661::Impl#DataFlowImpl1#bece54ca::Config#::MkStage#Stage4#::Stage#Stage5Param#::fwdFlow0#7#fffffff_delta has 4 rows (order for disjuncts: delta=<standard>).
[2026-01-21 06:10:59] (5s) Starting to evaluate predicate DataFlowImpl#6ed98661::Impl#DataFlowImpl1#bece54ca::Config#::MkStage#Stage4#::Stage#Stage5Param#::fwdFlowStore#8#ffffffff/8@i8#e103cyqj (iteration 8)
[2026-01-21 06:10:59] (5s) Empty delta for DataFlowImpl#6ed98661::Impl#DataFlowImpl1#bece54ca::Config#::MkStage#Stage4#::Stage#Stage5Param#::fwdFlowStore#8#ffffffff_delta (order for disjuncts: delta=500000).
[2026-01-21 06:10:59] (5s) Starting to evaluate predicate DataFlowImpl#6ed98661::Impl#DataFlowImpl1#bece54ca::Config#::MkStage#Stage4#::Stage#Stage5Param#::fwdFlowRead#8#ffffffff/8@i8#e103cxqj (iteration 8)
[2026-01-21 06:10:59] (5s) Empty delta for DataFlowImpl#6ed98661::Impl#DataFlowImpl1#bece54ca::Config#::MkStage#Stage4#::Stage#Stage5Param#::fwdFlowRead#8#ffffffff_delta (order for disjuncts: delta=500000).
[2026-01-21 06:10:59] (5s) Starting to evaluate predicate DataFlowImpl#6ed98661::Impl#DataFlowImpl1#bece54ca::Config#::MkStage#Stage4#::Stage#Stage5Param#::fwdFlowRetFromArg#8#ffffffff#reorder_2_3_4_0_1_5_6_7/8@i8#e103cwqj (iteration 8)
[2026-01-21 06:10:59] (5s) Empty delta for DataFlowImpl#6ed98661::Impl#DataFlowImpl1#bece54ca::Config#::MkStage#Stage4#::Stage#Stage5Param#::fwdFlowRetFromArg#8#ffffffff#reorder_2_3_4_0_1_5_6_7_delta (order for disjuncts: delta=<standard>).
[2026-01-21 06:10:59] (5s) Empty delta for DataFlowImpl#6ed98661::Impl#DataFlowImpl1#bece54ca::Config#::MkStage#Stage4#::Stage#Stage5Param#::fwdFlowConsCand#3#fff_delta (order for disjuncts: delta=500000).
[2026-01-21 06:10:59] (5s) Empty delta for DataFlowImpl#6ed98661::Impl#DataFlowImpl1#bece54ca::Config#::MkStage#Stage4#::Stage#Stage5Param#::fwdFlowIsEntered#7#fffffff#reorder_2_5_6_0_1_3_4_delta (order for disjuncts: delta=<standard>).
[2026-01-21 06:10:59] (5s) Empty delta for DataFlowImpl#6ed98661::Impl#DataFlowImpl1#bece54ca::Config#::MkStage#Stage4#::Stage#Stage5Param#::fwdFlowIn#9#fffffffff_delta (order for disjuncts: delta=500000).
[2026-01-21 06:10:59] (5s) Empty delta for DataFlowImpl#6ed98661::Impl#DataFlowImpl1#bece54ca::Config#::MkStage#Stage4#::Stage#Stage5Param#::fwdFlowThrough#10#ffffffffff_delta (order for disjuncts: delta=<standard>).
[2026-01-21 06:10:59] (5s) Starting to evaluate predicate DataFlowImpl#6ed98661::Impl#DataFlowImpl1#bece54ca::Config#::MkStage#Stage4#::Stage#Stage5Param#::fwdFlow#7#fffffff/7@i9#e103c0wj (iteration 9)
[2026-01-21 06:10:59] (5s) 			 - DataFlowImpl#6ed98661::Impl#DataFlowImpl1#bece54ca::Config#::MkStage#Stage4#::Stage#Stage5Param#::fwdFlow#7#fffffff_delta has 1 rows (order for disjuncts: delta=500000).
[2026-01-21 06:10:59] (5s) Empty delta for DataFlowImpl#6ed98661::Impl#DataFlowImpl1#bece54ca::Config#::MkStage#Stage4#::Stage#Stage5Param#::fwdFlow0#7#fffffff_delta (order for disjuncts: delta=<standard>).
[2026-01-21 06:10:59] (5s) Empty delta for DataFlowImpl#6ed98661::Impl#DataFlowImpl1#bece54ca::Config#::MkStage#Stage4#::Stage#Stage5Param#::fwdFlowStore#8#ffffffff_delta (order for disjuncts: delta=500000).
[2026-01-21 06:10:59] (5s) Empty delta for DataFlowImpl#6ed98661::Impl#DataFlowImpl1#bece54ca::Config#::MkStage#Stage4#::Stage#Stage5Param#::fwdFlowRead#8#ffffffff_delta (order for disjuncts: delta=500000).
[2026-01-21 06:10:59] (5s) Empty delta for DataFlowImpl#6ed98661::Impl#DataFlowImpl1#bece54ca::Config#::MkStage#Stage4#::Stage#Stage5Param#::fwdFlowRetFromArg#8#ffffffff#reorder_2_3_4_0_1_5_6_7_delta (order for disjuncts: delta=<standard>).
[2026-01-21 06:10:59] (5s) Empty delta for DataFlowImpl#6ed98661::Impl#DataFlowImpl1#bece54ca::Config#::MkStage#Stage4#::Stage#Stage5Param#::fwdFlowConsCand#3#fff_delta (order for disjuncts: delta=500000).
[2026-01-21 06:10:59] (5s) Empty delta for DataFlowImpl#6ed98661::Impl#DataFlowImpl1#bece54ca::Config#::MkStage#Stage4#::Stage#Stage5Param#::fwdFlowIsEntered#7#fffffff#reorder_2_5_6_0_1_3_4_delta (order for disjuncts: delta=<standard>).
[2026-01-21 06:10:59] (5s) Starting to evaluate predicate DataFlowImpl#6ed98661::Impl#DataFlowImpl1#bece54ca::Config#::MkStage#Stage4#::Stage#Stage5Param#::fwdFlowIn#9#fffffffff/9@i10#e103c2wj (iteration 10)
[2026-01-21 06:10:59] (5s) Empty delta for DataFlowImpl#6ed98661::Impl#DataFlowImpl1#bece54ca::Config#::MkStage#Stage4#::Stage#Stage5Param#::fwdFlowIn#9#fffffffff_delta (order for disjuncts: delta=500000).
[2026-01-21 06:10:59] (5s) Empty delta for DataFlowImpl#6ed98661::Impl#DataFlowImpl1#bece54ca::Config#::MkStage#Stage4#::Stage#Stage5Param#::fwdFlowThrough#10#ffffffffff_delta (order for disjuncts: delta=<standard>).
[2026-01-21 06:10:59] (5s) Empty delta for DataFlowImpl#6ed98661::Impl#DataFlowImpl1#bece54ca::Config#::MkStage#Stage4#::Stage#Stage5Param#::fwdFlow#7#fffffff_delta (order for disjuncts: delta=500000).
[2026-01-21 06:10:59] (5s) Starting to evaluate predicate DataFlowImpl#6ed98661::Impl#DataFlowImpl1#bece54ca::Config#::MkStage#Stage4#::Stage#Stage5Param#::fwdFlow0#7#fffffff/7@i10#e103czqj (iteration 10)
[2026-01-21 06:10:59] (5s) Empty delta for DataFlowImpl#6ed98661::Impl#DataFlowImpl1#bece54ca::Config#::MkStage#Stage4#::Stage#Stage5Param#::fwdFlow0#7#fffffff_delta (order for disjuncts: delta=<standard>).
[2026-01-21 06:10:59] (5s) Starting to evaluate predicate DataFlowImpl#6ed98661::Impl#DataFlowImpl1#bece54ca::Config#::MkStage#Stage4#::Stage#Stage5Param#::fwdFlowStore#8#ffffffff/8@i10#e103cyqj (iteration 10)
[2026-01-21 06:10:59] (5s) Empty delta for DataFlowImpl#6ed98661::Impl#DataFlowImpl1#bece54ca::Config#::MkStage#Stage4#::Stage#Stage5Param#::fwdFlowStore#8#ffffffff_delta (order for disjuncts: delta=500000).
[2026-01-21 06:10:59] (5s) Starting to evaluate predicate DataFlowImpl#6ed98661::Impl#DataFlowImpl1#bece54ca::Config#::MkStage#Stage4#::Stage#Stage5Param#::fwdFlowRead#8#ffffffff/8@i10#e103cxqj (iteration 10)
[2026-01-21 06:10:59] (5s) 			 - DataFlowImpl#6ed98661::Impl#DataFlowImpl1#bece54ca::Config#::MkStage#Stage4#::Stage#Stage5Param#::fwdFlowRead#8#ffffffff_delta has 1 rows (order for disjuncts: delta=500000).
[2026-01-21 06:10:59] (5s) Starting to evaluate predicate DataFlowImpl#6ed98661::Impl#DataFlowImpl1#bece54ca::Config#::MkStage#Stage4#::Stage#Stage5Param#::fwdFlowRetFromArg#8#ffffffff#reorder_2_3_4_0_1_5_6_7/8@i10#e103cwqj (iteration 10)
[2026-01-21 06:10:59] (5s) Empty delta for DataFlowImpl#6ed98661::Impl#DataFlowImpl1#bece54ca::Config#::MkStage#Stage4#::Stage#Stage5Param#::fwdFlowRetFromArg#8#ffffffff#reorder_2_3_4_0_1_5_6_7_delta (order for disjuncts: delta=<standard>).
[2026-01-21 06:10:59] (5s) Empty delta for DataFlowImpl#6ed98661::Impl#DataFlowImpl1#bece54ca::Config#::MkStage#Stage4#::Stage#Stage5Param#::fwdFlowConsCand#3#fff_delta (order for disjuncts: delta=500000).
[2026-01-21 06:10:59] (5s) Empty delta for DataFlowImpl#6ed98661::Impl#DataFlowImpl1#bece54ca::Config#::MkStage#Stage4#::Stage#Stage5Param#::fwdFlowIsEntered#7#fffffff#reorder_2_5_6_0_1_3_4_delta (order for disjuncts: delta=<standard>).
[2026-01-21 06:10:59] (5s) Empty delta for DataFlowImpl#6ed98661::Impl#DataFlowImpl1#bece54ca::Config#::MkStage#Stage4#::Stage#Stage5Param#::fwdFlowIn#9#fffffffff_delta (order for disjuncts: delta=500000).
[2026-01-21 06:10:59] (5s) Empty delta for DataFlowImpl#6ed98661::Impl#DataFlowImpl1#bece54ca::Config#::MkStage#Stage4#::Stage#Stage5Param#::fwdFlowThrough#10#ffffffffff_delta (order for disjuncts: delta=<standard>).
[2026-01-21 06:10:59] (5s) Empty delta for DataFlowImpl#6ed98661::Impl#DataFlowImpl1#bece54ca::Config#::MkStage#Stage4#::Stage#Stage5Param#::fwdFlow#7#fffffff_delta (order for disjuncts: delta=500000).
[2026-01-21 06:10:59] (5s) Starting to evaluate predicate DataFlowImpl#6ed98661::Impl#DataFlowImpl1#bece54ca::Config#::MkStage#Stage4#::Stage#Stage5Param#::fwdFlow0#7#fffffff/7@i11#e103czqj (iteration 11)
[2026-01-21 06:10:59] (5s) Empty delta for DataFlowImpl#6ed98661::Impl#DataFlowImpl1#bece54ca::Config#::MkStage#Stage4#::Stage#Stage5Param#::fwdFlow0#7#fffffff_delta (order for disjuncts: delta=<standard>).
[2026-01-21 06:10:59] (5s) Empty delta for DataFlowImpl#6ed98661::Impl#DataFlowImpl1#bece54ca::Config#::MkStage#Stage4#::Stage#Stage5Param#::fwdFlowStore#8#ffffffff_delta (order for disjuncts: delta=500000).
[2026-01-21 06:10:59] (5s) Empty delta for DataFlowImpl#6ed98661::Impl#DataFlowImpl1#bece54ca::Config#::MkStage#Stage4#::Stage#Stage5Param#::fwdFlowRead#8#ffffffff_delta (order for disjuncts: delta=500000).
[2026-01-21 06:10:59] (5s) Empty delta for DataFlowImpl#6ed98661::Impl#DataFlowImpl1#bece54ca::Config#::MkStage#Stage4#::Stage#Stage5Param#::fwdFlowRetFromArg#8#ffffffff#reorder_2_3_4_0_1_5_6_7_delta (order for disjuncts: delta=<standard>).
[2026-01-21 06:10:59] (5s) Accumulating deltas
[2026-01-21 06:10:59] (5s)  >>> Created relation DataFlowImpl#6ed98661::Impl#DataFlowImpl1#bece54ca::Config#::MkStage#Stage4#::Stage#Stage5Param#::fwdFlowRetFromArg#8#ffffffff#reorder_2_3_4_0_1_5_6_7/8@e103cwqj with 0 rows and digest THIS-RELATION-HAS-NO-TUPLES.
[2026-01-21 06:10:59] (5s)  >>> Created relation DataFlowImpl#6ed98661::Impl#DataFlowImpl1#bece54ca::Config#::MkStage#Stage4#::Stage#Stage5Param#::fwdFlowRead#8#ffffffff/8@e103cxqj with 1 rows and digest d062b37u30eombbdndua2l279s0.
[2026-01-21 06:10:59] (5s)  >>> Created relation DataFlowImpl#6ed98661::Impl#DataFlowImpl1#bece54ca::Config#::MkStage#Stage4#::Stage#Stage5Param#::fwdFlowStore#8#ffffffff/8@e103cyqj with 1 rows and digest adb107e4tqmdlmm5t5ajm65834f.
[2026-01-21 06:10:59] (5s)  >>> Created relation DataFlowImpl#6ed98661::Impl#DataFlowImpl1#bece54ca::Config#::MkStage#Stage4#::Stage#Stage5Param#::fwdFlow0#7#fffffff/7@e103czqj with 20 rows and digest 515b7aga6qiiubc4s9cqom0nen5.
[2026-01-21 06:10:59] (5s)  >>> Created relation DataFlowImpl#6ed98661::Impl#DataFlowImpl1#bece54ca::Config#::MkStage#Stage4#::Stage#Stage5Param#::fwdFlow#7#fffffff/7@e103c0wj with 16 rows and digest 763de824cipsm5bqbd5s68f9blb.
[2026-01-21 06:10:59] (5s)  >>> Created relation DataFlowImpl#6ed98661::Impl#DataFlowImpl1#bece54ca::Config#::MkStage#Stage4#::Stage#Stage5Param#::fwdFlowThrough#10#ffffffffff/10@e103c1wj with 0 rows and digest THIS-RELATION-HAS-NO-TUPLES.
[2026-01-21 06:10:59] (5s)  >>> Created relation DataFlowImpl#6ed98661::Impl#DataFlowImpl1#bece54ca::Config#::MkStage#Stage4#::Stage#Stage5Param#::fwdFlowIn#9#fffffffff/9@e103c2wj with 0 rows and digest THIS-RELATION-HAS-NO-TUPLES.
[2026-01-21 06:10:59] (5s)  >>> Created relation DataFlowImpl#6ed98661::Impl#DataFlowImpl1#bece54ca::Config#::MkStage#Stage4#::Stage#Stage5Param#::fwdFlowIsEntered#7#fffffff#reorder_2_5_6_0_1_3_4/7@e103c3wj with 0 rows and digest THIS-RELATION-HAS-NO-TUPLES.
[2026-01-21 06:10:59] (5s)  >>> Created relation DataFlowImpl#6ed98661::Impl#DataFlowImpl1#bece54ca::Config#::MkStage#Stage4#::Stage#Stage5Param#::fwdFlowConsCand#3#fff/3@e103c4wj with 1 rows and digest 4dc017qo8i7a2qrdg6uq92v3ol0.
[2026-01-21 06:10:59] (5s) Starting to evaluate predicate project#DataFlowImpl#6ed98661::Impl#DataFlowImpl1#bece54ca::Config#::MkStage#Stage4#::Stage#Stage5Param#::fwdFlow#7#fffffff#2/3@1172b5eu
[2026-01-21 06:10:59] (5s)  >>> Created relation project#DataFlowImpl#6ed98661::Impl#DataFlowImpl1#bece54ca::Config#::MkStage#Stage4#::Stage#Stage5Param#::fwdFlow#7#fffffff#2/3@1172b5eu with 16 rows and digest 1a416aau544plmvar602hma6st1.
[2026-01-21 06:10:59] (5s)  >>> Created relation _DataFlowImplCommon#6f4b4818::Cached::TReturnCtxNone#f_num#DataFlowImpl#6ed98661::Impl#DataFlowImpl1__#join_rhs/2@e8b753r9 with 1 rows and digest 3557295s01c2e6rlm01uv27d50d.
[2026-01-21 06:10:59] Cachaca resolved layer: #7148 evaluator _DataFlowImplCommon#6f4b4818::Cached::TReturnCtxNone#f_num#DataFlowImpl#6ed98661::Impl#DataFlowImpl1__#join_rhs/2@e8b753r9
[2026-01-21 06:10:59] (5s)  >>> Created relation __DataFlowImplCommon#6f4b4818::Cached::TReturnCtxNone#f_num#DataFlowImpl#6ed98661::Impl#DataFlowImpl__#join_rhs/3@1098eaeg with 3508 rows and digest d36d55t39k78i24bgothb0mlci5.
[2026-01-21 06:10:59] Cachaca resolved layer: #7150 evaluator __DataFlowImplCommon#6f4b4818::Cached::TReturnCtxNone#f_num#DataFlowImpl#6ed98661::Impl#DataFlowImpl__#join_rhs/3@1098eaeg
[2026-01-21 06:10:59] (5s)  >>> Created relation project#DataFlowImpl#6ed98661::Impl#DataFlowImpl1#bece54ca::Config#::Stage5Param::localStep#7#ffffbff#3/3@a4cae85s with 45 rows and digest 4282d1tvd8jbrtmksdke6m9lrua.
[2026-01-21 06:10:59] Cachaca resolved layer: #7152 evaluator project#DataFlowImpl#6ed98661::Impl#DataFlowImpl1#bece54ca::Config#::Stage5Param::localStep#7#ffffbff#3/3@a4cae85s
[2026-01-21 06:10:59] (5s) Starting to evaluate predicate project#DataFlowImpl#6ed98661::Impl#DataFlowImpl1#bece54ca::Config#::MkStage#Stage4#::Stage#Stage5Param#::fwdFlow#7#fffffff#2_201#join_rhs/3@29a19ac8
[2026-01-21 06:10:59] (5s)  >>> Created relation project#DataFlowImpl#6ed98661::Impl#DataFlowImpl1#bece54ca::Config#::MkStage#Stage4#::Stage#Stage5Param#::fwdFlow#7#fffffff#2_201#join_rhs/3@29a19ac8 with 16 rows and digest d99970qss4v4h7rlsurr0ojn225.
[2026-01-21 06:10:59] (5s) Starting to evaluate predicate _num#DataFlowImpl#6ed98661::Impl#DataFlowImpl1#bece54ca::Config#::TNil#ff_1#join_rhs_project#DataFlo__#join_rhs/5@4b86bf68
[2026-01-21 06:10:59] (5s)  >>> Created relation _num#DataFlowImpl#6ed98661::Impl#DataFlowImpl1#bece54ca::Config#::TNil#ff_1#join_rhs_project#DataFlo__#join_rhs/5@4b86bf68 with 30 rows and digest 7f92e2ag988e3fcge3h6c0d3a9d.
[2026-01-21 06:10:59] (5s)  >>> Created relation project#DataFlowImpl#6ed98661::Impl#DataFlowImpl1#bece54ca::Config#::Stage5Param::localStep#7#ffffbff_210#join_rhs/3@347e6bee with 5 rows and digest 3a4ba1h35fstk412arflud3m7t5.
[2026-01-21 06:10:59] Cachaca resolved layer: #7158 evaluator project#DataFlowImpl#6ed98661::Impl#DataFlowImpl1#bece54ca::Config#::Stage5Param::localStep#7#ffffbff_210#join_rhs/3@347e6bee
[2026-01-21 06:10:59] (5s) Starting to evaluate predicate project#DataFlowImpl#6ed98661::Impl#DataFlowImpl1#bece54ca::Config#::MkStage#Stage4#::Stage#Stage5Param#::fwdFlow#7#fffffff#3/2@25e908bv
[2026-01-21 06:10:59] (5s)  >>> Created relation project#DataFlowImpl#6ed98661::Impl#DataFlowImpl1#bece54ca::Config#::MkStage#Stage4#::Stage#Stage5Param#::fwdFlow#7#fffffff#3/2@25e908bv with 16 rows and digest fa750ajdpecbsacfd9cd1jnt39d.
[2026-01-21 06:10:59] (5s)  >>> Created relation project#DataFlowImpl#6ed98661::Impl#DataFlowImpl1#bece54ca::Config#::Stage5Param::localStep#7#ffffbff#3_120#join_rhs/3@94a3819h with 45 rows and digest ae29defafgv87luebv64du8u246.
[2026-01-21 06:10:59] Cachaca resolved layer: #7162 evaluator project#DataFlowImpl#6ed98661::Impl#DataFlowImpl1#bece54ca::Config#::Stage5Param::localStep#7#ffffbff#3_120#join_rhs/3@94a3819h
[2026-01-21 06:10:59] (5s) Starting to evaluate predicate project#DataFlowImpl#6ed98661::Impl#DataFlowImpl1#bece54ca::Config#::MkStage#Stage4#::Stage#Stage5Param#::fwdFlowRead#8#ffffffff/4@76f95dnu
[2026-01-21 06:10:59] (5s)  >>> Created relation project#DataFlowImpl#6ed98661::Impl#DataFlowImpl1#bece54ca::Config#::MkStage#Stage4#::Stage#Stage5Param#::fwdFlowRead#8#ffffffff/4@76f95dnu with 1 rows and digest fe19673umspd412ske9vasgdgkc.
[2026-01-21 06:10:59] (5s)  >>> Created relation DataFlowImpl#6ed98661::Impl#DataFlowImpl1#bece54ca::Config#::MkStage#Stage4#::Stage#Stage5Param#::readStepFwd#5#fffff/5@68f25bv3 with 1 rows and digest 413956vm2pn62f53sq518a42hna.
[2026-01-21 06:10:59] Cachaca resolved layer: #7196 evaluator DataFlowImpl#6ed98661::Impl#DataFlowImpl1#bece54ca::Config#::MkStage#Stage4#::Stage#Stage5Param#::readStepFwd#5#fffff/5@68f25bv3
[2026-01-21 06:10:59] (5s)  >>> Created relation DataFlowImpl#6ed98661::Impl#DataFlowImpl1#bece54ca::Config#::MkStage#Stage4#::Stage#Stage5Param#::readStepFwd#5#fffff_3401#join_rhs/4@ab269af8 with 1 rows and digest 8ff133kt2qgkcgkefm5qcfi08n3.
[2026-01-21 06:10:59] Cachaca resolved layer: #7198 evaluator DataFlowImpl#6ed98661::Impl#DataFlowImpl1#bece54ca::Config#::MkStage#Stage4#::Stage#Stage5Param#::readStepFwd#5#fffff_3401#join_rhs/4@ab269af8
[2026-01-21 06:10:59] (5s)  >>> Created relation project#DataFlowImpl#6ed98661::Impl#DataFlowImpl1#bece54ca::Config#::Stage5Param::localStep#7#ffffbff_120#join_rhs/3@800c53a5 with 5 rows and digest 0c98720o30oavm2k58shrh3i6n1.
[2026-01-21 06:10:59] Cachaca resolved layer: #7200 evaluator project#DataFlowImpl#6ed98661::Impl#DataFlowImpl1#bece54ca::Config#::Stage5Param::localStep#7#ffffbff_120#join_rhs/3@800c53a5
[2026-01-21 06:10:59] (5s)  >>> Created relation project#DataFlowImpl#6ed98661::Impl#DataFlowImpl1#bece54ca::Config#::MkStage#Stage4#::Stage#Stage5Param#::readStepFwd#5#fffff/4@1c199ed3 with 1 rows and digest 9b254bdv06gei8gljtr7fdr8qq3.
[2026-01-21 06:10:59] Cachaca resolved layer: #7231 evaluator project#DataFlowImpl#6ed98661::Impl#DataFlowImpl1#bece54ca::Config#::MkStage#Stage4#::Stage#Stage5Param#::readStepFwd#5#fffff/4@1c199ed3
[2026-01-21 06:10:59] (5s)  >>> Created relation project#DataFlowImpl#6ed98661::Impl#DataFlowImpl1#bece54ca::Config#::MkStage#Stage4#::Stage#Stage5Param#::readStepFwd#5#fffff_2301#join_rhs/4@ec0e9e56 with 1 rows and digest 1d8b91jqr7f6sqlbsqm0ifq1086.
[2026-01-21 06:10:59] Cachaca resolved layer: #7233 evaluator project#DataFlowImpl#6ed98661::Impl#DataFlowImpl1#bece54ca::Config#::MkStage#Stage4#::Stage#Stage5Param#::readStepFwd#5#fffff_2301#join_rhs/4@ec0e9e56
[2026-01-21 06:10:59] (5s) Starting to evaluate predicate project#DataFlowImpl#6ed98661::Impl#DataFlowImpl1#bece54ca::Config#::MkStage#Stage4#::Stage#Stage5Param#::fwdFlowRead#8#ffffffff#2/2@52552ehq
[2026-01-21 06:10:59] (5s)  >>> Created relation project#DataFlowImpl#6ed98661::Impl#DataFlowImpl1#bece54ca::Config#::MkStage#Stage4#::Stage#Stage5Param#::fwdFlowRead#8#ffffffff#2/2@52552ehq with 1 rows and digest e537320mj6dikm3bgr3asdf2vv2.
[2026-01-21 06:10:59] (5s) Starting to evaluate predicate project#DataFlowImpl#6ed98661::Impl#DataFlowImpl1#bece54ca::Config#::MkStage#Stage4#::Stage#Stage5Param#::fwdFlowRead#8#ffffffff#2_10#join_rhs/2@e3b88dn9
[2026-01-21 06:10:59] (5s)  >>> Created relation project#DataFlowImpl#6ed98661::Impl#DataFlowImpl1#bece54ca::Config#::MkStage#Stage4#::Stage#Stage5Param#::fwdFlowRead#8#ffffffff#2_10#join_rhs/2@e3b88dn9 with 1 rows and digest 0e6581prst69im9b6pa8bnnk0k0.
[2026-01-21 06:10:59] (5s) Starting to evaluate predicate project#DataFlowImpl#6ed98661::Impl#DataFlowImpl1#bece54ca::Config#::MkStage#Stage4#::Stage#Stage5Param#::fwdFlowStore#8#ffffffff/4@522905dc
[2026-01-21 06:10:59] (5s)  >>> Created relation project#DataFlowImpl#6ed98661::Impl#DataFlowImpl1#bece54ca::Config#::MkStage#Stage4#::Stage#Stage5Param#::fwdFlowStore#8#ffffffff/4@522905dc with 1 rows and digest 156883avs5arhi14jgsvlab814c.
[2026-01-21 06:10:59] (5s) Starting to evaluate predicate project#DataFlowImpl#6ed98661::Impl#DataFlowImpl1#bece54ca::Config#::MkStage#Stage4#::Stage#Stage5Param#::fwdFlowStore#8#ffffffff_1203#join_rhs/4@a94669i4
[2026-01-21 06:10:59] (5s)  >>> Created relation project#DataFlowImpl#6ed98661::Impl#DataFlowImpl1#bece54ca::Config#::MkStage#Stage4#::Stage#Stage5Param#::fwdFlowStore#8#ffffffff_1203#join_rhs/4@a94669i4 with 1 rows and digest 0328122pm207iu737i5atd11528.
[2026-01-21 06:10:59] (5s) Starting to evaluate predicate DataFlowImpl#6ed98661::Impl#DataFlowImpl1#bece54ca::Config#::MkStage#Stage4#::Stage#Stage5Param#::storeStepFwd#5#fffff/5@1875f1m9
[2026-01-21 06:10:59] (5s)  >>> Created relation DataFlowImpl#6ed98661::Impl#DataFlowImpl1#bece54ca::Config#::MkStage#Stage4#::Stage#Stage5Param#::storeStepFwd#5#fffff/5@1875f1m9 with 1 rows and digest 65ec36ljtv3ij1aum577qlt6tre.
[2026-01-21 06:10:59] (5s)  >>> Created relation DataFlowImpl#6ed98661::Impl#DataFlowImpl1#bece54ca::Config#::MkStage#Stage4#::Stage#Stage5Param#::storeStepFwd#5#fffff_20134#join_rhs/5@1f5f2eaq with 1 rows and digest 5f9fe6osbrm1ilqpr27qn1bqnvc.
[2026-01-21 06:10:59] Cachaca resolved layer: #7213 evaluator DataFlowImpl#6ed98661::Impl#DataFlowImpl1#bece54ca::Config#::MkStage#Stage4#::Stage#Stage5Param#::storeStepFwd#5#fffff_20134#join_rhs/5@1f5f2eaq
[2026-01-21 06:10:59] (5s)  >>> Created relation _DataFlowImpl#6ed98661::Impl#DataFlowImpl1#bece54ca::Config#::MkStage#Stage4#::Stage#Stage5Param#::s__#join_rhs/6@42ab740o with 1 rows and digest a095d27bjrmkrlqj9u78rdmgfmd.
[2026-01-21 06:10:59] Cachaca resolved layer: #7215 evaluator _DataFlowImpl#6ed98661::Impl#DataFlowImpl1#bece54ca::Config#::MkStage#Stage4#::Stage#Stage5Param#::s__#join_rhs/6@42ab740o
[2026-01-21 06:10:59] (5s)  >>> Created relation DataFlowImpl#6ed98661::Impl#DataFlowImpl1#bece54ca::Config#::MkStage#Stage4#::Stage#Stage5Param#::storeStepFwd#5#fffff_34012#join_rhs/5@5d4c18hl with 1 rows and digest cc85afgfqktethm7dmd4krt66f1.
[2026-01-21 06:10:59] Cachaca resolved layer: #7217 evaluator DataFlowImpl#6ed98661::Impl#DataFlowImpl1#bece54ca::Config#::MkStage#Stage4#::Stage#Stage5Param#::storeStepFwd#5#fffff_34012#join_rhs/5@5d4c18hl
[2026-01-21 06:10:59] (5s) Starting to evaluate predicate DataFlowImpl#6ed98661::Impl#DataFlowImpl1#bece54ca::Config#::MkStage#Stage4#::Stage#Stage5Param#::revFlowConsCand#3#fff/3@i1#8aee13wr (iteration 1)
[2026-01-21 06:10:59] (5s) Empty delta for DataFlowImpl#6ed98661::Impl#DataFlowImpl1#bece54ca::Config#::MkStage#Stage4#::Stage#Stage5Param#::revFlowConsCand#3#fff_delta (order for disjuncts: delta=<standard>).
[2026-01-21 06:10:59] (5s) Starting to evaluate predicate DataFlowImpl#6ed98661::Impl#DataFlowImpl1#bece54ca::Config#::MkStage#Stage4#::Stage#Stage5Param#::revFlowIsReturned#5#fffff#reorder_3_4_0_1_2/5@i1#8aee12wr (iteration 1)
[2026-01-21 06:10:59] (5s) Empty delta for DataFlowImpl#6ed98661::Impl#DataFlowImpl1#bece54ca::Config#::MkStage#Stage4#::Stage#Stage5Param#::revFlowIsReturned#5#fffff#reorder_3_4_0_1_2_delta (order for disjuncts: delta=<standard>).
[2026-01-21 06:10:59] (5s) Starting to evaluate predicate DataFlowImpl#6ed98661::Impl#DataFlowImpl1#bece54ca::Config#::MkStage#Stage4#::Stage#Stage5Param#::revFlowOut#7#fffffff/7@i1#8aee11wr (iteration 1)
[2026-01-21 06:10:59] (5s) Empty delta for DataFlowImpl#6ed98661::Impl#DataFlowImpl1#bece54ca::Config#::MkStage#Stage4#::Stage#Stage5Param#::revFlowOut#7#fffffff_delta (order for disjuncts: delta=<standard>).
[2026-01-21 06:10:59] (5s) Starting to evaluate predicate DataFlowImpl#6ed98661::Impl#DataFlowImpl1#bece54ca::Config#::MkStage#Stage4#::Stage#Stage5Param#::revFlowThrough#8#ffffffff/8@i1#8aee10wr (iteration 1)
[2026-01-21 06:10:59] (5s) Empty delta for DataFlowImpl#6ed98661::Impl#DataFlowImpl1#bece54ca::Config#::MkStage#Stage4#::Stage#Stage5Param#::revFlowThrough#8#ffffffff_delta (order for disjuncts: delta=<standard>).
[2026-01-21 06:10:59] (5s) Starting to evaluate predicate DataFlowImpl#6ed98661::Impl#DataFlowImpl1#bece54ca::Config#::MkStage#Stage4#::Stage#Stage5Param#::revFlowStore#9#fffffffff/9@i1#8aee1z5r (iteration 1)
[2026-01-21 06:10:59] (5s) Empty delta for DataFlowImpl#6ed98661::Impl#DataFlowImpl1#bece54ca::Config#::MkStage#Stage4#::Stage#Stage5Param#::revFlowStore#9#fffffffff_delta (order for disjuncts: delta=<standard>).
[2026-01-21 06:10:59] (5s) Starting to evaluate predicate DataFlowImpl#6ed98661::Impl#DataFlowImpl1#bece54ca::Config#::MkStage#Stage4#::Stage#Stage5Param#::revFlow#5#fffff/5@i1#8aee1y5r (iteration 1)
[2026-01-21 06:10:59] (5s) Empty delta for DataFlowImpl#6ed98661::Impl#DataFlowImpl1#bece54ca::Config#::MkStage#Stage4#::Stage#Stage5Param#::revFlow#5#fffff_delta (order for disjuncts: delta=<standard>).
[2026-01-21 06:10:59] (5s) Starting to evaluate predicate DataFlowImpl#6ed98661::Impl#DataFlowImpl1#bece54ca::Config#::MkStage#Stage4#::Stage#Stage5Param#::revFlowParamToReturn#5#fffff#reorder_2_3_0_1_4/5@i1#8aee1x5r (iteration 1)
[2026-01-21 06:10:59] (5s) Empty delta for DataFlowImpl#6ed98661::Impl#DataFlowImpl1#bece54ca::Config#::MkStage#Stage4#::Stage#Stage5Param#::revFlowParamToReturn#5#fffff#reorder_2_3_0_1_4_delta (order for disjuncts: delta=<standard>).
[2026-01-21 06:10:59] (5s) Starting to evaluate predicate DataFlowImpl#6ed98661::Impl#DataFlowImpl1#bece54ca::Config#::MkStage#Stage4#::Stage#Stage5Param#::revFlow0#5#fffff/5@i1#8aee1w5r (iteration 1)
[2026-01-21 06:10:59] (5s) 			 - DataFlowImpl#6ed98661::Impl#DataFlowImpl1#bece54ca::Config#::MkStage#Stage4#::Stage#Stage5Param#::revFlow0#5#fffff_delta has 13 rows (order for disjuncts: delta=<standard>).
[2026-01-21 06:10:59] (5s) Empty delta for DataFlowImpl#6ed98661::Impl#DataFlowImpl1#bece54ca::Config#::MkStage#Stage4#::Stage#Stage5Param#::revFlowConsCand#3#fff_delta (order for disjuncts: delta=<standard>).
[2026-01-21 06:10:59] (5s) Empty delta for DataFlowImpl#6ed98661::Impl#DataFlowImpl1#bece54ca::Config#::MkStage#Stage4#::Stage#Stage5Param#::revFlowIsReturned#5#fffff#reorder_3_4_0_1_2_delta (order for disjuncts: delta=<standard>).
[2026-01-21 06:10:59] (5s) Empty delta for DataFlowImpl#6ed98661::Impl#DataFlowImpl1#bece54ca::Config#::MkStage#Stage4#::Stage#Stage5Param#::revFlowOut#7#fffffff_delta (order for disjuncts: delta=<standard>).
[2026-01-21 06:10:59] (5s) Empty delta for DataFlowImpl#6ed98661::Impl#DataFlowImpl1#bece54ca::Config#::MkStage#Stage4#::Stage#Stage5Param#::revFlowThrough#8#ffffffff_delta (order for disjuncts: delta=<standard>).
[2026-01-21 06:10:59] (5s) Empty delta for DataFlowImpl#6ed98661::Impl#DataFlowImpl1#bece54ca::Config#::MkStage#Stage4#::Stage#Stage5Param#::revFlowStore#9#fffffffff_delta (order for disjuncts: delta=<standard>).
[2026-01-21 06:10:59] (5s) Starting to evaluate predicate DataFlowImpl#6ed98661::Impl#DataFlowImpl1#bece54ca::Config#::MkStage#Stage4#::Stage#Stage5Param#::revFlow#5#fffff/5@i2#8aee1y5r (iteration 2)
[2026-01-21 06:10:59] (5s) 			 - DataFlowImpl#6ed98661::Impl#DataFlowImpl1#bece54ca::Config#::MkStage#Stage4#::Stage#Stage5Param#::revFlow#5#fffff_delta has 13 rows (order for disjuncts: delta=500000).
[2026-01-21 06:10:59] (5s) Empty delta for DataFlowImpl#6ed98661::Impl#DataFlowImpl1#bece54ca::Config#::MkStage#Stage4#::Stage#Stage5Param#::revFlowParamToReturn#5#fffff#reorder_2_3_0_1_4_delta (order for disjuncts: delta=<standard>).
[2026-01-21 06:10:59] (5s) Empty delta for DataFlowImpl#6ed98661::Impl#DataFlowImpl1#bece54ca::Config#::MkStage#Stage4#::Stage#Stage5Param#::revFlow0#5#fffff_delta (order for disjuncts: delta=<standard>).
[2026-01-21 06:10:59] (5s) Starting to evaluate predicate DataFlowImpl#6ed98661::Impl#DataFlowImpl1#bece54ca::Config#::MkStage#Stage4#::Stage#Stage5Param#::revFlowConsCand#3#fff/3@i3#8aee13wr (iteration 3)
[2026-01-21 06:10:59] (5s) 			 - DataFlowImpl#6ed98661::Impl#DataFlowImpl1#bece54ca::Config#::MkStage#Stage4#::Stage#Stage5Param#::revFlowConsCand#3#fff_delta has 1 rows (order for disjuncts: delta=<standard>).
[2026-01-21 06:10:59] (5s) Empty delta for DataFlowImpl#6ed98661::Impl#DataFlowImpl1#bece54ca::Config#::MkStage#Stage4#::Stage#Stage5Param#::revFlowIsReturned#5#fffff#reorder_3_4_0_1_2_delta (order for disjuncts: delta=<standard>).
[2026-01-21 06:10:59] (5s) Starting to evaluate predicate DataFlowImpl#6ed98661::Impl#DataFlowImpl1#bece54ca::Config#::MkStage#Stage4#::Stage#Stage5Param#::revFlowOut#7#fffffff/7@i3#8aee11wr (iteration 3)
[2026-01-21 06:10:59] (5s) Empty delta for DataFlowImpl#6ed98661::Impl#DataFlowImpl1#bece54ca::Config#::MkStage#Stage4#::Stage#Stage5Param#::revFlowOut#7#fffffff_delta (order for disjuncts: delta=500000).
[2026-01-21 06:10:59] (5s) Empty delta for DataFlowImpl#6ed98661::Impl#DataFlowImpl1#bece54ca::Config#::MkStage#Stage4#::Stage#Stage5Param#::revFlowThrough#8#ffffffff_delta (order for disjuncts: delta=<standard>).
[2026-01-21 06:10:59] (5s) Starting to evaluate predicate DataFlowImpl#6ed98661::Impl#DataFlowImpl1#bece54ca::Config#::MkStage#Stage4#::Stage#Stage5Param#::revFlowStore#9#fffffffff/9@i3#8aee1z5r (iteration 3)
[2026-01-21 06:10:59] (5s) Empty delta for DataFlowImpl#6ed98661::Impl#DataFlowImpl1#bece54ca::Config#::MkStage#Stage4#::Stage#Stage5Param#::revFlowStore#9#fffffffff_delta (order for disjuncts: delta=500000).
[2026-01-21 06:10:59] (5s) Empty delta for DataFlowImpl#6ed98661::Impl#DataFlowImpl1#bece54ca::Config#::MkStage#Stage4#::Stage#Stage5Param#::revFlow#5#fffff_delta (order for disjuncts: delta=500000).
[2026-01-21 06:10:59] (5s) Starting to evaluate predicate DataFlowImpl#6ed98661::Impl#DataFlowImpl1#bece54ca::Config#::MkStage#Stage4#::Stage#Stage5Param#::revFlowParamToReturn#5#fffff#reorder_2_3_0_1_4/5@i3#8aee1x5r (iteration 3)
[2026-01-21 06:10:59] (5s) Empty delta for DataFlowImpl#6ed98661::Impl#DataFlowImpl1#bece54ca::Config#::MkStage#Stage4#::Stage#Stage5Param#::revFlowParamToReturn#5#fffff#reorder_2_3_0_1_4_delta (order for disjuncts: delta=500000).
[2026-01-21 06:10:59] (5s) Starting to evaluate predicate DataFlowImpl#6ed98661::Impl#DataFlowImpl1#bece54ca::Config#::MkStage#Stage4#::Stage#Stage5Param#::revFlow0#5#fffff/5@i3#8aee1w5r (iteration 3)
[2026-01-21 06:10:59] (5s) 			 - DataFlowImpl#6ed98661::Impl#DataFlowImpl1#bece54ca::Config#::MkStage#Stage4#::Stage#Stage5Param#::revFlow0#5#fffff_delta has 2 rows (order for disjuncts: delta=500000).
[2026-01-21 06:10:59] (5s) Empty delta for DataFlowImpl#6ed98661::Impl#DataFlowImpl1#bece54ca::Config#::MkStage#Stage4#::Stage#Stage5Param#::revFlowConsCand#3#fff_delta (order for disjuncts: delta=<standard>).
[2026-01-21 06:10:59] (5s) Empty delta for DataFlowImpl#6ed98661::Impl#DataFlowImpl1#bece54ca::Config#::MkStage#Stage4#::Stage#Stage5Param#::revFlowIsReturned#5#fffff#reorder_3_4_0_1_2_delta (order for disjuncts: delta=<standard>).
[2026-01-21 06:10:59] (5s) Empty delta for DataFlowImpl#6ed98661::Impl#DataFlowImpl1#bece54ca::Config#::MkStage#Stage4#::Stage#Stage5Param#::revFlowOut#7#fffffff_delta (order for disjuncts: delta=500000).
[2026-01-21 06:10:59] (5s) Empty delta for DataFlowImpl#6ed98661::Impl#DataFlowImpl1#bece54ca::Config#::MkStage#Stage4#::Stage#Stage5Param#::revFlowThrough#8#ffffffff_delta (order for disjuncts: delta=<standard>).
[2026-01-21 06:10:59] (5s) Empty delta for DataFlowImpl#6ed98661::Impl#DataFlowImpl1#bece54ca::Config#::MkStage#Stage4#::Stage#Stage5Param#::revFlowStore#9#fffffffff_delta (order for disjuncts: delta=500000).
[2026-01-21 06:10:59] (5s) Starting to evaluate predicate DataFlowImpl#6ed98661::Impl#DataFlowImpl1#bece54ca::Config#::MkStage#Stage4#::Stage#Stage5Param#::revFlow#5#fffff/5@i4#8aee1y5r (iteration 4)
[2026-01-21 06:10:59] (5s) 			 - DataFlowImpl#6ed98661::Impl#DataFlowImpl1#bece54ca::Config#::MkStage#Stage4#::Stage#Stage5Param#::revFlow#5#fffff_delta has 1 rows (order for disjuncts: delta=500000).
[2026-01-21 06:10:59] (5s) Empty delta for DataFlowImpl#6ed98661::Impl#DataFlowImpl1#bece54ca::Config#::MkStage#Stage4#::Stage#Stage5Param#::revFlowParamToReturn#5#fffff#reorder_2_3_0_1_4_delta (order for disjuncts: delta=500000).
[2026-01-21 06:10:59] (5s) Starting to evaluate predicate DataFlowImpl#6ed98661::Impl#DataFlowImpl1#bece54ca::Config#::MkStage#Stage4#::Stage#Stage5Param#::revFlow0#5#fffff/5@i4#8aee1w5r (iteration 4)
[2026-01-21 06:10:59] (5s) Empty delta for DataFlowImpl#6ed98661::Impl#DataFlowImpl1#bece54ca::Config#::MkStage#Stage4#::Stage#Stage5Param#::revFlow0#5#fffff_delta (order for disjuncts: delta=500000).
[2026-01-21 06:10:59] (5s) Starting to evaluate predicate DataFlowImpl#6ed98661::Impl#DataFlowImpl1#bece54ca::Config#::MkStage#Stage4#::Stage#Stage5Param#::revFlowConsCand#3#fff/3@i5#8aee13wr (iteration 5)
[2026-01-21 06:10:59] (5s) Empty delta for DataFlowImpl#6ed98661::Impl#DataFlowImpl1#bece54ca::Config#::MkStage#Stage4#::Stage#Stage5Param#::revFlowConsCand#3#fff_delta (order for disjuncts: delta=<standard>).
[2026-01-21 06:10:59] (5s) Empty delta for DataFlowImpl#6ed98661::Impl#DataFlowImpl1#bece54ca::Config#::MkStage#Stage4#::Stage#Stage5Param#::revFlowIsReturned#5#fffff#reorder_3_4_0_1_2_delta (order for disjuncts: delta=<standard>).
[2026-01-21 06:10:59] (5s) Starting to evaluate predicate DataFlowImpl#6ed98661::Impl#DataFlowImpl1#bece54ca::Config#::MkStage#Stage4#::Stage#Stage5Param#::revFlowOut#7#fffffff/7@i5#8aee11wr (iteration 5)
[2026-01-21 06:10:59] (5s) Empty delta for DataFlowImpl#6ed98661::Impl#DataFlowImpl1#bece54ca::Config#::MkStage#Stage4#::Stage#Stage5Param#::revFlowOut#7#fffffff_delta (order for disjuncts: delta=500000).
[2026-01-21 06:10:59] (5s) Empty delta for DataFlowImpl#6ed98661::Impl#DataFlowImpl1#bece54ca::Config#::MkStage#Stage4#::Stage#Stage5Param#::revFlowThrough#8#ffffffff_delta (order for disjuncts: delta=<standard>).
[2026-01-21 06:10:59] (5s) Starting to evaluate predicate DataFlowImpl#6ed98661::Impl#DataFlowImpl1#bece54ca::Config#::MkStage#Stage4#::Stage#Stage5Param#::revFlowStore#9#fffffffff/9@i5#8aee1z5r (iteration 5)
[2026-01-21 06:10:59] (5s) Empty delta for DataFlowImpl#6ed98661::Impl#DataFlowImpl1#bece54ca::Config#::MkStage#Stage4#::Stage#Stage5Param#::revFlowStore#9#fffffffff_delta (order for disjuncts: delta=500000).
[2026-01-21 06:10:59] (5s) Empty delta for DataFlowImpl#6ed98661::Impl#DataFlowImpl1#bece54ca::Config#::MkStage#Stage4#::Stage#Stage5Param#::revFlow#5#fffff_delta (order for disjuncts: delta=500000).
[2026-01-21 06:10:59] (5s) Starting to evaluate predicate DataFlowImpl#6ed98661::Impl#DataFlowImpl1#bece54ca::Config#::MkStage#Stage4#::Stage#Stage5Param#::revFlowParamToReturn#5#fffff#reorder_2_3_0_1_4/5@i5#8aee1x5r (iteration 5)
[2026-01-21 06:10:59] (5s) Empty delta for DataFlowImpl#6ed98661::Impl#DataFlowImpl1#bece54ca::Config#::MkStage#Stage4#::Stage#Stage5Param#::revFlowParamToReturn#5#fffff#reorder_2_3_0_1_4_delta (order for disjuncts: delta=500000).
[2026-01-21 06:10:59] (5s) Starting to evaluate predicate DataFlowImpl#6ed98661::Impl#DataFlowImpl1#bece54ca::Config#::MkStage#Stage4#::Stage#Stage5Param#::revFlow0#5#fffff/5@i5#8aee1w5r (iteration 5)
[2026-01-21 06:10:59] (5s) 			 - DataFlowImpl#6ed98661::Impl#DataFlowImpl1#bece54ca::Config#::MkStage#Stage4#::Stage#Stage5Param#::revFlow0#5#fffff_delta has 1 rows (order for disjuncts: delta=500000).
[2026-01-21 06:10:59] (5s) Empty delta for DataFlowImpl#6ed98661::Impl#DataFlowImpl1#bece54ca::Config#::MkStage#Stage4#::Stage#Stage5Param#::revFlowConsCand#3#fff_delta (order for disjuncts: delta=<standard>).
[2026-01-21 06:10:59] (5s) Empty delta for DataFlowImpl#6ed98661::Impl#DataFlowImpl1#bece54ca::Config#::MkStage#Stage4#::Stage#Stage5Param#::revFlowIsReturned#5#fffff#reorder_3_4_0_1_2_delta (order for disjuncts: delta=<standard>).
[2026-01-21 06:10:59] (5s) Empty delta for DataFlowImpl#6ed98661::Impl#DataFlowImpl1#bece54ca::Config#::MkStage#Stage4#::Stage#Stage5Param#::revFlowOut#7#fffffff_delta (order for disjuncts: delta=500000).
[2026-01-21 06:10:59] (5s) Empty delta for DataFlowImpl#6ed98661::Impl#DataFlowImpl1#bece54ca::Config#::MkStage#Stage4#::Stage#Stage5Param#::revFlowThrough#8#ffffffff_delta (order for disjuncts: delta=<standard>).
[2026-01-21 06:10:59] (5s) Empty delta for DataFlowImpl#6ed98661::Impl#DataFlowImpl1#bece54ca::Config#::MkStage#Stage4#::Stage#Stage5Param#::revFlowStore#9#fffffffff_delta (order for disjuncts: delta=500000).
[2026-01-21 06:10:59] (5s) Starting to evaluate predicate DataFlowImpl#6ed98661::Impl#DataFlowImpl1#bece54ca::Config#::MkStage#Stage4#::Stage#Stage5Param#::revFlow#5#fffff/5@i6#8aee1y5r (iteration 6)
[2026-01-21 06:10:59] (5s) 			 - DataFlowImpl#6ed98661::Impl#DataFlowImpl1#bece54ca::Config#::MkStage#Stage4#::Stage#Stage5Param#::revFlow#5#fffff_delta has 1 rows (order for disjuncts: delta=500000).
[2026-01-21 06:10:59] (5s) Empty delta for DataFlowImpl#6ed98661::Impl#DataFlowImpl1#bece54ca::Config#::MkStage#Stage4#::Stage#Stage5Param#::revFlowParamToReturn#5#fffff#reorder_2_3_0_1_4_delta (order for disjuncts: delta=500000).
[2026-01-21 06:10:59] (5s) Empty delta for DataFlowImpl#6ed98661::Impl#DataFlowImpl1#bece54ca::Config#::MkStage#Stage4#::Stage#Stage5Param#::revFlow0#5#fffff_delta (order for disjuncts: delta=500000).
[2026-01-21 06:10:59] (5s) Starting to evaluate predicate DataFlowImpl#6ed98661::Impl#DataFlowImpl1#bece54ca::Config#::MkStage#Stage4#::Stage#Stage5Param#::revFlowConsCand#3#fff/3@i7#8aee13wr (iteration 7)
[2026-01-21 06:10:59] (5s) Empty delta for DataFlowImpl#6ed98661::Impl#DataFlowImpl1#bece54ca::Config#::MkStage#Stage4#::Stage#Stage5Param#::revFlowConsCand#3#fff_delta (order for disjuncts: delta=<standard>).
[2026-01-21 06:10:59] (5s) Empty delta for DataFlowImpl#6ed98661::Impl#DataFlowImpl1#bece54ca::Config#::MkStage#Stage4#::Stage#Stage5Param#::revFlowIsReturned#5#fffff#reorder_3_4_0_1_2_delta (order for disjuncts: delta=<standard>).
[2026-01-21 06:10:59] (5s) Starting to evaluate predicate DataFlowImpl#6ed98661::Impl#DataFlowImpl1#bece54ca::Config#::MkStage#Stage4#::Stage#Stage5Param#::revFlowOut#7#fffffff/7@i7#8aee11wr (iteration 7)
[2026-01-21 06:10:59] (5s) Empty delta for DataFlowImpl#6ed98661::Impl#DataFlowImpl1#bece54ca::Config#::MkStage#Stage4#::Stage#Stage5Param#::revFlowOut#7#fffffff_delta (order for disjuncts: delta=500000).
[2026-01-21 06:10:59] (5s) Empty delta for DataFlowImpl#6ed98661::Impl#DataFlowImpl1#bece54ca::Config#::MkStage#Stage4#::Stage#Stage5Param#::revFlowThrough#8#ffffffff_delta (order for disjuncts: delta=<standard>).
[2026-01-21 06:10:59] (5s) Starting to evaluate predicate DataFlowImpl#6ed98661::Impl#DataFlowImpl1#bece54ca::Config#::MkStage#Stage4#::Stage#Stage5Param#::revFlowStore#9#fffffffff/9@i7#8aee1z5r (iteration 7)
[2026-01-21 06:10:59] (5s) 			 - DataFlowImpl#6ed98661::Impl#DataFlowImpl1#bece54ca::Config#::MkStage#Stage4#::Stage#Stage5Param#::revFlowStore#9#fffffffff_delta has 1 rows (order for disjuncts: delta=500000).
[2026-01-21 06:10:59] (5s) Empty delta for DataFlowImpl#6ed98661::Impl#DataFlowImpl1#bece54ca::Config#::MkStage#Stage4#::Stage#Stage5Param#::revFlow#5#fffff_delta (order for disjuncts: delta=500000).
[2026-01-21 06:10:59] (5s) Starting to evaluate predicate DataFlowImpl#6ed98661::Impl#DataFlowImpl1#bece54ca::Config#::MkStage#Stage4#::Stage#Stage5Param#::revFlowParamToReturn#5#fffff#reorder_2_3_0_1_4/5@i7#8aee1x5r (iteration 7)
[2026-01-21 06:10:59] (5s) Empty delta for DataFlowImpl#6ed98661::Impl#DataFlowImpl1#bece54ca::Config#::MkStage#Stage4#::Stage#Stage5Param#::revFlowParamToReturn#5#fffff#reorder_2_3_0_1_4_delta (order for disjuncts: delta=500000).
[2026-01-21 06:10:59] (5s) Starting to evaluate predicate DataFlowImpl#6ed98661::Impl#DataFlowImpl1#bece54ca::Config#::MkStage#Stage4#::Stage#Stage5Param#::revFlow0#5#fffff/5@i7#8aee1w5r (iteration 7)
[2026-01-21 06:10:59] (5s) Empty delta for DataFlowImpl#6ed98661::Impl#DataFlowImpl1#bece54ca::Config#::MkStage#Stage4#::Stage#Stage5Param#::revFlow0#5#fffff_delta (order for disjuncts: delta=500000).
[2026-01-21 06:10:59] (5s) Empty delta for DataFlowImpl#6ed98661::Impl#DataFlowImpl1#bece54ca::Config#::MkStage#Stage4#::Stage#Stage5Param#::revFlowConsCand#3#fff_delta (order for disjuncts: delta=<standard>).
[2026-01-21 06:10:59] (5s) Empty delta for DataFlowImpl#6ed98661::Impl#DataFlowImpl1#bece54ca::Config#::MkStage#Stage4#::Stage#Stage5Param#::revFlowIsReturned#5#fffff#reorder_3_4_0_1_2_delta (order for disjuncts: delta=<standard>).
[2026-01-21 06:10:59] (5s) Empty delta for DataFlowImpl#6ed98661::Impl#DataFlowImpl1#bece54ca::Config#::MkStage#Stage4#::Stage#Stage5Param#::revFlowOut#7#fffffff_delta (order for disjuncts: delta=500000).
[2026-01-21 06:10:59] (5s) Empty delta for DataFlowImpl#6ed98661::Impl#DataFlowImpl1#bece54ca::Config#::MkStage#Stage4#::Stage#Stage5Param#::revFlowThrough#8#ffffffff_delta (order for disjuncts: delta=<standard>).
[2026-01-21 06:10:59] (5s) Empty delta for DataFlowImpl#6ed98661::Impl#DataFlowImpl1#bece54ca::Config#::MkStage#Stage4#::Stage#Stage5Param#::revFlowStore#9#fffffffff_delta (order for disjuncts: delta=500000).
[2026-01-21 06:10:59] (5s) Empty delta for DataFlowImpl#6ed98661::Impl#DataFlowImpl1#bece54ca::Config#::MkStage#Stage4#::Stage#Stage5Param#::revFlow#5#fffff_delta (order for disjuncts: delta=500000).
[2026-01-21 06:10:59] (5s) Empty delta for DataFlowImpl#6ed98661::Impl#DataFlowImpl1#bece54ca::Config#::MkStage#Stage4#::Stage#Stage5Param#::revFlowParamToReturn#5#fffff#reorder_2_3_0_1_4_delta (order for disjuncts: delta=500000).
[2026-01-21 06:10:59] (5s) Starting to evaluate predicate DataFlowImpl#6ed98661::Impl#DataFlowImpl1#bece54ca::Config#::MkStage#Stage4#::Stage#Stage5Param#::revFlow0#5#fffff/5@i8#8aee1w5r (iteration 8)
[2026-01-21 06:10:59] (5s) 			 - DataFlowImpl#6ed98661::Impl#DataFlowImpl1#bece54ca::Config#::MkStage#Stage4#::Stage#Stage5Param#::revFlow0#5#fffff_delta has 1 rows (order for disjuncts: delta=500000).
[2026-01-21 06:10:59] (5s) Empty delta for DataFlowImpl#6ed98661::Impl#DataFlowImpl1#bece54ca::Config#::MkStage#Stage4#::Stage#Stage5Param#::revFlowConsCand#3#fff_delta (order for disjuncts: delta=<standard>).
[2026-01-21 06:10:59] (5s) Empty delta for DataFlowImpl#6ed98661::Impl#DataFlowImpl1#bece54ca::Config#::MkStage#Stage4#::Stage#Stage5Param#::revFlowIsReturned#5#fffff#reorder_3_4_0_1_2_delta (order for disjuncts: delta=<standard>).
[2026-01-21 06:10:59] (5s) Empty delta for DataFlowImpl#6ed98661::Impl#DataFlowImpl1#bece54ca::Config#::MkStage#Stage4#::Stage#Stage5Param#::revFlowOut#7#fffffff_delta (order for disjuncts: delta=500000).
[2026-01-21 06:10:59] (5s) Empty delta for DataFlowImpl#6ed98661::Impl#DataFlowImpl1#bece54ca::Config#::MkStage#Stage4#::Stage#Stage5Param#::revFlowThrough#8#ffffffff_delta (order for disjuncts: delta=<standard>).
[2026-01-21 06:10:59] (5s) Empty delta for DataFlowImpl#6ed98661::Impl#DataFlowImpl1#bece54ca::Config#::MkStage#Stage4#::Stage#Stage5Param#::revFlowStore#9#fffffffff_delta (order for disjuncts: delta=500000).
[2026-01-21 06:10:59] (5s) Starting to evaluate predicate DataFlowImpl#6ed98661::Impl#DataFlowImpl1#bece54ca::Config#::MkStage#Stage4#::Stage#Stage5Param#::revFlow#5#fffff/5@i9#8aee1y5r (iteration 9)
[2026-01-21 06:10:59] (5s) 			 - DataFlowImpl#6ed98661::Impl#DataFlowImpl1#bece54ca::Config#::MkStage#Stage4#::Stage#Stage5Param#::revFlow#5#fffff_delta has 1 rows (order for disjuncts: delta=500000).
[2026-01-21 06:10:59] (5s) Empty delta for DataFlowImpl#6ed98661::Impl#DataFlowImpl1#bece54ca::Config#::MkStage#Stage4#::Stage#Stage5Param#::revFlowParamToReturn#5#fffff#reorder_2_3_0_1_4_delta (order for disjuncts: delta=500000).
[2026-01-21 06:10:59] (5s) Empty delta for DataFlowImpl#6ed98661::Impl#DataFlowImpl1#bece54ca::Config#::MkStage#Stage4#::Stage#Stage5Param#::revFlow0#5#fffff_delta (order for disjuncts: delta=500000).
[2026-01-21 06:10:59] (5s) Starting to evaluate predicate DataFlowImpl#6ed98661::Impl#DataFlowImpl1#bece54ca::Config#::MkStage#Stage4#::Stage#Stage5Param#::revFlowConsCand#3#fff/3@i10#8aee13wr (iteration 10)
[2026-01-21 06:10:59] (5s) Empty delta for DataFlowImpl#6ed98661::Impl#DataFlowImpl1#bece54ca::Config#::MkStage#Stage4#::Stage#Stage5Param#::revFlowConsCand#3#fff_delta (order for disjuncts: delta=<standard>).
[2026-01-21 06:10:59] (5s) Empty delta for DataFlowImpl#6ed98661::Impl#DataFlowImpl1#bece54ca::Config#::MkStage#Stage4#::Stage#Stage5Param#::revFlowIsReturned#5#fffff#reorder_3_4_0_1_2_delta (order for disjuncts: delta=<standard>).
[2026-01-21 06:10:59] (5s) Starting to evaluate predicate DataFlowImpl#6ed98661::Impl#DataFlowImpl1#bece54ca::Config#::MkStage#Stage4#::Stage#Stage5Param#::revFlowOut#7#fffffff/7@i10#8aee11wr (iteration 10)
[2026-01-21 06:10:59] (5s) Empty delta for DataFlowImpl#6ed98661::Impl#DataFlowImpl1#bece54ca::Config#::MkStage#Stage4#::Stage#Stage5Param#::revFlowOut#7#fffffff_delta (order for disjuncts: delta=500000).
[2026-01-21 06:10:59] (5s) Empty delta for DataFlowImpl#6ed98661::Impl#DataFlowImpl1#bece54ca::Config#::MkStage#Stage4#::Stage#Stage5Param#::revFlowThrough#8#ffffffff_delta (order for disjuncts: delta=<standard>).
[2026-01-21 06:10:59] (5s) Starting to evaluate predicate DataFlowImpl#6ed98661::Impl#DataFlowImpl1#bece54ca::Config#::MkStage#Stage4#::Stage#Stage5Param#::revFlowStore#9#fffffffff/9@i10#8aee1z5r (iteration 10)
[2026-01-21 06:10:59] (5s) Empty delta for DataFlowImpl#6ed98661::Impl#DataFlowImpl1#bece54ca::Config#::MkStage#Stage4#::Stage#Stage5Param#::revFlowStore#9#fffffffff_delta (order for disjuncts: delta=500000).
[2026-01-21 06:10:59] (5s) Empty delta for DataFlowImpl#6ed98661::Impl#DataFlowImpl1#bece54ca::Config#::MkStage#Stage4#::Stage#Stage5Param#::revFlow#5#fffff_delta (order for disjuncts: delta=500000).
[2026-01-21 06:10:59] (5s) Starting to evaluate predicate DataFlowImpl#6ed98661::Impl#DataFlowImpl1#bece54ca::Config#::MkStage#Stage4#::Stage#Stage5Param#::revFlowParamToReturn#5#fffff#reorder_2_3_0_1_4/5@i10#8aee1x5r (iteration 10)
[2026-01-21 06:10:59] (5s) Empty delta for DataFlowImpl#6ed98661::Impl#DataFlowImpl1#bece54ca::Config#::MkStage#Stage4#::Stage#Stage5Param#::revFlowParamToReturn#5#fffff#reorder_2_3_0_1_4_delta (order for disjuncts: delta=500000).
[2026-01-21 06:10:59] (5s) Starting to evaluate predicate DataFlowImpl#6ed98661::Impl#DataFlowImpl1#bece54ca::Config#::MkStage#Stage4#::Stage#Stage5Param#::revFlow0#5#fffff/5@i10#8aee1w5r (iteration 10)
[2026-01-21 06:10:59] (5s) Empty delta for DataFlowImpl#6ed98661::Impl#DataFlowImpl1#bece54ca::Config#::MkStage#Stage4#::Stage#Stage5Param#::revFlow0#5#fffff_delta (order for disjuncts: delta=500000).
[2026-01-21 06:10:59] (5s) Accumulating deltas
[2026-01-21 06:10:59] (5s)  >>> Created relation DataFlowImpl#6ed98661::Impl#DataFlowImpl1#bece54ca::Config#::MkStage#Stage4#::Stage#Stage5Param#::revFlow0#5#fffff/5@8aee1w5r with 17 rows and digest de1412n267dro9smbopa23609d3.
[2026-01-21 06:10:59] (5s)  >>> Created relation DataFlowImpl#6ed98661::Impl#DataFlowImpl1#bece54ca::Config#::MkStage#Stage4#::Stage#Stage5Param#::revFlowParamToReturn#5#fffff#reorder_2_3_0_1_4/5@8aee1x5r with 0 rows and digest THIS-RELATION-HAS-NO-TUPLES.
[2026-01-21 06:10:59] (5s)  >>> Created relation DataFlowImpl#6ed98661::Impl#DataFlowImpl1#bece54ca::Config#::MkStage#Stage4#::Stage#Stage5Param#::revFlow#5#fffff/5@8aee1y5r with 16 rows and digest 5820357idgia9mm9car7opsobsd.
[2026-01-21 06:10:59] (5s)  >>> Created relation DataFlowImpl#6ed98661::Impl#DataFlowImpl1#bece54ca::Config#::MkStage#Stage4#::Stage#Stage5Param#::revFlowStore#9#fffffffff/9@8aee1z5r with 1 rows and digest 9cbd0bpgkf4a1vre3c2j9iavv57.
[2026-01-21 06:10:59] (5s)  >>> Created relation DataFlowImpl#6ed98661::Impl#DataFlowImpl1#bece54ca::Config#::MkStage#Stage4#::Stage#Stage5Param#::revFlowThrough#8#ffffffff/8@8aee10wr with 0 rows and digest THIS-RELATION-HAS-NO-TUPLES.
[2026-01-21 06:10:59] (5s)  >>> Created relation DataFlowImpl#6ed98661::Impl#DataFlowImpl1#bece54ca::Config#::MkStage#Stage4#::Stage#Stage5Param#::revFlowOut#7#fffffff/7@8aee11wr with 0 rows and digest THIS-RELATION-HAS-NO-TUPLES.
[2026-01-21 06:10:59] (5s)  >>> Created relation DataFlowImpl#6ed98661::Impl#DataFlowImpl1#bece54ca::Config#::MkStage#Stage4#::Stage#Stage5Param#::revFlowIsReturned#5#fffff#reorder_3_4_0_1_2/5@8aee12wr with 0 rows and digest THIS-RELATION-HAS-NO-TUPLES.
[2026-01-21 06:10:59] (5s)  >>> Created relation DataFlowImpl#6ed98661::Impl#DataFlowImpl1#bece54ca::Config#::MkStage#Stage4#::Stage#Stage5Param#::revFlowConsCand#3#fff/3@8aee13wr with 1 rows and digest 4dc017qo8i7a2qrdg6uq92v3ol0.
[2026-01-21 06:10:59] (5s)  >>> Created relation project#DataFlowImpl#6ed98661::Impl#DataFlowImpl1#bece54ca::Config#::MkStage#Stage4#::Stage#Stage5Param#::revFlow#5#fffff#5/3@df8785f6 with 16 rows and digest 1a416aau544plmvar602hma6st1.
[2026-01-21 06:10:59] Cachaca resolved layer: #7257 evaluator project#DataFlowImpl#6ed98661::Impl#DataFlowImpl1#bece54ca::Config#::MkStage#Stage4#::Stage#Stage5Param#::revFlow#5#fffff#5/3@df8785f6
[2026-01-21 06:10:59] (5s) Starting to evaluate predicate _DataFlowImpl#6ed98661::Impl#DataFlowImpl1#bece54ca::Config#::nodeMayUseSummary#3#fff_project#DataFl__#count_range/4@bb4141ud
[2026-01-21 06:10:59] (5s)  >>> Created relation _DataFlowImpl#6ed98661::Impl#DataFlowImpl1#bece54ca::Config#::nodeMayUseSummary#3#fff_project#DataFl__#count_range/4@bb4141ud with 16 rows and digest ef146brc58aiev6kc9giu3av0uf.
[2026-01-21 06:10:59] (5s) Starting to evaluate predicate DataFlowImpl#6ed98661::Impl#DataFlowImpl1#bece54ca::Config#::countNodesUsingAccessPath#1#ff/2@3ec23597
[2026-01-21 06:10:59] (5s)  >>> Created relation DataFlowImpl#6ed98661::Impl#DataFlowImpl1#bece54ca::Config#::countNodesUsingAccessPath#1#ff/2@3ec23597 with 2 rows and digest b4b54382qnd0js78774e53f5tse.
[2026-01-21 06:10:59] (5s) Starting to evaluate predicate const_false_1/2@5300faa5
[2026-01-21 06:10:59] (5s)  >>> Created relation const_false_1/2@5300faa5 with 1 rows and digest ee8af57lmtj86j6bbplj0012ev6.
[2026-01-21 06:10:59] (5s)  >>> Created relation project#DataFlowImpl#6ed98661::Impl#DataFlowImpl1#bece54ca::Config#::MkStage#Stage4#::Stage#Stage5Param#::revFlow#5#fffff#6/2@444c219k with 16 rows and digest 55f8eeeduvso5avbart4s43tdv7.
[2026-01-21 06:10:59] Cachaca resolved layer: #7334 evaluator project#DataFlowImpl#6ed98661::Impl#DataFlowImpl1#bece54ca::Config#::MkStage#Stage4#::Stage#Stage5Param#::revFlow#5#fffff#6/2@444c219k
[2026-01-21 06:10:59] (5s)  >>> Created relation project#DataFlowImpl#6ed98661::Impl#DataFlowImpl1#bece54ca::Config#::MkStage#Stage4#::Stage#Stage5Param#::revFlow#5#fffff/2@4208d4ic with 16 rows and digest fa750ajdpecbsacfd9cd1jnt39d.
[2026-01-21 06:10:59] Cachaca resolved layer: #7348 evaluator project#DataFlowImpl#6ed98661::Impl#DataFlowImpl1#bece54ca::Config#::MkStage#Stage4#::Stage#Stage5Param#::revFlow#5#fffff/2@4208d4ic
[2026-01-21 06:10:59] (5s)  >>> Created relation project#DataFlowImpl#6ed98661::Impl#DataFlowImpl1#bece54ca::Config#::MkStage#Stage4#::Stage#Stage5Param#::revFlowStore#9#fffffffff/3@436e7dhn with 1 rows and digest 4dc017qo8i7a2qrdg6uq92v3ol0.
[2026-01-21 06:10:59] Cachaca resolved layer: #7346 evaluator project#DataFlowImpl#6ed98661::Impl#DataFlowImpl1#bece54ca::Config#::MkStage#Stage4#::Stage#Stage5Param#::revFlowStore#9#fffffffff/3@436e7dhn
[2026-01-21 06:10:59] (5s)  >>> Created relation DataFlowImpl#6ed98661::Impl#DataFlowImpl1#bece54ca::Config#::MkStage#Stage4#::Stage#Stage5Param#::readStepCand#3#fff/3@76ab6cue with 1 rows and digest 04fa050bmh1vvjij2oqmq7i8942.
[2026-01-21 06:10:59] Cachaca resolved layer: #7350 evaluator DataFlowImpl#6ed98661::Impl#DataFlowImpl1#bece54ca::Config#::MkStage#Stage4#::Stage#Stage5Param#::readStepCand#3#fff/3@76ab6cue
[2026-01-21 06:10:59] (5s) Starting to evaluate predicate DataFlowImpl#6ed98661::Impl#DataFlowImpl1#bece54ca::Config#::getAnOutNodeFlow#3#ffff/4@89ad9es4
[2026-01-21 06:10:59] (5s)  >>> Created relation DataFlowImpl#6ed98661::Impl#DataFlowImpl1#bece54ca::Config#::getAnOutNodeFlow#3#ffff/4@89ad9es4 with 0 rows and digest THIS-RELATION-HAS-NO-TUPLES.
[2026-01-21 06:10:59] (5s) Inferred that DataFlowImpl#6ed98661::Impl#DataFlowImpl1#bece54ca::Config#::getAnOutNodeFlow#3#ffff_1023#join_rhs/4@fe8943f7 is empty, due to DataFlowImpl#6ed98661::Impl#DataFlowImpl1#bece54ca::Config#::getAnOutNodeFlow#3#ffff/4@89ad9es4.
[2026-01-21 06:10:59] (5s) Inferred that DataFlowImpl#6ed98661::Impl#DataFlowImpl1#bece54ca::Config#::pathOutOfCallable#4#ffff/4@3ff40cw4 is empty, due to DataFlowImpl#6ed98661::Impl#DataFlowImpl1#bece54ca::Config#::getAnOutNodeFlow#3#ffff/4@89ad9es4.
[2026-01-21 06:10:59] (5s)  >>> Created relation DataFlowImpl#6ed98661::Impl#DataFlowImpl1#bece54ca::Config#::getAnOutNodeFlow#3#ffff_1023#join_rhs/4@fe8943f7 with 0 rows and digest THIS-RELATION-HAS-NO-TUPLES.
[2026-01-21 06:10:59] (5s)  >>> Created relation DataFlowImpl#6ed98661::Impl#DataFlowImpl1#bece54ca::Config#::pathOutOfCallable#4#ffff/4@3ff40cw4 with 0 rows and digest THIS-RELATION-HAS-NO-TUPLES.
[2026-01-21 06:10:59] (5s) Starting to evaluate predicate DataFlowImpl#6ed98661::Impl#DataFlowImpl1#bece54ca::Config#::parameterCand#3#fff/3@e465f53e
[2026-01-21 06:10:59] (5s)  >>> Created relation DataFlowImpl#6ed98661::Impl#DataFlowImpl1#bece54ca::Config#::parameterCand#3#fff/3@e465f53e with 0 rows and digest THIS-RELATION-HAS-NO-TUPLES.
[2026-01-21 06:10:59] (5s) Inferred that DataFlowImpl#6ed98661::Impl#DataFlowImpl1#bece54ca::Config#::pathIntoCallable#7#fffffff#reorder_4_5_0_1_2_3_6/7@3ff405w4 is empty, due to DataFlowImpl#6ed98661::Impl#DataFlowImpl1#bece54ca::Config#::parameterCand#3#fff/3@e465f53e.
[2026-01-21 06:10:59] (5s) Inferred that DataFlowImpl#6ed98661::Impl#DataFlowImpl1#bece54ca::Config#::pathIntoCallable#7#fffffff/7@3ff406w4 is empty, due to DataFlowImpl#6ed98661::Impl#DataFlowImpl1#bece54ca::Config#::parameterCand#3#fff/3@e465f53e.
[2026-01-21 06:10:59] (5s) Inferred that DataFlowImpl#6ed98661::Impl#DataFlowImpl1#bece54ca::Config#::pathIntoCallable0#7#fffffff/7@3ff407w4 is empty, due to DataFlowImpl#6ed98661::Impl#DataFlowImpl1#bece54ca::Config#::parameterCand#3#fff/3@e465f53e.
[2026-01-21 06:10:59] (5s) Inferred that project#DataFlowImpl#6ed98661::Impl#DataFlowImpl1#bece54ca::Config#::pathIntoCallable#7#fffffff/4@23aa743i is empty, due to DataFlowImpl#6ed98661::Impl#DataFlowImpl1#bece54ca::Config#::pathIntoCallable#7#fffffff/7@3ff406w4.
[2026-01-21 06:10:59] (5s)  >>> Created relation DataFlowImpl#6ed98661::Impl#DataFlowImpl1#bece54ca::Config#::pathIntoCallable0#7#fffffff/7@3ff407w4 with 0 rows and digest THIS-RELATION-HAS-NO-TUPLES.
[2026-01-21 06:10:59] (5s)  >>> Created relation DataFlowImpl#6ed98661::Impl#DataFlowImpl1#bece54ca::Config#::pathIntoCallable#7#fffffff#reorder_4_5_0_1_2_3_6/7@3ff405w4 with 0 rows and digest THIS-RELATION-HAS-NO-TUPLES.
[2026-01-21 06:10:59] (5s)  >>> Created relation DataFlowImpl#6ed98661::Impl#DataFlowImpl1#bece54ca::Config#::pathIntoCallable#7#fffffff/7@3ff406w4 with 0 rows and digest THIS-RELATION-HAS-NO-TUPLES.
[2026-01-21 06:10:59] (5s)  >>> Created relation project#DataFlowImpl#6ed98661::Impl#DataFlowImpl1#bece54ca::Config#::pathIntoCallable#7#fffffff/4@23aa743i with 0 rows and digest THIS-RELATION-HAS-NO-TUPLES.
[2026-01-21 06:10:59] (5s)  >>> Created relation project#DataFlowImpl#6ed98661::Impl#DataFlowImpl1#bece54ca::Config#::MkStage#Stage4#::Stage#Stage5Param#::revFlowStore#9#fffffffff#2/6@41c43a30 with 1 rows and digest 0f8ff6b6uq8o5fltnchadvluvrb.
[2026-01-21 06:10:59] Cachaca resolved layer: #7267 evaluator project#DataFlowImpl#6ed98661::Impl#DataFlowImpl1#bece54ca::Config#::MkStage#Stage4#::Stage#Stage5Param#::revFlowStore#9#fffffffff#2/6@41c43a30
[2026-01-21 06:10:59] (5s)  >>> Created relation project#DataFlowImpl#6ed98661::Impl#DataFlowImpl1#bece54ca::Config#::MkStage#Stage3#::Stage#Stage4Param#::storeStepCand#5#fffff#3/4@150d63hv with 1 rows and digest d40c3bnf47064tb33blq6ljj0i1.
[2026-01-21 06:10:59] Cachaca resolved layer: #7264 evaluator project#DataFlowImpl#6ed98661::Impl#DataFlowImpl1#bece54ca::Config#::MkStage#Stage3#::Stage#Stage4Param#::storeStepCand#5#fffff#3/4@150d63hv
[2026-01-21 06:10:59] (5s)  >>> Created relation DataFlowImpl#6ed98661::Impl#DataFlowImpl1#bece54ca::Config#::MkStage#Stage4#::Stage#Stage5Param#::storeStepCand#5#fffff/5@68912fuj with 1 rows and digest b3ebe0qp7s5kg18bb93l6udhooc.
[2026-01-21 06:10:59] Cachaca resolved layer: #7269 evaluator DataFlowImpl#6ed98661::Impl#DataFlowImpl1#bece54ca::Config#::MkStage#Stage4#::Stage#Stage5Param#::storeStepCand#5#fffff/5@68912fuj
[2026-01-21 06:10:59] (5s) Starting to evaluate predicate project#DataFlowImpl#6ed98661::Impl#DataFlowImpl1#bece54ca::Config#::MkStage#Stage4#::Stage#Stage5Param#::storeStepCand#5#fffff#2/3@a0da654p
[2026-01-21 06:10:59] (5s)  >>> Created relation project#DataFlowImpl#6ed98661::Impl#DataFlowImpl1#bece54ca::Config#::MkStage#Stage4#::Stage#Stage5Param#::storeStepCand#5#fffff#2/3@a0da654p with 1 rows and digest 5c134e5scltaocfpp7ae3mtg111.
[2026-01-21 06:10:59] (5s) Starting to evaluate predicate project#DataFlowImpl#6ed98661::Impl#DataFlowImpl1#bece54ca::Config#::MkStage#Stage4#::Stage#Stage5Param#::revFlow#5#fffff#2/1@0d37f2hd
[2026-01-21 06:10:59] (5s)  >>> Created relation project#DataFlowImpl#6ed98661::Impl#DataFlowImpl1#bece54ca::Config#::MkStage#Stage4#::Stage#Stage5Param#::revFlow#5#fffff#2/1@0d37f2hd with 2 rows and digest ebe3d48dmqdoe838og1l54mecnb.
[2026-01-21 06:10:59] (5s)  >>> Created relation project#DataFlowImpl#6ed98661::Impl#DataFlowImpl1#bece54ca::Config#::MkStage#Stage4#::Stage#Stage5Param#::storeStepCand#5#fffff/2@e2b640eb with 1 rows and digest aaf2c3pk0b0ducv6t4838qcqsq9.
[2026-01-21 06:10:59] Cachaca resolved layer: #7271 evaluator project#DataFlowImpl#6ed98661::Impl#DataFlowImpl1#bece54ca::Config#::MkStage#Stage4#::Stage#Stage5Param#::storeStepCand#5#fffff/2@e2b640eb
[2026-01-21 06:10:59] (5s) Starting to evaluate predicate DataFlowImpl#6ed98661::Impl#DataFlowImpl1#bece54ca::Config#::MkStage#Stage4#::Stage#Stage5Param#::validAp#1#f/1@i1#d15f5xb1 (iteration 1)
[2026-01-21 06:10:59] (5s) 			 - DataFlowImpl#6ed98661::Impl#DataFlowImpl1#bece54ca::Config#::MkStage#Stage4#::Stage#Stage5Param#::validAp#1#f_delta has 1 rows (order for disjuncts: delta=<standard>).
[2026-01-21 06:10:59] (5s) Starting to evaluate predicate DataFlowImpl#6ed98661::Impl#DataFlowImpl1#bece54ca::Config#::MkStage#Stage4#::Stage#Stage5Param#::consCand#2#ff/2@i1#d15f5wb1 (iteration 1)
[2026-01-21 06:10:59] (5s) Empty delta for DataFlowImpl#6ed98661::Impl#DataFlowImpl1#bece54ca::Config#::MkStage#Stage4#::Stage#Stage5Param#::consCand#2#ff_delta (order for disjuncts: delta=<standard>).
[2026-01-21 06:10:59] (5s) Empty delta for DataFlowImpl#6ed98661::Impl#DataFlowImpl1#bece54ca::Config#::MkStage#Stage4#::Stage#Stage5Param#::validAp#1#f_delta (order for disjuncts: delta=<standard>).
[2026-01-21 06:10:59] (5s) Starting to evaluate predicate DataFlowImpl#6ed98661::Impl#DataFlowImpl1#bece54ca::Config#::MkStage#Stage4#::Stage#Stage5Param#::consCand#2#ff/2@i2#d15f5wb1 (iteration 2)
[2026-01-21 06:10:59] (5s) 			 - DataFlowImpl#6ed98661::Impl#DataFlowImpl1#bece54ca::Config#::MkStage#Stage4#::Stage#Stage5Param#::consCand#2#ff_delta has 1 rows (order for disjuncts: delta=<standard>).
[2026-01-21 06:10:59] (5s) Starting to evaluate predicate DataFlowImpl#6ed98661::Impl#DataFlowImpl1#bece54ca::Config#::MkStage#Stage4#::Stage#Stage5Param#::validAp#1#f/1@i3#d15f5xb1 (iteration 3)
[2026-01-21 06:10:59] (5s) 			 - DataFlowImpl#6ed98661::Impl#DataFlowImpl1#bece54ca::Config#::MkStage#Stage4#::Stage#Stage5Param#::validAp#1#f_delta has 1 rows (order for disjuncts: delta=<standard>).
[2026-01-21 06:10:59] (5s) Empty delta for DataFlowImpl#6ed98661::Impl#DataFlowImpl1#bece54ca::Config#::MkStage#Stage4#::Stage#Stage5Param#::consCand#2#ff_delta (order for disjuncts: delta=<standard>).
[2026-01-21 06:10:59] (5s) Empty delta for DataFlowImpl#6ed98661::Impl#DataFlowImpl1#bece54ca::Config#::MkStage#Stage4#::Stage#Stage5Param#::validAp#1#f_delta (order for disjuncts: delta=<standard>).
[2026-01-21 06:10:59] (5s) Starting to evaluate predicate DataFlowImpl#6ed98661::Impl#DataFlowImpl1#bece54ca::Config#::MkStage#Stage4#::Stage#Stage5Param#::consCand#2#ff/2@i4#d15f5wb1 (iteration 4)
[2026-01-21 06:10:59] (5s) Empty delta for DataFlowImpl#6ed98661::Impl#DataFlowImpl1#bece54ca::Config#::MkStage#Stage4#::Stage#Stage5Param#::consCand#2#ff_delta (order for disjuncts: delta=<standard>).
[2026-01-21 06:10:59] (5s) Accumulating deltas
[2026-01-21 06:10:59] (5s)  >>> Created relation DataFlowImpl#6ed98661::Impl#DataFlowImpl1#bece54ca::Config#::MkStage#Stage4#::Stage#Stage5Param#::consCand#2#ff/2@d15f5wb1 with 1 rows and digest edc776lotk97cor8oobbc0dldef.
[2026-01-21 06:10:59] (5s)  >>> Created relation DataFlowImpl#6ed98661::Impl#DataFlowImpl1#bece54ca::Config#::MkStage#Stage4#::Stage#Stage5Param#::validAp#1#f/1@d15f5xb1 with 2 rows and digest 915c59dvomvurborlik13958li0.
[2026-01-21 06:10:59] (5s) Starting to evaluate predicate DataFlowImpl#6ed98661::Impl#DataFlowImpl1#bece54ca::Config#::getATail#1#ff/2@0e5054jn
[2026-01-21 06:10:59] (5s)  >>> Created relation DataFlowImpl#6ed98661::Impl#DataFlowImpl1#bece54ca::Config#::getATail#1#ff/2@0e5054jn with 1 rows and digest 8033b4r1t4ahe2lkvhi53m2hmm0.
[2026-01-21 06:10:59] (5s) Starting to evaluate predicate DataFlowImpl#6ed98661::Impl#DataFlowImpl1#bece54ca::Config#::getATail#1#ff_10#join_rhs/2@9d9e03d5
[2026-01-21 06:10:59] (5s)  >>> Created relation DataFlowImpl#6ed98661::Impl#DataFlowImpl1#bece54ca::Config#::getATail#1#ff_10#join_rhs/2@9d9e03d5 with 1 rows and digest 77645cq9ap7p6917u55is3j2p46.
[2026-01-21 06:10:59] (5s) Starting to evaluate predicate DataFlowImpl#6ed98661::Impl#DataFlowImpl1#bece54ca::Config#::evalUnfold#2#fb/2@i1#777a3ygi (iteration 1)
[2026-01-21 06:10:59] (5s) Empty delta for DataFlowImpl#6ed98661::Impl#DataFlowImpl1#bece54ca::Config#::evalUnfold#2#fb_delta (order for disjuncts: delta=<standard>).
[2026-01-21 06:10:59] (5s) Starting to evaluate predicate DataFlowImpl#6ed98661::Impl#DataFlowImpl1#bece54ca::Config#::countPotentialAps#1#ff/2@i1#777a3xgi (iteration 1)
[2026-01-21 06:10:59] (5s) 			 - DataFlowImpl#6ed98661::Impl#DataFlowImpl1#bece54ca::Config#::countPotentialAps#1#ff_delta has 3508 rows (order for disjuncts: delta=<standard>).
[2026-01-21 06:10:59] (5s) Starting to evaluate predicate DataFlowImpl#6ed98661::Impl#DataFlowImpl1#bece54ca::Config#::countAps#1#ff/2@i1#777a3wgi (iteration 1)
[2026-01-21 06:10:59] (5s) Empty delta for DataFlowImpl#6ed98661::Impl#DataFlowImpl1#bece54ca::Config#::countAps#1#ff_delta (order for disjuncts: delta=<standard>).
[2026-01-21 06:10:59] (5s) Starting to evaluate predicate _DataFlowImpl#6ed98661::Impl#DataFlowImpl1#bece54ca::Config#::countNodesUsingAccessPath#1#ff_DataFlo__#antijoin_rhs#1/3@i2#L4#777a3wgi (iteration 2)
[2026-01-21 06:10:59] (5s) Starting to evaluate predicate DataFlowImpl#6ed98661::Impl#DataFlowImpl1#bece54ca::Config#::evalUnfold#2#fb/2@i2#777a3ygi (iteration 2)
[2026-01-21 06:10:59] (5s) 			 - DataFlowImpl#6ed98661::Impl#DataFlowImpl1#bece54ca::Config#::evalUnfold#2#fb_delta has 1 rows (order for disjuncts: delta=500000).
[2026-01-21 06:10:59] (5s) Empty delta for DataFlowImpl#6ed98661::Impl#DataFlowImpl1#bece54ca::Config#::countPotentialAps#1#ff_delta (order for disjuncts: delta=<standard>).
[2026-01-21 06:10:59] (5s) Starting to evaluate predicate DataFlowImpl#6ed98661::Impl#DataFlowImpl1#bece54ca::Config#::countAps#1#ff/2@i2#777a3wgi (iteration 2)
[2026-01-21 06:10:59] (5s) Empty delta for DataFlowImpl#6ed98661::Impl#DataFlowImpl1#bece54ca::Config#::countAps#1#ff_delta (order for disjuncts: delta=<standard>).
[2026-01-21 06:10:59] (5s) Empty delta for DataFlowImpl#6ed98661::Impl#DataFlowImpl1#bece54ca::Config#::evalUnfold#2#fb_delta (order for disjuncts: delta=500000).
[2026-01-21 06:10:59] (5s) Empty delta for DataFlowImpl#6ed98661::Impl#DataFlowImpl1#bece54ca::Config#::countPotentialAps#1#ff_delta (order for disjuncts: delta=<standard>).
[2026-01-21 06:10:59] (5s) Starting to evaluate predicate DataFlowImpl#6ed98661::Impl#DataFlowImpl1#bece54ca::Config#::countAps#1#ff/2@i3#777a3wgi (iteration 3)
[2026-01-21 06:10:59] (5s) 			 - DataFlowImpl#6ed98661::Impl#DataFlowImpl1#bece54ca::Config#::countAps#1#ff_delta has 1 rows (order for disjuncts: delta=<standard>).
[2026-01-21 06:10:59] (5s) Empty delta for DataFlowImpl#6ed98661::Impl#DataFlowImpl1#bece54ca::Config#::evalUnfold#2#fb_delta (order for disjuncts: delta=500000).
[2026-01-21 06:10:59] (5s) Starting to evaluate predicate _DataFlowImpl#6ed98661::Impl#DataFlowImpl1#bece54ca::Config#::countAps#1#ff#prev_delta_DataFlowImpl#__#sum_range/2@i4#L0#777a3wgi (iteration 4)
[2026-01-21 06:10:59] (5s) Starting to evaluate predicate _DataFlowImpl#6ed98661::Impl#DataFlowImpl1#bece54ca::Config#::countAps#1#ff#prev_DataFlowImpl#6ed986__#sum_term/3@i4#L1#777a3wgi (iteration 4)
[2026-01-21 06:10:59] (5s) Starting to evaluate predicate __DataFlowImpl#6ed98661::Impl#DataFlowImpl1#bece54ca::Config#::countAps#1#ff#prev_DataFlowImpl#6ed98__#join_rhs/2@i4#L2#777a3wgi (iteration 4)
[2026-01-21 06:10:59] (5s) Starting to evaluate predicate DataFlowImpl#6ed98661::Impl#DataFlowImpl1#bece54ca::Config#::countPotentialAps#1#ff/2@i4#777a3xgi (iteration 4)
[2026-01-21 06:10:59] (5s) 			 - DataFlowImpl#6ed98661::Impl#DataFlowImpl1#bece54ca::Config#::countPotentialAps#1#ff_delta has 1 rows (order for disjuncts: delta=<standard>).
[2026-01-21 06:10:59] (5s) Empty delta for DataFlowImpl#6ed98661::Impl#DataFlowImpl1#bece54ca::Config#::countAps#1#ff_delta (order for disjuncts: delta=<standard>).
[2026-01-21 06:10:59] (5s) Starting to evaluate predicate _DataFlowImpl#6ed98661::Impl#DataFlowImpl1#bece54ca::Config#::countNodesUsingAccessPath#1#ff_DataFlo__#antijoin_rhs#1/3@i5#L4#777a3wgi (iteration 5)
[2026-01-21 06:10:59] (5s) Starting to evaluate predicate DataFlowImpl#6ed98661::Impl#DataFlowImpl1#bece54ca::Config#::evalUnfold#2#fb/2@i5#777a3ygi (iteration 5)
[2026-01-21 06:10:59] (5s) 			 - DataFlowImpl#6ed98661::Impl#DataFlowImpl1#bece54ca::Config#::evalUnfold#2#fb_delta has 1 rows (order for disjuncts: delta=500000).
[2026-01-21 06:10:59] (5s) Empty delta for DataFlowImpl#6ed98661::Impl#DataFlowImpl1#bece54ca::Config#::countPotentialAps#1#ff_delta (order for disjuncts: delta=<standard>).
[2026-01-21 06:10:59] (5s) Starting to evaluate predicate DataFlowImpl#6ed98661::Impl#DataFlowImpl1#bece54ca::Config#::countAps#1#ff/2@i5#777a3wgi (iteration 5)
[2026-01-21 06:10:59] (5s) Empty delta for DataFlowImpl#6ed98661::Impl#DataFlowImpl1#bece54ca::Config#::countAps#1#ff_delta (order for disjuncts: delta=<standard>).
[2026-01-21 06:10:59] (5s) Empty delta for DataFlowImpl#6ed98661::Impl#DataFlowImpl1#bece54ca::Config#::evalUnfold#2#fb_delta (order for disjuncts: delta=500000).
[2026-01-21 06:10:59] (5s) Empty delta for DataFlowImpl#6ed98661::Impl#DataFlowImpl1#bece54ca::Config#::countPotentialAps#1#ff_delta (order for disjuncts: delta=<standard>).
[2026-01-21 06:10:59] (5s) Starting to evaluate predicate DataFlowImpl#6ed98661::Impl#DataFlowImpl1#bece54ca::Config#::countAps#1#ff/2@i6#777a3wgi (iteration 6)
[2026-01-21 06:10:59] (5s) 			 - DataFlowImpl#6ed98661::Impl#DataFlowImpl1#bece54ca::Config#::countAps#1#ff_delta has 1 rows (order for disjuncts: delta=<standard>).
[2026-01-21 06:10:59] (5s) Empty delta for DataFlowImpl#6ed98661::Impl#DataFlowImpl1#bece54ca::Config#::evalUnfold#2#fb_delta (order for disjuncts: delta=500000).
[2026-01-21 06:10:59] (5s) Starting to evaluate predicate _DataFlowImpl#6ed98661::Impl#DataFlowImpl1#bece54ca::Config#::countAps#1#ff#prev_delta_DataFlowImpl#__#sum_range/2@i7#L0#777a3wgi (iteration 7)
[2026-01-21 06:10:59] (5s) Starting to evaluate predicate _DataFlowImpl#6ed98661::Impl#DataFlowImpl1#bece54ca::Config#::countAps#1#ff#prev_DataFlowImpl#6ed986__#sum_term/3@i7#L1#777a3wgi (iteration 7)
[2026-01-21 06:10:59] (5s) Starting to evaluate predicate __DataFlowImpl#6ed98661::Impl#DataFlowImpl1#bece54ca::Config#::countAps#1#ff#prev_DataFlowImpl#6ed98__#join_rhs/2@i7#L2#777a3wgi (iteration 7)
[2026-01-21 06:10:59] (5s) Starting to evaluate predicate DataFlowImpl#6ed98661::Impl#DataFlowImpl1#bece54ca::Config#::countPotentialAps#1#ff/2@i7#777a3xgi (iteration 7)
[2026-01-21 06:10:59] (5s) Empty delta for DataFlowImpl#6ed98661::Impl#DataFlowImpl1#bece54ca::Config#::countPotentialAps#1#ff_delta (order for disjuncts: delta=<standard>).
[2026-01-21 06:10:59] (5s) Empty delta for DataFlowImpl#6ed98661::Impl#DataFlowImpl1#bece54ca::Config#::countAps#1#ff_delta (order for disjuncts: delta=<standard>).
[2026-01-21 06:10:59] (5s) Accumulating deltas
[2026-01-21 06:10:59] (5s)  >>> Created relation DataFlowImpl#6ed98661::Impl#DataFlowImpl1#bece54ca::Config#::countAps#1#ff/2@777a3wgi with 2 rows and digest ebe6f4foichk0op1u1418nf5os5.
[2026-01-21 06:10:59] (5s)  >>> Created relation DataFlowImpl#6ed98661::Impl#DataFlowImpl1#bece54ca::Config#::countPotentialAps#1#ff/2@777a3xgi with 3509 rows and digest a2bc76slm1pr73e7scfff4d0fg8.
[2026-01-21 06:10:59] (5s)  >>> Created relation DataFlowImpl#6ed98661::Impl#DataFlowImpl1#bece54ca::Config#::evalUnfold#2#fb/2@777a3ygi with 2 rows and digest 1c902219d6ss6riuruuk554po42.
[2026-01-21 06:10:59] (5s) Starting to evaluate predicate DataFlowImpl#6ed98661::Impl#DataFlowImpl1#bece54ca::Config#::len#0#dispred#2#ff/2@c6038ad7
[2026-01-21 06:10:59] (5s)  >>> Created relation DataFlowImpl#6ed98661::Impl#DataFlowImpl1#bece54ca::Config#::len#0#dispred#2#ff/2@c6038ad7 with 3509 rows and digest a6fd5dleup86g04se6josj926fe.
[2026-01-21 06:10:59] (5s) Starting to evaluate predicate DataFlowImpl#6ed98661::Impl#DataFlowImpl1#bece54ca::Config#::TAccessPathCons2#dom#fff/3@83f03ddv
[2026-01-21 06:10:59] (5s)  >>> Created relation DataFlowImpl#6ed98661::Impl#DataFlowImpl1#bece54ca::Config#::TAccessPathCons2#dom#fff/3@83f03ddv with 0 rows and digest THIS-RELATION-HAS-NO-TUPLES.
[2026-01-21 06:10:59] (5s) Starting to evaluate predicate num#DataFlowImpl#6ed98661::Impl#DataFlowImpl1#bece54ca::Config#::TAccessPathCons2#ffff/4@b41b35ub
[2026-01-21 06:10:59] (5s)  >>> Created relation num#DataFlowImpl#6ed98661::Impl#DataFlowImpl1#bece54ca::Config#::TAccessPathCons2#ffff/4@b41b35ub with 0 rows and digest THIS-RELATION-HAS-NO-TUPLES.
[2026-01-21 06:10:59] (5s) Inferred that DataFlowImpl#6ed98661::Impl#DataFlowImpl1#bece54ca::Config#::AccessPathCons2#ffff/4@06933b7m is empty, due to num#DataFlowImpl#6ed98661::Impl#DataFlowImpl1#bece54ca::Config#::TAccessPathCons2#ffff/4@b41b35ub.
[2026-01-21 06:10:59] (5s) Inferred that DataFlowImpl#6ed98661::Impl#DataFlowImpl1#bece54ca::Config#::AccessPathCons2#ffff_130#join_rhs/3@8747db33 is empty, due to DataFlowImpl#6ed98661::Impl#DataFlowImpl1#bece54ca::Config#::AccessPathCons2#ffff/4@06933b7m.
[2026-01-21 06:10:59] (5s) Inferred that DataFlowImpl#6ed98661::Impl#DataFlowImpl1#bece54ca::Config#::AccessPathCons2#ffff_2301#join_rhs/4@73a38a14 is empty, due to DataFlowImpl#6ed98661::Impl#DataFlowImpl1#bece54ca::Config#::AccessPathCons2#ffff/4@06933b7m.
[2026-01-21 06:10:59] (5s)  >>> Created relation DataFlowImpl#6ed98661::Impl#DataFlowImpl1#bece54ca::Config#::AccessPathCons2#ffff_2301#join_rhs/4@73a38a14 with 0 rows and digest THIS-RELATION-HAS-NO-TUPLES.
[2026-01-21 06:10:59] (5s)  >>> Created relation DataFlowImpl#6ed98661::Impl#DataFlowImpl1#bece54ca::Config#::AccessPathCons2#ffff_130#join_rhs/3@8747db33 with 0 rows and digest THIS-RELATION-HAS-NO-TUPLES.
[2026-01-21 06:10:59] (5s)  >>> Created relation DataFlowImpl#6ed98661::Impl#DataFlowImpl1#bece54ca::Config#::AccessPathCons2#ffff/4@06933b7m with 0 rows and digest THIS-RELATION-HAS-NO-TUPLES.
[2026-01-21 06:10:59] (5s) Starting to evaluate predicate DataFlowImpl#6ed98661::Impl#DataFlowImpl1#bece54ca::Config#::evalUnfold#2#fb_10#join_rhs/2@2b4ae11j
[2026-01-21 06:10:59] (5s)  >>> Created relation DataFlowImpl#6ed98661::Impl#DataFlowImpl1#bece54ca::Config#::evalUnfold#2#fb_10#join_rhs/2@2b4ae11j with 2 rows and digest faea39oskkrmcan9lk7srpn2sr7.
[2026-01-21 06:10:59] (5s) Starting to evaluate predicate _DataFlowImpl#6ed98661::Impl#DataFlowImpl1#bece54ca::Config#::evalUnfold#2#fb_10#join_rhs_const_fals__#antijoin_rhs/1@238ccb0v
[2026-01-21 06:10:59] (5s)  >>> Created relation _DataFlowImpl#6ed98661::Impl#DataFlowImpl1#bece54ca::Config#::evalUnfold#2#fb_10#join_rhs_const_fals__#antijoin_rhs/1@238ccb0v with 0 rows and digest THIS-RELATION-HAS-NO-TUPLES.
[2026-01-21 06:10:59] (5s) Starting to evaluate predicate _DataFlowImpl#6ed98661::Impl#DataFlowImpl1#bece54ca::Config#::getATail#1#ff_DataFlowImpl#6ed98661::I__#join_rhs/2@821c63ai
[2026-01-21 06:10:59] (5s)  >>> Created relation _DataFlowImpl#6ed98661::Impl#DataFlowImpl1#bece54ca::Config#::getATail#1#ff_DataFlowImpl#6ed98661::I__#join_rhs/2@821c63ai with 1 rows and digest aaf2c3pk0b0ducv6t4838qcqsq9.
[2026-01-21 06:11:00] (5s) Starting to evaluate predicate DataFlowImpl#6ed98661::Impl#DataFlowImpl1#bece54ca::Config#::getHead#0#dispred#6#ff/2@i1#81a584wd (iteration 1)
[2026-01-21 06:11:00] (5s) Empty delta for DataFlowImpl#6ed98661::Impl#DataFlowImpl1#bece54ca::Config#::getHead#0#dispred#6#ff_delta (order for disjuncts: delta=<standard>).
[2026-01-21 06:11:00] (5s) Starting to evaluate predicate DataFlowImpl#6ed98661::Impl#DataFlowImpl1#bece54ca::Config#::AccessPathCons#fff/3@i1#81a583wd (iteration 1)
[2026-01-21 06:11:00] (5s) Empty delta for DataFlowImpl#6ed98661::Impl#DataFlowImpl1#bece54ca::Config#::AccessPathCons#fff_delta (order for disjuncts: delta=<standard>).
[2026-01-21 06:11:00] (5s) Starting to evaluate predicate num#DataFlowImpl#6ed98661::Impl#DataFlowImpl1#bece54ca::Config#::TAccessPathCons#fff/3@i1#81a582wd (iteration 1)
[2026-01-21 06:11:00] (5s) Empty delta for num#DataFlowImpl#6ed98661::Impl#DataFlowImpl1#bece54ca::Config#::TAccessPathCons#fff_delta (order for disjuncts: delta=<standard>).
[2026-01-21 06:11:00] (5s) Starting to evaluate predicate DataFlowImpl#6ed98661::Impl#DataFlowImpl1#bece54ca::Config#::AccessPathCons#fff#reorder_2_1_0/3@i1#81a581wd (iteration 1)
[2026-01-21 06:11:00] (5s) Empty delta for DataFlowImpl#6ed98661::Impl#DataFlowImpl1#bece54ca::Config#::AccessPathCons#fff#reorder_2_1_0_delta (order for disjuncts: delta=<standard>).
[2026-01-21 06:11:00] (5s) Starting to evaluate predicate DataFlowImpl#6ed98661::Impl#DataFlowImpl1#bece54ca::Config#::length#0#dispred#2#ff/2@i1#81a580wd (iteration 1)
[2026-01-21 06:11:00] (5s) 			 - DataFlowImpl#6ed98661::Impl#DataFlowImpl1#bece54ca::Config#::length#0#dispred#2#ff_delta has 3508 rows (order for disjuncts: delta=<standard>).
[2026-01-21 06:11:00] (5s) Starting to evaluate predicate DataFlowImpl#6ed98661::Impl#DataFlowImpl1#bece54ca::Config#::length#ff/2@i1#81a58zsd (iteration 1)
[2026-01-21 06:11:00] (5s) Empty delta for DataFlowImpl#6ed98661::Impl#DataFlowImpl1#bece54ca::Config#::length#ff_delta (order for disjuncts: delta=<standard>).
[2026-01-21 06:11:00] (5s) Starting to evaluate predicate DataFlowImpl#6ed98661::Impl#DataFlowImpl1#bece54ca::Config#::TAccessPathCons#dom#ff/2@i1#81a58ysd (iteration 1)
[2026-01-21 06:11:00] (5s) Empty delta for DataFlowImpl#6ed98661::Impl#DataFlowImpl1#bece54ca::Config#::TAccessPathCons#dom#ff_delta (order for disjuncts: delta=<standard>).
[2026-01-21 06:11:00] (5s) Starting to evaluate predicate DataFlowImpl#6ed98661::Impl#DataFlowImpl1#bece54ca::Config#::getApprox#0#dispred#ff/2@i1#81a58xsd (iteration 1)
[2026-01-21 06:11:00] (5s) 			 - DataFlowImpl#6ed98661::Impl#DataFlowImpl1#bece54ca::Config#::getApprox#0#dispred#ff_delta has 3508 rows (order for disjuncts: delta=<standard>).
[2026-01-21 06:11:00] (5s) Starting to evaluate predicate DataFlowImpl#6ed98661::Impl#DataFlowImpl1#bece54ca::Config#::getApprox#2#ff/2@i1#81a58wsd (iteration 1)
[2026-01-21 06:11:00] (5s) Empty delta for DataFlowImpl#6ed98661::Impl#DataFlowImpl1#bece54ca::Config#::getApprox#2#ff_delta (order for disjuncts: delta=<standard>).
[2026-01-21 06:11:00] (5s) Empty delta for DataFlowImpl#6ed98661::Impl#DataFlowImpl1#bece54ca::Config#::getHead#0#dispred#6#ff_delta (order for disjuncts: delta=<standard>).
[2026-01-21 06:11:00] (5s) Empty delta for DataFlowImpl#6ed98661::Impl#DataFlowImpl1#bece54ca::Config#::AccessPathCons#fff_delta (order for disjuncts: delta=<standard>).
[2026-01-21 06:11:00] (5s) Empty delta for num#DataFlowImpl#6ed98661::Impl#DataFlowImpl1#bece54ca::Config#::TAccessPathCons#fff_delta (order for disjuncts: delta=<standard>).
[2026-01-21 06:11:00] (5s) Empty delta for DataFlowImpl#6ed98661::Impl#DataFlowImpl1#bece54ca::Config#::AccessPathCons#fff#reorder_2_1_0_delta (order for disjuncts: delta=<standard>).
[2026-01-21 06:11:00] (5s) Empty delta for DataFlowImpl#6ed98661::Impl#DataFlowImpl1#bece54ca::Config#::length#0#dispred#2#ff_delta (order for disjuncts: delta=<standard>).
[2026-01-21 06:11:00] (5s) Starting to evaluate predicate DataFlowImpl#6ed98661::Impl#DataFlowImpl1#bece54ca::Config#::length#ff/2@i2#81a58zsd (iteration 2)
[2026-01-21 06:11:00] (5s) Empty delta for DataFlowImpl#6ed98661::Impl#DataFlowImpl1#bece54ca::Config#::length#ff_delta (order for disjuncts: delta=<standard>).
[2026-01-21 06:11:00] (5s) Starting to evaluate predicate DataFlowImpl#6ed98661::Impl#DataFlowImpl1#bece54ca::Config#::TAccessPathCons#dom#ff/2@i2#81a58ysd (iteration 2)
[2026-01-21 06:11:00] (5s) 			 - DataFlowImpl#6ed98661::Impl#DataFlowImpl1#bece54ca::Config#::TAccessPathCons#dom#ff_delta has 1 rows (order for disjuncts: delta=500000).
[2026-01-21 06:11:00] (5s) Empty delta for DataFlowImpl#6ed98661::Impl#DataFlowImpl1#bece54ca::Config#::getApprox#0#dispred#ff_delta (order for disjuncts: delta=<standard>).
[2026-01-21 06:11:00] (5s) Empty delta for DataFlowImpl#6ed98661::Impl#DataFlowImpl1#bece54ca::Config#::getApprox#2#ff_delta (order for disjuncts: delta=<standard>).
[2026-01-21 06:11:00] (5s) Empty delta for DataFlowImpl#6ed98661::Impl#DataFlowImpl1#bece54ca::Config#::getHead#0#dispred#6#ff_delta (order for disjuncts: delta=<standard>).
[2026-01-21 06:11:00] (5s) Empty delta for DataFlowImpl#6ed98661::Impl#DataFlowImpl1#bece54ca::Config#::AccessPathCons#fff_delta (order for disjuncts: delta=<standard>).
[2026-01-21 06:11:00] (5s) Starting to evaluate predicate num#DataFlowImpl#6ed98661::Impl#DataFlowImpl1#bece54ca::Config#::TAccessPathCons#fff/3@i3#81a582wd (iteration 3)
[2026-01-21 06:11:00] (5s) 			 - num#DataFlowImpl#6ed98661::Impl#DataFlowImpl1#bece54ca::Config#::TAccessPathCons#fff_delta has 1 rows (order for disjuncts: delta=<standard>).
[2026-01-21 06:11:00] (5s) Empty delta for DataFlowImpl#6ed98661::Impl#DataFlowImpl1#bece54ca::Config#::AccessPathCons#fff#reorder_2_1_0_delta (order for disjuncts: delta=<standard>).
[2026-01-21 06:11:00] (5s) Empty delta for DataFlowImpl#6ed98661::Impl#DataFlowImpl1#bece54ca::Config#::length#0#dispred#2#ff_delta (order for disjuncts: delta=<standard>).
[2026-01-21 06:11:00] (5s) Empty delta for DataFlowImpl#6ed98661::Impl#DataFlowImpl1#bece54ca::Config#::length#ff_delta (order for disjuncts: delta=<standard>).
[2026-01-21 06:11:00] (5s) Empty delta for DataFlowImpl#6ed98661::Impl#DataFlowImpl1#bece54ca::Config#::TAccessPathCons#dom#ff_delta (order for disjuncts: delta=500000).
[2026-01-21 06:11:00] (5s) Empty delta for DataFlowImpl#6ed98661::Impl#DataFlowImpl1#bece54ca::Config#::getApprox#0#dispred#ff_delta (order for disjuncts: delta=<standard>).
[2026-01-21 06:11:00] (5s) Empty delta for DataFlowImpl#6ed98661::Impl#DataFlowImpl1#bece54ca::Config#::getApprox#2#ff_delta (order for disjuncts: delta=<standard>).
[2026-01-21 06:11:00] (5s) Empty delta for DataFlowImpl#6ed98661::Impl#DataFlowImpl1#bece54ca::Config#::getHead#0#dispred#6#ff_delta (order for disjuncts: delta=<standard>).
[2026-01-21 06:11:00] (5s) Starting to evaluate predicate DataFlowImpl#6ed98661::Impl#DataFlowImpl1#bece54ca::Config#::AccessPathCons#fff/3@i4#81a583wd (iteration 4)
[2026-01-21 06:11:00] (5s) 			 - DataFlowImpl#6ed98661::Impl#DataFlowImpl1#bece54ca::Config#::AccessPathCons#fff_delta has 1 rows (order for disjuncts: delta=<standard>).
[2026-01-21 06:11:00] (5s) Empty delta for num#DataFlowImpl#6ed98661::Impl#DataFlowImpl1#bece54ca::Config#::TAccessPathCons#fff_delta (order for disjuncts: delta=<standard>).
[2026-01-21 06:11:00] (5s) Starting to evaluate predicate DataFlowImpl#6ed98661::Impl#DataFlowImpl1#bece54ca::Config#::AccessPathCons#fff#reorder_2_1_0/3@i4#81a581wd (iteration 4)
[2026-01-21 06:11:00] (5s) 			 - DataFlowImpl#6ed98661::Impl#DataFlowImpl1#bece54ca::Config#::AccessPathCons#fff#reorder_2_1_0_delta has 1 rows (order for disjuncts: delta=<standard>).
[2026-01-21 06:11:00] (5s) Empty delta for DataFlowImpl#6ed98661::Impl#DataFlowImpl1#bece54ca::Config#::length#0#dispred#2#ff_delta (order for disjuncts: delta=<standard>).
[2026-01-21 06:11:00] (5s) Empty delta for DataFlowImpl#6ed98661::Impl#DataFlowImpl1#bece54ca::Config#::length#ff_delta (order for disjuncts: delta=<standard>).
[2026-01-21 06:11:00] (5s) Empty delta for DataFlowImpl#6ed98661::Impl#DataFlowImpl1#bece54ca::Config#::TAccessPathCons#dom#ff_delta (order for disjuncts: delta=500000).
[2026-01-21 06:11:00] (5s) Empty delta for DataFlowImpl#6ed98661::Impl#DataFlowImpl1#bece54ca::Config#::getApprox#0#dispred#ff_delta (order for disjuncts: delta=<standard>).
[2026-01-21 06:11:00] (5s) Empty delta for DataFlowImpl#6ed98661::Impl#DataFlowImpl1#bece54ca::Config#::getApprox#2#ff_delta (order for disjuncts: delta=<standard>).
[2026-01-21 06:11:00] (5s) Starting to evaluate predicate DataFlowImpl#6ed98661::Impl#DataFlowImpl1#bece54ca::Config#::getHead#0#dispred#6#ff/2@i5#81a584wd (iteration 5)
[2026-01-21 06:11:00] (5s) 			 - DataFlowImpl#6ed98661::Impl#DataFlowImpl1#bece54ca::Config#::getHead#0#dispred#6#ff_delta has 1 rows (order for disjuncts: delta=<standard>).
[2026-01-21 06:11:00] (5s) Empty delta for DataFlowImpl#6ed98661::Impl#DataFlowImpl1#bece54ca::Config#::AccessPathCons#fff_delta (order for disjuncts: delta=<standard>).
[2026-01-21 06:11:00] (5s) Empty delta for num#DataFlowImpl#6ed98661::Impl#DataFlowImpl1#bece54ca::Config#::TAccessPathCons#fff_delta (order for disjuncts: delta=<standard>).
[2026-01-21 06:11:00] (5s) Empty delta for DataFlowImpl#6ed98661::Impl#DataFlowImpl1#bece54ca::Config#::AccessPathCons#fff#reorder_2_1_0_delta (order for disjuncts: delta=<standard>).
[2026-01-21 06:11:00] (5s) Empty delta for DataFlowImpl#6ed98661::Impl#DataFlowImpl1#bece54ca::Config#::length#0#dispred#2#ff_delta (order for disjuncts: delta=<standard>).
[2026-01-21 06:11:00] (5s) Starting to evaluate predicate DataFlowImpl#6ed98661::Impl#DataFlowImpl1#bece54ca::Config#::length#ff/2@i5#81a58zsd (iteration 5)
[2026-01-21 06:11:00] (5s) 			 - DataFlowImpl#6ed98661::Impl#DataFlowImpl1#bece54ca::Config#::length#ff_delta has 1 rows (order for disjuncts: delta=<standard>).
[2026-01-21 06:11:00] (5s) Empty delta for DataFlowImpl#6ed98661::Impl#DataFlowImpl1#bece54ca::Config#::TAccessPathCons#dom#ff_delta (order for disjuncts: delta=500000).
[2026-01-21 06:11:00] (5s) Empty delta for DataFlowImpl#6ed98661::Impl#DataFlowImpl1#bece54ca::Config#::getApprox#0#dispred#ff_delta (order for disjuncts: delta=<standard>).
[2026-01-21 06:11:00] (5s) Starting to evaluate predicate DataFlowImpl#6ed98661::Impl#DataFlowImpl1#bece54ca::Config#::getApprox#2#ff/2@i5#81a58wsd (iteration 5)
[2026-01-21 06:11:00] (5s) 			 - DataFlowImpl#6ed98661::Impl#DataFlowImpl1#bece54ca::Config#::getApprox#2#ff_delta has 1 rows (order for disjuncts: delta=<standard>).
[2026-01-21 06:11:00] (5s) Empty delta for DataFlowImpl#6ed98661::Impl#DataFlowImpl1#bece54ca::Config#::getHead#0#dispred#6#ff_delta (order for disjuncts: delta=<standard>).
[2026-01-21 06:11:00] (5s) Empty delta for DataFlowImpl#6ed98661::Impl#DataFlowImpl1#bece54ca::Config#::AccessPathCons#fff_delta (order for disjuncts: delta=<standard>).
[2026-01-21 06:11:00] (5s) Empty delta for num#DataFlowImpl#6ed98661::Impl#DataFlowImpl1#bece54ca::Config#::TAccessPathCons#fff_delta (order for disjuncts: delta=<standard>).
[2026-01-21 06:11:00] (5s) Empty delta for DataFlowImpl#6ed98661::Impl#DataFlowImpl1#bece54ca::Config#::AccessPathCons#fff#reorder_2_1_0_delta (order for disjuncts: delta=<standard>).
[2026-01-21 06:11:00] (5s) Starting to evaluate predicate DataFlowImpl#6ed98661::Impl#DataFlowImpl1#bece54ca::Config#::length#0#dispred#2#ff/2@i6#81a580wd (iteration 6)
[2026-01-21 06:11:00] (5s) 			 - DataFlowImpl#6ed98661::Impl#DataFlowImpl1#bece54ca::Config#::length#0#dispred#2#ff_delta has 1 rows (order for disjuncts: delta=<standard>).
[2026-01-21 06:11:00] (5s) Empty delta for DataFlowImpl#6ed98661::Impl#DataFlowImpl1#bece54ca::Config#::length#ff_delta (order for disjuncts: delta=<standard>).
[2026-01-21 06:11:00] (5s) Empty delta for DataFlowImpl#6ed98661::Impl#DataFlowImpl1#bece54ca::Config#::TAccessPathCons#dom#ff_delta (order for disjuncts: delta=500000).
[2026-01-21 06:11:00] (5s) Starting to evaluate predicate DataFlowImpl#6ed98661::Impl#DataFlowImpl1#bece54ca::Config#::getApprox#0#dispred#ff/2@i6#81a58xsd (iteration 6)
[2026-01-21 06:11:00] (5s) 			 - DataFlowImpl#6ed98661::Impl#DataFlowImpl1#bece54ca::Config#::getApprox#0#dispred#ff_delta has 1 rows (order for disjuncts: delta=<standard>).
[2026-01-21 06:11:00] (5s) Starting to evaluate predicate DataFlowImpl#6ed98661::Impl#DataFlowImpl1#bece54ca::Config#::getApprox#2#ff/2@i6#81a58wsd (iteration 6)
[2026-01-21 06:11:00] (5s) Empty delta for DataFlowImpl#6ed98661::Impl#DataFlowImpl1#bece54ca::Config#::getApprox#2#ff_delta (order for disjuncts: delta=<standard>).
[2026-01-21 06:11:00] (5s) Empty delta for DataFlowImpl#6ed98661::Impl#DataFlowImpl1#bece54ca::Config#::getHead#0#dispred#6#ff_delta (order for disjuncts: delta=<standard>).
[2026-01-21 06:11:00] (5s) Empty delta for DataFlowImpl#6ed98661::Impl#DataFlowImpl1#bece54ca::Config#::AccessPathCons#fff_delta (order for disjuncts: delta=<standard>).
[2026-01-21 06:11:00] (5s) Empty delta for num#DataFlowImpl#6ed98661::Impl#DataFlowImpl1#bece54ca::Config#::TAccessPathCons#fff_delta (order for disjuncts: delta=<standard>).
[2026-01-21 06:11:00] (5s) Empty delta for DataFlowImpl#6ed98661::Impl#DataFlowImpl1#bece54ca::Config#::AccessPathCons#fff#reorder_2_1_0_delta (order for disjuncts: delta=<standard>).
[2026-01-21 06:11:00] (5s) Empty delta for DataFlowImpl#6ed98661::Impl#DataFlowImpl1#bece54ca::Config#::length#0#dispred#2#ff_delta (order for disjuncts: delta=<standard>).
[2026-01-21 06:11:00] (5s) Starting to evaluate predicate DataFlowImpl#6ed98661::Impl#DataFlowImpl1#bece54ca::Config#::length#ff/2@i7#81a58zsd (iteration 7)
[2026-01-21 06:11:00] (5s) Empty delta for DataFlowImpl#6ed98661::Impl#DataFlowImpl1#bece54ca::Config#::length#ff_delta (order for disjuncts: delta=<standard>).
[2026-01-21 06:11:00] (5s) Starting to evaluate predicate DataFlowImpl#6ed98661::Impl#DataFlowImpl1#bece54ca::Config#::TAccessPathCons#dom#ff/2@i7#81a58ysd (iteration 7)
[2026-01-21 06:11:00] (5s) Empty delta for DataFlowImpl#6ed98661::Impl#DataFlowImpl1#bece54ca::Config#::TAccessPathCons#dom#ff_delta (order for disjuncts: delta=500000).
[2026-01-21 06:11:00] (5s) Empty delta for DataFlowImpl#6ed98661::Impl#DataFlowImpl1#bece54ca::Config#::getApprox#0#dispred#ff_delta (order for disjuncts: delta=<standard>).
[2026-01-21 06:11:00] (5s) Empty delta for DataFlowImpl#6ed98661::Impl#DataFlowImpl1#bece54ca::Config#::getApprox#2#ff_delta (order for disjuncts: delta=<standard>).
[2026-01-21 06:11:00] (5s) Accumulating deltas
[2026-01-21 06:11:00] (5s)  >>> Created relation DataFlowImpl#6ed98661::Impl#DataFlowImpl1#bece54ca::Config#::getApprox#2#ff/2@81a58wsd with 1 rows and digest 9885888mtnn5gi8irgc5svavq88.
[2026-01-21 06:11:00] (5s)  >>> Created relation DataFlowImpl#6ed98661::Impl#DataFlowImpl1#bece54ca::Config#::getApprox#0#dispred#ff/2@81a58xsd with 3509 rows and digest 185229ngad4ctntq3118nejf598.
[2026-01-21 06:11:00] (5s)  >>> Created relation DataFlowImpl#6ed98661::Impl#DataFlowImpl1#bece54ca::Config#::TAccessPathCons#dom#ff/2@81a58ysd with 1 rows and digest edc776lotk97cor8oobbc0dldef.
[2026-01-21 06:11:00] (5s)  >>> Created relation DataFlowImpl#6ed98661::Impl#DataFlowImpl1#bece54ca::Config#::length#ff/2@81a58zsd with 1 rows and digest 6e39f0ec8h1m31n7dgnmmka32ld.
[2026-01-21 06:11:00] (5s)  >>> Created relation DataFlowImpl#6ed98661::Impl#DataFlowImpl1#bece54ca::Config#::length#0#dispred#2#ff/2@81a580wd with 3509 rows and digest a6fd5dleup86g04se6josj926fe.
[2026-01-21 06:11:00] (5s)  >>> Created relation DataFlowImpl#6ed98661::Impl#DataFlowImpl1#bece54ca::Config#::AccessPathCons#fff#reorder_2_1_0/3@81a581wd with 1 rows and digest 1f249aa0qcglunpgad5lngmo3nd.
[2026-01-21 06:11:00] (5s)  >>> Created relation num#DataFlowImpl#6ed98661::Impl#DataFlowImpl1#bece54ca::Config#::TAccessPathCons#fff/3@81a582wd with 1 rows and digest 94d9dfrfo8cmuhqhngun1mmknu1.
[2026-01-21 06:11:00] (5s)  >>> Created relation DataFlowImpl#6ed98661::Impl#DataFlowImpl1#bece54ca::Config#::AccessPathCons#fff/3@81a583wd with 1 rows and digest 1a0e21cna6q9f85majo051k5l2f.
[2026-01-21 06:11:00] (5s)  >>> Created relation DataFlowImpl#6ed98661::Impl#DataFlowImpl1#bece54ca::Config#::getHead#0#dispred#6#ff/2@81a584wd with 1 rows and digest a81fb0lhqe3l20c47vkr0ii9s3e.
[2026-01-21 06:11:00] (5s) Starting to evaluate predicate DataFlowImpl#6ed98661::Impl#DataFlowImpl1#bece54ca::Config#::getTail#0#dispred#ff/2@5023e6km
[2026-01-21 06:11:00] (5s)  >>> Created relation DataFlowImpl#6ed98661::Impl#DataFlowImpl1#bece54ca::Config#::getTail#0#dispred#ff/2@5023e6km with 1 rows and digest 8033b4r1t4ahe2lkvhi53m2hmm0.
[2026-01-21 06:11:00] (5s) Starting to evaluate predicate DataFlowImpl#6ed98661::Impl#DataFlowImpl1#bece54ca::Config#::pop#1#dispred#6#fff/3@9755c16b
[2026-01-21 06:11:00] (5s)  >>> Created relation DataFlowImpl#6ed98661::Impl#DataFlowImpl1#bece54ca::Config#::pop#1#dispred#6#fff/3@9755c16b with 1 rows and digest 1a0e21cna6q9f85majo051k5l2f.
[2026-01-21 06:11:00] (5s)  >>> Created relation DataFlowImpl#6ed98661::Impl#DataFlowImpl1#bece54ca::Config#::pop#1#dispred#6#fff_120#join_rhs/3@485f97d7 with 1 rows and digest 94d9dfrfo8cmuhqhngun1mmknu1.
[2026-01-21 06:11:00] Cachaca resolved layer: #7330 evaluator DataFlowImpl#6ed98661::Impl#DataFlowImpl1#bece54ca::Config#::pop#1#dispred#6#fff_120#join_rhs/3@485f97d7
[2026-01-21 06:11:00] (5s) Starting to evaluate predicate MemberFunction#5d715d12::MemberFunction#b/1@164065bf
[2026-01-21 06:11:00] (5s)  >>> Created relation MemberFunction#5d715d12::MemberFunction#b/1@164065bf with 0 rows and digest THIS-RELATION-HAS-NO-TUPLES.
[2026-01-21 06:11:00] (5s) Inferred that MemberFunction#5d715d12::Constructor#b/1@722bec2l is empty, due to MemberFunction#5d715d12::MemberFunction#b/1@164065bf.
[2026-01-21 06:11:00] (5s) Inferred that MemberFunction#5d715d12::Destructor#b/1@a3336acu is empty, due to MemberFunction#5d715d12::MemberFunction#b/1@164065bf.
[2026-01-21 06:11:00] (5s) Inferred that Call#39248e3c::ConstructorCall#f/1@c241e4mc is empty, due to MemberFunction#5d715d12::Constructor#b/1@722bec2l.
[2026-01-21 06:11:00] (5s) Inferred that Call#39248e3c::DestructorCall#f/1@c6570485 is empty, due to MemberFunction#5d715d12::Destructor#b/1@a3336acu.
[2026-01-21 06:11:00] (5s)  >>> Created relation MemberFunction#5d715d12::Destructor#b/1@a3336acu with 0 rows and digest THIS-RELATION-HAS-NO-TUPLES.
[2026-01-21 06:11:00] (5s)  >>> Created relation Call#39248e3c::DestructorCall#f/1@c6570485 with 0 rows and digest THIS-RELATION-HAS-NO-TUPLES.
[2026-01-21 06:11:00] (5s)  >>> Created relation Call#39248e3c::ConstructorCall#f/1@c241e4mc with 0 rows and digest THIS-RELATION-HAS-NO-TUPLES.
[2026-01-21 06:11:00] (5s)  >>> Created relation MemberFunction#5d715d12::Constructor#b/1@722bec2l with 0 rows and digest THIS-RELATION-HAS-NO-TUPLES.
[2026-01-21 06:11:00] (5s) Starting to evaluate predicate Call#39248e3c::Call::getTarget#0#dispred#ff/2@8170e7mf
[2026-01-21 06:11:00] (5s)  >>> Created relation Call#39248e3c::Call::getTarget#0#dispred#ff/2@8170e7mf with 13736 rows and digest dd07726vcb0aeneb0nsajvgf273.
[2026-01-21 06:11:00] (5s)  >>> Created relation blockscope/2@e52b93nb with 8941 rows and digest defaa4m90m4s4ktjbo92ivojdc0.
[2026-01-21 06:11:00] (5s) Starting to evaluate predicate Function#65d29029::Function::getBlock#0#dispred#ff/2@93e5df3n
[2026-01-21 06:11:00] (5s)  >>> Created relation Function#65d29029::Function::getBlock#0#dispred#ff/2@93e5df3n with 2049 rows and digest dc8d42lhcnbfi7t4790956tpqn2.
[2026-01-21 06:11:00] (5s) Starting to evaluate predicate Function#65d29029::Function::getBlock#0#dispred#ff_0#antijoin_rhs/1@874464da
[2026-01-21 06:11:00] (5s)  >>> Created relation Function#65d29029::Function::getBlock#0#dispred#ff_0#antijoin_rhs/1@874464da with 2049 rows and digest 91e877dsb3m9lqh2bfkvc0rcnf8.
[2026-01-21 06:11:00] (5s)  >>> Created relation project#Call#39248e3c::Call::getTarget#0#dispred#ff/1@61d782b0 with 1444 rows and digest a415105d3edn0dl0pm2hd0ucgm6.
[2026-01-21 06:11:00] Cachaca resolved layer: #7382 evaluator project#Call#39248e3c::Call::getTarget#0#dispred#ff/1@61d782b0
[2026-01-21 06:11:00] (5s) Starting to evaluate predicate m#DataFlowDispatch#f6687c8d::functionSignature#3#bff/1@cdf042pb
[2026-01-21 06:11:00] (5s)  >>> Created relation m#DataFlowDispatch#f6687c8d::functionSignature#3#bff/1@cdf042pb with 2390 rows and digest 2c654dc2j6ikp755ajd3qgpglqc.
[2026-01-21 06:11:00] (5s) Starting to evaluate predicate Function#65d29029::Function::getAParameter#0#dispred#bf/2@0e7e0f4p
[2026-01-21 06:11:00] (5s)  >>> Created relation Function#65d29029::Function::getAParameter#0#dispred#bf/2@0e7e0f4p with 5249 rows and digest 87c158fkub4pikfhffrlr9rqcc9.
[2026-01-21 06:11:00] (5s) Starting to evaluate predicate project#Function#65d29029::Function::getAParameter#0#dispred#bf/1@57702bit
[2026-01-21 06:11:00] (5s)  >>> Created relation project#Function#65d29029::Function::getAParameter#0#dispred#bf/1@57702bit with 2294 rows and digest fb375a8hqqc39ne6smfircsd6ld.
[2026-01-21 06:11:00] (5s) Starting to evaluate predicate Function#65d29029::Function::getNumberOfParameters#0#dispred#bf/2@2c18c4cm
[2026-01-21 06:11:00] (5s)  >>> Created relation Function#65d29029::Function::getNumberOfParameters#0#dispred#bf/2@2c18c4cm with 2390 rows and digest 6d9a35kg523sdug2icnpbsd80p4.
[2026-01-21 06:11:00] (5s)  >>> Created relation class_instantiation/2@9ef10e31 with 0 rows and digest THIS-RELATION-HAS-NO-TUPLES.
[2026-01-21 06:11:00] (5s) Inferred that class_instantiation_0#antijoin_rhs/1@ca44c5pd is empty, due to class_instantiation/2@9ef10e31.
[2026-01-21 06:11:00] (5s) Inferred that class_instantiation_10#join_rhs/2@aa0ec8re is empty, due to class_instantiation/2@9ef10e31.
[2026-01-21 06:11:00] (5s) Inferred that Class#bacd9b46::Class::isConstructedFrom#1#dispred#ff/2@05d6a7l0 is empty, due to class_instantiation/2@9ef10e31.
[2026-01-21 06:11:00] (5s) Inferred that Class#bacd9b46::Class::isConstructedFrom#1#dispred#ff/2@c3f0794e is empty, due to class_instantiation/2@9ef10e31.
[2026-01-21 06:11:00] (5s) Inferred that _Class#bacd9b46::Class::isConstructedFrom#1#dispred#ff_UserType#f5951597::UserType#f__ResolveClass#e__#join_rhs/2@0eec71nt is empty, due to Class#bacd9b46::Class::isConstructedFrom#1#dispred#ff/2@c3f0794e.
[2026-01-21 06:11:00] (5s) Inferred that Class#bacd9b46::Class::isConstructedFrom#1#dispred#ff_10#join_rhs/2@94c34d6e is empty, due to Class#bacd9b46::Class::isConstructedFrom#1#dispred#ff/2@c3f0794e.
[2026-01-21 06:11:00] (5s) Inferred that Class#bacd9b46::TemplateClass::getAnInstantiation#0#dispred#ff/2@e60889mv is empty, due to Class#bacd9b46::Class::isConstructedFrom#1#dispred#ff/2@c3f0794e.
[2026-01-21 06:11:00] (5s) Inferred that Class#bacd9b46::TemplateClass::getAnInstantiation#0#dispred#fb/2@5972e2vu is empty, due to Class#bacd9b46::Class::isConstructedFrom#1#dispred#bf/2@c3f0794e.
[2026-01-21 06:11:00] (5s) Inferred that Class#bacd9b46::TemplateClass::getAnInstantiation#0#dispred#ff_10#join_rhs/2@b6df548m is empty, due to Class#bacd9b46::TemplateClass::getAnInstantiation#0#dispred#ff/2@e60889mv.
[2026-01-21 06:11:00] (5s) Inferred that Class#bacd9b46::TemplateClass::getAnInstantiation#0#dispred#fb_10#join_rhs/2@5e19199e is empty, due to Class#bacd9b46::TemplateClass::getAnInstantiation#0#dispred#fb/2@5972e2vu.
[2026-01-21 06:11:00] (5s) Inferred that StdString#bb91ff9f::StdBasicString#ff/2@d8e1fdui is empty, due to Class#bacd9b46::TemplateClass::getAnInstantiation#0#dispred#ff_10#join_rhs/2@b6df548m.
[2026-01-21 06:11:00] (5s) Inferred that StdString#bb91ff9f::StdBasicIStream#ff/2@ebeebff4 is empty, due to Class#bacd9b46::TemplateClass::getAnInstantiation#0#dispred#ff_10#join_rhs/2@b6df548m.
[2026-01-21 06:11:00] (5s) Inferred that StdString#bb91ff9f::StdBasicOStream#ff/2@523c6etk is empty, due to Class#bacd9b46::TemplateClass::getAnInstantiation#0#dispred#ff_10#join_rhs/2@b6df548m.
[2026-01-21 06:11:00] (5s) Inferred that StdString#bb91ff9f::StdBasicIOS#bf/2@479b5ajv is empty, due to Class#bacd9b46::TemplateClass::getAnInstantiation#0#dispred#ff_10#join_rhs/2@b6df548m.
[2026-01-21 06:11:00] (5s) Inferred that StdString#bb91ff9f::StdStreamFunction#f/1@f30467kf is empty, due to Class#bacd9b46::TemplateClass::getAnInstantiation#0#dispred#ff_10#join_rhs/2@b6df548m.
[2026-01-21 06:11:00] (5s) Inferred that StdPair#d50a649f::StdPair#ff/2@844bfelo is empty, due to Class#bacd9b46::TemplateClass::getAnInstantiation#0#dispred#ff_10#join_rhs/2@b6df548m.
[2026-01-21 06:11:00] (5s) Inferred that StdSet#a1163f37::StdSet#ff/2@7feeb2qu is empty, due to Class#bacd9b46::TemplateClass::getAnInstantiation#0#dispred#ff_10#join_rhs/2@b6df548m.
[2026-01-21 06:11:00] (5s) Inferred that StdString#bb91ff9f::StdBasicIOS#ff/2@a6db24vv is empty, due to Class#bacd9b46::TemplateClass::getAnInstantiation#0#dispred#ff_10#join_rhs/2@b6df548m.
[2026-01-21 06:11:00] (5s) Inferred that StdString#bb91ff9f::StdBasicStringStream#ff/2@dc3c20tc is empty, due to Class#bacd9b46::TemplateClass::getAnInstantiation#0#dispred#ff_10#join_rhs/2@b6df548m.
[2026-01-21 06:11:00] (5s) Inferred that StdString#bb91ff9f::StdStreamFunction#f/1@ab2fb4rn is empty, due to Class#bacd9b46::TemplateClass::getAnInstantiation#0#dispred#ff_10#join_rhs/2@b6df548m.
[2026-01-21 06:11:00] (5s) Inferred that StdString#bb91ff9f::StdBasicString#bf/2@a8d9c05k is empty, due to Class#bacd9b46::TemplateClass::getAnInstantiation#0#dispred#fb_10#join_rhs/2@5e19199e.
[2026-01-21 06:11:00] (5s) Inferred that project#StdString#bb91ff9f::StdBasicString#ff/1@cf44613q is empty, due to StdString#bb91ff9f::StdBasicString#ff/2@d8e1fdui.
[2026-01-21 06:11:00] (5s) Inferred that project#StdString#bb91ff9f::StdBasicIStream#ff/1@598023qc is empty, due to StdString#bb91ff9f::StdBasicIStream#ff/2@ebeebff4.
[2026-01-21 06:11:00] (5s) Inferred that project#StdString#bb91ff9f::StdBasicOStream#ff/1@d74ba7p7 is empty, due to StdString#bb91ff9f::StdBasicOStream#ff/2@523c6etk.
[2026-01-21 06:11:00] (5s) Inferred that project#StdString#bb91ff9f::StdBasicIOS#bf/1@6b915f0d is empty, due to StdString#bb91ff9f::StdBasicIOS#bf/2@479b5ajv.
[2026-01-21 06:11:00] (5s) Inferred that project#StdPair#d50a649f::StdPair#ff/1@274061dn is empty, due to StdPair#d50a649f::StdPair#ff/2@844bfelo.
[2026-01-21 06:11:00] (5s) Inferred that project#StdSet#a1163f37::StdSet#ff/1@b628f6sb is empty, due to StdSet#a1163f37::StdSet#ff/2@7feeb2qu.
[2026-01-21 06:11:00] (5s) Inferred that project#StdString#bb91ff9f::StdBasicIOS#ff/1@6286e16a is empty, due to StdString#bb91ff9f::StdBasicIOS#ff/2@a6db24vv.
[2026-01-21 06:11:00] (5s) Inferred that project#StdString#bb91ff9f::StdBasicStringStream#ff/1@2f16c6tv is empty, due to StdString#bb91ff9f::StdBasicStringStream#ff/2@dc3c20tc.
[2026-01-21 06:11:00] (5s) Inferred that project#StdString#bb91ff9f::StdBasicString#bf/1@169ea0q7 is empty, due to StdString#bb91ff9f::StdBasicString#bf/2@a8d9c05k.
[2026-01-21 06:11:00] (5s) Inferred that StdString#bb91ff9f::StdStringAppend#f/1@a6d7525c is empty, due to project#StdString#bb91ff9f::StdBasicString#ff/1@cf44613q.
[2026-01-21 06:11:00] (5s) Inferred that StdString#bb91ff9f::StdStringAssign#f/1@0e6f45nb is empty, due to project#StdString#bb91ff9f::StdBasicString#ff/1@cf44613q.
[2026-01-21 06:11:00] (5s) Inferred that StdString#bb91ff9f::StdStringAt#f/1@227713mq is empty, due to project#StdString#bb91ff9f::StdBasicString#ff/1@cf44613q.
[2026-01-21 06:11:00] (5s) Inferred that StdString#bb91ff9f::StdStringCStr#f/1@a5bf71ea is empty, due to project#StdString#bb91ff9f::StdBasicString#ff/1@cf44613q.
[2026-01-21 06:11:00] (5s) Inferred that StdString#bb91ff9f::StdStringConstructor#f/1@e689e5rq is empty, due to project#StdString#bb91ff9f::StdBasicString#ff/1@cf44613q.
[2026-01-21 06:11:00] (5s) Inferred that StdString#bb91ff9f::StdStringCopy#f/1@174f69t1 is empty, due to project#StdString#bb91ff9f::StdBasicString#ff/1@cf44613q.
[2026-01-21 06:11:00] (5s) Inferred that StdString#bb91ff9f::StdStringData#f/1@b1eea1ik is empty, due to project#StdString#bb91ff9f::StdBasicString#ff/1@cf44613q.
[2026-01-21 06:11:00] (5s) Inferred that StdString#bb91ff9f::StdStringFrontBack#f/1@171fc2n1 is empty, due to project#StdString#bb91ff9f::StdBasicString#ff/1@cf44613q.
[2026-01-21 06:11:00] (5s) Inferred that StdString#bb91ff9f::StdStringInsert#f/1@05d0859a is empty, due to project#StdString#bb91ff9f::StdBasicString#ff/1@cf44613q.
[2026-01-21 06:11:00] (5s) Inferred that StdString#bb91ff9f::StdStringPlus#f/1@0535665o is empty, due to project#StdString#bb91ff9f::StdBasicString#ff/1@cf44613q.
[2026-01-21 06:11:00] (5s) Inferred that StdString#bb91ff9f::StdStringPush#f/1@0390a7ls is empty, due to project#StdString#bb91ff9f::StdBasicString#ff/1@cf44613q.
[2026-01-21 06:11:00] (5s) Inferred that StdString#bb91ff9f::StdStringSubstr#f/1@5cefeb4f is empty, due to project#StdString#bb91ff9f::StdBasicString#ff/1@cf44613q.
[2026-01-21 06:11:00] (5s) Inferred that StdString#bb91ff9f::StdStringTaintFunction#class#f/1@b24898k3 is empty, due to project#StdString#bb91ff9f::StdBasicString#ff/1@cf44613q.
[2026-01-21 06:11:00] (5s) Inferred that StdString#bb91ff9f::StdIStreamInNonMember#f/1@909168ng is empty, due to project#StdString#bb91ff9f::StdBasicIStream#ff/1@598023qc.
[2026-01-21 06:11:00] (5s) Inferred that StdString#bb91ff9f::StdIStreamRead#f/1@72bde4cm is empty, due to project#StdString#bb91ff9f::StdBasicIStream#ff/1@598023qc.
[2026-01-21 06:11:00] (5s) Inferred that StdString#bb91ff9f::StdIStreamGet#f/1@d0cfc8ka is empty, due to project#StdString#bb91ff9f::StdBasicIStream#ff/1@598023qc.
[2026-01-21 06:11:00] (5s) Inferred that StdString#bb91ff9f::StdIStreamRead#f/1@79329eg6 is empty, due to project#StdString#bb91ff9f::StdBasicIStream#ff/1@598023qc.
[2026-01-21 06:11:00] (5s) Inferred that StdString#bb91ff9f::StdOStreamOut#f/1@f9f8d6bj is empty, due to project#StdString#bb91ff9f::StdBasicOStream#ff/1@d74ba7p7.
[2026-01-21 06:11:00] (5s) Inferred that StdString#bb91ff9f::StdOStreamOutNonMember#f/1@71af0dbu is empty, due to project#StdString#bb91ff9f::StdBasicOStream#ff/1@d74ba7p7.
[2026-01-21 06:11:00] (5s) Inferred that StdString#bb91ff9f::StdOStreamOut#f/1@ef573a02 is empty, due to project#StdString#bb91ff9f::StdBasicOStream#ff/1@d74ba7p7.
[2026-01-21 06:11:00] (5s) Inferred that StdPair#d50a649f::StdPairConstructor#b/1@d9b020fp is empty, due to project#StdPair#d50a649f::StdPair#ff/1@274061dn.
[2026-01-21 06:11:00] (5s) Inferred that StdPair#d50a649f::StdPairCopyishConstructor#f/1@f67d57kb is empty, due to project#StdPair#d50a649f::StdPair#ff/1@274061dn.
[2026-01-21 06:11:00] (5s) Inferred that StdSet#a1163f37::StdSetEmplace#f/1@0a20d97r is empty, due to project#StdSet#a1163f37::StdSet#ff/1@b628f6sb.
[2026-01-21 06:11:00] (5s) Inferred that StdSet#a1163f37::StdSetEqualRange#f/1@6d93e5v7 is empty, due to project#StdSet#a1163f37::StdSet#ff/1@b628f6sb.
[2026-01-21 06:11:00] (5s) Inferred that StdSet#a1163f37::StdSetConstructor::getAnIteratorParameterIndex#0#dispred#ff/2@e9b9ebs4 is empty, due to project#StdSet#a1163f37::StdSet#ff/1@b628f6sb.
[2026-01-21 06:11:00] (5s) Inferred that StdString#bb91ff9f::StdStringStreamConstructor::getAStringParameterIndex#0#dispred#ff/2@383ae2qi is empty, due to project#StdString#bb91ff9f::StdBasicStringStream#ff/1@2f16c6tv.
[2026-01-21 06:11:00] (5s) Inferred that StdString#bb91ff9f::StdStringInsert::hasIteratorReturnValue#0#dispred#f/1@f575f0aj is empty, due to StdString#bb91ff9f::StdStringInsert#f/1@05d0859a.
[2026-01-21 06:11:00] (5s) Inferred that StdString#bb91ff9f::StdStringTaintFunction::getACharParameterIndex#0#dispred#ff/2@3ccc0c4m is empty, due to StdString#bb91ff9f::StdStringTaintFunction#class#f/1@b24898k3.
[2026-01-21 06:11:00] (5s) Inferred that _Function#65d29029::Function::getParameter#1#dispred#fff_StdString#bb91ff9f::StdStringTaintFunction#__#shared/3@df1bacqn is empty, due to StdString#bb91ff9f::StdStringTaintFunction#class#f/1@b24898k3.
[2026-01-21 06:11:00] (5s) Inferred that StdPair#d50a649f::StdPairConstructor::getAValueTypeParameterIndex#0#dispred#fb#cpe#1/1@e50297af is empty, due to StdPair#d50a649f::StdPairConstructor#b/1@d9b020fp.
[2026-01-21 06:11:00] (5s) Inferred that StdSet#a1163f37::StdSetConstructor::getAnIteratorParameterIndex#0#dispred#ff_10#join_rhs/2@a4e85c1p is empty, due to StdSet#a1163f37::StdSetConstructor::getAnIteratorParameterIndex#0#dispred#ff/2@e9b9ebs4.
[2026-01-21 06:11:00] (5s) Inferred that StdString#bb91ff9f::StdStringStreamConstructor::getAStringParameterIndex#0#dispred#ff_10#join_rhs/2@7f6b1bqu is empty, due to StdString#bb91ff9f::StdStringStreamConstructor::getAStringParameterIndex#0#dispred#ff/2@383ae2qi.
[2026-01-21 06:11:00] (5s) Inferred that StdString#bb91ff9f::StdStringTaintFunction::getACharParameterIndex#0#dispred#ff_10#join_rhs/2@412964f7 is empty, due to StdString#bb91ff9f::StdStringTaintFunction::getACharParameterIndex#0#dispred#ff/2@3ccc0c4m.
[2026-01-21 06:11:00] (5s) Inferred that _Variable#7a968d4e::Variable::getUnspecifiedType#0#dispred#ff__Function#65d29029::Function::getParam__#shared/3@abe733dn is empty, due to _Function#65d29029::Function::getParameter#1#dispred#fff_StdString#bb91ff9f::StdStringTaintFunction#__#shared/3@df1bacqn.
[2026-01-21 06:11:00] (5s) Inferred that StdString#bb91ff9f::StdStringTaintFunction::getAnIteratorParameterIndex#0#dispred#ff/2@96aaa9da is empty, due to _Function#65d29029::Function::getParameter#1#dispred#fff_StdString#bb91ff9f::StdStringTaintFunction#__#shared/3@df1bacqn.
[2026-01-21 06:11:00] (5s) Inferred that _Declaration#4bfb53be::Declaration::getDeclaringType#0#dispred#ff_Declaration#4bfb53be::Declaration:__#antijoin_rhs/3@8d2ab10e is empty, due to _Variable#7a968d4e::Variable::getUnspecifiedType#0#dispred#ff__Function#65d29029::Function::getParam__#shared/3@abe733dn.
[2026-01-21 06:11:00] (5s) Inferred that StdString#bb91ff9f::StdStringTaintFunction::getAStringParameterIndex#0#dispred#ff/2@e7409edo is empty, due to _Variable#7a968d4e::Variable::getUnspecifiedType#0#dispred#ff__Function#65d29029::Function::getParam__#shared/3@abe733dn.
[2026-01-21 06:11:00] (5s) Inferred that StdString#bb91ff9f::StdStringTaintFunction::getAnIteratorParameterIndex#0#dispred#ff_10#join_rhs/2@7eed32l8 is empty, due to StdString#bb91ff9f::StdStringTaintFunction::getAnIteratorParameterIndex#0#dispred#ff/2@96aaa9da.
[2026-01-21 06:11:00] (5s) Inferred that StdString#bb91ff9f::StdStringTaintFunction::getAStringParameterIndex#0#dispred#ff_10#join_rhs/2@4c5586h1 is empty, due to StdString#bb91ff9f::StdStringTaintFunction::getAStringParameterIndex#0#dispred#ff/2@e7409edo.
[2026-01-21 06:11:00] (5s)  >>> Created relation class_instantiation_0#antijoin_rhs/1@ca44c5pd with 0 rows and digest THIS-RELATION-HAS-NO-TUPLES.
[2026-01-21 06:11:00] (5s)  >>> Created relation StdString#bb91ff9f::StdStringTaintFunction::getAStringParameterIndex#0#dispred#ff_10#join_rhs/2@4c5586h1 with 0 rows and digest THIS-RELATION-HAS-NO-TUPLES.
[2026-01-21 06:11:00] (5s)  >>> Created relation StdString#bb91ff9f::StdStringTaintFunction::getAnIteratorParameterIndex#0#dispred#ff_10#join_rhs/2@7eed32l8 with 0 rows and digest THIS-RELATION-HAS-NO-TUPLES.
[2026-01-21 06:11:00] (5s)  >>> Created relation StdString#bb91ff9f::StdStringTaintFunction::getAStringParameterIndex#0#dispred#ff/2@e7409edo with 0 rows and digest THIS-RELATION-HAS-NO-TUPLES.
[2026-01-21 06:11:00] (5s)  >>> Created relation _Declaration#4bfb53be::Declaration::getDeclaringType#0#dispred#ff_Declaration#4bfb53be::Declaration:__#antijoin_rhs/3@8d2ab10e with 0 rows and digest THIS-RELATION-HAS-NO-TUPLES.
[2026-01-21 06:11:00] (5s)  >>> Created relation StdString#bb91ff9f::StdStringTaintFunction::getAnIteratorParameterIndex#0#dispred#ff/2@96aaa9da with 0 rows and digest THIS-RELATION-HAS-NO-TUPLES.
[2026-01-21 06:11:00] (5s)  >>> Created relation _Variable#7a968d4e::Variable::getUnspecifiedType#0#dispred#ff__Function#65d29029::Function::getParam__#shared/3@abe733dn with 0 rows and digest THIS-RELATION-HAS-NO-TUPLES.
[2026-01-21 06:11:00] (5s)  >>> Created relation StdString#bb91ff9f::StdStringTaintFunction::getACharParameterIndex#0#dispred#ff_10#join_rhs/2@412964f7 with 0 rows and digest THIS-RELATION-HAS-NO-TUPLES.
[2026-01-21 06:11:00] (5s)  >>> Created relation class_instantiation_10#join_rhs/2@aa0ec8re with 0 rows and digest THIS-RELATION-HAS-NO-TUPLES.
[2026-01-21 06:11:00] (5s)  >>> Created relation StdSet#a1163f37::StdSetConstructor::getAnIteratorParameterIndex#0#dispred#ff_10#join_rhs/2@a4e85c1p with 0 rows and digest THIS-RELATION-HAS-NO-TUPLES.
[2026-01-21 06:11:00] (5s)  >>> Created relation StdPair#d50a649f::StdPairConstructor::getAValueTypeParameterIndex#0#dispred#fb#cpe#1/1@e50297af with 0 rows and digest THIS-RELATION-HAS-NO-TUPLES.
[2026-01-21 06:11:00] (5s)  >>> Created relation _Function#65d29029::Function::getParameter#1#dispred#fff_StdString#bb91ff9f::StdStringTaintFunction#__#shared/3@df1bacqn with 0 rows and digest THIS-RELATION-HAS-NO-TUPLES.
[2026-01-21 06:11:00] (5s)  >>> Created relation StdString#bb91ff9f::StdStringTaintFunction::getACharParameterIndex#0#dispred#ff/2@3ccc0c4m with 0 rows and digest THIS-RELATION-HAS-NO-TUPLES.
[2026-01-21 06:11:00] (5s)  >>> Created relation StdString#bb91ff9f::StdStringInsert::hasIteratorReturnValue#0#dispred#f/1@f575f0aj with 0 rows and digest THIS-RELATION-HAS-NO-TUPLES.
[2026-01-21 06:11:00] (5s)  >>> Created relation StdString#bb91ff9f::StdStringStreamConstructor::getAStringParameterIndex#0#dispred#ff/2@383ae2qi with 0 rows and digest THIS-RELATION-HAS-NO-TUPLES.
[2026-01-21 06:11:00] (5s)  >>> Created relation StdSet#a1163f37::StdSetConstructor::getAnIteratorParameterIndex#0#dispred#ff/2@e9b9ebs4 with 0 rows and digest THIS-RELATION-HAS-NO-TUPLES.
[2026-01-21 06:11:00] (5s)  >>> Created relation StdSet#a1163f37::StdSetEqualRange#f/1@6d93e5v7 with 0 rows and digest THIS-RELATION-HAS-NO-TUPLES.
[2026-01-21 06:11:00] (5s)  >>> Created relation StdSet#a1163f37::StdSetEmplace#f/1@0a20d97r with 0 rows and digest THIS-RELATION-HAS-NO-TUPLES.
[2026-01-21 06:11:00] (5s)  >>> Created relation StdPair#d50a649f::StdPairCopyishConstructor#f/1@f67d57kb with 0 rows and digest THIS-RELATION-HAS-NO-TUPLES.
[2026-01-21 06:11:00] (5s)  >>> Created relation StdPair#d50a649f::StdPairConstructor#b/1@d9b020fp with 0 rows and digest THIS-RELATION-HAS-NO-TUPLES.
[2026-01-21 06:11:00] (5s)  >>> Created relation StdString#bb91ff9f::StdOStreamOut#f/1@ef573a02 with 0 rows and digest THIS-RELATION-HAS-NO-TUPLES.
[2026-01-21 06:11:00] (5s)  >>> Created relation StdString#bb91ff9f::StdOStreamOutNonMember#f/1@71af0dbu with 0 rows and digest THIS-RELATION-HAS-NO-TUPLES.
[2026-01-21 06:11:00] (5s)  >>> Created relation StdString#bb91ff9f::StdOStreamOut#f/1@f9f8d6bj with 0 rows and digest THIS-RELATION-HAS-NO-TUPLES.
[2026-01-21 06:11:00] (5s)  >>> Created relation StdString#bb91ff9f::StdIStreamRead#f/1@79329eg6 with 0 rows and digest THIS-RELATION-HAS-NO-TUPLES.
[2026-01-21 06:11:00] (5s)  >>> Created relation Class#bacd9b46::Class::isConstructedFrom#1#dispred#ff_10#join_rhs/2@94c34d6e with 0 rows and digest THIS-RELATION-HAS-NO-TUPLES.
[2026-01-21 06:11:00] (5s)  >>> Created relation StdString#bb91ff9f::StdIStreamRead#f/1@72bde4cm with 0 rows and digest THIS-RELATION-HAS-NO-TUPLES.
[2026-01-21 06:11:00] (5s)  >>> Created relation StdString#bb91ff9f::StdIStreamInNonMember#f/1@909168ng with 0 rows and digest THIS-RELATION-HAS-NO-TUPLES.
[2026-01-21 06:11:00] (5s)  >>> Created relation StdString#bb91ff9f::StdStringTaintFunction#class#f/1@b24898k3 with 0 rows and digest THIS-RELATION-HAS-NO-TUPLES.
[2026-01-21 06:11:00] (5s)  >>> Created relation StdString#bb91ff9f::StdStringSubstr#f/1@5cefeb4f with 0 rows and digest THIS-RELATION-HAS-NO-TUPLES.
[2026-01-21 06:11:00] (5s)  >>> Created relation StdString#bb91ff9f::StdStringPush#f/1@0390a7ls with 0 rows and digest THIS-RELATION-HAS-NO-TUPLES.
[2026-01-21 06:11:00] (5s)  >>> Created relation StdString#bb91ff9f::StdStringPlus#f/1@0535665o with 0 rows and digest THIS-RELATION-HAS-NO-TUPLES.
[2026-01-21 06:11:00] (5s)  >>> Created relation StdString#bb91ff9f::StdStringInsert#f/1@05d0859a with 0 rows and digest THIS-RELATION-HAS-NO-TUPLES.
[2026-01-21 06:11:00] (5s)  >>> Created relation StdString#bb91ff9f::StdStringFrontBack#f/1@171fc2n1 with 0 rows and digest THIS-RELATION-HAS-NO-TUPLES.
[2026-01-21 06:11:00] (5s)  >>> Created relation StdString#bb91ff9f::StdStringData#f/1@b1eea1ik with 0 rows and digest THIS-RELATION-HAS-NO-TUPLES.
[2026-01-21 06:11:00] (5s)  >>> Created relation StdString#bb91ff9f::StdStringCopy#f/1@174f69t1 with 0 rows and digest THIS-RELATION-HAS-NO-TUPLES.
[2026-01-21 06:11:00] (5s)  >>> Created relation StdString#bb91ff9f::StdStringConstructor#f/1@e689e5rq with 0 rows and digest THIS-RELATION-HAS-NO-TUPLES.
[2026-01-21 06:11:00] (5s)  >>> Created relation StdString#bb91ff9f::StdStringCStr#f/1@a5bf71ea with 0 rows and digest THIS-RELATION-HAS-NO-TUPLES.
[2026-01-21 06:11:00] (5s)  >>> Created relation StdString#bb91ff9f::StdStringAt#f/1@227713mq with 0 rows and digest THIS-RELATION-HAS-NO-TUPLES.
[2026-01-21 06:11:00] (5s)  >>> Created relation StdString#bb91ff9f::StdStringAssign#f/1@0e6f45nb with 0 rows and digest THIS-RELATION-HAS-NO-TUPLES.
[2026-01-21 06:11:00] (5s)  >>> Created relation StdString#bb91ff9f::StdBasicIOS#bf/2@479b5ajv with 0 rows and digest THIS-RELATION-HAS-NO-TUPLES.
[2026-01-21 06:11:00] (5s)  >>> Created relation project#StdString#bb91ff9f::StdBasicString#bf/1@169ea0q7 with 0 rows and digest THIS-RELATION-HAS-NO-TUPLES.
[2026-01-21 06:11:00] (5s)  >>> Created relation project#StdString#bb91ff9f::StdBasicStringStream#ff/1@2f16c6tv with 0 rows and digest THIS-RELATION-HAS-NO-TUPLES.
[2026-01-21 06:11:00] (5s)  >>> Created relation project#StdString#bb91ff9f::StdBasicIOS#ff/1@6286e16a with 0 rows and digest THIS-RELATION-HAS-NO-TUPLES.
[2026-01-21 06:11:00] (5s)  >>> Created relation project#StdSet#a1163f37::StdSet#ff/1@b628f6sb with 0 rows and digest THIS-RELATION-HAS-NO-TUPLES.
[2026-01-21 06:11:00] (5s)  >>> Created relation project#StdPair#d50a649f::StdPair#ff/1@274061dn with 0 rows and digest THIS-RELATION-HAS-NO-TUPLES.
[2026-01-21 06:11:00] (5s)  >>> Created relation project#StdString#bb91ff9f::StdBasicIOS#bf/1@6b915f0d with 0 rows and digest THIS-RELATION-HAS-NO-TUPLES.
[2026-01-21 06:11:00] (5s)  >>> Created relation project#StdString#bb91ff9f::StdBasicOStream#ff/1@d74ba7p7 with 0 rows and digest THIS-RELATION-HAS-NO-TUPLES.
[2026-01-21 06:11:00] (5s)  >>> Created relation project#StdString#bb91ff9f::StdBasicIStream#ff/1@598023qc with 0 rows and digest THIS-RELATION-HAS-NO-TUPLES.
[2026-01-21 06:11:00] (5s)  >>> Created relation StdString#bb91ff9f::StdIStreamGet#f/1@d0cfc8ka with 0 rows and digest THIS-RELATION-HAS-NO-TUPLES.
[2026-01-21 06:11:00] (5s)  >>> Created relation StdString#bb91ff9f::StdBasicString#bf/2@a8d9c05k with 0 rows and digest THIS-RELATION-HAS-NO-TUPLES.
[2026-01-21 06:11:00] (5s)  >>> Created relation StdString#bb91ff9f::StdStreamFunction#f/1@ab2fb4rn with 0 rows and digest THIS-RELATION-HAS-NO-TUPLES.
[2026-01-21 06:11:00] (5s)  >>> Created relation StdString#bb91ff9f::StdBasicStringStream#ff/2@dc3c20tc with 0 rows and digest THIS-RELATION-HAS-NO-TUPLES.
[2026-01-21 06:11:00] (5s)  >>> Created relation StdString#bb91ff9f::StdBasicIOS#ff/2@a6db24vv with 0 rows and digest THIS-RELATION-HAS-NO-TUPLES.
[2026-01-21 06:11:00] (5s)  >>> Created relation StdSet#a1163f37::StdSet#ff/2@7feeb2qu with 0 rows and digest THIS-RELATION-HAS-NO-TUPLES.
[2026-01-21 06:11:00] (5s)  >>> Created relation StdPair#d50a649f::StdPair#ff/2@844bfelo with 0 rows and digest THIS-RELATION-HAS-NO-TUPLES.
[2026-01-21 06:11:00] (5s)  >>> Created relation StdString#bb91ff9f::StdStringStreamConstructor::getAStringParameterIndex#0#dispred#ff_10#join_rhs/2@7f6b1bqu with 0 rows and digest THIS-RELATION-HAS-NO-TUPLES.
[2026-01-21 06:11:00] (5s)  >>> Created relation StdString#bb91ff9f::StdStringAppend#f/1@a6d7525c with 0 rows and digest THIS-RELATION-HAS-NO-TUPLES.
[2026-01-21 06:11:00] (5s)  >>> Created relation StdString#bb91ff9f::StdBasicOStream#ff/2@523c6etk with 0 rows and digest THIS-RELATION-HAS-NO-TUPLES.
[2026-01-21 06:11:00] (5s)  >>> Created relation StdString#bb91ff9f::StdBasicIStream#ff/2@ebeebff4 with 0 rows and digest THIS-RELATION-HAS-NO-TUPLES.
[2026-01-21 06:11:00] (5s)  >>> Created relation StdString#bb91ff9f::StdBasicString#ff/2@d8e1fdui with 0 rows and digest THIS-RELATION-HAS-NO-TUPLES.
[2026-01-21 06:11:00] (5s)  >>> Created relation project#StdString#bb91ff9f::StdBasicString#ff/1@cf44613q with 0 rows and digest THIS-RELATION-HAS-NO-TUPLES.
[2026-01-21 06:11:00] (5s)  >>> Created relation Class#bacd9b46::TemplateClass::getAnInstantiation#0#dispred#ff_10#join_rhs/2@b6df548m with 0 rows and digest THIS-RELATION-HAS-NO-TUPLES.
[2026-01-21 06:11:00] (5s)  >>> Created relation Class#bacd9b46::TemplateClass::getAnInstantiation#0#dispred#fb/2@5972e2vu with 0 rows and digest THIS-RELATION-HAS-NO-TUPLES.
[2026-01-21 06:11:00] (5s)  >>> Created relation StdString#bb91ff9f::StdStreamFunction#f/1@f30467kf with 0 rows and digest THIS-RELATION-HAS-NO-TUPLES.
[2026-01-21 06:11:00] (5s)  >>> Created relation Class#bacd9b46::TemplateClass::getAnInstantiation#0#dispred#ff/2@e60889mv with 0 rows and digest THIS-RELATION-HAS-NO-TUPLES.
[2026-01-21 06:11:00] (5s)  >>> Created relation _Class#bacd9b46::Class::isConstructedFrom#1#dispred#ff_UserType#f5951597::UserType#f__ResolveClass#e__#join_rhs/2@0eec71nt with 0 rows and digest THIS-RELATION-HAS-NO-TUPLES.
[2026-01-21 06:11:00] (5s)  >>> Created relation Class#bacd9b46::TemplateClass::getAnInstantiation#0#dispred#fb_10#join_rhs/2@5e19199e with 0 rows and digest THIS-RELATION-HAS-NO-TUPLES.
[2026-01-21 06:11:00] (5s)  >>> Created relation Class#bacd9b46::Class::isConstructedFrom#1#dispred#ff/2@05d6a7l0 with 0 rows and digest THIS-RELATION-HAS-NO-TUPLES.
[2026-01-21 06:11:00] (5s)  >>> Created relation Class#bacd9b46::Class::isConstructedFrom#1#dispred#ff/2@c3f0794e with 0 rows and digest THIS-RELATION-HAS-NO-TUPLES.
[2026-01-21 06:11:00] (5s) Starting to evaluate predicate usertypes_02#join_rhs/2@231b13ie
[2026-01-21 06:11:00] (5s)  >>> Created relation usertypes_02#join_rhs/2@231b13ie with 877 rows and digest d59e556c9nm4k66c1qra14fbun5.
[2026-01-21 06:11:00] (5s)  >>> Created relation class_template_argument/3@4003b7v0 with 0 rows and digest THIS-RELATION-HAS-NO-TUPLES.
[2026-01-21 06:11:00] (5s) Inferred that project#class_template_argument/1@29e7339k is empty, due to class_template_argument/3@4003b7v0.
[2026-01-21 06:11:00] (5s) Inferred that class_template_argument_102#join_rhs/3@ba610ca7 is empty, due to class_template_argument/3@4003b7v0.
[2026-01-21 06:11:00] (5s) Inferred that Declaration#4bfb53be::Declaration::getTemplateArgumentType#1#dispred#fbb/3@8d6506e7 is empty, due to class_template_argument/3@4003b7v0.
[2026-01-21 06:11:00] (5s) Inferred that Declaration#4bfb53be::Declaration::getTemplateArgumentType#1#dispred#fbf#cpe#13/2@cdd95bce is empty, due to class_template_argument_102#join_rhs/3@ba610ca7.
[2026-01-21 06:11:00] (5s) Inferred that Iterator#28a26f0e::IteratorByTraits#bf/2@0cbe87us is empty, due to Declaration#4bfb53be::Declaration::getTemplateArgumentType#1#dispred#fbb/3@8d6506e7.
[2026-01-21 06:11:00] (5s) Inferred that Declaration#4bfb53be::Declaration::getTemplateArgumentType#1#dispred#fbf#cpe#13_10#join_rhs/2@7fd16c48 is empty, due to Declaration#4bfb53be::Declaration::getTemplateArgumentType#1#dispred#fbf#cpe#13/2@cdd95bce.
[2026-01-21 06:11:00] (5s) Inferred that project#Iterator#28a26f0e::IteratorByTraits#bf/1@80b624ap is empty, due to Iterator#28a26f0e::IteratorByTraits#bf/2@0cbe87us.
[2026-01-21 06:11:00] (5s) Inferred that PointerWrapper#7cc81d2d::PointerWrapper::pointsToConst#0#dispred#f/1@751772uc is empty, due to Declaration#4bfb53be::Declaration::getTemplateArgumentType#1#dispred#fbf#cpe#13_10#join_rhs/2@7fd16c48.
[2026-01-21 06:11:00] (5s)  >>> Created relation project#class_template_argument/1@29e7339k with 0 rows and digest THIS-RELATION-HAS-NO-TUPLES.
[2026-01-21 06:11:00] (5s)  >>> Created relation PointerWrapper#7cc81d2d::PointerWrapper::pointsToConst#0#dispred#f/1@751772uc with 0 rows and digest THIS-RELATION-HAS-NO-TUPLES.
[2026-01-21 06:11:00] (5s)  >>> Created relation class_template_argument_102#join_rhs/3@ba610ca7 with 0 rows and digest THIS-RELATION-HAS-NO-TUPLES.
[2026-01-21 06:11:00] (5s)  >>> Created relation Declaration#4bfb53be::Declaration::getTemplateArgumentType#1#dispred#fbf#cpe#13_10#join_rhs/2@7fd16c48 with 0 rows and digest THIS-RELATION-HAS-NO-TUPLES.
[2026-01-21 06:11:00] (5s)  >>> Created relation Iterator#28a26f0e::IteratorByTraits#bf/2@0cbe87us with 0 rows and digest THIS-RELATION-HAS-NO-TUPLES.
[2026-01-21 06:11:00] (5s)  >>> Created relation Declaration#4bfb53be::Declaration::getTemplateArgumentType#1#dispred#fbf#cpe#13/2@cdd95bce with 0 rows and digest THIS-RELATION-HAS-NO-TUPLES.
[2026-01-21 06:11:00] (5s)  >>> Created relation project#Iterator#28a26f0e::IteratorByTraits#bf/1@80b624ap with 0 rows and digest THIS-RELATION-HAS-NO-TUPLES.
[2026-01-21 06:11:00] (5s)  >>> Created relation Declaration#4bfb53be::Declaration::getTemplateArgumentType#1#dispred#fbb/3@8d6506e7 with 0 rows and digest THIS-RELATION-HAS-NO-TUPLES.
[2026-01-21 06:11:00] (5s) Starting to evaluate predicate QualifiedName#6f5e0462::Declaration::getDeclaringType#0#dispred#ff/2@1c5e5dtc
[2026-01-21 06:11:00] (5s)  >>> Created relation QualifiedName#6f5e0462::Declaration::getDeclaringType#0#dispred#ff/2@1c5e5dtc with 1899 rows and digest 43eb77q4refhfpfiugcneomlkt5.
[2026-01-21 06:11:00] (5s) Starting to evaluate predicate m#QualifiedName#6f5e0462::Declaration::getNamespace#bf/1@i1#3507fe61 (iteration 1)
[2026-01-21 06:11:00] (5s) 			 - m#QualifiedName#6f5e0462::Declaration::getNamespace#bf_delta has 2390 rows (order for disjuncts: delta=<standard>).
[2026-01-21 06:11:00] (5s) Starting to evaluate predicate m#QualifiedName#6f5e0462::Declaration::getNamespace#bf/1@i2#3507fe61 (iteration 2)
[2026-01-21 06:11:00] (5s) Empty delta for m#QualifiedName#6f5e0462::Declaration::getNamespace#bf_delta (order for disjuncts: delta=<standard>).
[2026-01-21 06:11:00] (5s) Accumulating deltas
[2026-01-21 06:11:00] (5s)  >>> Created relation m#QualifiedName#6f5e0462::Declaration::getNamespace#bf/1@3507fe61 with 2390 rows and digest 4657d96q4dh6e443hnfvtipjk38.
[2026-01-21 06:11:00] (5s) Starting to evaluate predicate @declaration#b/1@6a6fc72l
[2026-01-21 06:11:00] (5s)  >>> Created relation @declaration#b/1@6a6fc72l with 2390 rows and digest 4657d96q4dh6e443hnfvtipjk38.
[2026-01-21 06:11:00] (5s)  >>> Created relation namespacembrs/2@5cb5265a with 0 rows and digest THIS-RELATION-HAS-NO-TUPLES.
[2026-01-21 06:11:00] (5s) Inferred that namespacembrs_1#antijoin_rhs/1@89b5dc4e is empty, due to namespacembrs/2@5cb5265a.
[2026-01-21 06:11:00] (5s) Inferred that _namespacembrs_namespaces#join_rhs/3@a44ef99q is empty, due to namespacembrs/2@5cb5265a.
[2026-01-21 06:11:00] (5s) Inferred that _namespace_inline_namespacembrs#join_rhs/2@b1458esg is empty, due to namespacembrs/2@5cb5265a.
[2026-01-21 06:11:00] (5s)  >>> Created relation namespacembrs_1#antijoin_rhs/1@89b5dc4e with 0 rows and digest THIS-RELATION-HAS-NO-TUPLES.
[2026-01-21 06:11:00] (5s)  >>> Created relation _namespace_inline_namespacembrs#join_rhs/2@b1458esg with 0 rows and digest THIS-RELATION-HAS-NO-TUPLES.
[2026-01-21 06:11:00] (5s)  >>> Created relation _namespacembrs_namespaces#join_rhs/3@a44ef99q with 0 rows and digest THIS-RELATION-HAS-NO-TUPLES.
[2026-01-21 06:11:00] (5s)  >>> Created relation namespaces/2@ac55bapc with 1 rows and digest 2f95dfe2uhf0d6a7v05mn9cf0e2.
[2026-01-21 06:11:00] (5s) Starting to evaluate predicate namespaces_10#join_rhs/2@16c0ae31
[2026-01-21 06:11:00] (5s)  >>> Created relation namespaces_10#join_rhs/2@16c0ae31 with 1 rows and digest 63f5f9q70etfsbo1reicppcnnif.
[2026-01-21 06:11:00] (5s) Starting to evaluate predicate _namespaces_10#join_rhs#antijoin_rhs/1@a4144bic
[2026-01-21 06:11:00] (5s)  >>> Created relation _namespaces_10#join_rhs#antijoin_rhs/1@a4144bic with 1 rows and digest 9782b64h95bboivsfhrf24570g1.
[2026-01-21 06:11:00] (5s) Starting to evaluate predicate QualifiedName#6f5e0462::Declaration::getDeclaringType#0#dispred#ff_10#join_rhs/2@4320e0io
[2026-01-21 06:11:00] (5s)  >>> Created relation QualifiedName#6f5e0462::Declaration::getDeclaringType#0#dispred#ff_10#join_rhs/2@4320e0io with 1899 rows and digest f6c46122ling1m45iu4nb8sr0h6.
[2026-01-21 06:11:00] (5s) Starting to evaluate predicate _QualifiedName#6f5e0462::Declaration::getDeclaringType#0#dispred#bf_m#QualifiedName#6f5e0462::Declar__#join_rhs/2@73eabdor
[2026-01-21 06:11:00] (5s)  >>> Created relation _QualifiedName#6f5e0462::Declaration::getDeclaringType#0#dispred#bf_m#QualifiedName#6f5e0462::Declar__#join_rhs/2@73eabdor with 0 rows and digest THIS-RELATION-HAS-NO-TUPLES.
[2026-01-21 06:11:00] (5s) Starting to evaluate predicate _@declaration#b_m#QualifiedName#6f5e0462::Declaration::getNamespace#bf#shared/1@b3d1celr
[2026-01-21 06:11:00] (5s)  >>> Created relation _@declaration#b_m#QualifiedName#6f5e0462::Declaration::getNamespace#bf#shared/1@b3d1celr with 2390 rows and digest 4657d96q4dh6e443hnfvtipjk38.
[2026-01-21 06:11:00] (5s)  >>> Created relation frienddecls/4@093934u1 with 0 rows and digest THIS-RELATION-HAS-NO-TUPLES.
[2026-01-21 06:11:00] (5s)  >>> Created relation enclosingfunction/2@409ce2g8 with 8 rows and digest 00a9b5dk05anc976d93cp9qmbs6.
[2026-01-21 06:11:00] (5s) Starting to evaluate predicate QualifiedName#6f5e0462::TemplateParameter#b/1@3e335amg
[2026-01-21 06:11:00] (5s)  >>> Created relation QualifiedName#6f5e0462::TemplateParameter#b/1@3e335amg with 0 rows and digest THIS-RELATION-HAS-NO-TUPLES.
[2026-01-21 06:11:00] (5s) Starting to evaluate predicate _@declaration#b_QualifiedName#6f5e0462::Declaration::getDeclaringType#0#dispred#bf_QualifiedName#6f5__#antijoin_rhs/1@602bb2l1
[2026-01-21 06:11:00] (5s)  >>> Created relation _@declaration#b_QualifiedName#6f5e0462::Declaration::getDeclaringType#0#dispred#bf_QualifiedName#6f5__#antijoin_rhs/1@602bb2l1 with 0 rows and digest THIS-RELATION-HAS-NO-TUPLES.
[2026-01-21 06:11:00] (5s) Starting to evaluate predicate QualifiedName#6f5e0462::Declaration::isTopLevel#0#dispred#b/1@0dfc3ece
[2026-01-21 06:11:00] (5s)  >>> Created relation QualifiedName#6f5e0462::Declaration::isTopLevel#0#dispred#b/1@0dfc3ece with 2390 rows and digest 4657d96q4dh6e443hnfvtipjk38.
[2026-01-21 06:11:00] (5s) Starting to evaluate predicate QualifiedName#6f5e0462::Declaration::getNamespace#bf/2@i1#d2c8a1h9 (iteration 1)
[2026-01-21 06:11:00] (5s) 			 - QualifiedName#6f5e0462::Declaration::getNamespace#bf_delta has 2390 rows (order for disjuncts: delta=<standard>).
[2026-01-21 06:11:00] (5s) Starting to evaluate predicate QualifiedName#6f5e0462::Declaration::getNamespace#bf/2@i2#d2c8a1h9 (iteration 2)
[2026-01-21 06:11:00] (5s) Empty delta for QualifiedName#6f5e0462::Declaration::getNamespace#bf_delta (order for disjuncts: delta=500000).
[2026-01-21 06:11:00] (5s) Accumulating deltas
[2026-01-21 06:11:00] (5s)  >>> Created relation QualifiedName#6f5e0462::Declaration::getNamespace#bf/2@d2c8a1h9 with 2390 rows and digest 25ef1avre3q6e86tgq1ethac979.
[2026-01-21 06:11:00] (5s) Starting to evaluate predicate QualifiedName#6f5e0462::Namespace::getQualifiedName#ff/2@i1#bbdeb3qq (iteration 1)
[2026-01-21 06:11:00] (5s) 			 - QualifiedName#6f5e0462::Namespace::getQualifiedName#ff_delta has 1 rows (order for disjuncts: delta=<standard>).
[2026-01-21 06:11:00] (5s) Starting to evaluate predicate QualifiedName#6f5e0462::Namespace::getQualifiedName#ff/2@i2#bbdeb3qq (iteration 2)
[2026-01-21 06:11:00] (5s) Empty delta for QualifiedName#6f5e0462::Namespace::getQualifiedName#ff_delta (order for disjuncts: delta=500000).
[2026-01-21 06:11:00] (5s) Accumulating deltas
[2026-01-21 06:11:00] (5s)  >>> Created relation QualifiedName#6f5e0462::Namespace::getQualifiedName#ff/2@bbdeb3qq with 1 rows and digest 2f95dfe2uhf0d6a7v05mn9cf0e2.
[2026-01-21 06:11:00] (5s) Starting to evaluate predicate m#QualifiedName#6f5e0462::Declaration::getTypeQualifierWithArgs#bf/1@i1#19d45xm9 (iteration 1)
[2026-01-21 06:11:00] (5s) 			 - m#QualifiedName#6f5e0462::Declaration::getTypeQualifierWithArgs#bf_delta has 2390 rows (order for disjuncts: delta=<standard>).
[2026-01-21 06:11:00] (5s) Starting to evaluate predicate m#QualifiedName#6f5e0462::getTypeQualifierForMembersWithArgs#1#bf/1@i1#19d45wm9 (iteration 1)
[2026-01-21 06:11:00] (5s) Empty delta for m#QualifiedName#6f5e0462::getTypeQualifierForMembersWithArgs#1#bf_delta (order for disjuncts: delta=<standard>).
[2026-01-21 06:11:00] (5s) Empty delta for m#QualifiedName#6f5e0462::Declaration::getTypeQualifierWithArgs#bf_delta (order for disjuncts: delta=<standard>).
[2026-01-21 06:11:00] (5s) Starting to evaluate predicate m#QualifiedName#6f5e0462::getTypeQualifierForMembersWithArgs#1#bf/1@i2#19d45wm9 (iteration 2)
[2026-01-21 06:11:00] (5s) Empty delta for m#QualifiedName#6f5e0462::getTypeQualifierForMembersWithArgs#1#bf_delta (order for disjuncts: delta=<standard>).
[2026-01-21 06:11:00] (5s) Accumulating deltas
[2026-01-21 06:11:00] (5s)  >>> Created relation m#QualifiedName#6f5e0462::getTypeQualifierForMembersWithArgs#1#bf/1@19d45wm9 with 0 rows and digest THIS-RELATION-HAS-NO-TUPLES.
[2026-01-21 06:11:00] (5s)  >>> Created relation m#QualifiedName#6f5e0462::Declaration::getTypeQualifierWithArgs#bf/1@19d45xm9 with 2390 rows and digest 4657d96q4dh6e443hnfvtipjk38.
[2026-01-21 06:11:00] (5s) Inferred that _m#QualifiedName#6f5e0462::getTypeQualifierForMembersWithArgs#1#bf_usertypes#join_rhs/2@02f200ul is empty, due to m#QualifiedName#6f5e0462::getTypeQualifierForMembersWithArgs#1#bf/1@19d45wm9.
[2026-01-21 06:11:00] (5s) Inferred that QualifiedName#6f5e0462::getTypeQualifierForMembersWithArgs#1#bf/2@c0e8bwgk is empty, due to m#QualifiedName#6f5e0462::getTypeQualifierForMembersWithArgs#1#bf/1@19d45wm9.
[2026-01-21 06:11:00] (5s) Inferred that QualifiedName#6f5e0462::Declaration::getTypeQualifierWithArgs#bf/2@c0e8bxgk is empty, due to m#QualifiedName#6f5e0462::getTypeQualifierForMembersWithArgs#1#bf/1@19d45wm9.
[2026-01-21 06:11:00] (5s)  >>> Created relation _m#QualifiedName#6f5e0462::getTypeQualifierForMembersWithArgs#1#bf_usertypes#join_rhs/2@02f200ul with 0 rows and digest THIS-RELATION-HAS-NO-TUPLES.
[2026-01-21 06:11:00] (5s)  >>> Created relation QualifiedName#6f5e0462::Declaration::getTypeQualifierWithArgs#bf/2@c0e8bxgk with 0 rows and digest THIS-RELATION-HAS-NO-TUPLES.
[2026-01-21 06:11:00] (5s)  >>> Created relation QualifiedName#6f5e0462::getTypeQualifierForMembersWithArgs#1#bf/2@c0e8bwgk with 0 rows and digest THIS-RELATION-HAS-NO-TUPLES.
[2026-01-21 06:11:00] (5s) Starting to evaluate predicate m#QualifiedName#6f5e0462::hasTypeQualifier#1#b/1@2d5c1fs5
[2026-01-21 06:11:00] (5s)  >>> Created relation m#QualifiedName#6f5e0462::hasTypeQualifier#1#b/1@2d5c1fs5 with 2390 rows and digest 4657d96q4dh6e443hnfvtipjk38.
[2026-01-21 06:11:00] (5s) Starting to evaluate predicate QualifiedName#6f5e0462::hasTypeQualifier#1#b/1@9df23fgn
[2026-01-21 06:11:00] (5s)  >>> Created relation QualifiedName#6f5e0462::hasTypeQualifier#1#b/1@9df23fgn with 0 rows and digest THIS-RELATION-HAS-NO-TUPLES.
[2026-01-21 06:11:00] (5s) Starting to evaluate predicate Declaration#4bfb53be::Declaration::getQualifiedName#0#dispred#bf/2@d6a642s4
[2026-01-21 06:11:00] (5s)  >>> Created relation Declaration#4bfb53be::Declaration::getQualifiedName#0#dispred#bf/2@d6a642s4 with 2390 rows and digest dee591fb8rb3g20mlalljen8q1e.
[2026-01-21 06:11:00] (5s)  >>> Created relation specifiers/2@3f5e3822 with 53 rows and digest a1e6cfkn9n1sik86ipcjlg9527a.
[2026-01-21 06:11:00] (5s) Starting to evaluate predicate specifiers_10#join_rhs/2@67f61076
[2026-01-21 06:11:00] (5s)  >>> Created relation specifiers_10#join_rhs/2@67f61076 with 53 rows and digest 1d8226ohk2olj4am93o63fq1846.
[2026-01-21 06:11:00] (5s)  >>> Created relation fun_decl_specifiers/2@b07e9crj with 8981 rows and digest 0672d83eq3ur44l8tt94ldkabra.
[2026-01-21 06:11:00] (5s) Starting to evaluate predicate fun_decl_specifiers_10#join_rhs/2@7bf9d3gr
[2026-01-21 06:11:00] (5s)  >>> Created relation fun_decl_specifiers_10#join_rhs/2@7bf9d3gr with 8981 rows and digest ba0a51n30prpg2uk21uf8plig1e.
[2026-01-21 06:11:00] (5s)  >>> Created relation funspecifiers/2@c796450s with 4539 rows and digest 5bff3ebnj0c6eq09n2j6inadjja.
[2026-01-21 06:11:00] (5s) Starting to evaluate predicate funspecifiers_10#join_rhs/2@99509cag
[2026-01-21 06:11:00] (5s)  >>> Created relation funspecifiers_10#join_rhs/2@99509cag with 4539 rows and digest 93342a3qiee3i2fmovdpae2tbg4.
[2026-01-21 06:11:00] (5s) Starting to evaluate predicate Declaration#4bfb53be::Declaration::getASpecifier#0#dispred#bb/2@d01bf9a6
[2026-01-21 06:11:00] (5s)  >>> Created relation Declaration#4bfb53be::Declaration::getASpecifier#0#dispred#bb/2@d01bf9a6 with 1492 rows and digest 03000b14t017p11i64e59ho47k8.
[2026-01-21 06:11:00] (5s) Starting to evaluate predicate _Declaration#4bfb53be::Declaration::getASpecifier#0#dispred#bb_m#DataFlowDispatch#f6687c8d::function__#antijoin_rhs/1@faa5eeq9
[2026-01-21 06:11:00] (5s)  >>> Created relation _Declaration#4bfb53be::Declaration::getASpecifier#0#dispred#bb_m#DataFlowDispatch#f6687c8d::function__#antijoin_rhs/1@faa5eeq9 with 1492 rows and digest 519450lvlsnm5e0kv1utb0jk4q4.
[2026-01-21 06:11:00] (5s) Starting to evaluate predicate DataFlowDispatch#f6687c8d::functionSignature#3#bff/3@ea8026c7
[2026-01-21 06:11:00] (5s)  >>> Created relation DataFlowDispatch#f6687c8d::functionSignature#3#bff/3@ea8026c7 with 898 rows and digest 8528603tjldvpg3m6el6r1c5b6b.
[2026-01-21 06:11:00] (5s) Starting to evaluate predicate DataFlowDispatch#f6687c8d::callSignatureWithoutBody#3#fff/3@e8f19e42
[2026-01-21 06:11:00] (5s)  >>> Created relation DataFlowDispatch#f6687c8d::callSignatureWithoutBody#3#fff/3@e8f19e42 with 8127 rows and digest 953568m0viitrgtggdki1kk9713.
[2026-01-21 06:11:00] (5s) Starting to evaluate predicate DataFlowDispatch#f6687c8d::functionSignatureWithBody#3#fff/3@348569g7
[2026-01-21 06:11:00] (5s)  >>> Created relation DataFlowDispatch#f6687c8d::functionSignatureWithBody#3#fff/3@348569g7 with 557 rows and digest 5e34cat06v0g1i2i657tl4tqtdb.
[2026-01-21 06:11:00] (5s) Starting to evaluate predicate _DataFlowDispatch#f6687c8d::functionSignatureWithBody#3#fff#join_rhs/3@fa9e85ri
[2026-01-21 06:11:00] (5s)  >>> Created relation _DataFlowDispatch#f6687c8d::functionSignatureWithBody#3#fff#join_rhs/3@fa9e85ri with 531 rows and digest 83a61099ume5jfp6vtarrf6sq90.
[2026-01-21 06:11:00] (5s) Starting to evaluate predicate DataFlowImplCommon#6f4b4818::viableCallableExt#1#ff/2@40694ano
[2026-01-21 06:11:00] (5s)  >>> Created relation DataFlowImplCommon#6f4b4818::viableCallableExt#1#ff/2@40694ano with 14167 rows and digest 747870v87h0psbfq1tks0sc3e27.
[2026-01-21 06:11:00] (5s) Starting to evaluate predicate DataFlowImplCommon#6f4b4818::viableCallableExt#1#ff_10#join_rhs/2@fd1e8fcf
[2026-01-21 06:11:00] (5s)  >>> Created relation DataFlowImplCommon#6f4b4818::viableCallableExt#1#ff_10#join_rhs/2@fd1e8fcf with 14167 rows and digest c6967517lf3llmrn2crfvgg2h04.
[2026-01-21 06:11:00] (5s) Starting to evaluate predicate _DataFlowImplCommon#6f4b4818::Cached::TAnyCallContext#f_DataFlowImplCommon#6f4b4818::Cached::TReturn__#join_rhs/4@f4c1dbog
[2026-01-21 06:11:00] (5s)  >>> Created relation _DataFlowImplCommon#6f4b4818::Cached::TAnyCallContext#f_DataFlowImplCommon#6f4b4818::Cached::TReturn__#join_rhs/4@f4c1dbog with 15489 rows and digest 4b8e81tsu88nfsgui79s9054te8.
[2026-01-21 06:11:00] (5s) Starting to evaluate predicate DataFlowImpl#6ed98661::Impl#DataFlowImpl1#bece54ca::Config#::pathOutOfCallable#4#ffff/4@i1#3ff40cw4 (iteration 1)
[2026-01-21 06:11:00] (5s) Empty delta for DataFlowImpl#6ed98661::Impl#DataFlowImpl1#bece54ca::Config#::pathOutOfCallable#4#ffff_delta (order for disjuncts: delta=<standard>).
[2026-01-21 06:11:00] (5s) Starting to evaluate predicate DataFlowImpl#6ed98661::Impl#DataFlowImpl1#bece54ca::Config#::pathOutOfCallable1#6#ffffff/6@i1#3ff40bw4 (iteration 1)
[2026-01-21 06:11:00] (5s) Empty delta for DataFlowImpl#6ed98661::Impl#DataFlowImpl1#bece54ca::Config#::pathOutOfCallable1#6#ffffff_delta (order for disjuncts: delta=<standard>).
[2026-01-21 06:11:00] (5s) Starting to evaluate predicate num#DataFlowImpl#6ed98661::Impl#DataFlowImpl1#bece54ca::Config#::TPathNodeMid#ffffff/6@i1#3ff40aw4 (iteration 1)
[2026-01-21 06:11:00] (5s) Empty delta for num#DataFlowImpl#6ed98661::Impl#DataFlowImpl1#bece54ca::Config#::TPathNodeMid#ffffff_delta (order for disjuncts: delta=<standard>).
[2026-01-21 06:11:00] (5s) Starting to evaluate predicate DataFlowImpl#6ed98661::Impl#DataFlowImpl1#bece54ca::Config#::pathThroughCallable0#7#fffffff/7@i1#3ff409w4 (iteration 1)
[2026-01-21 06:11:00] (5s) Empty delta for DataFlowImpl#6ed98661::Impl#DataFlowImpl1#bece54ca::Config#::pathThroughCallable0#7#fffffff_delta (order for disjuncts: delta=<standard>).
[2026-01-21 06:11:00] (5s) Starting to evaluate predicate DataFlowImpl#6ed98661::Impl#DataFlowImpl1#bece54ca::Config#::pathIntoArg#7#fffffff/7@i1#3ff408w4 (iteration 1)
[2026-01-21 06:11:00] (5s) Empty delta for DataFlowImpl#6ed98661::Impl#DataFlowImpl1#bece54ca::Config#::pathIntoArg#7#fffffff_delta (order for disjuncts: delta=<standard>).
[2026-01-21 06:11:00] (5s) Starting to evaluate predicate DataFlowImpl#6ed98661::Impl#DataFlowImpl1#bece54ca::Config#::pathIntoCallable0#7#fffffff/7@i1#3ff407w4 (iteration 1)
[2026-01-21 06:11:00] (5s) Empty delta for DataFlowImpl#6ed98661::Impl#DataFlowImpl1#bece54ca::Config#::pathIntoCallable0#7#fffffff_delta (order for disjuncts: delta=<standard>).
[2026-01-21 06:11:00] (5s) Starting to evaluate predicate DataFlowImpl#6ed98661::Impl#DataFlowImpl1#bece54ca::Config#::pathIntoCallable#7#fffffff/7@i1#3ff406w4 (iteration 1)
[2026-01-21 06:11:00] (5s) Empty delta for DataFlowImpl#6ed98661::Impl#DataFlowImpl1#bece54ca::Config#::pathIntoCallable#7#fffffff_delta (order for disjuncts: delta=<standard>).
[2026-01-21 06:11:00] (5s) Starting to evaluate predicate DataFlowImpl#6ed98661::Impl#DataFlowImpl1#bece54ca::Config#::pathIntoCallable#7#fffffff#reorder_4_5_0_1_2_3_6/7@i1#3ff405w4 (iteration 1)
[2026-01-21 06:11:00] (5s) Empty delta for DataFlowImpl#6ed98661::Impl#DataFlowImpl1#bece54ca::Config#::pathIntoCallable#7#fffffff#reorder_4_5_0_1_2_3_6_delta (order for disjuncts: delta=<standard>).
[2026-01-21 06:11:00] (5s) Starting to evaluate predicate DataFlowImpl#6ed98661::Impl#DataFlowImpl1#bece54ca::Config#::pathThroughCallable#5#fffff/5@i1#3ff404w4 (iteration 1)
[2026-01-21 06:11:00] (5s) Empty delta for DataFlowImpl#6ed98661::Impl#DataFlowImpl1#bece54ca::Config#::pathThroughCallable#5#fffff_delta (order for disjuncts: delta=<standard>).
[2026-01-21 06:11:00] (5s) Starting to evaluate predicate DataFlowImpl#6ed98661::Impl#DataFlowImpl1#bece54ca::Config#::pathOutOfCallable0#5#fffff/5@i1#3ff403w4 (iteration 1)
[2026-01-21 06:11:00] (5s) Empty delta for DataFlowImpl#6ed98661::Impl#DataFlowImpl1#bece54ca::Config#::pathOutOfCallable0#5#fffff_delta (order for disjuncts: delta=<standard>).
[2026-01-21 06:11:00] (5s) Starting to evaluate predicate DataFlowImpl#6ed98661::Impl#DataFlowImpl1#bece54ca::Config#::TPathNodeMid#dom#fffff/5@i1#3ff402w4 (iteration 1)
[2026-01-21 06:11:00] (5s) 			 - DataFlowImpl#6ed98661::Impl#DataFlowImpl1#bece54ca::Config#::TPathNodeMid#dom#fffff_delta has 1 rows (order for disjuncts: delta=<standard>).
[2026-01-21 06:11:00] (5s) Starting to evaluate predicate DataFlowImpl#6ed98661::Impl#DataFlowImpl1#bece54ca::Config#::PathNodeMid#ffffff/6@i1#3ff401w4 (iteration 1)
[2026-01-21 06:11:00] (5s) Empty delta for DataFlowImpl#6ed98661::Impl#DataFlowImpl1#bece54ca::Config#::PathNodeMid#ffffff_delta (order for disjuncts: delta=<standard>).
[2026-01-21 06:11:00] (5s) Starting to evaluate predicate DataFlowImpl#6ed98661::Impl#DataFlowImpl1#bece54ca::Config#::pathNode#7#fffffff#cpe#123456/6@i1#3ff400w4 (iteration 1)
[2026-01-21 06:11:00] (5s) Empty delta for DataFlowImpl#6ed98661::Impl#DataFlowImpl1#bece54ca::Config#::pathNode#7#fffffff#cpe#123456_delta (order for disjuncts: delta=<standard>).
[2026-01-21 06:11:00] (5s) Starting to evaluate predicate DataFlowImpl#6ed98661::Impl#DataFlowImpl1#bece54ca::Config#::pathStoreStep#6#ffffff/6@i1#3ff40z14 (iteration 1)
[2026-01-21 06:11:00] (5s) Empty delta for DataFlowImpl#6ed98661::Impl#DataFlowImpl1#bece54ca::Config#::pathStoreStep#6#ffffff_delta (order for disjuncts: delta=<standard>).
[2026-01-21 06:11:00] (5s) Starting to evaluate predicate DataFlowImpl#6ed98661::Impl#DataFlowImpl1#bece54ca::Config#::pathReadStep#6#ffffff/6@i1#3ff40y14 (iteration 1)
[2026-01-21 06:11:00] (5s) Empty delta for DataFlowImpl#6ed98661::Impl#DataFlowImpl1#bece54ca::Config#::pathReadStep#6#ffffff_delta (order for disjuncts: delta=<standard>).
[2026-01-21 06:11:00] (5s) Starting to evaluate predicate DataFlowImpl#6ed98661::Impl#DataFlowImpl1#bece54ca::Config#::paramFlowsThrough#6#ffffff#reorder_2_3_0_1_4_5/6@i1#3ff40x14 (iteration 1)
[2026-01-21 06:11:00] (5s) Empty delta for DataFlowImpl#6ed98661::Impl#DataFlowImpl1#bece54ca::Config#::paramFlowsThrough#6#ffffff#reorder_2_3_0_1_4_5_delta (order for disjuncts: delta=<standard>).
[2026-01-21 06:11:00] (5s) Starting to evaluate predicate DataFlowImpl#6ed98661::Impl#DataFlowImpl1#bece54ca::Config#::pathStep#6#ffffff/6@i1#3ff40w14 (iteration 1)
[2026-01-21 06:11:00] (5s) Empty delta for DataFlowImpl#6ed98661::Impl#DataFlowImpl1#bece54ca::Config#::pathStep#6#ffffff_delta (order for disjuncts: delta=<standard>).
[2026-01-21 06:11:00] (5s) Empty delta for DataFlowImpl#6ed98661::Impl#DataFlowImpl1#bece54ca::Config#::pathOutOfCallable#4#ffff_delta (order for disjuncts: delta=<standard>).
[2026-01-21 06:11:00] (5s) Empty delta for DataFlowImpl#6ed98661::Impl#DataFlowImpl1#bece54ca::Config#::pathOutOfCallable1#6#ffffff_delta (order for disjuncts: delta=<standard>).
[2026-01-21 06:11:00] (5s) Starting to evaluate predicate num#DataFlowImpl#6ed98661::Impl#DataFlowImpl1#bece54ca::Config#::TPathNodeMid#ffffff/6@i2#3ff40aw4 (iteration 2)
[2026-01-21 06:11:00] (5s) 			 - num#DataFlowImpl#6ed98661::Impl#DataFlowImpl1#bece54ca::Config#::TPathNodeMid#ffffff_delta has 1 rows (order for disjuncts: delta=<standard>).
[2026-01-21 06:11:00] (5s) Empty delta for DataFlowImpl#6ed98661::Impl#DataFlowImpl1#bece54ca::Config#::pathThroughCallable0#7#fffffff_delta (order for disjuncts: delta=<standard>).
[2026-01-21 06:11:00] (5s) Empty delta for DataFlowImpl#6ed98661::Impl#DataFlowImpl1#bece54ca::Config#::pathIntoArg#7#fffffff_delta (order for disjuncts: delta=<standard>).
[2026-01-21 06:11:00] (5s) Empty delta for DataFlowImpl#6ed98661::Impl#DataFlowImpl1#bece54ca::Config#::pathIntoCallable0#7#fffffff_delta (order for disjuncts: delta=<standard>).
[2026-01-21 06:11:00] (5s) Empty delta for DataFlowImpl#6ed98661::Impl#DataFlowImpl1#bece54ca::Config#::pathIntoCallable#7#fffffff_delta (order for disjuncts: delta=<standard>).
[2026-01-21 06:11:00] (5s) Empty delta for DataFlowImpl#6ed98661::Impl#DataFlowImpl1#bece54ca::Config#::pathIntoCallable#7#fffffff#reorder_4_5_0_1_2_3_6_delta (order for disjuncts: delta=<standard>).
[2026-01-21 06:11:00] (5s) Empty delta for DataFlowImpl#6ed98661::Impl#DataFlowImpl1#bece54ca::Config#::pathThroughCallable#5#fffff_delta (order for disjuncts: delta=<standard>).
[2026-01-21 06:11:00] (5s) Empty delta for DataFlowImpl#6ed98661::Impl#DataFlowImpl1#bece54ca::Config#::pathOutOfCallable0#5#fffff_delta (order for disjuncts: delta=<standard>).
[2026-01-21 06:11:00] (5s) Empty delta for DataFlowImpl#6ed98661::Impl#DataFlowImpl1#bece54ca::Config#::TPathNodeMid#dom#fffff_delta (order for disjuncts: delta=<standard>).
[2026-01-21 06:11:00] (5s) Empty delta for DataFlowImpl#6ed98661::Impl#DataFlowImpl1#bece54ca::Config#::PathNodeMid#ffffff_delta (order for disjuncts: delta=<standard>).
[2026-01-21 06:11:00] (5s) Empty delta for DataFlowImpl#6ed98661::Impl#DataFlowImpl1#bece54ca::Config#::pathNode#7#fffffff#cpe#123456_delta (order for disjuncts: delta=<standard>).
[2026-01-21 06:11:00] (5s) Empty delta for DataFlowImpl#6ed98661::Impl#DataFlowImpl1#bece54ca::Config#::pathStoreStep#6#ffffff_delta (order for disjuncts: delta=<standard>).
[2026-01-21 06:11:00] (5s) Empty delta for DataFlowImpl#6ed98661::Impl#DataFlowImpl1#bece54ca::Config#::pathReadStep#6#ffffff_delta (order for disjuncts: delta=<standard>).
[2026-01-21 06:11:00] (5s) Empty delta for DataFlowImpl#6ed98661::Impl#DataFlowImpl1#bece54ca::Config#::paramFlowsThrough#6#ffffff#reorder_2_3_0_1_4_5_delta (order for disjuncts: delta=<standard>).
[2026-01-21 06:11:00] (5s) Empty delta for DataFlowImpl#6ed98661::Impl#DataFlowImpl1#bece54ca::Config#::pathStep#6#ffffff_delta (order for disjuncts: delta=<standard>).
[2026-01-21 06:11:00] (5s) Empty delta for DataFlowImpl#6ed98661::Impl#DataFlowImpl1#bece54ca::Config#::pathOutOfCallable#4#ffff_delta (order for disjuncts: delta=<standard>).
[2026-01-21 06:11:00] (5s) Empty delta for DataFlowImpl#6ed98661::Impl#DataFlowImpl1#bece54ca::Config#::pathOutOfCallable1#6#ffffff_delta (order for disjuncts: delta=<standard>).
[2026-01-21 06:11:00] (5s) Empty delta for num#DataFlowImpl#6ed98661::Impl#DataFlowImpl1#bece54ca::Config#::TPathNodeMid#ffffff_delta (order for disjuncts: delta=<standard>).
[2026-01-21 06:11:00] (5s) Empty delta for DataFlowImpl#6ed98661::Impl#DataFlowImpl1#bece54ca::Config#::pathThroughCallable0#7#fffffff_delta (order for disjuncts: delta=<standard>).
[2026-01-21 06:11:00] (5s) Empty delta for DataFlowImpl#6ed98661::Impl#DataFlowImpl1#bece54ca::Config#::pathIntoArg#7#fffffff_delta (order for disjuncts: delta=<standard>).
[2026-01-21 06:11:00] (5s) Empty delta for DataFlowImpl#6ed98661::Impl#DataFlowImpl1#bece54ca::Config#::pathIntoCallable0#7#fffffff_delta (order for disjuncts: delta=<standard>).
[2026-01-21 06:11:00] (5s) Empty delta for DataFlowImpl#6ed98661::Impl#DataFlowImpl1#bece54ca::Config#::pathIntoCallable#7#fffffff_delta (order for disjuncts: delta=<standard>).
[2026-01-21 06:11:00] (5s) Empty delta for DataFlowImpl#6ed98661::Impl#DataFlowImpl1#bece54ca::Config#::pathIntoCallable#7#fffffff#reorder_4_5_0_1_2_3_6_delta (order for disjuncts: delta=<standard>).
[2026-01-21 06:11:00] (5s) Empty delta for DataFlowImpl#6ed98661::Impl#DataFlowImpl1#bece54ca::Config#::pathThroughCallable#5#fffff_delta (order for disjuncts: delta=<standard>).
[2026-01-21 06:11:00] (5s) Empty delta for DataFlowImpl#6ed98661::Impl#DataFlowImpl1#bece54ca::Config#::pathOutOfCallable0#5#fffff_delta (order for disjuncts: delta=<standard>).
[2026-01-21 06:11:00] (5s) Empty delta for DataFlowImpl#6ed98661::Impl#DataFlowImpl1#bece54ca::Config#::TPathNodeMid#dom#fffff_delta (order for disjuncts: delta=<standard>).
[2026-01-21 06:11:00] (5s) Starting to evaluate predicate DataFlowImpl#6ed98661::Impl#DataFlowImpl1#bece54ca::Config#::PathNodeMid#ffffff/6@i3#3ff401w4 (iteration 3)
[2026-01-21 06:11:00] (5s) 			 - DataFlowImpl#6ed98661::Impl#DataFlowImpl1#bece54ca::Config#::PathNodeMid#ffffff_delta has 1 rows (order for disjuncts: delta=<standard>).
[2026-01-21 06:11:00] (5s) Empty delta for DataFlowImpl#6ed98661::Impl#DataFlowImpl1#bece54ca::Config#::pathNode#7#fffffff#cpe#123456_delta (order for disjuncts: delta=<standard>).
[2026-01-21 06:11:00] (5s) Empty delta for DataFlowImpl#6ed98661::Impl#DataFlowImpl1#bece54ca::Config#::pathStoreStep#6#ffffff_delta (order for disjuncts: delta=<standard>).
[2026-01-21 06:11:00] (5s) Empty delta for DataFlowImpl#6ed98661::Impl#DataFlowImpl1#bece54ca::Config#::pathReadStep#6#ffffff_delta (order for disjuncts: delta=<standard>).
[2026-01-21 06:11:00] (5s) Empty delta for DataFlowImpl#6ed98661::Impl#DataFlowImpl1#bece54ca::Config#::paramFlowsThrough#6#ffffff#reorder_2_3_0_1_4_5_delta (order for disjuncts: delta=<standard>).
[2026-01-21 06:11:00] (5s) Empty delta for DataFlowImpl#6ed98661::Impl#DataFlowImpl1#bece54ca::Config#::pathStep#6#ffffff_delta (order for disjuncts: delta=<standard>).
[2026-01-21 06:11:00] (5s) Empty delta for DataFlowImpl#6ed98661::Impl#DataFlowImpl1#bece54ca::Config#::pathOutOfCallable#4#ffff_delta (order for disjuncts: delta=<standard>).
[2026-01-21 06:11:00] (5s) Empty delta for DataFlowImpl#6ed98661::Impl#DataFlowImpl1#bece54ca::Config#::pathOutOfCallable1#6#ffffff_delta (order for disjuncts: delta=<standard>).
[2026-01-21 06:11:00] (5s) Empty delta for num#DataFlowImpl#6ed98661::Impl#DataFlowImpl1#bece54ca::Config#::TPathNodeMid#ffffff_delta (order for disjuncts: delta=<standard>).
[2026-01-21 06:11:00] (5s) Empty delta for DataFlowImpl#6ed98661::Impl#DataFlowImpl1#bece54ca::Config#::pathThroughCallable0#7#fffffff_delta (order for disjuncts: delta=<standard>).
[2026-01-21 06:11:00] (5s) Empty delta for DataFlowImpl#6ed98661::Impl#DataFlowImpl1#bece54ca::Config#::pathIntoArg#7#fffffff_delta (order for disjuncts: delta=<standard>).
[2026-01-21 06:11:00] (5s) Empty delta for DataFlowImpl#6ed98661::Impl#DataFlowImpl1#bece54ca::Config#::pathIntoCallable0#7#fffffff_delta (order for disjuncts: delta=<standard>).
[2026-01-21 06:11:00] (5s) Empty delta for DataFlowImpl#6ed98661::Impl#DataFlowImpl1#bece54ca::Config#::pathIntoCallable#7#fffffff_delta (order for disjuncts: delta=<standard>).
[2026-01-21 06:11:00] (5s) Empty delta for DataFlowImpl#6ed98661::Impl#DataFlowImpl1#bece54ca::Config#::pathIntoCallable#7#fffffff#reorder_4_5_0_1_2_3_6_delta (order for disjuncts: delta=<standard>).
[2026-01-21 06:11:00] (5s) Empty delta for DataFlowImpl#6ed98661::Impl#DataFlowImpl1#bece54ca::Config#::pathThroughCallable#5#fffff_delta (order for disjuncts: delta=<standard>).
[2026-01-21 06:11:00] (5s) Starting to evaluate predicate DataFlowImpl#6ed98661::Impl#DataFlowImpl1#bece54ca::Config#::pathOutOfCallable0#5#fffff/5@i4#3ff403w4 (iteration 4)
[2026-01-21 06:11:00] (5s) Empty delta for DataFlowImpl#6ed98661::Impl#DataFlowImpl1#bece54ca::Config#::pathOutOfCallable0#5#fffff_delta (order for disjuncts: delta=<standard>).
[2026-01-21 06:11:00] (5s) Empty delta for DataFlowImpl#6ed98661::Impl#DataFlowImpl1#bece54ca::Config#::TPathNodeMid#dom#fffff_delta (order for disjuncts: delta=<standard>).
[2026-01-21 06:11:00] (5s) Empty delta for DataFlowImpl#6ed98661::Impl#DataFlowImpl1#bece54ca::Config#::PathNodeMid#ffffff_delta (order for disjuncts: delta=<standard>).
[2026-01-21 06:11:00] (5s) Starting to evaluate predicate DataFlowImpl#6ed98661::Impl#DataFlowImpl1#bece54ca::Config#::pathNode#7#fffffff#cpe#123456/6@i4#3ff400w4 (iteration 4)
[2026-01-21 06:11:00] (5s) 			 - DataFlowImpl#6ed98661::Impl#DataFlowImpl1#bece54ca::Config#::pathNode#7#fffffff#cpe#123456_delta has 1 rows (order for disjuncts: delta=<standard>).
[2026-01-21 06:11:00] (5s) Starting to evaluate predicate DataFlowImpl#6ed98661::Impl#DataFlowImpl1#bece54ca::Config#::pathStoreStep#6#ffffff/6@i4#3ff40z14 (iteration 4)
[2026-01-21 06:11:00] (5s) Empty delta for DataFlowImpl#6ed98661::Impl#DataFlowImpl1#bece54ca::Config#::pathStoreStep#6#ffffff_delta (order for disjuncts: delta=<standard>).
[2026-01-21 06:11:00] (5s) Starting to evaluate predicate DataFlowImpl#6ed98661::Impl#DataFlowImpl1#bece54ca::Config#::pathReadStep#6#ffffff/6@i4#3ff40y14 (iteration 4)
[2026-01-21 06:11:00] (5s) Empty delta for DataFlowImpl#6ed98661::Impl#DataFlowImpl1#bece54ca::Config#::pathReadStep#6#ffffff_delta (order for disjuncts: delta=<standard>).
[2026-01-21 06:11:00] (5s) Empty delta for DataFlowImpl#6ed98661::Impl#DataFlowImpl1#bece54ca::Config#::paramFlowsThrough#6#ffffff#reorder_2_3_0_1_4_5_delta (order for disjuncts: delta=<standard>).
[2026-01-21 06:11:00] (5s) Starting to evaluate predicate DataFlowImpl#6ed98661::Impl#DataFlowImpl1#bece54ca::Config#::pathStep#6#ffffff/6@i4#3ff40w14 (iteration 4)
[2026-01-21 06:11:00] (5s) Empty delta for DataFlowImpl#6ed98661::Impl#DataFlowImpl1#bece54ca::Config#::pathStep#6#ffffff_delta (order for disjuncts: delta=<standard>).
[2026-01-21 06:11:00] (5s) Empty delta for DataFlowImpl#6ed98661::Impl#DataFlowImpl1#bece54ca::Config#::pathOutOfCallable#4#ffff_delta (order for disjuncts: delta=<standard>).
[2026-01-21 06:11:00] (5s) Empty delta for DataFlowImpl#6ed98661::Impl#DataFlowImpl1#bece54ca::Config#::pathOutOfCallable1#6#ffffff_delta (order for disjuncts: delta=<standard>).
[2026-01-21 06:11:00] (5s) Empty delta for num#DataFlowImpl#6ed98661::Impl#DataFlowImpl1#bece54ca::Config#::TPathNodeMid#ffffff_delta (order for disjuncts: delta=<standard>).
[2026-01-21 06:11:00] (5s) Empty delta for DataFlowImpl#6ed98661::Impl#DataFlowImpl1#bece54ca::Config#::pathThroughCallable0#7#fffffff_delta (order for disjuncts: delta=<standard>).
[2026-01-21 06:11:00] (5s) Starting to evaluate predicate DataFlowImpl#6ed98661::Impl#DataFlowImpl1#bece54ca::Config#::pathIntoArg#7#fffffff/7@i5#3ff408w4 (iteration 5)
[2026-01-21 06:11:00] (5s) Empty delta for DataFlowImpl#6ed98661::Impl#DataFlowImpl1#bece54ca::Config#::pathIntoArg#7#fffffff_delta (order for disjuncts: delta=3163).
[2026-01-21 06:11:00] (5s) Empty delta for DataFlowImpl#6ed98661::Impl#DataFlowImpl1#bece54ca::Config#::pathIntoCallable0#7#fffffff_delta (order for disjuncts: delta=<standard>).
[2026-01-21 06:11:00] (5s) Empty delta for DataFlowImpl#6ed98661::Impl#DataFlowImpl1#bece54ca::Config#::pathIntoCallable#7#fffffff_delta (order for disjuncts: delta=<standard>).
[2026-01-21 06:11:00] (5s) Empty delta for DataFlowImpl#6ed98661::Impl#DataFlowImpl1#bece54ca::Config#::pathIntoCallable#7#fffffff#reorder_4_5_0_1_2_3_6_delta (order for disjuncts: delta=<standard>).
[2026-01-21 06:11:00] (5s) Empty delta for DataFlowImpl#6ed98661::Impl#DataFlowImpl1#bece54ca::Config#::pathThroughCallable#5#fffff_delta (order for disjuncts: delta=<standard>).
[2026-01-21 06:11:00] (5s) Empty delta for DataFlowImpl#6ed98661::Impl#DataFlowImpl1#bece54ca::Config#::pathOutOfCallable0#5#fffff_delta (order for disjuncts: delta=<standard>).
[2026-01-21 06:11:00] (5s) Empty delta for DataFlowImpl#6ed98661::Impl#DataFlowImpl1#bece54ca::Config#::TPathNodeMid#dom#fffff_delta (order for disjuncts: delta=<standard>).
[2026-01-21 06:11:00] (5s) Empty delta for DataFlowImpl#6ed98661::Impl#DataFlowImpl1#bece54ca::Config#::PathNodeMid#ffffff_delta (order for disjuncts: delta=<standard>).
[2026-01-21 06:11:00] (5s) Empty delta for DataFlowImpl#6ed98661::Impl#DataFlowImpl1#bece54ca::Config#::pathNode#7#fffffff#cpe#123456_delta (order for disjuncts: delta=<standard>).
[2026-01-21 06:11:00] (5s) Empty delta for DataFlowImpl#6ed98661::Impl#DataFlowImpl1#bece54ca::Config#::pathStoreStep#6#ffffff_delta (order for disjuncts: delta=<standard>).
[2026-01-21 06:11:00] (5s) Empty delta for DataFlowImpl#6ed98661::Impl#DataFlowImpl1#bece54ca::Config#::pathReadStep#6#ffffff_delta (order for disjuncts: delta=<standard>).
[2026-01-21 06:11:00] (5s) Starting to evaluate predicate DataFlowImpl#6ed98661::Impl#DataFlowImpl1#bece54ca::Config#::paramFlowsThrough#6#ffffff#reorder_2_3_0_1_4_5/6@i5#3ff40x14 (iteration 5)
[2026-01-21 06:11:00] (5s) Empty delta for DataFlowImpl#6ed98661::Impl#DataFlowImpl1#bece54ca::Config#::paramFlowsThrough#6#ffffff#reorder_2_3_0_1_4_5_delta (order for disjuncts: delta=<standard>).
[2026-01-21 06:11:00] (5s) Starting to evaluate predicate DataFlowImpl#6ed98661::Impl#DataFlowImpl1#bece54ca::Config#::pathStep#6#ffffff/6@i5#3ff40w14 (iteration 5)
[2026-01-21 06:11:00] (5s) 			 - DataFlowImpl#6ed98661::Impl#DataFlowImpl1#bece54ca::Config#::pathStep#6#ffffff_delta has 15 rows (order for disjuncts: delta=<standard>).
[2026-01-21 06:11:00] (5s) Empty delta for DataFlowImpl#6ed98661::Impl#DataFlowImpl1#bece54ca::Config#::pathOutOfCallable#4#ffff_delta (order for disjuncts: delta=<standard>).
[2026-01-21 06:11:00] (5s) Empty delta for DataFlowImpl#6ed98661::Impl#DataFlowImpl1#bece54ca::Config#::pathOutOfCallable1#6#ffffff_delta (order for disjuncts: delta=<standard>).
[2026-01-21 06:11:00] (5s) Empty delta for num#DataFlowImpl#6ed98661::Impl#DataFlowImpl1#bece54ca::Config#::TPathNodeMid#ffffff_delta (order for disjuncts: delta=<standard>).
[2026-01-21 06:11:00] (5s) Empty delta for DataFlowImpl#6ed98661::Impl#DataFlowImpl1#bece54ca::Config#::pathThroughCallable0#7#fffffff_delta (order for disjuncts: delta=<standard>).
[2026-01-21 06:11:00] (5s) Empty delta for DataFlowImpl#6ed98661::Impl#DataFlowImpl1#bece54ca::Config#::pathIntoArg#7#fffffff_delta (order for disjuncts: delta=3163).
[2026-01-21 06:11:00] (5s) Empty delta for DataFlowImpl#6ed98661::Impl#DataFlowImpl1#bece54ca::Config#::pathIntoCallable0#7#fffffff_delta (order for disjuncts: delta=<standard>).
[2026-01-21 06:11:00] (5s) Empty delta for DataFlowImpl#6ed98661::Impl#DataFlowImpl1#bece54ca::Config#::pathIntoCallable#7#fffffff_delta (order for disjuncts: delta=<standard>).
[2026-01-21 06:11:00] (5s) Empty delta for DataFlowImpl#6ed98661::Impl#DataFlowImpl1#bece54ca::Config#::pathIntoCallable#7#fffffff#reorder_4_5_0_1_2_3_6_delta (order for disjuncts: delta=<standard>).
[2026-01-21 06:11:00] (5s) Empty delta for DataFlowImpl#6ed98661::Impl#DataFlowImpl1#bece54ca::Config#::pathThroughCallable#5#fffff_delta (order for disjuncts: delta=<standard>).
[2026-01-21 06:11:00] (5s) Empty delta for DataFlowImpl#6ed98661::Impl#DataFlowImpl1#bece54ca::Config#::pathOutOfCallable0#5#fffff_delta (order for disjuncts: delta=<standard>).
[2026-01-21 06:11:00] (5s) Starting to evaluate predicate DataFlowImpl#6ed98661::Impl#DataFlowImpl1#bece54ca::Config#::TPathNodeMid#dom#fffff/5@i6#3ff402w4 (iteration 6)
[2026-01-21 06:11:00] (5s) 			 - DataFlowImpl#6ed98661::Impl#DataFlowImpl1#bece54ca::Config#::TPathNodeMid#dom#fffff_delta has 13 rows (order for disjuncts: delta=<standard>).
[2026-01-21 06:11:00] (5s) Empty delta for DataFlowImpl#6ed98661::Impl#DataFlowImpl1#bece54ca::Config#::PathNodeMid#ffffff_delta (order for disjuncts: delta=<standard>).
[2026-01-21 06:11:00] (5s) Empty delta for DataFlowImpl#6ed98661::Impl#DataFlowImpl1#bece54ca::Config#::pathNode#7#fffffff#cpe#123456_delta (order for disjuncts: delta=<standard>).
[2026-01-21 06:11:00] (5s) Empty delta for DataFlowImpl#6ed98661::Impl#DataFlowImpl1#bece54ca::Config#::pathStoreStep#6#ffffff_delta (order for disjuncts: delta=<standard>).
[2026-01-21 06:11:00] (5s) Empty delta for DataFlowImpl#6ed98661::Impl#DataFlowImpl1#bece54ca::Config#::pathReadStep#6#ffffff_delta (order for disjuncts: delta=<standard>).
[2026-01-21 06:11:00] (5s) Empty delta for DataFlowImpl#6ed98661::Impl#DataFlowImpl1#bece54ca::Config#::paramFlowsThrough#6#ffffff#reorder_2_3_0_1_4_5_delta (order for disjuncts: delta=<standard>).
[2026-01-21 06:11:00] (5s) Empty delta for DataFlowImpl#6ed98661::Impl#DataFlowImpl1#bece54ca::Config#::pathStep#6#ffffff_delta (order for disjuncts: delta=<standard>).
[2026-01-21 06:11:00] (5s) Empty delta for DataFlowImpl#6ed98661::Impl#DataFlowImpl1#bece54ca::Config#::pathOutOfCallable#4#ffff_delta (order for disjuncts: delta=<standard>).
[2026-01-21 06:11:00] (5s) Empty delta for DataFlowImpl#6ed98661::Impl#DataFlowImpl1#bece54ca::Config#::pathOutOfCallable1#6#ffffff_delta (order for disjuncts: delta=<standard>).
[2026-01-21 06:11:00] (5s) Starting to evaluate predicate num#DataFlowImpl#6ed98661::Impl#DataFlowImpl1#bece54ca::Config#::TPathNodeMid#ffffff/6@i7#3ff40aw4 (iteration 7)
[2026-01-21 06:11:00] (5s) 			 - num#DataFlowImpl#6ed98661::Impl#DataFlowImpl1#bece54ca::Config#::TPathNodeMid#ffffff_delta has 13 rows (order for disjuncts: delta=<standard>).
[2026-01-21 06:11:00] (5s) Empty delta for DataFlowImpl#6ed98661::Impl#DataFlowImpl1#bece54ca::Config#::pathThroughCallable0#7#fffffff_delta (order for disjuncts: delta=<standard>).
[2026-01-21 06:11:00] (5s) Empty delta for DataFlowImpl#6ed98661::Impl#DataFlowImpl1#bece54ca::Config#::pathIntoArg#7#fffffff_delta (order for disjuncts: delta=3163).
[2026-01-21 06:11:00] (5s) Empty delta for DataFlowImpl#6ed98661::Impl#DataFlowImpl1#bece54ca::Config#::pathIntoCallable0#7#fffffff_delta (order for disjuncts: delta=<standard>).
[2026-01-21 06:11:00] (5s) Empty delta for DataFlowImpl#6ed98661::Impl#DataFlowImpl1#bece54ca::Config#::pathIntoCallable#7#fffffff_delta (order for disjuncts: delta=<standard>).
[2026-01-21 06:11:00] (5s) Empty delta for DataFlowImpl#6ed98661::Impl#DataFlowImpl1#bece54ca::Config#::pathIntoCallable#7#fffffff#reorder_4_5_0_1_2_3_6_delta (order for disjuncts: delta=<standard>).
[2026-01-21 06:11:00] (5s) Empty delta for DataFlowImpl#6ed98661::Impl#DataFlowImpl1#bece54ca::Config#::pathThroughCallable#5#fffff_delta (order for disjuncts: delta=<standard>).
[2026-01-21 06:11:00] (5s) Empty delta for DataFlowImpl#6ed98661::Impl#DataFlowImpl1#bece54ca::Config#::pathOutOfCallable0#5#fffff_delta (order for disjuncts: delta=<standard>).
[2026-01-21 06:11:00] (5s) Empty delta for DataFlowImpl#6ed98661::Impl#DataFlowImpl1#bece54ca::Config#::TPathNodeMid#dom#fffff_delta (order for disjuncts: delta=<standard>).
[2026-01-21 06:11:00] (5s) Empty delta for DataFlowImpl#6ed98661::Impl#DataFlowImpl1#bece54ca::Config#::PathNodeMid#ffffff_delta (order for disjuncts: delta=<standard>).
[2026-01-21 06:11:00] (5s) Empty delta for DataFlowImpl#6ed98661::Impl#DataFlowImpl1#bece54ca::Config#::pathNode#7#fffffff#cpe#123456_delta (order for disjuncts: delta=<standard>).
[2026-01-21 06:11:00] (5s) Empty delta for DataFlowImpl#6ed98661::Impl#DataFlowImpl1#bece54ca::Config#::pathStoreStep#6#ffffff_delta (order for disjuncts: delta=<standard>).
[2026-01-21 06:11:00] (5s) Empty delta for DataFlowImpl#6ed98661::Impl#DataFlowImpl1#bece54ca::Config#::pathReadStep#6#ffffff_delta (order for disjuncts: delta=<standard>).
[2026-01-21 06:11:00] (5s) Empty delta for DataFlowImpl#6ed98661::Impl#DataFlowImpl1#bece54ca::Config#::paramFlowsThrough#6#ffffff#reorder_2_3_0_1_4_5_delta (order for disjuncts: delta=<standard>).
[2026-01-21 06:11:00] (5s) Empty delta for DataFlowImpl#6ed98661::Impl#DataFlowImpl1#bece54ca::Config#::pathStep#6#ffffff_delta (order for disjuncts: delta=<standard>).
[2026-01-21 06:11:00] (5s) Empty delta for DataFlowImpl#6ed98661::Impl#DataFlowImpl1#bece54ca::Config#::pathOutOfCallable#4#ffff_delta (order for disjuncts: delta=<standard>).
[2026-01-21 06:11:00] (5s) Empty delta for DataFlowImpl#6ed98661::Impl#DataFlowImpl1#bece54ca::Config#::pathOutOfCallable1#6#ffffff_delta (order for disjuncts: delta=<standard>).
[2026-01-21 06:11:00] (5s) Empty delta for num#DataFlowImpl#6ed98661::Impl#DataFlowImpl1#bece54ca::Config#::TPathNodeMid#ffffff_delta (order for disjuncts: delta=<standard>).
[2026-01-21 06:11:00] (5s) Empty delta for DataFlowImpl#6ed98661::Impl#DataFlowImpl1#bece54ca::Config#::pathThroughCallable0#7#fffffff_delta (order for disjuncts: delta=<standard>).
[2026-01-21 06:11:00] (5s) Empty delta for DataFlowImpl#6ed98661::Impl#DataFlowImpl1#bece54ca::Config#::pathIntoArg#7#fffffff_delta (order for disjuncts: delta=3163).
[2026-01-21 06:11:00] (5s) Empty delta for DataFlowImpl#6ed98661::Impl#DataFlowImpl1#bece54ca::Config#::pathIntoCallable0#7#fffffff_delta (order for disjuncts: delta=<standard>).
[2026-01-21 06:11:00] (5s) Empty delta for DataFlowImpl#6ed98661::Impl#DataFlowImpl1#bece54ca::Config#::pathIntoCallable#7#fffffff_delta (order for disjuncts: delta=<standard>).
[2026-01-21 06:11:00] (5s) Empty delta for DataFlowImpl#6ed98661::Impl#DataFlowImpl1#bece54ca::Config#::pathIntoCallable#7#fffffff#reorder_4_5_0_1_2_3_6_delta (order for disjuncts: delta=<standard>).
[2026-01-21 06:11:00] (5s) Empty delta for DataFlowImpl#6ed98661::Impl#DataFlowImpl1#bece54ca::Config#::pathThroughCallable#5#fffff_delta (order for disjuncts: delta=<standard>).
[2026-01-21 06:11:00] (5s) Empty delta for DataFlowImpl#6ed98661::Impl#DataFlowImpl1#bece54ca::Config#::pathOutOfCallable0#5#fffff_delta (order for disjuncts: delta=<standard>).
[2026-01-21 06:11:00] (5s) Empty delta for DataFlowImpl#6ed98661::Impl#DataFlowImpl1#bece54ca::Config#::TPathNodeMid#dom#fffff_delta (order for disjuncts: delta=<standard>).
[2026-01-21 06:11:00] (5s) Starting to evaluate predicate DataFlowImpl#6ed98661::Impl#DataFlowImpl1#bece54ca::Config#::PathNodeMid#ffffff/6@i8#3ff401w4 (iteration 8)
[2026-01-21 06:11:00] (5s) 			 - DataFlowImpl#6ed98661::Impl#DataFlowImpl1#bece54ca::Config#::PathNodeMid#ffffff_delta has 13 rows (order for disjuncts: delta=<standard>).
[2026-01-21 06:11:00] (5s) Empty delta for DataFlowImpl#6ed98661::Impl#DataFlowImpl1#bece54ca::Config#::pathNode#7#fffffff#cpe#123456_delta (order for disjuncts: delta=<standard>).
[2026-01-21 06:11:00] (5s) Empty delta for DataFlowImpl#6ed98661::Impl#DataFlowImpl1#bece54ca::Config#::pathStoreStep#6#ffffff_delta (order for disjuncts: delta=<standard>).
[2026-01-21 06:11:00] (5s) Empty delta for DataFlowImpl#6ed98661::Impl#DataFlowImpl1#bece54ca::Config#::pathReadStep#6#ffffff_delta (order for disjuncts: delta=<standard>).
[2026-01-21 06:11:00] (5s) Empty delta for DataFlowImpl#6ed98661::Impl#DataFlowImpl1#bece54ca::Config#::paramFlowsThrough#6#ffffff#reorder_2_3_0_1_4_5_delta (order for disjuncts: delta=<standard>).
[2026-01-21 06:11:00] (5s) Empty delta for DataFlowImpl#6ed98661::Impl#DataFlowImpl1#bece54ca::Config#::pathStep#6#ffffff_delta (order for disjuncts: delta=<standard>).
[2026-01-21 06:11:00] (5s) Empty delta for DataFlowImpl#6ed98661::Impl#DataFlowImpl1#bece54ca::Config#::pathOutOfCallable#4#ffff_delta (order for disjuncts: delta=<standard>).
[2026-01-21 06:11:00] (5s) Empty delta for DataFlowImpl#6ed98661::Impl#DataFlowImpl1#bece54ca::Config#::pathOutOfCallable1#6#ffffff_delta (order for disjuncts: delta=<standard>).
[2026-01-21 06:11:00] (5s) Empty delta for num#DataFlowImpl#6ed98661::Impl#DataFlowImpl1#bece54ca::Config#::TPathNodeMid#ffffff_delta (order for disjuncts: delta=<standard>).
[2026-01-21 06:11:00] (5s) Empty delta for DataFlowImpl#6ed98661::Impl#DataFlowImpl1#bece54ca::Config#::pathThroughCallable0#7#fffffff_delta (order for disjuncts: delta=<standard>).
[2026-01-21 06:11:00] (5s) Empty delta for DataFlowImpl#6ed98661::Impl#DataFlowImpl1#bece54ca::Config#::pathIntoArg#7#fffffff_delta (order for disjuncts: delta=3163).
[2026-01-21 06:11:00] (5s) Empty delta for DataFlowImpl#6ed98661::Impl#DataFlowImpl1#bece54ca::Config#::pathIntoCallable0#7#fffffff_delta (order for disjuncts: delta=<standard>).
[2026-01-21 06:11:00] (5s) Empty delta for DataFlowImpl#6ed98661::Impl#DataFlowImpl1#bece54ca::Config#::pathIntoCallable#7#fffffff_delta (order for disjuncts: delta=<standard>).
[2026-01-21 06:11:00] (5s) Empty delta for DataFlowImpl#6ed98661::Impl#DataFlowImpl1#bece54ca::Config#::pathIntoCallable#7#fffffff#reorder_4_5_0_1_2_3_6_delta (order for disjuncts: delta=<standard>).
[2026-01-21 06:11:00] (5s) Empty delta for DataFlowImpl#6ed98661::Impl#DataFlowImpl1#bece54ca::Config#::pathThroughCallable#5#fffff_delta (order for disjuncts: delta=<standard>).
[2026-01-21 06:11:00] (5s) Starting to evaluate predicate DataFlowImpl#6ed98661::Impl#DataFlowImpl1#bece54ca::Config#::pathOutOfCallable0#5#fffff/5@i9#3ff403w4 (iteration 9)
[2026-01-21 06:11:00] (5s) Empty delta for DataFlowImpl#6ed98661::Impl#DataFlowImpl1#bece54ca::Config#::pathOutOfCallable0#5#fffff_delta (order for disjuncts: delta=<standard>).
[2026-01-21 06:11:00] (5s) Empty delta for DataFlowImpl#6ed98661::Impl#DataFlowImpl1#bece54ca::Config#::TPathNodeMid#dom#fffff_delta (order for disjuncts: delta=<standard>).
[2026-01-21 06:11:00] (5s) Empty delta for DataFlowImpl#6ed98661::Impl#DataFlowImpl1#bece54ca::Config#::PathNodeMid#ffffff_delta (order for disjuncts: delta=<standard>).
[2026-01-21 06:11:00] (5s) Starting to evaluate predicate DataFlowImpl#6ed98661::Impl#DataFlowImpl1#bece54ca::Config#::pathNode#7#fffffff#cpe#123456/6@i9#3ff400w4 (iteration 9)
[2026-01-21 06:11:00] (5s) 			 - DataFlowImpl#6ed98661::Impl#DataFlowImpl1#bece54ca::Config#::pathNode#7#fffffff#cpe#123456_delta has 13 rows (order for disjuncts: delta=<standard>).
[2026-01-21 06:11:00] (5s) Starting to evaluate predicate DataFlowImpl#6ed98661::Impl#DataFlowImpl1#bece54ca::Config#::pathStoreStep#6#ffffff/6@i9#3ff40z14 (iteration 9)
[2026-01-21 06:11:00] (5s) 			 - DataFlowImpl#6ed98661::Impl#DataFlowImpl1#bece54ca::Config#::pathStoreStep#6#ffffff_delta has 1 rows (order for disjuncts: delta=<standard>).
[2026-01-21 06:11:00] (5s) Starting to evaluate predicate DataFlowImpl#6ed98661::Impl#DataFlowImpl1#bece54ca::Config#::pathReadStep#6#ffffff/6@i9#3ff40y14 (iteration 9)
[2026-01-21 06:11:00] (5s) Empty delta for DataFlowImpl#6ed98661::Impl#DataFlowImpl1#bece54ca::Config#::pathReadStep#6#ffffff_delta (order for disjuncts: delta=<standard>).
[2026-01-21 06:11:00] (5s) Empty delta for DataFlowImpl#6ed98661::Impl#DataFlowImpl1#bece54ca::Config#::paramFlowsThrough#6#ffffff#reorder_2_3_0_1_4_5_delta (order for disjuncts: delta=<standard>).
[2026-01-21 06:11:00] (5s) Starting to evaluate predicate DataFlowImpl#6ed98661::Impl#DataFlowImpl1#bece54ca::Config#::pathStep#6#ffffff/6@i9#3ff40w14 (iteration 9)
[2026-01-21 06:11:00] (5s) Empty delta for DataFlowImpl#6ed98661::Impl#DataFlowImpl1#bece54ca::Config#::pathStep#6#ffffff_delta (order for disjuncts: delta=<standard>).
[2026-01-21 06:11:00] (5s) Empty delta for DataFlowImpl#6ed98661::Impl#DataFlowImpl1#bece54ca::Config#::pathOutOfCallable#4#ffff_delta (order for disjuncts: delta=<standard>).
[2026-01-21 06:11:00] (5s) Empty delta for DataFlowImpl#6ed98661::Impl#DataFlowImpl1#bece54ca::Config#::pathOutOfCallable1#6#ffffff_delta (order for disjuncts: delta=<standard>).
[2026-01-21 06:11:00] (5s) Empty delta for num#DataFlowImpl#6ed98661::Impl#DataFlowImpl1#bece54ca::Config#::TPathNodeMid#ffffff_delta (order for disjuncts: delta=<standard>).
[2026-01-21 06:11:00] (5s) Empty delta for DataFlowImpl#6ed98661::Impl#DataFlowImpl1#bece54ca::Config#::pathThroughCallable0#7#fffffff_delta (order for disjuncts: delta=<standard>).
[2026-01-21 06:11:00] (5s) Starting to evaluate predicate DataFlowImpl#6ed98661::Impl#DataFlowImpl1#bece54ca::Config#::pathIntoArg#7#fffffff/7@i10#3ff408w4 (iteration 10)
[2026-01-21 06:11:00] (5s) Empty delta for DataFlowImpl#6ed98661::Impl#DataFlowImpl1#bece54ca::Config#::pathIntoArg#7#fffffff_delta (order for disjuncts: delta=3163).
[2026-01-21 06:11:00] (5s) Empty delta for DataFlowImpl#6ed98661::Impl#DataFlowImpl1#bece54ca::Config#::pathIntoCallable0#7#fffffff_delta (order for disjuncts: delta=<standard>).
[2026-01-21 06:11:00] (5s) Empty delta for DataFlowImpl#6ed98661::Impl#DataFlowImpl1#bece54ca::Config#::pathIntoCallable#7#fffffff_delta (order for disjuncts: delta=<standard>).
[2026-01-21 06:11:00] (5s) Empty delta for DataFlowImpl#6ed98661::Impl#DataFlowImpl1#bece54ca::Config#::pathIntoCallable#7#fffffff#reorder_4_5_0_1_2_3_6_delta (order for disjuncts: delta=<standard>).
[2026-01-21 06:11:00] (5s) Empty delta for DataFlowImpl#6ed98661::Impl#DataFlowImpl1#bece54ca::Config#::pathThroughCallable#5#fffff_delta (order for disjuncts: delta=<standard>).
[2026-01-21 06:11:00] (5s) Empty delta for DataFlowImpl#6ed98661::Impl#DataFlowImpl1#bece54ca::Config#::pathOutOfCallable0#5#fffff_delta (order for disjuncts: delta=<standard>).
[2026-01-21 06:11:00] (5s) Empty delta for DataFlowImpl#6ed98661::Impl#DataFlowImpl1#bece54ca::Config#::TPathNodeMid#dom#fffff_delta (order for disjuncts: delta=<standard>).
[2026-01-21 06:11:00] (5s) Empty delta for DataFlowImpl#6ed98661::Impl#DataFlowImpl1#bece54ca::Config#::PathNodeMid#ffffff_delta (order for disjuncts: delta=<standard>).
[2026-01-21 06:11:00] (5s) Empty delta for DataFlowImpl#6ed98661::Impl#DataFlowImpl1#bece54ca::Config#::pathNode#7#fffffff#cpe#123456_delta (order for disjuncts: delta=<standard>).
[2026-01-21 06:11:00] (5s) Empty delta for DataFlowImpl#6ed98661::Impl#DataFlowImpl1#bece54ca::Config#::pathStoreStep#6#ffffff_delta (order for disjuncts: delta=<standard>).
[2026-01-21 06:11:00] (5s) Empty delta for DataFlowImpl#6ed98661::Impl#DataFlowImpl1#bece54ca::Config#::pathReadStep#6#ffffff_delta (order for disjuncts: delta=<standard>).
[2026-01-21 06:11:00] (5s) Starting to evaluate predicate DataFlowImpl#6ed98661::Impl#DataFlowImpl1#bece54ca::Config#::paramFlowsThrough#6#ffffff#reorder_2_3_0_1_4_5/6@i10#3ff40x14 (iteration 10)
[2026-01-21 06:11:00] (5s) Empty delta for DataFlowImpl#6ed98661::Impl#DataFlowImpl1#bece54ca::Config#::paramFlowsThrough#6#ffffff#reorder_2_3_0_1_4_5_delta (order for disjuncts: delta=<standard>).
[2026-01-21 06:11:00] (5s) Starting to evaluate predicate DataFlowImpl#6ed98661::Impl#DataFlowImpl1#bece54ca::Config#::pathStep#6#ffffff/6@i10#3ff40w14 (iteration 10)
[2026-01-21 06:11:00] (5s) 			 - DataFlowImpl#6ed98661::Impl#DataFlowImpl1#bece54ca::Config#::pathStep#6#ffffff_delta has 16 rows (order for disjuncts: delta=<standard>).
[2026-01-21 06:11:00] (5s) Empty delta for DataFlowImpl#6ed98661::Impl#DataFlowImpl1#bece54ca::Config#::pathOutOfCallable#4#ffff_delta (order for disjuncts: delta=<standard>).
[2026-01-21 06:11:00] (5s) Empty delta for DataFlowImpl#6ed98661::Impl#DataFlowImpl1#bece54ca::Config#::pathOutOfCallable1#6#ffffff_delta (order for disjuncts: delta=<standard>).
[2026-01-21 06:11:00] (5s) Empty delta for num#DataFlowImpl#6ed98661::Impl#DataFlowImpl1#bece54ca::Config#::TPathNodeMid#ffffff_delta (order for disjuncts: delta=<standard>).
[2026-01-21 06:11:00] (5s) Empty delta for DataFlowImpl#6ed98661::Impl#DataFlowImpl1#bece54ca::Config#::pathThroughCallable0#7#fffffff_delta (order for disjuncts: delta=<standard>).
[2026-01-21 06:11:00] (5s) Empty delta for DataFlowImpl#6ed98661::Impl#DataFlowImpl1#bece54ca::Config#::pathIntoArg#7#fffffff_delta (order for disjuncts: delta=3163).
[2026-01-21 06:11:00] (5s) Empty delta for DataFlowImpl#6ed98661::Impl#DataFlowImpl1#bece54ca::Config#::pathIntoCallable0#7#fffffff_delta (order for disjuncts: delta=<standard>).
[2026-01-21 06:11:00] (5s) Empty delta for DataFlowImpl#6ed98661::Impl#DataFlowImpl1#bece54ca::Config#::pathIntoCallable#7#fffffff_delta (order for disjuncts: delta=<standard>).
[2026-01-21 06:11:00] (5s) Empty delta for DataFlowImpl#6ed98661::Impl#DataFlowImpl1#bece54ca::Config#::pathIntoCallable#7#fffffff#reorder_4_5_0_1_2_3_6_delta (order for disjuncts: delta=<standard>).
[2026-01-21 06:11:00] (5s) Empty delta for DataFlowImpl#6ed98661::Impl#DataFlowImpl1#bece54ca::Config#::pathThroughCallable#5#fffff_delta (order for disjuncts: delta=<standard>).
[2026-01-21 06:11:00] (5s) Empty delta for DataFlowImpl#6ed98661::Impl#DataFlowImpl1#bece54ca::Config#::pathOutOfCallable0#5#fffff_delta (order for disjuncts: delta=<standard>).
[2026-01-21 06:11:00] (5s) Starting to evaluate predicate DataFlowImpl#6ed98661::Impl#DataFlowImpl1#bece54ca::Config#::TPathNodeMid#dom#fffff/5@i11#3ff402w4 (iteration 11)
[2026-01-21 06:11:00] (5s) 			 - DataFlowImpl#6ed98661::Impl#DataFlowImpl1#bece54ca::Config#::TPathNodeMid#dom#fffff_delta has 1 rows (order for disjuncts: delta=<standard>).
[2026-01-21 06:11:00] (5s) Empty delta for DataFlowImpl#6ed98661::Impl#DataFlowImpl1#bece54ca::Config#::PathNodeMid#ffffff_delta (order for disjuncts: delta=<standard>).
[2026-01-21 06:11:00] (5s) Empty delta for DataFlowImpl#6ed98661::Impl#DataFlowImpl1#bece54ca::Config#::pathNode#7#fffffff#cpe#123456_delta (order for disjuncts: delta=<standard>).
[2026-01-21 06:11:00] (5s) Empty delta for DataFlowImpl#6ed98661::Impl#DataFlowImpl1#bece54ca::Config#::pathStoreStep#6#ffffff_delta (order for disjuncts: delta=<standard>).
[2026-01-21 06:11:00] (5s) Empty delta for DataFlowImpl#6ed98661::Impl#DataFlowImpl1#bece54ca::Config#::pathReadStep#6#ffffff_delta (order for disjuncts: delta=<standard>).
[2026-01-21 06:11:00] (5s) Empty delta for DataFlowImpl#6ed98661::Impl#DataFlowImpl1#bece54ca::Config#::paramFlowsThrough#6#ffffff#reorder_2_3_0_1_4_5_delta (order for disjuncts: delta=<standard>).
[2026-01-21 06:11:00] (5s) Empty delta for DataFlowImpl#6ed98661::Impl#DataFlowImpl1#bece54ca::Config#::pathStep#6#ffffff_delta (order for disjuncts: delta=<standard>).
[2026-01-21 06:11:00] (5s) Empty delta for DataFlowImpl#6ed98661::Impl#DataFlowImpl1#bece54ca::Config#::pathOutOfCallable#4#ffff_delta (order for disjuncts: delta=<standard>).
[2026-01-21 06:11:00] (5s) Empty delta for DataFlowImpl#6ed98661::Impl#DataFlowImpl1#bece54ca::Config#::pathOutOfCallable1#6#ffffff_delta (order for disjuncts: delta=<standard>).
[2026-01-21 06:11:00] (5s) Starting to evaluate predicate num#DataFlowImpl#6ed98661::Impl#DataFlowImpl1#bece54ca::Config#::TPathNodeMid#ffffff/6@i12#3ff40aw4 (iteration 12)
[2026-01-21 06:11:00] (5s) 			 - num#DataFlowImpl#6ed98661::Impl#DataFlowImpl1#bece54ca::Config#::TPathNodeMid#ffffff_delta has 1 rows (order for disjuncts: delta=<standard>).
[2026-01-21 06:11:00] (5s) Empty delta for DataFlowImpl#6ed98661::Impl#DataFlowImpl1#bece54ca::Config#::pathThroughCallable0#7#fffffff_delta (order for disjuncts: delta=<standard>).
[2026-01-21 06:11:00] (5s) Empty delta for DataFlowImpl#6ed98661::Impl#DataFlowImpl1#bece54ca::Config#::pathIntoArg#7#fffffff_delta (order for disjuncts: delta=3163).
[2026-01-21 06:11:00] (5s) Empty delta for DataFlowImpl#6ed98661::Impl#DataFlowImpl1#bece54ca::Config#::pathIntoCallable0#7#fffffff_delta (order for disjuncts: delta=<standard>).
[2026-01-21 06:11:00] (5s) Empty delta for DataFlowImpl#6ed98661::Impl#DataFlowImpl1#bece54ca::Config#::pathIntoCallable#7#fffffff_delta (order for disjuncts: delta=<standard>).
[2026-01-21 06:11:00] (5s) Empty delta for DataFlowImpl#6ed98661::Impl#DataFlowImpl1#bece54ca::Config#::pathIntoCallable#7#fffffff#reorder_4_5_0_1_2_3_6_delta (order for disjuncts: delta=<standard>).
[2026-01-21 06:11:00] (5s) Empty delta for DataFlowImpl#6ed98661::Impl#DataFlowImpl1#bece54ca::Config#::pathThroughCallable#5#fffff_delta (order for disjuncts: delta=<standard>).
[2026-01-21 06:11:00] (5s) Empty delta for DataFlowImpl#6ed98661::Impl#DataFlowImpl1#bece54ca::Config#::pathOutOfCallable0#5#fffff_delta (order for disjuncts: delta=<standard>).
[2026-01-21 06:11:00] (5s) Empty delta for DataFlowImpl#6ed98661::Impl#DataFlowImpl1#bece54ca::Config#::TPathNodeMid#dom#fffff_delta (order for disjuncts: delta=<standard>).
[2026-01-21 06:11:00] (5s) Empty delta for DataFlowImpl#6ed98661::Impl#DataFlowImpl1#bece54ca::Config#::PathNodeMid#ffffff_delta (order for disjuncts: delta=<standard>).
[2026-01-21 06:11:00] (5s) Empty delta for DataFlowImpl#6ed98661::Impl#DataFlowImpl1#bece54ca::Config#::pathNode#7#fffffff#cpe#123456_delta (order for disjuncts: delta=<standard>).
[2026-01-21 06:11:00] (5s) Empty delta for DataFlowImpl#6ed98661::Impl#DataFlowImpl1#bece54ca::Config#::pathStoreStep#6#ffffff_delta (order for disjuncts: delta=<standard>).
[2026-01-21 06:11:00] (5s) Empty delta for DataFlowImpl#6ed98661::Impl#DataFlowImpl1#bece54ca::Config#::pathReadStep#6#ffffff_delta (order for disjuncts: delta=<standard>).
[2026-01-21 06:11:00] (5s) Empty delta for DataFlowImpl#6ed98661::Impl#DataFlowImpl1#bece54ca::Config#::paramFlowsThrough#6#ffffff#reorder_2_3_0_1_4_5_delta (order for disjuncts: delta=<standard>).
[2026-01-21 06:11:00] (5s) Empty delta for DataFlowImpl#6ed98661::Impl#DataFlowImpl1#bece54ca::Config#::pathStep#6#ffffff_delta (order for disjuncts: delta=<standard>).
[2026-01-21 06:11:00] (5s) Empty delta for DataFlowImpl#6ed98661::Impl#DataFlowImpl1#bece54ca::Config#::pathOutOfCallable#4#ffff_delta (order for disjuncts: delta=<standard>).
[2026-01-21 06:11:00] (5s) Empty delta for DataFlowImpl#6ed98661::Impl#DataFlowImpl1#bece54ca::Config#::pathOutOfCallable1#6#ffffff_delta (order for disjuncts: delta=<standard>).
[2026-01-21 06:11:00] (5s) Empty delta for num#DataFlowImpl#6ed98661::Impl#DataFlowImpl1#bece54ca::Config#::TPathNodeMid#ffffff_delta (order for disjuncts: delta=<standard>).
[2026-01-21 06:11:00] (5s) Empty delta for DataFlowImpl#6ed98661::Impl#DataFlowImpl1#bece54ca::Config#::pathThroughCallable0#7#fffffff_delta (order for disjuncts: delta=<standard>).
[2026-01-21 06:11:00] (5s) Empty delta for DataFlowImpl#6ed98661::Impl#DataFlowImpl1#bece54ca::Config#::pathIntoArg#7#fffffff_delta (order for disjuncts: delta=3163).
[2026-01-21 06:11:00] (5s) Empty delta for DataFlowImpl#6ed98661::Impl#DataFlowImpl1#bece54ca::Config#::pathIntoCallable0#7#fffffff_delta (order for disjuncts: delta=<standard>).
[2026-01-21 06:11:00] (5s) Empty delta for DataFlowImpl#6ed98661::Impl#DataFlowImpl1#bece54ca::Config#::pathIntoCallable#7#fffffff_delta (order for disjuncts: delta=<standard>).
[2026-01-21 06:11:00] (5s) Empty delta for DataFlowImpl#6ed98661::Impl#DataFlowImpl1#bece54ca::Config#::pathIntoCallable#7#fffffff#reorder_4_5_0_1_2_3_6_delta (order for disjuncts: delta=<standard>).
[2026-01-21 06:11:00] (5s) Empty delta for DataFlowImpl#6ed98661::Impl#DataFlowImpl1#bece54ca::Config#::pathThroughCallable#5#fffff_delta (order for disjuncts: delta=<standard>).
[2026-01-21 06:11:00] (5s) Empty delta for DataFlowImpl#6ed98661::Impl#DataFlowImpl1#bece54ca::Config#::pathOutOfCallable0#5#fffff_delta (order for disjuncts: delta=<standard>).
[2026-01-21 06:11:00] (5s) Empty delta for DataFlowImpl#6ed98661::Impl#DataFlowImpl1#bece54ca::Config#::TPathNodeMid#dom#fffff_delta (order for disjuncts: delta=<standard>).
[2026-01-21 06:11:00] (5s) Starting to evaluate predicate DataFlowImpl#6ed98661::Impl#DataFlowImpl1#bece54ca::Config#::PathNodeMid#ffffff/6@i13#3ff401w4 (iteration 13)
[2026-01-21 06:11:00] (5s) 			 - DataFlowImpl#6ed98661::Impl#DataFlowImpl1#bece54ca::Config#::PathNodeMid#ffffff_delta has 1 rows (order for disjuncts: delta=<standard>).
[2026-01-21 06:11:00] (5s) Empty delta for DataFlowImpl#6ed98661::Impl#DataFlowImpl1#bece54ca::Config#::pathNode#7#fffffff#cpe#123456_delta (order for disjuncts: delta=<standard>).
[2026-01-21 06:11:00] (5s) Empty delta for DataFlowImpl#6ed98661::Impl#DataFlowImpl1#bece54ca::Config#::pathStoreStep#6#ffffff_delta (order for disjuncts: delta=<standard>).
[2026-01-21 06:11:00] (5s) Empty delta for DataFlowImpl#6ed98661::Impl#DataFlowImpl1#bece54ca::Config#::pathReadStep#6#ffffff_delta (order for disjuncts: delta=<standard>).
[2026-01-21 06:11:00] (5s) Empty delta for DataFlowImpl#6ed98661::Impl#DataFlowImpl1#bece54ca::Config#::paramFlowsThrough#6#ffffff#reorder_2_3_0_1_4_5_delta (order for disjuncts: delta=<standard>).
[2026-01-21 06:11:00] (5s) Empty delta for DataFlowImpl#6ed98661::Impl#DataFlowImpl1#bece54ca::Config#::pathStep#6#ffffff_delta (order for disjuncts: delta=<standard>).
[2026-01-21 06:11:00] (5s) Empty delta for DataFlowImpl#6ed98661::Impl#DataFlowImpl1#bece54ca::Config#::pathOutOfCallable#4#ffff_delta (order for disjuncts: delta=<standard>).
[2026-01-21 06:11:00] (5s) Empty delta for DataFlowImpl#6ed98661::Impl#DataFlowImpl1#bece54ca::Config#::pathOutOfCallable1#6#ffffff_delta (order for disjuncts: delta=<standard>).
[2026-01-21 06:11:00] (5s) Empty delta for num#DataFlowImpl#6ed98661::Impl#DataFlowImpl1#bece54ca::Config#::TPathNodeMid#ffffff_delta (order for disjuncts: delta=<standard>).
[2026-01-21 06:11:00] (5s) Empty delta for DataFlowImpl#6ed98661::Impl#DataFlowImpl1#bece54ca::Config#::pathThroughCallable0#7#fffffff_delta (order for disjuncts: delta=<standard>).
[2026-01-21 06:11:00] (5s) Empty delta for DataFlowImpl#6ed98661::Impl#DataFlowImpl1#bece54ca::Config#::pathIntoArg#7#fffffff_delta (order for disjuncts: delta=3163).
[2026-01-21 06:11:00] (5s) Empty delta for DataFlowImpl#6ed98661::Impl#DataFlowImpl1#bece54ca::Config#::pathIntoCallable0#7#fffffff_delta (order for disjuncts: delta=<standard>).
[2026-01-21 06:11:00] (5s) Empty delta for DataFlowImpl#6ed98661::Impl#DataFlowImpl1#bece54ca::Config#::pathIntoCallable#7#fffffff_delta (order for disjuncts: delta=<standard>).
[2026-01-21 06:11:00] (5s) Empty delta for DataFlowImpl#6ed98661::Impl#DataFlowImpl1#bece54ca::Config#::pathIntoCallable#7#fffffff#reorder_4_5_0_1_2_3_6_delta (order for disjuncts: delta=<standard>).
[2026-01-21 06:11:00] (5s) Empty delta for DataFlowImpl#6ed98661::Impl#DataFlowImpl1#bece54ca::Config#::pathThroughCallable#5#fffff_delta (order for disjuncts: delta=<standard>).
[2026-01-21 06:11:00] (5s) Starting to evaluate predicate DataFlowImpl#6ed98661::Impl#DataFlowImpl1#bece54ca::Config#::pathOutOfCallable0#5#fffff/5@i14#3ff403w4 (iteration 14)
[2026-01-21 06:11:00] (5s) Empty delta for DataFlowImpl#6ed98661::Impl#DataFlowImpl1#bece54ca::Config#::pathOutOfCallable0#5#fffff_delta (order for disjuncts: delta=<standard>).
[2026-01-21 06:11:00] (5s) Empty delta for DataFlowImpl#6ed98661::Impl#DataFlowImpl1#bece54ca::Config#::TPathNodeMid#dom#fffff_delta (order for disjuncts: delta=<standard>).
[2026-01-21 06:11:00] (5s) Empty delta for DataFlowImpl#6ed98661::Impl#DataFlowImpl1#bece54ca::Config#::PathNodeMid#ffffff_delta (order for disjuncts: delta=<standard>).
[2026-01-21 06:11:00] (5s) Starting to evaluate predicate DataFlowImpl#6ed98661::Impl#DataFlowImpl1#bece54ca::Config#::pathNode#7#fffffff#cpe#123456/6@i14#3ff400w4 (iteration 14)
[2026-01-21 06:11:00] (5s) 			 - DataFlowImpl#6ed98661::Impl#DataFlowImpl1#bece54ca::Config#::pathNode#7#fffffff#cpe#123456_delta has 1 rows (order for disjuncts: delta=<standard>).
[2026-01-21 06:11:00] (5s) Starting to evaluate predicate DataFlowImpl#6ed98661::Impl#DataFlowImpl1#bece54ca::Config#::pathStoreStep#6#ffffff/6@i14#3ff40z14 (iteration 14)
[2026-01-21 06:11:00] (5s) Empty delta for DataFlowImpl#6ed98661::Impl#DataFlowImpl1#bece54ca::Config#::pathStoreStep#6#ffffff_delta (order for disjuncts: delta=<standard>).
[2026-01-21 06:11:00] (5s) Starting to evaluate predicate DataFlowImpl#6ed98661::Impl#DataFlowImpl1#bece54ca::Config#::pathReadStep#6#ffffff/6@i14#3ff40y14 (iteration 14)
[2026-01-21 06:11:00] (5s) Empty delta for DataFlowImpl#6ed98661::Impl#DataFlowImpl1#bece54ca::Config#::pathReadStep#6#ffffff_delta (order for disjuncts: delta=<standard>).
[2026-01-21 06:11:00] (5s) Empty delta for DataFlowImpl#6ed98661::Impl#DataFlowImpl1#bece54ca::Config#::paramFlowsThrough#6#ffffff#reorder_2_3_0_1_4_5_delta (order for disjuncts: delta=<standard>).
[2026-01-21 06:11:00] (5s) Starting to evaluate predicate DataFlowImpl#6ed98661::Impl#DataFlowImpl1#bece54ca::Config#::pathStep#6#ffffff/6@i14#3ff40w14 (iteration 14)
[2026-01-21 06:11:00] (5s) Empty delta for DataFlowImpl#6ed98661::Impl#DataFlowImpl1#bece54ca::Config#::pathStep#6#ffffff_delta (order for disjuncts: delta=<standard>).
[2026-01-21 06:11:00] (5s) Empty delta for DataFlowImpl#6ed98661::Impl#DataFlowImpl1#bece54ca::Config#::pathOutOfCallable#4#ffff_delta (order for disjuncts: delta=<standard>).
[2026-01-21 06:11:00] (5s) Empty delta for DataFlowImpl#6ed98661::Impl#DataFlowImpl1#bece54ca::Config#::pathOutOfCallable1#6#ffffff_delta (order for disjuncts: delta=<standard>).
[2026-01-21 06:11:00] (5s) Empty delta for num#DataFlowImpl#6ed98661::Impl#DataFlowImpl1#bece54ca::Config#::TPathNodeMid#ffffff_delta (order for disjuncts: delta=<standard>).
[2026-01-21 06:11:00] (5s) Empty delta for DataFlowImpl#6ed98661::Impl#DataFlowImpl1#bece54ca::Config#::pathThroughCallable0#7#fffffff_delta (order for disjuncts: delta=<standard>).
[2026-01-21 06:11:00] (5s) Starting to evaluate predicate DataFlowImpl#6ed98661::Impl#DataFlowImpl1#bece54ca::Config#::pathIntoArg#7#fffffff/7@i15#3ff408w4 (iteration 15)
[2026-01-21 06:11:00] (5s) Empty delta for DataFlowImpl#6ed98661::Impl#DataFlowImpl1#bece54ca::Config#::pathIntoArg#7#fffffff_delta (order for disjuncts: delta=3163).
[2026-01-21 06:11:00] (5s) Empty delta for DataFlowImpl#6ed98661::Impl#DataFlowImpl1#bece54ca::Config#::pathIntoCallable0#7#fffffff_delta (order for disjuncts: delta=<standard>).
[2026-01-21 06:11:00] (5s) Empty delta for DataFlowImpl#6ed98661::Impl#DataFlowImpl1#bece54ca::Config#::pathIntoCallable#7#fffffff_delta (order for disjuncts: delta=<standard>).
[2026-01-21 06:11:00] (5s) Empty delta for DataFlowImpl#6ed98661::Impl#DataFlowImpl1#bece54ca::Config#::pathIntoCallable#7#fffffff#reorder_4_5_0_1_2_3_6_delta (order for disjuncts: delta=<standard>).
[2026-01-21 06:11:00] (5s) Empty delta for DataFlowImpl#6ed98661::Impl#DataFlowImpl1#bece54ca::Config#::pathThroughCallable#5#fffff_delta (order for disjuncts: delta=<standard>).
[2026-01-21 06:11:00] (5s) Empty delta for DataFlowImpl#6ed98661::Impl#DataFlowImpl1#bece54ca::Config#::pathOutOfCallable0#5#fffff_delta (order for disjuncts: delta=<standard>).
[2026-01-21 06:11:00] (5s) Empty delta for DataFlowImpl#6ed98661::Impl#DataFlowImpl1#bece54ca::Config#::TPathNodeMid#dom#fffff_delta (order for disjuncts: delta=<standard>).
[2026-01-21 06:11:00] (5s) Empty delta for DataFlowImpl#6ed98661::Impl#DataFlowImpl1#bece54ca::Config#::PathNodeMid#ffffff_delta (order for disjuncts: delta=<standard>).
[2026-01-21 06:11:00] (5s) Empty delta for DataFlowImpl#6ed98661::Impl#DataFlowImpl1#bece54ca::Config#::pathNode#7#fffffff#cpe#123456_delta (order for disjuncts: delta=<standard>).
[2026-01-21 06:11:00] (5s) Empty delta for DataFlowImpl#6ed98661::Impl#DataFlowImpl1#bece54ca::Config#::pathStoreStep#6#ffffff_delta (order for disjuncts: delta=<standard>).
[2026-01-21 06:11:00] (5s) Empty delta for DataFlowImpl#6ed98661::Impl#DataFlowImpl1#bece54ca::Config#::pathReadStep#6#ffffff_delta (order for disjuncts: delta=<standard>).
[2026-01-21 06:11:00] (5s) Starting to evaluate predicate DataFlowImpl#6ed98661::Impl#DataFlowImpl1#bece54ca::Config#::paramFlowsThrough#6#ffffff#reorder_2_3_0_1_4_5/6@i15#3ff40x14 (iteration 15)
[2026-01-21 06:11:00] (5s) Empty delta for DataFlowImpl#6ed98661::Impl#DataFlowImpl1#bece54ca::Config#::paramFlowsThrough#6#ffffff#reorder_2_3_0_1_4_5_delta (order for disjuncts: delta=<standard>).
[2026-01-21 06:11:00] (5s) Starting to evaluate predicate DataFlowImpl#6ed98661::Impl#DataFlowImpl1#bece54ca::Config#::pathStep#6#ffffff/6@i15#3ff40w14 (iteration 15)
[2026-01-21 06:11:00] (5s) 			 - DataFlowImpl#6ed98661::Impl#DataFlowImpl1#bece54ca::Config#::pathStep#6#ffffff_delta has 4 rows (order for disjuncts: delta=<standard>).
[2026-01-21 06:11:00] (5s) Empty delta for DataFlowImpl#6ed98661::Impl#DataFlowImpl1#bece54ca::Config#::pathOutOfCallable#4#ffff_delta (order for disjuncts: delta=<standard>).
[2026-01-21 06:11:00] (5s) Empty delta for DataFlowImpl#6ed98661::Impl#DataFlowImpl1#bece54ca::Config#::pathOutOfCallable1#6#ffffff_delta (order for disjuncts: delta=<standard>).
[2026-01-21 06:11:00] (5s) Empty delta for num#DataFlowImpl#6ed98661::Impl#DataFlowImpl1#bece54ca::Config#::TPathNodeMid#ffffff_delta (order for disjuncts: delta=<standard>).
[2026-01-21 06:11:00] (5s) Empty delta for DataFlowImpl#6ed98661::Impl#DataFlowImpl1#bece54ca::Config#::pathThroughCallable0#7#fffffff_delta (order for disjuncts: delta=<standard>).
[2026-01-21 06:11:00] (5s) Empty delta for DataFlowImpl#6ed98661::Impl#DataFlowImpl1#bece54ca::Config#::pathIntoArg#7#fffffff_delta (order for disjuncts: delta=3163).
[2026-01-21 06:11:00] (5s) Empty delta for DataFlowImpl#6ed98661::Impl#DataFlowImpl1#bece54ca::Config#::pathIntoCallable0#7#fffffff_delta (order for disjuncts: delta=<standard>).
[2026-01-21 06:11:00] (5s) Empty delta for DataFlowImpl#6ed98661::Impl#DataFlowImpl1#bece54ca::Config#::pathIntoCallable#7#fffffff_delta (order for disjuncts: delta=<standard>).
[2026-01-21 06:11:00] (5s) Empty delta for DataFlowImpl#6ed98661::Impl#DataFlowImpl1#bece54ca::Config#::pathIntoCallable#7#fffffff#reorder_4_5_0_1_2_3_6_delta (order for disjuncts: delta=<standard>).
[2026-01-21 06:11:00] (5s) Empty delta for DataFlowImpl#6ed98661::Impl#DataFlowImpl1#bece54ca::Config#::pathThroughCallable#5#fffff_delta (order for disjuncts: delta=<standard>).
[2026-01-21 06:11:00] (5s) Empty delta for DataFlowImpl#6ed98661::Impl#DataFlowImpl1#bece54ca::Config#::pathOutOfCallable0#5#fffff_delta (order for disjuncts: delta=<standard>).
[2026-01-21 06:11:00] (5s) Starting to evaluate predicate DataFlowImpl#6ed98661::Impl#DataFlowImpl1#bece54ca::Config#::TPathNodeMid#dom#fffff/5@i16#3ff402w4 (iteration 16)
[2026-01-21 06:11:00] (5s) 			 - DataFlowImpl#6ed98661::Impl#DataFlowImpl1#bece54ca::Config#::TPathNodeMid#dom#fffff_delta has 1 rows (order for disjuncts: delta=<standard>).
[2026-01-21 06:11:00] (5s) Empty delta for DataFlowImpl#6ed98661::Impl#DataFlowImpl1#bece54ca::Config#::PathNodeMid#ffffff_delta (order for disjuncts: delta=<standard>).
[2026-01-21 06:11:00] (5s) Empty delta for DataFlowImpl#6ed98661::Impl#DataFlowImpl1#bece54ca::Config#::pathNode#7#fffffff#cpe#123456_delta (order for disjuncts: delta=<standard>).
[2026-01-21 06:11:00] (5s) Empty delta for DataFlowImpl#6ed98661::Impl#DataFlowImpl1#bece54ca::Config#::pathStoreStep#6#ffffff_delta (order for disjuncts: delta=<standard>).
[2026-01-21 06:11:00] (5s) Empty delta for DataFlowImpl#6ed98661::Impl#DataFlowImpl1#bece54ca::Config#::pathReadStep#6#ffffff_delta (order for disjuncts: delta=<standard>).
[2026-01-21 06:11:00] (5s) Empty delta for DataFlowImpl#6ed98661::Impl#DataFlowImpl1#bece54ca::Config#::paramFlowsThrough#6#ffffff#reorder_2_3_0_1_4_5_delta (order for disjuncts: delta=<standard>).
[2026-01-21 06:11:00] (5s) Empty delta for DataFlowImpl#6ed98661::Impl#DataFlowImpl1#bece54ca::Config#::pathStep#6#ffffff_delta (order for disjuncts: delta=<standard>).
[2026-01-21 06:11:00] (5s) Empty delta for DataFlowImpl#6ed98661::Impl#DataFlowImpl1#bece54ca::Config#::pathOutOfCallable#4#ffff_delta (order for disjuncts: delta=<standard>).
[2026-01-21 06:11:00] (5s) Empty delta for DataFlowImpl#6ed98661::Impl#DataFlowImpl1#bece54ca::Config#::pathOutOfCallable1#6#ffffff_delta (order for disjuncts: delta=<standard>).
[2026-01-21 06:11:00] (5s) Starting to evaluate predicate num#DataFlowImpl#6ed98661::Impl#DataFlowImpl1#bece54ca::Config#::TPathNodeMid#ffffff/6@i17#3ff40aw4 (iteration 17)
[2026-01-21 06:11:00] (5s) 			 - num#DataFlowImpl#6ed98661::Impl#DataFlowImpl1#bece54ca::Config#::TPathNodeMid#ffffff_delta has 1 rows (order for disjuncts: delta=<standard>).
[2026-01-21 06:11:00] (5s) Empty delta for DataFlowImpl#6ed98661::Impl#DataFlowImpl1#bece54ca::Config#::pathThroughCallable0#7#fffffff_delta (order for disjuncts: delta=<standard>).
[2026-01-21 06:11:00] (5s) Empty delta for DataFlowImpl#6ed98661::Impl#DataFlowImpl1#bece54ca::Config#::pathIntoArg#7#fffffff_delta (order for disjuncts: delta=3163).
[2026-01-21 06:11:00] (5s) Empty delta for DataFlowImpl#6ed98661::Impl#DataFlowImpl1#bece54ca::Config#::pathIntoCallable0#7#fffffff_delta (order for disjuncts: delta=<standard>).
[2026-01-21 06:11:00] (5s) Empty delta for DataFlowImpl#6ed98661::Impl#DataFlowImpl1#bece54ca::Config#::pathIntoCallable#7#fffffff_delta (order for disjuncts: delta=<standard>).
[2026-01-21 06:11:00] (5s) Empty delta for DataFlowImpl#6ed98661::Impl#DataFlowImpl1#bece54ca::Config#::pathIntoCallable#7#fffffff#reorder_4_5_0_1_2_3_6_delta (order for disjuncts: delta=<standard>).
[2026-01-21 06:11:00] (5s) Empty delta for DataFlowImpl#6ed98661::Impl#DataFlowImpl1#bece54ca::Config#::pathThroughCallable#5#fffff_delta (order for disjuncts: delta=<standard>).
[2026-01-21 06:11:00] (5s) Empty delta for DataFlowImpl#6ed98661::Impl#DataFlowImpl1#bece54ca::Config#::pathOutOfCallable0#5#fffff_delta (order for disjuncts: delta=<standard>).
[2026-01-21 06:11:00] (5s) Empty delta for DataFlowImpl#6ed98661::Impl#DataFlowImpl1#bece54ca::Config#::TPathNodeMid#dom#fffff_delta (order for disjuncts: delta=<standard>).
[2026-01-21 06:11:00] (5s) Empty delta for DataFlowImpl#6ed98661::Impl#DataFlowImpl1#bece54ca::Config#::PathNodeMid#ffffff_delta (order for disjuncts: delta=<standard>).
[2026-01-21 06:11:00] (5s) Empty delta for DataFlowImpl#6ed98661::Impl#DataFlowImpl1#bece54ca::Config#::pathNode#7#fffffff#cpe#123456_delta (order for disjuncts: delta=<standard>).
[2026-01-21 06:11:00] (5s) Empty delta for DataFlowImpl#6ed98661::Impl#DataFlowImpl1#bece54ca::Config#::pathStoreStep#6#ffffff_delta (order for disjuncts: delta=<standard>).
[2026-01-21 06:11:00] (5s) Empty delta for DataFlowImpl#6ed98661::Impl#DataFlowImpl1#bece54ca::Config#::pathReadStep#6#ffffff_delta (order for disjuncts: delta=<standard>).
[2026-01-21 06:11:00] (5s) Empty delta for DataFlowImpl#6ed98661::Impl#DataFlowImpl1#bece54ca::Config#::paramFlowsThrough#6#ffffff#reorder_2_3_0_1_4_5_delta (order for disjuncts: delta=<standard>).
[2026-01-21 06:11:00] (5s) Empty delta for DataFlowImpl#6ed98661::Impl#DataFlowImpl1#bece54ca::Config#::pathStep#6#ffffff_delta (order for disjuncts: delta=<standard>).
[2026-01-21 06:11:00] (5s) Empty delta for DataFlowImpl#6ed98661::Impl#DataFlowImpl1#bece54ca::Config#::pathOutOfCallable#4#ffff_delta (order for disjuncts: delta=<standard>).
[2026-01-21 06:11:00] (5s) Empty delta for DataFlowImpl#6ed98661::Impl#DataFlowImpl1#bece54ca::Config#::pathOutOfCallable1#6#ffffff_delta (order for disjuncts: delta=<standard>).
[2026-01-21 06:11:00] (5s) Empty delta for num#DataFlowImpl#6ed98661::Impl#DataFlowImpl1#bece54ca::Config#::TPathNodeMid#ffffff_delta (order for disjuncts: delta=<standard>).
[2026-01-21 06:11:00] (5s) Empty delta for DataFlowImpl#6ed98661::Impl#DataFlowImpl1#bece54ca::Config#::pathThroughCallable0#7#fffffff_delta (order for disjuncts: delta=<standard>).
[2026-01-21 06:11:00] (5s) Empty delta for DataFlowImpl#6ed98661::Impl#DataFlowImpl1#bece54ca::Config#::pathIntoArg#7#fffffff_delta (order for disjuncts: delta=3163).
[2026-01-21 06:11:00] (5s) Empty delta for DataFlowImpl#6ed98661::Impl#DataFlowImpl1#bece54ca::Config#::pathIntoCallable0#7#fffffff_delta (order for disjuncts: delta=<standard>).
[2026-01-21 06:11:00] (5s) Empty delta for DataFlowImpl#6ed98661::Impl#DataFlowImpl1#bece54ca::Config#::pathIntoCallable#7#fffffff_delta (order for disjuncts: delta=<standard>).
[2026-01-21 06:11:00] (5s) Empty delta for DataFlowImpl#6ed98661::Impl#DataFlowImpl1#bece54ca::Config#::pathIntoCallable#7#fffffff#reorder_4_5_0_1_2_3_6_delta (order for disjuncts: delta=<standard>).
[2026-01-21 06:11:00] (5s) Empty delta for DataFlowImpl#6ed98661::Impl#DataFlowImpl1#bece54ca::Config#::pathThroughCallable#5#fffff_delta (order for disjuncts: delta=<standard>).
[2026-01-21 06:11:00] (5s) Empty delta for DataFlowImpl#6ed98661::Impl#DataFlowImpl1#bece54ca::Config#::pathOutOfCallable0#5#fffff_delta (order for disjuncts: delta=<standard>).
[2026-01-21 06:11:00] (5s) Empty delta for DataFlowImpl#6ed98661::Impl#DataFlowImpl1#bece54ca::Config#::TPathNodeMid#dom#fffff_delta (order for disjuncts: delta=<standard>).
[2026-01-21 06:11:00] (5s) Starting to evaluate predicate DataFlowImpl#6ed98661::Impl#DataFlowImpl1#bece54ca::Config#::PathNodeMid#ffffff/6@i18#3ff401w4 (iteration 18)
[2026-01-21 06:11:00] (5s) 			 - DataFlowImpl#6ed98661::Impl#DataFlowImpl1#bece54ca::Config#::PathNodeMid#ffffff_delta has 1 rows (order for disjuncts: delta=<standard>).
[2026-01-21 06:11:00] (5s) Empty delta for DataFlowImpl#6ed98661::Impl#DataFlowImpl1#bece54ca::Config#::pathNode#7#fffffff#cpe#123456_delta (order for disjuncts: delta=<standard>).
[2026-01-21 06:11:00] (5s) Empty delta for DataFlowImpl#6ed98661::Impl#DataFlowImpl1#bece54ca::Config#::pathStoreStep#6#ffffff_delta (order for disjuncts: delta=<standard>).
[2026-01-21 06:11:00] (5s) Empty delta for DataFlowImpl#6ed98661::Impl#DataFlowImpl1#bece54ca::Config#::pathReadStep#6#ffffff_delta (order for disjuncts: delta=<standard>).
[2026-01-21 06:11:00] (5s) Empty delta for DataFlowImpl#6ed98661::Impl#DataFlowImpl1#bece54ca::Config#::paramFlowsThrough#6#ffffff#reorder_2_3_0_1_4_5_delta (order for disjuncts: delta=<standard>).
[2026-01-21 06:11:00] (5s) Empty delta for DataFlowImpl#6ed98661::Impl#DataFlowImpl1#bece54ca::Config#::pathStep#6#ffffff_delta (order for disjuncts: delta=<standard>).
[2026-01-21 06:11:00] (5s) Empty delta for DataFlowImpl#6ed98661::Impl#DataFlowImpl1#bece54ca::Config#::pathOutOfCallable#4#ffff_delta (order for disjuncts: delta=<standard>).
[2026-01-21 06:11:00] (5s) Empty delta for DataFlowImpl#6ed98661::Impl#DataFlowImpl1#bece54ca::Config#::pathOutOfCallable1#6#ffffff_delta (order for disjuncts: delta=<standard>).
[2026-01-21 06:11:00] (5s) Empty delta for num#DataFlowImpl#6ed98661::Impl#DataFlowImpl1#bece54ca::Config#::TPathNodeMid#ffffff_delta (order for disjuncts: delta=<standard>).
[2026-01-21 06:11:00] (5s) Empty delta for DataFlowImpl#6ed98661::Impl#DataFlowImpl1#bece54ca::Config#::pathThroughCallable0#7#fffffff_delta (order for disjuncts: delta=<standard>).
[2026-01-21 06:11:00] (5s) Empty delta for DataFlowImpl#6ed98661::Impl#DataFlowImpl1#bece54ca::Config#::pathIntoArg#7#fffffff_delta (order for disjuncts: delta=3163).
[2026-01-21 06:11:00] (5s) Empty delta for DataFlowImpl#6ed98661::Impl#DataFlowImpl1#bece54ca::Config#::pathIntoCallable0#7#fffffff_delta (order for disjuncts: delta=<standard>).
[2026-01-21 06:11:00] (5s) Empty delta for DataFlowImpl#6ed98661::Impl#DataFlowImpl1#bece54ca::Config#::pathIntoCallable#7#fffffff_delta (order for disjuncts: delta=<standard>).
[2026-01-21 06:11:00] (5s) Empty delta for DataFlowImpl#6ed98661::Impl#DataFlowImpl1#bece54ca::Config#::pathIntoCallable#7#fffffff#reorder_4_5_0_1_2_3_6_delta (order for disjuncts: delta=<standard>).
[2026-01-21 06:11:00] (5s) Empty delta for DataFlowImpl#6ed98661::Impl#DataFlowImpl1#bece54ca::Config#::pathThroughCallable#5#fffff_delta (order for disjuncts: delta=<standard>).
[2026-01-21 06:11:00] (5s) Starting to evaluate predicate DataFlowImpl#6ed98661::Impl#DataFlowImpl1#bece54ca::Config#::pathOutOfCallable0#5#fffff/5@i19#3ff403w4 (iteration 19)
[2026-01-21 06:11:00] (5s) Empty delta for DataFlowImpl#6ed98661::Impl#DataFlowImpl1#bece54ca::Config#::pathOutOfCallable0#5#fffff_delta (order for disjuncts: delta=<standard>).
[2026-01-21 06:11:00] (5s) Empty delta for DataFlowImpl#6ed98661::Impl#DataFlowImpl1#bece54ca::Config#::TPathNodeMid#dom#fffff_delta (order for disjuncts: delta=<standard>).
[2026-01-21 06:11:00] (5s) Empty delta for DataFlowImpl#6ed98661::Impl#DataFlowImpl1#bece54ca::Config#::PathNodeMid#ffffff_delta (order for disjuncts: delta=<standard>).
[2026-01-21 06:11:00] (5s) Starting to evaluate predicate DataFlowImpl#6ed98661::Impl#DataFlowImpl1#bece54ca::Config#::pathNode#7#fffffff#cpe#123456/6@i19#3ff400w4 (iteration 19)
[2026-01-21 06:11:00] (5s) 			 - DataFlowImpl#6ed98661::Impl#DataFlowImpl1#bece54ca::Config#::pathNode#7#fffffff#cpe#123456_delta has 1 rows (order for disjuncts: delta=<standard>).
[2026-01-21 06:11:00] (5s) Starting to evaluate predicate DataFlowImpl#6ed98661::Impl#DataFlowImpl1#bece54ca::Config#::pathStoreStep#6#ffffff/6@i19#3ff40z14 (iteration 19)
[2026-01-21 06:11:00] (5s) Empty delta for DataFlowImpl#6ed98661::Impl#DataFlowImpl1#bece54ca::Config#::pathStoreStep#6#ffffff_delta (order for disjuncts: delta=<standard>).
[2026-01-21 06:11:00] (5s) Starting to evaluate predicate DataFlowImpl#6ed98661::Impl#DataFlowImpl1#bece54ca::Config#::pathReadStep#6#ffffff/6@i19#3ff40y14 (iteration 19)
[2026-01-21 06:11:00] (5s) 			 - DataFlowImpl#6ed98661::Impl#DataFlowImpl1#bece54ca::Config#::pathReadStep#6#ffffff_delta has 1 rows (order for disjuncts: delta=<standard>).
[2026-01-21 06:11:00] (5s) Empty delta for DataFlowImpl#6ed98661::Impl#DataFlowImpl1#bece54ca::Config#::paramFlowsThrough#6#ffffff#reorder_2_3_0_1_4_5_delta (order for disjuncts: delta=<standard>).
[2026-01-21 06:11:00] (5s) Starting to evaluate predicate DataFlowImpl#6ed98661::Impl#DataFlowImpl1#bece54ca::Config#::pathStep#6#ffffff/6@i19#3ff40w14 (iteration 19)
[2026-01-21 06:11:00] (5s) Empty delta for DataFlowImpl#6ed98661::Impl#DataFlowImpl1#bece54ca::Config#::pathStep#6#ffffff_delta (order for disjuncts: delta=<standard>).
[2026-01-21 06:11:00] (5s) Empty delta for DataFlowImpl#6ed98661::Impl#DataFlowImpl1#bece54ca::Config#::pathOutOfCallable#4#ffff_delta (order for disjuncts: delta=<standard>).
[2026-01-21 06:11:00] (5s) Empty delta for DataFlowImpl#6ed98661::Impl#DataFlowImpl1#bece54ca::Config#::pathOutOfCallable1#6#ffffff_delta (order for disjuncts: delta=<standard>).
[2026-01-21 06:11:00] (5s) Empty delta for num#DataFlowImpl#6ed98661::Impl#DataFlowImpl1#bece54ca::Config#::TPathNodeMid#ffffff_delta (order for disjuncts: delta=<standard>).
[2026-01-21 06:11:00] (5s) Empty delta for DataFlowImpl#6ed98661::Impl#DataFlowImpl1#bece54ca::Config#::pathThroughCallable0#7#fffffff_delta (order for disjuncts: delta=<standard>).
[2026-01-21 06:11:00] (5s) Starting to evaluate predicate DataFlowImpl#6ed98661::Impl#DataFlowImpl1#bece54ca::Config#::pathIntoArg#7#fffffff/7@i20#3ff408w4 (iteration 20)
[2026-01-21 06:11:00] (5s) Empty delta for DataFlowImpl#6ed98661::Impl#DataFlowImpl1#bece54ca::Config#::pathIntoArg#7#fffffff_delta (order for disjuncts: delta=3163).
[2026-01-21 06:11:00] (5s) Empty delta for DataFlowImpl#6ed98661::Impl#DataFlowImpl1#bece54ca::Config#::pathIntoCallable0#7#fffffff_delta (order for disjuncts: delta=<standard>).
[2026-01-21 06:11:00] (5s) Empty delta for DataFlowImpl#6ed98661::Impl#DataFlowImpl1#bece54ca::Config#::pathIntoCallable#7#fffffff_delta (order for disjuncts: delta=<standard>).
[2026-01-21 06:11:00] (5s) Empty delta for DataFlowImpl#6ed98661::Impl#DataFlowImpl1#bece54ca::Config#::pathIntoCallable#7#fffffff#reorder_4_5_0_1_2_3_6_delta (order for disjuncts: delta=<standard>).
[2026-01-21 06:11:00] (5s) Empty delta for DataFlowImpl#6ed98661::Impl#DataFlowImpl1#bece54ca::Config#::pathThroughCallable#5#fffff_delta (order for disjuncts: delta=<standard>).
[2026-01-21 06:11:00] (5s) Empty delta for DataFlowImpl#6ed98661::Impl#DataFlowImpl1#bece54ca::Config#::pathOutOfCallable0#5#fffff_delta (order for disjuncts: delta=<standard>).
[2026-01-21 06:11:00] (5s) Empty delta for DataFlowImpl#6ed98661::Impl#DataFlowImpl1#bece54ca::Config#::TPathNodeMid#dom#fffff_delta (order for disjuncts: delta=<standard>).
[2026-01-21 06:11:00] (5s) Empty delta for DataFlowImpl#6ed98661::Impl#DataFlowImpl1#bece54ca::Config#::PathNodeMid#ffffff_delta (order for disjuncts: delta=<standard>).
[2026-01-21 06:11:00] (5s) Empty delta for DataFlowImpl#6ed98661::Impl#DataFlowImpl1#bece54ca::Config#::pathNode#7#fffffff#cpe#123456_delta (order for disjuncts: delta=<standard>).
[2026-01-21 06:11:00] (5s) Empty delta for DataFlowImpl#6ed98661::Impl#DataFlowImpl1#bece54ca::Config#::pathStoreStep#6#ffffff_delta (order for disjuncts: delta=<standard>).
[2026-01-21 06:11:00] (5s) Empty delta for DataFlowImpl#6ed98661::Impl#DataFlowImpl1#bece54ca::Config#::pathReadStep#6#ffffff_delta (order for disjuncts: delta=<standard>).
[2026-01-21 06:11:00] (5s) Starting to evaluate predicate DataFlowImpl#6ed98661::Impl#DataFlowImpl1#bece54ca::Config#::paramFlowsThrough#6#ffffff#reorder_2_3_0_1_4_5/6@i20#3ff40x14 (iteration 20)
[2026-01-21 06:11:00] (5s) Empty delta for DataFlowImpl#6ed98661::Impl#DataFlowImpl1#bece54ca::Config#::paramFlowsThrough#6#ffffff#reorder_2_3_0_1_4_5_delta (order for disjuncts: delta=<standard>).
[2026-01-21 06:11:00] (5s) Starting to evaluate predicate DataFlowImpl#6ed98661::Impl#DataFlowImpl1#bece54ca::Config#::pathStep#6#ffffff/6@i20#3ff40w14 (iteration 20)
[2026-01-21 06:11:00] (5s) 			 - DataFlowImpl#6ed98661::Impl#DataFlowImpl1#bece54ca::Config#::pathStep#6#ffffff_delta has 1 rows (order for disjuncts: delta=<standard>).
[2026-01-21 06:11:00] (5s) Empty delta for DataFlowImpl#6ed98661::Impl#DataFlowImpl1#bece54ca::Config#::pathOutOfCallable#4#ffff_delta (order for disjuncts: delta=<standard>).
[2026-01-21 06:11:00] (5s) Empty delta for DataFlowImpl#6ed98661::Impl#DataFlowImpl1#bece54ca::Config#::pathOutOfCallable1#6#ffffff_delta (order for disjuncts: delta=<standard>).
[2026-01-21 06:11:00] (5s) Empty delta for num#DataFlowImpl#6ed98661::Impl#DataFlowImpl1#bece54ca::Config#::TPathNodeMid#ffffff_delta (order for disjuncts: delta=<standard>).
[2026-01-21 06:11:00] (5s) Empty delta for DataFlowImpl#6ed98661::Impl#DataFlowImpl1#bece54ca::Config#::pathThroughCallable0#7#fffffff_delta (order for disjuncts: delta=<standard>).
[2026-01-21 06:11:00] (5s) Empty delta for DataFlowImpl#6ed98661::Impl#DataFlowImpl1#bece54ca::Config#::pathIntoArg#7#fffffff_delta (order for disjuncts: delta=3163).
[2026-01-21 06:11:00] (5s) Empty delta for DataFlowImpl#6ed98661::Impl#DataFlowImpl1#bece54ca::Config#::pathIntoCallable0#7#fffffff_delta (order for disjuncts: delta=<standard>).
[2026-01-21 06:11:00] (5s) Empty delta for DataFlowImpl#6ed98661::Impl#DataFlowImpl1#bece54ca::Config#::pathIntoCallable#7#fffffff_delta (order for disjuncts: delta=<standard>).
[2026-01-21 06:11:00] (5s) Empty delta for DataFlowImpl#6ed98661::Impl#DataFlowImpl1#bece54ca::Config#::pathIntoCallable#7#fffffff#reorder_4_5_0_1_2_3_6_delta (order for disjuncts: delta=<standard>).
[2026-01-21 06:11:00] (5s) Empty delta for DataFlowImpl#6ed98661::Impl#DataFlowImpl1#bece54ca::Config#::pathThroughCallable#5#fffff_delta (order for disjuncts: delta=<standard>).
[2026-01-21 06:11:00] (5s) Empty delta for DataFlowImpl#6ed98661::Impl#DataFlowImpl1#bece54ca::Config#::pathOutOfCallable0#5#fffff_delta (order for disjuncts: delta=<standard>).
[2026-01-21 06:11:00] (5s) Starting to evaluate predicate DataFlowImpl#6ed98661::Impl#DataFlowImpl1#bece54ca::Config#::TPathNodeMid#dom#fffff/5@i21#3ff402w4 (iteration 21)
[2026-01-21 06:11:00] (5s) Empty delta for DataFlowImpl#6ed98661::Impl#DataFlowImpl1#bece54ca::Config#::TPathNodeMid#dom#fffff_delta (order for disjuncts: delta=<standard>).
[2026-01-21 06:11:00] (5s) Empty delta for DataFlowImpl#6ed98661::Impl#DataFlowImpl1#bece54ca::Config#::PathNodeMid#ffffff_delta (order for disjuncts: delta=<standard>).
[2026-01-21 06:11:00] (5s) Empty delta for DataFlowImpl#6ed98661::Impl#DataFlowImpl1#bece54ca::Config#::pathNode#7#fffffff#cpe#123456_delta (order for disjuncts: delta=<standard>).
[2026-01-21 06:11:00] (5s) Empty delta for DataFlowImpl#6ed98661::Impl#DataFlowImpl1#bece54ca::Config#::pathStoreStep#6#ffffff_delta (order for disjuncts: delta=<standard>).
[2026-01-21 06:11:00] (5s) Empty delta for DataFlowImpl#6ed98661::Impl#DataFlowImpl1#bece54ca::Config#::pathReadStep#6#ffffff_delta (order for disjuncts: delta=<standard>).
[2026-01-21 06:11:00] (5s) Empty delta for DataFlowImpl#6ed98661::Impl#DataFlowImpl1#bece54ca::Config#::paramFlowsThrough#6#ffffff#reorder_2_3_0_1_4_5_delta (order for disjuncts: delta=<standard>).
[2026-01-21 06:11:00] (5s) Empty delta for DataFlowImpl#6ed98661::Impl#DataFlowImpl1#bece54ca::Config#::pathStep#6#ffffff_delta (order for disjuncts: delta=<standard>).
[2026-01-21 06:11:00] (5s) Accumulating deltas
[2026-01-21 06:11:00] (5s)  >>> Created relation DataFlowImpl#6ed98661::Impl#DataFlowImpl1#bece54ca::Config#::pathStep#6#ffffff/6@3ff40w14 with 36 rows and digest 970bb7reo4kq4erp418v8acn2c7.
[2026-01-21 06:11:00] (5s)  >>> Created relation DataFlowImpl#6ed98661::Impl#DataFlowImpl1#bece54ca::Config#::paramFlowsThrough#6#ffffff#reorder_2_3_0_1_4_5/6@3ff40x14 with 0 rows and digest THIS-RELATION-HAS-NO-TUPLES.
[2026-01-21 06:11:00] (5s)  >>> Created relation DataFlowImpl#6ed98661::Impl#DataFlowImpl1#bece54ca::Config#::pathReadStep#6#ffffff/6@3ff40y14 with 1 rows and digest f81bcbc67rfqkcqpu1qar0oo2n3.
[2026-01-21 06:11:00] (5s)  >>> Created relation DataFlowImpl#6ed98661::Impl#DataFlowImpl1#bece54ca::Config#::pathStoreStep#6#ffffff/6@3ff40z14 with 1 rows and digest 5a9774ul1p62spidlg6b63lkfp3.
[2026-01-21 06:11:00] (5s)  >>> Created relation DataFlowImpl#6ed98661::Impl#DataFlowImpl1#bece54ca::Config#::pathNode#7#fffffff#cpe#123456/6@3ff400w4 with 16 rows and digest fc39e2mdgvjhiouoms845fcshr3.
[2026-01-21 06:11:00] (5s)  >>> Created relation DataFlowImpl#6ed98661::Impl#DataFlowImpl1#bece54ca::Config#::PathNodeMid#ffffff/6@3ff401w4 with 16 rows and digest fc39e2mdgvjhiouoms845fcshr3.
[2026-01-21 06:11:00] (5s)  >>> Created relation DataFlowImpl#6ed98661::Impl#DataFlowImpl1#bece54ca::Config#::TPathNodeMid#dom#fffff/5@3ff402w4 with 16 rows and digest 5820357idgia9mm9car7opsobsd.
[2026-01-21 06:11:00] (5s)  >>> Created relation DataFlowImpl#6ed98661::Impl#DataFlowImpl1#bece54ca::Config#::pathOutOfCallable0#5#fffff/5@3ff403w4 with 0 rows and digest THIS-RELATION-HAS-NO-TUPLES.
[2026-01-21 06:11:00] (5s)  >>> Created relation DataFlowImpl#6ed98661::Impl#DataFlowImpl1#bece54ca::Config#::pathThroughCallable#5#fffff/5@3ff404w4 with 0 rows and digest THIS-RELATION-HAS-NO-TUPLES.
[2026-01-21 06:11:00] (5s)  >>> Created relation DataFlowImpl#6ed98661::Impl#DataFlowImpl1#bece54ca::Config#::pathIntoCallable#7#fffffff#reorder_4_5_0_1_2_3_6/7@3ff405w4 with 0 rows and digest THIS-RELATION-HAS-NO-TUPLES.
[2026-01-21 06:11:00] (5s)  >>> Created relation DataFlowImpl#6ed98661::Impl#DataFlowImpl1#bece54ca::Config#::pathIntoCallable#7#fffffff/7@3ff406w4 with 0 rows and digest THIS-RELATION-HAS-NO-TUPLES.
[2026-01-21 06:11:00] (5s)  >>> Created relation DataFlowImpl#6ed98661::Impl#DataFlowImpl1#bece54ca::Config#::pathIntoCallable0#7#fffffff/7@3ff407w4 with 0 rows and digest THIS-RELATION-HAS-NO-TUPLES.
[2026-01-21 06:11:00] (5s)  >>> Created relation DataFlowImpl#6ed98661::Impl#DataFlowImpl1#bece54ca::Config#::pathIntoArg#7#fffffff/7@3ff408w4 with 0 rows and digest THIS-RELATION-HAS-NO-TUPLES.
[2026-01-21 06:11:00] (5s)  >>> Created relation DataFlowImpl#6ed98661::Impl#DataFlowImpl1#bece54ca::Config#::pathThroughCallable0#7#fffffff/7@3ff409w4 with 0 rows and digest THIS-RELATION-HAS-NO-TUPLES.
[2026-01-21 06:11:00] (5s)  >>> Created relation num#DataFlowImpl#6ed98661::Impl#DataFlowImpl1#bece54ca::Config#::TPathNodeMid#ffffff/6@3ff40aw4 with 16 rows and digest d525b93juofjjvgnr2ojkcpghda.
[2026-01-21 06:11:00] (5s)  >>> Created relation DataFlowImpl#6ed98661::Impl#DataFlowImpl1#bece54ca::Config#::pathOutOfCallable1#6#ffffff/6@3ff40bw4 with 0 rows and digest THIS-RELATION-HAS-NO-TUPLES.
[2026-01-21 06:11:00] (5s)  >>> Created relation DataFlowImpl#6ed98661::Impl#DataFlowImpl1#bece54ca::Config#::pathOutOfCallable#4#ffff/4@3ff40cw4 with 0 rows and digest THIS-RELATION-HAS-NO-TUPLES.
[2026-01-21 06:11:00] (5s) Starting to evaluate predicate DataFlowImpl#6ed98661::Impl#DataFlowImpl1#bece54ca::Config#::isAtSink#0#dispred#f/1@881261u0
[2026-01-21 06:11:00] (5s)  >>> Created relation DataFlowImpl#6ed98661::Impl#DataFlowImpl1#bece54ca::Config#::isAtSink#0#dispred#f/1@881261u0 with 13 rows and digest 29e91b5elt727ucui8a4fkcf4v2.
[2026-01-21 06:11:00] (5s) Starting to evaluate predicate DataFlowImpl#6ed98661::Impl#DataFlowImpl1#bece54ca::Config#::TPathNodeSink#dom#ff/2@0cd3c2db
[2026-01-21 06:11:00] (5s)  >>> Created relation DataFlowImpl#6ed98661::Impl#DataFlowImpl1#bece54ca::Config#::TPathNodeSink#dom#ff/2@0cd3c2db with 13 rows and digest 41f878oe5k8uuq7ausfldgu4500.
[2026-01-21 06:11:00] (5s) Starting to evaluate predicate num#DataFlowImpl#6ed98661::Impl#DataFlowImpl1#bece54ca::Config#::TPathNodeSink#fff/3@4e17555d
[2026-01-21 06:11:00] (5s)  >>> Created relation num#DataFlowImpl#6ed98661::Impl#DataFlowImpl1#bece54ca::Config#::TPathNodeSink#fff/3@4e17555d with 13 rows and digest 46aae7r5fomecu85kn2i141q606.
[2026-01-21 06:11:00] (5s) Starting to evaluate predicate DataFlowImpl#6ed98661::Impl#DataFlowImpl1#bece54ca::Config#::PathNodeSink#fff/3@6a51665i
[2026-01-21 06:11:00] (5s)  >>> Created relation DataFlowImpl#6ed98661::Impl#DataFlowImpl1#bece54ca::Config#::PathNodeSink#fff/3@6a51665i with 13 rows and digest 99f8a3nehhsrenavniolrisp642.
[2026-01-21 06:11:00] (5s) Starting to evaluate predicate DataFlowImpl#6ed98661::Impl#DataFlowImpl1#bece54ca::Config#::getNodeEx#0#dispred#2#ff/2@f9cafabp
[2026-01-21 06:11:00] (5s)  >>> Created relation DataFlowImpl#6ed98661::Impl#DataFlowImpl1#bece54ca::Config#::getNodeEx#0#dispred#2#ff/2@f9cafabp with 29 rows and digest 42f6dakv1gd0ppqcusi1mfvhe53.
[2026-01-21 06:11:00] (5s) Starting to evaluate predicate DataFlowImpl#6ed98661::Impl#DataFlowImpl1#bece54ca::Config#::getNodeEx#0#dispred#2#ff_10#join_rhs/2@f481c2cu
[2026-01-21 06:11:00] (5s)  >>> Created relation DataFlowImpl#6ed98661::Impl#DataFlowImpl1#bece54ca::Config#::getNodeEx#0#dispred#2#ff_10#join_rhs/2@f481c2cu with 29 rows and digest 325d2093ej3l5t2uou26nt1uli6.
[2026-01-21 06:11:00] (5s) Starting to evaluate predicate DataFlowImpl#6ed98661::Impl#DataFlowImpl1#bece54ca::Config#::pathStep#6#ffffff_123450#join_rhs/6@f1d29564
[2026-01-21 06:11:00] (5s)  >>> Created relation DataFlowImpl#6ed98661::Impl#DataFlowImpl1#bece54ca::Config#::pathStep#6#ffffff_123450#join_rhs/6@f1d29564 with 36 rows and digest 0890d1b9dfs72rs5a9fg1k6kob9.
[2026-01-21 06:11:00] (5s) Starting to evaluate predicate DataFlowImpl#6ed98661::Impl#DataFlowImpl1#bece54ca::Config#::getSuccMid#0#dispred#ff/2@2884b966
[2026-01-21 06:11:00] (5s)  >>> Created relation DataFlowImpl#6ed98661::Impl#DataFlowImpl1#bece54ca::Config#::getSuccMid#0#dispred#ff/2@2884b966 with 31 rows and digest b22476ec3eapv2o0mhp9opojsc8.
[2026-01-21 06:11:00] (5s) Starting to evaluate predicate DataFlowImpl#6ed98661::Impl#DataFlowImpl1#bece54ca::Config#::PathNodeMid#ffffff_120#join_rhs/3@38f95att
[2026-01-21 06:11:00] (5s)  >>> Created relation DataFlowImpl#6ed98661::Impl#DataFlowImpl1#bece54ca::Config#::PathNodeMid#ffffff_120#join_rhs/3@38f95att with 16 rows and digest 7e271et8mo599ja2oihic3l7oc3.
[2026-01-21 06:11:00] (5s) Starting to evaluate predicate DataFlowImpl#6ed98661::Impl#DataFlowImpl1#bece54ca::Config#::projectToSink#0#dispred#ff/2@31a89468
[2026-01-21 06:11:00] (5s)  >>> Created relation DataFlowImpl#6ed98661::Impl#DataFlowImpl1#bece54ca::Config#::projectToSink#0#dispred#ff/2@31a89468 with 13 rows and digest 43a2edjhu43enj4cbl3f3tdke3c.
[2026-01-21 06:11:00] (5s) Starting to evaluate predicate DataFlowImpl#6ed98661::Impl#DataFlowImpl1#bece54ca::Config#::getANonHiddenSuccessor#0#dispred#ff/2@edd1d6jh
[2026-01-21 06:11:00] (5s)  >>> Created relation DataFlowImpl#6ed98661::Impl#DataFlowImpl1#bece54ca::Config#::getANonHiddenSuccessor#0#dispred#ff/2@edd1d6jh with 58 rows and digest 5139159g7opeob9oa6r5t3tqhia.
[2026-01-21 06:11:00] (5s) Starting to evaluate predicate DataFlowImpl#6ed98661::Impl#DataFlowImpl1#bece54ca::Config#::getANonHiddenSuccessor#0#dispred#ff_10#join_rhs/2@e8d1a1tp
[2026-01-21 06:11:00] (5s)  >>> Created relation DataFlowImpl#6ed98661::Impl#DataFlowImpl1#bece54ca::Config#::getANonHiddenSuccessor#0#dispred#ff_10#join_rhs/2@e8d1a1tp with 58 rows and digest 02eab0ashckpaeeh14ul1e33e38.
[2026-01-21 06:11:00] (5s) Starting to evaluate predicate DataFlowImpl#6ed98661::Impl#DataFlowImpl1#bece54ca::Config#::directReach#1#f/1@i1#c4f00bid (iteration 1)
[2026-01-21 06:11:00] (5s) 			 - DataFlowImpl#6ed98661::Impl#DataFlowImpl1#bece54ca::Config#::directReach#1#f_delta has 13 rows (order for disjuncts: delta=<standard>).
[2026-01-21 06:11:00] (5s) Starting to evaluate predicate DataFlowImpl#6ed98661::Impl#DataFlowImpl1#bece54ca::Config#::directReach#1#f/1@i2#c4f00bid (iteration 2)
[2026-01-21 06:11:00] (5s) 			 - DataFlowImpl#6ed98661::Impl#DataFlowImpl1#bece54ca::Config#::directReach#1#f_delta has 3 rows (order for disjuncts: delta=<standard>).
[2026-01-21 06:11:00] (5s) Starting to evaluate predicate DataFlowImpl#6ed98661::Impl#DataFlowImpl1#bece54ca::Config#::directReach#1#f/1@i3#c4f00bid (iteration 3)
[2026-01-21 06:11:00] (5s) 			 - DataFlowImpl#6ed98661::Impl#DataFlowImpl1#bece54ca::Config#::directReach#1#f_delta has 1 rows (order for disjuncts: delta=<standard>).
[2026-01-21 06:11:00] (5s) Starting to evaluate predicate DataFlowImpl#6ed98661::Impl#DataFlowImpl1#bece54ca::Config#::directReach#1#f/1@i4#c4f00bid (iteration 4)
[2026-01-21 06:11:00] (5s) 			 - DataFlowImpl#6ed98661::Impl#DataFlowImpl1#bece54ca::Config#::directReach#1#f_delta has 1 rows (order for disjuncts: delta=<standard>).
[2026-01-21 06:11:00] (5s) Starting to evaluate predicate DataFlowImpl#6ed98661::Impl#DataFlowImpl1#bece54ca::Config#::directReach#1#f/1@i5#c4f00bid (iteration 5)
[2026-01-21 06:11:00] (5s) Empty delta for DataFlowImpl#6ed98661::Impl#DataFlowImpl1#bece54ca::Config#::directReach#1#f_delta (order for disjuncts: delta=<standard>).
[2026-01-21 06:11:00] (5s) Accumulating deltas
[2026-01-21 06:11:00] (5s)  >>> Created relation DataFlowImpl#6ed98661::Impl#DataFlowImpl1#bece54ca::Config#::directReach#1#f/1@c4f00bid with 18 rows and digest bef8f1j14kk089ir7jp7mki2238.
[2026-01-21 06:11:00] (5s) Starting to evaluate predicate DataFlowImpl#6ed98661::Impl#DataFlowImpl1#bece54ca::Config#::PathNode#f/1@6e5a34th
[2026-01-21 06:11:00] (5s)  >>> Created relation DataFlowImpl#6ed98661::Impl#DataFlowImpl1#bece54ca::Config#::PathNode#f/1@6e5a34th with 18 rows and digest bef8f1j14kk089ir7jp7mki2238.
[2026-01-21 06:11:00] (5s) Starting to evaluate predicate DataFlowImpl1#bece54ca::PathNode::getNode#0#dispred#ff/2@05986dst
[2026-01-21 06:11:00] (5s)  >>> Created relation DataFlowImpl1#bece54ca::PathNode::getNode#0#dispred#ff/2@05986dst with 18 rows and digest febfd5f5irhg2h23s07jn0e8li9.
[2026-01-21 06:11:00] (5s) Starting to evaluate predicate DataFlowImpl1#bece54ca::PathNode::getNode#0#dispred#ff_10#join_rhs/2@8d0ebeae
[2026-01-21 06:11:00] (5s)  >>> Created relation DataFlowImpl1#bece54ca::PathNode::getNode#0#dispred#ff_10#join_rhs/2@8d0ebeae with 18 rows and digest 4c29e40p79n6dfndlenj7d3inne.
[2026-01-21 06:11:00] (5s) Starting to evaluate predicate DataFlowImpl#6ed98661::Impl#DataFlowImpl1#bece54ca::Config#::getState#0#dispred#4#ff/2@967d84k1
[2026-01-21 06:11:00] (5s)  >>> Created relation DataFlowImpl#6ed98661::Impl#DataFlowImpl1#bece54ca::Config#::getState#0#dispred#4#ff/2@967d84k1 with 29 rows and digest 9085bfk1i1uprt8uiu1lhklt4q3.
[2026-01-21 06:11:00] (5s) Starting to evaluate predicate DataFlowImpl#6ed98661::Impl#DataFlowImpl1#bece54ca::Config#::getState#0#dispred#4#ff_10#join_rhs/2@01181bmk
[2026-01-21 06:11:00] (5s)  >>> Created relation DataFlowImpl#6ed98661::Impl#DataFlowImpl1#bece54ca::Config#::getState#0#dispred#4#ff_10#join_rhs/2@01181bmk with 29 rows and digest ce2952hhkddupur8n52b8dr99bf.
[2026-01-21 06:11:00] (5s) Starting to evaluate predicate DataFlowImpl#6ed98661::Impl#DataFlowImpl1#bece54ca::Config#::isSource#0#dispred#f/1@ab859egh
[2026-01-21 06:11:00] (5s)  >>> Created relation DataFlowImpl#6ed98661::Impl#DataFlowImpl1#bece54ca::Config#::isSource#0#dispred#f/1@ab859egh with 2 rows and digest 5896b486f6eiogjk9hk5k4u19v8.
[2026-01-21 06:11:00] (5s) Starting to evaluate predicate _DataFlowImpl#6ed98661::Impl#DataFlowImpl1#bece54ca::Config#::PathNode#f_DataFlowImpl#6ed98661::Impl__#higher_order_body/1@cfb589dc
[2026-01-21 06:11:00] (5s)  >>> Created relation _DataFlowImpl#6ed98661::Impl#DataFlowImpl1#bece54ca::Config#::PathNode#f_DataFlowImpl#6ed98661::Impl__#higher_order_body/1@cfb589dc with 2 rows and digest 3763a32tp4444755rb4ik7chat6.
[2026-01-21 06:11:00] (5s) Starting to evaluate predicate DataFlowImpl#6ed98661::Impl#DataFlowImpl1#bece54ca::Config#::pathSucc#2#ff/2@de7fc6jg
[2026-01-21 06:11:00] (5s)  >>> Created relation DataFlowImpl#6ed98661::Impl#DataFlowImpl1#bece54ca::Config#::pathSucc#2#ff/2@de7fc6jg with 36 rows and digest 56cf70olku2t412akt21h0crjub.
[2026-01-21 06:11:00] (5s) Starting to evaluate predicate boundedFastTC:DataFlowImpl#6ed98661::Impl#DataFlowImpl1#bece54ca::Config#::pathSucc#2#ff:_DataFlowImpl#6ed98661::Impl#DataFlowImpl1#bece54ca::Config#::PathNode#f_DataFlowImpl#6ed98661::Impl__#higher_order_body/2@d51f1dos = HOP boundedFastTC(36,2)
[2026-01-21 06:11:00] (5s)  >>> Relation boundedFastTC:DataFlowImpl#6ed98661::Impl#DataFlowImpl1#bece54ca::Config#::pathSucc#2#ff:_DataFlowImpl#6ed98661::Impl#DataFlowImpl1#bece54ca::Config#::PathNode#f_DataFlowImpl#6ed98661::Impl__#higher_order_body: 23 rows using 0 MB
[2026-01-21 06:11:00] (5s)  >>> Created relation boundedFastTC:DataFlowImpl#6ed98661::Impl#DataFlowImpl1#bece54ca::Config#::pathSucc#2#ff:_DataFlowImpl#6ed98661::Impl#DataFlowImpl1#bece54ca::Config#::PathNode#f_DataFlowImpl#6ed98661::Impl__#higher_order_body/2@d51f1dos with 90 rows and digest f89a9cceq27rfru3rpoe6ceh6qf.
[2026-01-21 06:11:00] (5s) Starting to evaluate predicate DataFlowImpl#6ed98661::Impl#DataFlowImpl1#bece54ca::Config#::hasFlowPath#2#ff/2@6bbde4ud
[2026-01-21 06:11:00] (5s)  >>> Created relation DataFlowImpl#6ed98661::Impl#DataFlowImpl1#bece54ca::Config#::hasFlowPath#2#ff/2@6bbde4ud with 14 rows and digest fac0f7e3aogua9lps1pvmoohs86.
[2026-01-21 06:11:00] (5s) Starting to evaluate predicate DataFlowImpl1#bece54ca::hasFlowPath#3#fff/3@8aa0c6og
[2026-01-21 06:11:00] (5s)  >>> Created relation DataFlowImpl1#bece54ca::hasFlowPath#3#fff/3@8aa0c6og with 14 rows and digest 9df8c5a7laabf4htbhcnamduood.
[2026-01-21 06:11:00] (5s) Starting to evaluate predicate DataFlowImpl1#bece54ca::hasFlowPath#3#fff_102#join_rhs/3@5e7292ln
[2026-01-21 06:11:00] (5s)  >>> Created relation DataFlowImpl1#bece54ca::hasFlowPath#3#fff_102#join_rhs/3@5e7292ln with 14 rows and digest c9271bhicot1r2un92ali2cja9a.
[2026-01-21 06:11:00] (5s) Starting to evaluate predicate DataFlowImpl1#bece54ca::Configuration::hasFlow#2#dispred#ffb/3@d6dea71s
[2026-01-21 06:11:00] (5s)  >>> Created relation DataFlowImpl1#bece54ca::Configuration::hasFlow#2#dispred#ffb/3@d6dea71s with 7 rows and digest ce7dfe3r8r268f3t9hqorok7s08.
[2026-01-21 06:11:00] (5s) Starting to evaluate predicate DataFlowImpl1#bece54ca::Configuration::hasFlow#2#dispred#ffb_12#join_rhs/2@9701f5qv
[2026-01-21 06:11:00] (5s)  >>> Created relation DataFlowImpl1#bece54ca::Configuration::hasFlow#2#dispred#ffb_12#join_rhs/2@9701f5qv with 7 rows and digest 52b915siot00qo53m7oli2o3q4d.
[2026-01-21 06:11:00] (5s) Starting to evaluate predicate DataFlowUtil#7572fbec::TExprNode#ff_10#join_rhs/2@b0e0f2p2
[2026-01-21 06:11:00] (5s)  >>> Created relation DataFlowUtil#7572fbec::TExprNode#ff_10#join_rhs/2@b0e0f2p2 with 176625 rows and digest f80c5dl0vfrviucahgtjdboj464.
[2026-01-21 06:11:00] (5s) Starting to evaluate predicate Access#8878f617::VariableAccess::getQualifier#0#dispred#ff/2@03c177n4
[2026-01-21 06:11:00] (5s)  >>> Created relation Access#8878f617::VariableAccess::getQualifier#0#dispred#ff/2@03c177n4 with 8988 rows and digest de706144sahhop5o0trhjmoudk9.
[2026-01-21 06:11:00] (5s) Starting to evaluate predicate _Access#8878f617::FieldAccess#f_Access#8878f617::VariableAccess::getQualifier#0#dispred#ff_Expr#ef46__#shared/2@58d4e5db
[2026-01-21 06:11:00] (5s)  >>> Created relation _Access#8878f617::FieldAccess#f_Access#8878f617::VariableAccess::getQualifier#0#dispred#ff_Expr#ef46__#shared/2@58d4e5db with 8988 rows and digest 0211bfsdepmtfde1glm58inj153.
[2026-01-21 06:11:00] (5s) Starting to evaluate predicate Type#2e8eb3ef::DerivedType::getBaseType#0#dispred#ff/2@2882e5pn
[2026-01-21 06:11:00] (5s)  >>> Created relation Type#2e8eb3ef::DerivedType::getBaseType#0#dispred#ff/2@2882e5pn with 492 rows and digest c64053ou7hd6eqr6cnll8uo1io6.
[2026-01-21 06:11:00] (5s) Starting to evaluate predicate Access#8878f617::PointerFieldAccess#f/1@ab8607pp
[2026-01-21 06:11:00] (5s)  >>> Created relation Access#8878f617::PointerFieldAccess#f/1@ab8607pp with 6284 rows and digest e0468cs0ivivth2c7jk6pg7k5i6.
[2026-01-21 06:11:00] (5s) Starting to evaluate predicate _Access#8878f617::PointerFieldAccess#f_Access#8878f617::VariableAccess::getQualifier#0#dispred#ff_El__#shared/2@fa23722a
[2026-01-21 06:11:00] (5s)  >>> Created relation _Access#8878f617::PointerFieldAccess#f_Access#8878f617::VariableAccess::getQualifier#0#dispred#ff_El__#shared/2@fa23722a with 8988 rows and digest fbbf10inoe7hsdj13e94v1ae5g4.
[2026-01-21 06:11:00] (5s) Starting to evaluate predicate Access#8878f617::DotFieldAccess#f/1@46cbcb7h
[2026-01-21 06:11:00] (5s)  >>> Created relation Access#8878f617::DotFieldAccess#f/1@46cbcb7h with 2704 rows and digest fcde7edi1m3vu2hlb9j9vka15a2.
[2026-01-21 06:11:00] (5s) Starting to evaluate predicate _Access#8878f617::DotFieldAccess#f_Access#8878f617::PointerFieldAccess#f_Access#8878f617::VariableAc__#shared/1@3984c5k4
[2026-01-21 06:11:00] (5s)  >>> Created relation _Access#8878f617::DotFieldAccess#f_Access#8878f617::PointerFieldAccess#f_Access#8878f617::VariableAc__#shared/1@3984c5k4 with 818 rows and digest ed058d319t8f0va96f2kekupgt7.
[2026-01-21 06:11:00] (5s) Starting to evaluate predicate _Access#8878f617::PointerFieldAccess#f_Access#8878f617::VariableAccess::getQualifier#0#dispred#ff__A__#join_rhs/2@af29d8om
[2026-01-21 06:11:00] (5s)  >>> Created relation _Access#8878f617::PointerFieldAccess#f_Access#8878f617::VariableAccess::getQualifier#0#dispred#ff__A__#join_rhs/2@af29d8om with 354 rows and digest 31940dro2u6p5fjpcma92q4atb5.
[2026-01-21 06:11:00] (5s) Starting to evaluate predicate _Access#8878f617::PointerFieldAccess#f_Access#8878f617::VariableAccess::getQualifier#0#dispred#ff__A__#join_rhs#1/2@540d7epp
[2026-01-21 06:11:00] (5s)  >>> Created relation _Access#8878f617::PointerFieldAccess#f_Access#8878f617::VariableAccess::getQualifier#0#dispred#ff__A__#join_rhs#1/2@540d7epp with 464 rows and digest a491b9bisa0ocidhengkpo12ll0.
[2026-01-21 06:11:00] (5s) Starting to evaluate predicate _Access#8878f617::DotFieldAccess#f_Access#8878f617::PointerFieldAccess#f_Access#8878f617::VariableAc__#antijoin_rhs/2@94e71b5c
[2026-01-21 06:11:00] (5s)  >>> Created relation _Access#8878f617::DotFieldAccess#f_Access#8878f617::PointerFieldAccess#f_Access#8878f617::VariableAc__#antijoin_rhs/2@94e71b5c with 818 rows and digest 3726052e44a3uah6vmtsf7tu2n4.
[2026-01-21 06:11:00] (5s) Starting to evaluate predicate extract_var#fd003562::expandPointerOrDotFieldAccess#1#ff/2@i1#15e4a1hl (iteration 1)
[2026-01-21 06:11:00] (5s) 			 - extract_var#fd003562::expandPointerOrDotFieldAccess#1#ff_delta has 8170 rows (order for disjuncts: delta=<standard>).
[2026-01-21 06:11:00] (5s) Starting to evaluate predicate extract_var#fd003562::expandPointerOrDotFieldAccess#1#ff/2@i2#15e4a1hl (iteration 2)
[2026-01-21 06:11:00] (5s) 			 - extract_var#fd003562::expandPointerOrDotFieldAccess#1#ff_delta has 672 rows (order for disjuncts: delta=<standard>).
[2026-01-21 06:11:00] (5s) Starting to evaluate predicate extract_var#fd003562::expandPointerOrDotFieldAccess#1#ff/2@i3#15e4a1hl (iteration 3)
[2026-01-21 06:11:00] (5s) 			 - extract_var#fd003562::expandPointerOrDotFieldAccess#1#ff_delta has 144 rows (order for disjuncts: delta=<standard>).
[2026-01-21 06:11:00] (5s) Starting to evaluate predicate extract_var#fd003562::expandPointerOrDotFieldAccess#1#ff/2@i4#15e4a1hl (iteration 4)
[2026-01-21 06:11:00] (5s) 			 - extract_var#fd003562::expandPointerOrDotFieldAccess#1#ff_delta has 2 rows (order for disjuncts: delta=<standard>).
[2026-01-21 06:11:00] (5s) Starting to evaluate predicate extract_var#fd003562::expandPointerOrDotFieldAccess#1#ff/2@i5#15e4a1hl (iteration 5)
[2026-01-21 06:11:00] (5s) Empty delta for extract_var#fd003562::expandPointerOrDotFieldAccess#1#ff_delta (order for disjuncts: delta=<standard>).
[2026-01-21 06:11:00] (5s) Accumulating deltas
[2026-01-21 06:11:00] (5s)  >>> Created relation extract_var#fd003562::expandPointerOrDotFieldAccess#1#ff/2@15e4a1hl with 8988 rows and digest b189169kg9svshpgb8f90pikce8.
[2026-01-21 06:11:00] (5s) Starting to evaluate predicate _Access#8878f617::DotFieldAccess#f_Access#8878f617::PointerFieldAccess#f_Access#8878f617::VariableAc__#antijoin_rhs#1/1@b4e7233n
[2026-01-21 06:11:00] (5s)  >>> Created relation _Access#8878f617::DotFieldAccess#f_Access#8878f617::PointerFieldAccess#f_Access#8878f617::VariableAc__#antijoin_rhs#1/1@b4e7233n with 8988 rows and digest ed1a786kp52juvrt5bgpt8k51a1.
[2026-01-21 06:11:00] (5s) Starting to evaluate predicate extract_var#fd003562::getStringFromAccess#1#ff/2@fbdf3fif
[2026-01-21 06:11:00] (5s)  >>> Created relation extract_var#fd003562::getStringFromAccess#1#ff/2@fbdf3fif with 49790 rows and digest 9906b7n6dmt2ck4srm78aela8c8.
[2026-01-21 06:11:00] (5s) Starting to evaluate predicate extract_var#fd003562::getFinalOutput#1#ff/2@4198a03n
[2026-01-21 06:11:00] (5s)  >>> Created relation extract_var#fd003562::getFinalOutput#1#ff/2@4198a03n with 49790 rows and digest c92566an6pfeqla0j7eso0ukqs9.
[2026-01-21 06:11:00] (5s) Starting to evaluate predicate #select#ff/2@9faea7s9
[2026-01-21 06:11:00] (5s)  >>> Created relation #select#ff/2@9faea7s9 with 7 rows and digest fdaa83cr3iuj02jc6h2c824c2mc.
[2026-01-21 06:11:00] (5s) Starting to evaluate predicate project#Element#496c7fc2::ElementBase::toString#0#dispred/1@c4ad99tp
[2026-01-21 06:11:00] (5s)  >>> Created relation project#Element#496c7fc2::ElementBase::toString#0#dispred/1@c4ad99tp with 380387 rows and digest 7bd4afsaor873nklk1c1ulr9ua9.
[2026-01-21 06:11:00] (5s) Starting to evaluate predicate Location#bd5c7591::Location::hasLocationInfo#5#dispred#ffffff/6@42d446k4
[2026-01-21 06:11:00] (5s)  >>> Created relation Location#bd5c7591::Location::hasLocationInfo#5#dispred#ffffff/6@42d446k4 with 182534 rows and digest d2baad9s82knvpp621qfr2kcj6d.
[2026-01-21 06:11:00] (5s) Starting to evaluate predicate _#select#ff_Expr#ef463c5d::Expr::getLocation#0#dispred#ff#shared/3@a331bbid
[2026-01-21 06:11:00] (5s)  >>> Created relation _#select#ff_Expr#ef463c5d::Expr::getLocation#0#dispred#ff#shared/3@a331bbid with 7 rows and digest 609dc566er8j7t4jt0uorokqp88.
[2026-01-21 06:11:00] (5s) Starting to evaluate predicate _Location#bd5c7591::Location::hasLocationInfo#5#dispred#ffffff__#select#ff_Expr#ef463c5d::Expr::getL__#antijoin_rhs/2@2e6fbdh9
[2026-01-21 06:11:00] (5s)  >>> Created relation _Location#bd5c7591::Location::hasLocationInfo#5#dispred#ffffff__#select#ff_Expr#ef463c5d::Expr::getL__#antijoin_rhs/2@2e6fbdh9 with 7 rows and digest fdaa83cr3iuj02jc6h2c824c2mc.
[2026-01-21 06:11:00] (5s) Starting to evaluate predicate #select#query#ffffffff/8@60a7b3b7
[2026-01-21 06:11:00] (5s)  >>> Created relation #select#query#ffffffff/8@60a7b3b7 with 7 rows and digest 2eb55ekujalddrg3a0rivbtjml5.
[2026-01-21 06:11:00] (5s) Query done
[2026-01-21 06:11:00] (5s) Sequence stamp origin is -5956192690974569255
[2026-01-21 06:11:00] (5s) Pausing evaluation to sync to disk at sequence stamp o+0
[2026-01-21 06:11:00] (5s) Will trim disk cache to check for obsolete items before writing 75.00B (currently using 15.34MiB).
[2026-01-21 06:11:00] (5s) After trimming, disk cache uses 15.34MiB.
[2026-01-21 06:11:00] (5s) Unpausing evaluation
[2026-01-21 06:11:00] Evaluation of /effFix-experiment/effFix-benchmark/lxc/null-ptr-9-lxc/repair/codeql-queries/extract_var.ql produced BQRS results.
[2026-01-21 06:11:00] [PROGRESS] execute queries> [1/1 eval 5.9s] Evaluation done; writing results to efffix/codeql-cpp-queries/extract_var.bqrs.
[2026-01-21 06:11:00] [PROGRESS] execute queries> Shutting down query evaluator.
[2026-01-21 06:11:00] Pausing evaluation to close the cache at sequence stamp o+1
[2026-01-21 06:11:00] The disk cache is freshly trimmed; leave it be.
[2026-01-21 06:11:00] Unpausing evaluation
[2026-01-21 06:11:00] Terminating normally.
