[Start] effFix started at 2026-01-21 05:09:50.153280
[Wed Jan 21 05:09:50 2026][COMMAND]: /opt/infer/infer/bin/infer --pulse-only --pulse-max-disjuncts 100 --jobs 32 --reactive --pulse-fix-mode --pulse-fix-file=src/lxc/af_unix.c --pulse-fix-function=lxc_abstract_unix_send_credential -o /effFix-experiment/effFix-benchmark/lxc/null-ptr-5-lxc/repair/infer-out-single -- make -j4
[Wed Jan 21 05:09:50 2026][COMMAND]: codeql pack install
[Wed Jan 21 05:09:54 2026][COMMAND]: codeql database analyze /effFix-experiment/effFix-benchmark/lxc/null-ptr-5-lxc/pre/codeql-db /effFix-experiment/effFix-benchmark/lxc/null-ptr-5-lxc/repair/codeql-queries/loc_between.ql --format=csv --rerun --output=/effFix-experiment/effFix-benchmark/lxc/null-ptr-5-lxc/repair/codeql-res-loc-betweens.csv
[Wed Jan 21 05:10:38 2026][COMMAND]: codeql database analyze /effFix-experiment/effFix-benchmark/lxc/null-ptr-5-lxc/pre/codeql-db /effFix-experiment/effFix-benchmark/lxc/null-ptr-5-lxc/repair/codeql-queries/return_stmts.ql --format=csv --rerun --output=/effFix-experiment/effFix-benchmark/lxc/null-ptr-5-lxc/repair/codeql-res-return-stmts.csv
[Wed Jan 21 05:10:53 2026][COMMAND]: codeql database analyze /effFix-experiment/effFix-benchmark/lxc/null-ptr-5-lxc/pre/codeql-db /effFix-experiment/effFix-benchmark/lxc/null-ptr-5-lxc/repair/codeql-queries/labels.ql --format=csv --rerun --output=/effFix-experiment/effFix-benchmark/lxc/null-ptr-5-lxc/repair/codeql-res-labels.csv
[Wed Jan 21 05:11:08 2026][COMMAND]: codeql database analyze /effFix-experiment/effFix-benchmark/lxc/null-ptr-5-lxc/pre/codeql-db /effFix-experiment/effFix-benchmark/lxc/null-ptr-5-lxc/repair/codeql-queries/stmt_boundary.ql --format=csv --rerun --output=/effFix-experiment/effFix-benchmark/lxc/null-ptr-5-lxc/repair/codeql-res-stmt-boundary.csv
[Wed Jan 21 05:11:22 2026][COMMAND]: codeql database analyze /effFix-experiment/effFix-benchmark/lxc/null-ptr-5-lxc/pre/codeql-db /effFix-experiment/effFix-benchmark/lxc/null-ptr-5-lxc/repair/codeql-queries/extract_var.ql --format=csv --rerun --output=/effFix-experiment/effFix-benchmark/lxc/null-ptr-5-lxc/repair/codeql-res-ingredient.csv
[Wed Jan 21 05:12:08 2026][COMMAND]: codeql database analyze /effFix-experiment/effFix-benchmark/lxc/null-ptr-5-lxc/pre/codeql-db /effFix-experiment/effFix-benchmark/lxc/null-ptr-5-lxc/repair/codeql-queries/consts.ql --format=csv --rerun --output=/effFix-experiment/effFix-benchmark/lxc/null-ptr-5-lxc/repair/codeql-res-consts.csv
[Wed Jan 21 05:12:30 2026][COMMAND]: sed -i -e '237s:$: if ( \& ...->msg_controllen + msg.msg_controllen < 0 ) { return NULL ; } :' /effFix-experiment/effFix-benchmark/lxc/null-ptr-5-lxc/src/src/lxc/af_unix.c
[Wed Jan 21 05:12:30 2026][COMMAND]: diff -u /effFix-experiment/effFix-benchmark/lxc/null-ptr-5-lxc/repair/af_unix.c.backup /effFix-experiment/effFix-benchmark/lxc/null-ptr-5-lxc/src/src/lxc/af_unix.c > /effFix-experiment/effFix-benchmark/lxc/null-ptr-5-lxc/repair/1.patch
[Wed Jan 21 05:12:30 2026][COMMAND]: /opt/infer/infer/bin/infer --pulse-only --pulse-max-disjuncts 100 --jobs 32 --reactive --pulse-fix-mode --pulse-fix-file=src/lxc/af_unix.c --pulse-fix-function=lxc_abstract_unix_send_credential -o /effFix-experiment/effFix-benchmark/lxc/null-ptr-5-lxc/repair/infer-out-single -- make -j4
[Wed Jan 21 05:12:31 2026][COMMAND]: sed -i -e '237s:$: free ( cmsg ) ; :' /effFix-experiment/effFix-benchmark/lxc/null-ptr-5-lxc/src/src/lxc/af_unix.c
[Wed Jan 21 05:12:31 2026][COMMAND]: diff -u /effFix-experiment/effFix-benchmark/lxc/null-ptr-5-lxc/repair/af_unix.c.backup /effFix-experiment/effFix-benchmark/lxc/null-ptr-5-lxc/src/src/lxc/af_unix.c > /effFix-experiment/effFix-benchmark/lxc/null-ptr-5-lxc/repair/2.patch
[Wed Jan 21 05:12:31 2026][COMMAND]: /opt/infer/infer/bin/infer --pulse-only --pulse-max-disjuncts 100 --jobs 32 --reactive --pulse-fix-mode --pulse-fix-file=src/lxc/af_unix.c --pulse-fix-function=lxc_abstract_unix_send_credential -o /effFix-experiment/effFix-benchmark/lxc/null-ptr-5-lxc/repair/infer-out-single -- make -j4
[Wed Jan 21 05:12:31 2026][COMMAND]: sed -i -e '237s:^:\& ...->msg_controllen = \& ...->msg_controllen ;  :' /effFix-experiment/effFix-benchmark/lxc/null-ptr-5-lxc/src/src/lxc/af_unix.c
[Wed Jan 21 05:12:31 2026][COMMAND]: diff -u /effFix-experiment/effFix-benchmark/lxc/null-ptr-5-lxc/repair/af_unix.c.backup /effFix-experiment/effFix-benchmark/lxc/null-ptr-5-lxc/src/src/lxc/af_unix.c > /effFix-experiment/effFix-benchmark/lxc/null-ptr-5-lxc/repair/3.patch
[Wed Jan 21 05:12:31 2026][COMMAND]: /opt/infer/infer/bin/infer --pulse-only --pulse-max-disjuncts 100 --jobs 32 --reactive --pulse-fix-mode --pulse-fix-file=src/lxc/af_unix.c --pulse-fix-function=lxc_abstract_unix_send_credential -o /effFix-experiment/effFix-benchmark/lxc/null-ptr-5-lxc/repair/infer-out-single -- make -j4
[Wed Jan 21 05:12:31 2026][COMMAND]: sed -i -e '237s:$: msg.msg_control = malloc ( sizeof ( * cmsg ) ) ; :' /effFix-experiment/effFix-benchmark/lxc/null-ptr-5-lxc/src/src/lxc/af_unix.c
[Wed Jan 21 05:12:31 2026][COMMAND]: diff -u /effFix-experiment/effFix-benchmark/lxc/null-ptr-5-lxc/repair/af_unix.c.backup /effFix-experiment/effFix-benchmark/lxc/null-ptr-5-lxc/src/src/lxc/af_unix.c > /effFix-experiment/effFix-benchmark/lxc/null-ptr-5-lxc/repair/4.patch
[Wed Jan 21 05:12:31 2026][COMMAND]: /opt/infer/infer/bin/infer --pulse-only --pulse-max-disjuncts 100 --jobs 32 --reactive --pulse-fix-mode --pulse-fix-file=src/lxc/af_unix.c --pulse-fix-function=lxc_abstract_unix_send_credential -o /effFix-experiment/effFix-benchmark/lxc/null-ptr-5-lxc/repair/infer-out-single -- make -j4
[Wed Jan 21 05:12:31 2026][COMMAND]: sed -i -e '237s:$: return msg.msg_control ; :' /effFix-experiment/effFix-benchmark/lxc/null-ptr-5-lxc/src/src/lxc/af_unix.c
[Wed Jan 21 05:12:31 2026][COMMAND]: diff -u /effFix-experiment/effFix-benchmark/lxc/null-ptr-5-lxc/repair/af_unix.c.backup /effFix-experiment/effFix-benchmark/lxc/null-ptr-5-lxc/src/src/lxc/af_unix.c > /effFix-experiment/effFix-benchmark/lxc/null-ptr-5-lxc/repair/5.patch
[Wed Jan 21 05:12:31 2026][COMMAND]: /opt/infer/infer/bin/infer --pulse-only --pulse-max-disjuncts 100 --jobs 32 --reactive --pulse-fix-mode --pulse-fix-file=src/lxc/af_unix.c --pulse-fix-function=lxc_abstract_unix_send_credential -o /effFix-experiment/effFix-benchmark/lxc/null-ptr-5-lxc/repair/infer-out-single -- make -j4
[Wed Jan 21 05:12:31 2026][COMMAND]: sed -i -e '237s:^:if ( \& ...->msg_control == NULL || msg.msg_control != \& ...->msg_control ) { return \& ...->msg_control ; return 0; }  :' /effFix-experiment/effFix-benchmark/lxc/null-ptr-5-lxc/src/src/lxc/af_unix.c
[Wed Jan 21 05:12:31 2026][COMMAND]: diff -u /effFix-experiment/effFix-benchmark/lxc/null-ptr-5-lxc/repair/af_unix.c.backup /effFix-experiment/effFix-benchmark/lxc/null-ptr-5-lxc/src/src/lxc/af_unix.c > /effFix-experiment/effFix-benchmark/lxc/null-ptr-5-lxc/repair/6.patch
[Wed Jan 21 05:12:31 2026][COMMAND]: /opt/infer/infer/bin/infer --pulse-only --pulse-max-disjuncts 100 --jobs 32 --reactive --pulse-fix-mode --pulse-fix-file=src/lxc/af_unix.c --pulse-fix-function=lxc_abstract_unix_send_credential -o /effFix-experiment/effFix-benchmark/lxc/null-ptr-5-lxc/repair/infer-out-single -- make -j4
[Wed Jan 21 05:12:31 2026][COMMAND]: sed -i -e '237s:$: msg.msg_controllen = \& ...->msg_controllen ; :' /effFix-experiment/effFix-benchmark/lxc/null-ptr-5-lxc/src/src/lxc/af_unix.c
[Wed Jan 21 05:12:31 2026][COMMAND]: diff -u /effFix-experiment/effFix-benchmark/lxc/null-ptr-5-lxc/repair/af_unix.c.backup /effFix-experiment/effFix-benchmark/lxc/null-ptr-5-lxc/src/src/lxc/af_unix.c > /effFix-experiment/effFix-benchmark/lxc/null-ptr-5-lxc/repair/7.patch
[Wed Jan 21 05:12:31 2026][COMMAND]: /opt/infer/infer/bin/infer --pulse-only --pulse-max-disjuncts 100 --jobs 32 --reactive --pulse-fix-mode --pulse-fix-file=src/lxc/af_unix.c --pulse-fix-function=lxc_abstract_unix_send_credential -o /effFix-experiment/effFix-benchmark/lxc/null-ptr-5-lxc/repair/infer-out-single -- make -j4
[Wed Jan 21 05:12:31 2026][COMMAND]: sed -i -e '237s:$: if ( ! ( \& ...->msg_control == NULL ) ) { return 0; } :' /effFix-experiment/effFix-benchmark/lxc/null-ptr-5-lxc/src/src/lxc/af_unix.c
[Wed Jan 21 05:12:31 2026][COMMAND]: diff -u /effFix-experiment/effFix-benchmark/lxc/null-ptr-5-lxc/repair/af_unix.c.backup /effFix-experiment/effFix-benchmark/lxc/null-ptr-5-lxc/src/src/lxc/af_unix.c > /effFix-experiment/effFix-benchmark/lxc/null-ptr-5-lxc/repair/8.patch
[Wed Jan 21 05:12:31 2026][COMMAND]: /opt/infer/infer/bin/infer --pulse-only --pulse-max-disjuncts 100 --jobs 32 --reactive --pulse-fix-mode --pulse-fix-file=src/lxc/af_unix.c --pulse-fix-function=lxc_abstract_unix_send_credential -o /effFix-experiment/effFix-benchmark/lxc/null-ptr-5-lxc/repair/infer-out-single -- make -j4
[Wed Jan 21 05:12:32 2026][COMMAND]: sed -i -e '237s:$: cmsg = malloc ( sizeof ( * \& ...->msg_control ) ) ; :' /effFix-experiment/effFix-benchmark/lxc/null-ptr-5-lxc/src/src/lxc/af_unix.c
[Wed Jan 21 05:12:32 2026][COMMAND]: diff -u /effFix-experiment/effFix-benchmark/lxc/null-ptr-5-lxc/repair/af_unix.c.backup /effFix-experiment/effFix-benchmark/lxc/null-ptr-5-lxc/src/src/lxc/af_unix.c > /effFix-experiment/effFix-benchmark/lxc/null-ptr-5-lxc/repair/9.patch
[Wed Jan 21 05:12:32 2026][COMMAND]: /opt/infer/infer/bin/infer --pulse-only --pulse-max-disjuncts 100 --jobs 32 --reactive --pulse-fix-mode --pulse-fix-file=src/lxc/af_unix.c --pulse-fix-function=lxc_abstract_unix_send_credential -o /effFix-experiment/effFix-benchmark/lxc/null-ptr-5-lxc/repair/infer-out-single -- make -j4
[Wed Jan 21 05:12:32 2026][COMMAND]: sed -i -e '237s:^:\& ...->msg_controllen = msg.msg_controllen + \& ...->msg_controllen ;  :' /effFix-experiment/effFix-benchmark/lxc/null-ptr-5-lxc/src/src/lxc/af_unix.c
[Wed Jan 21 05:12:32 2026][COMMAND]: diff -u /effFix-experiment/effFix-benchmark/lxc/null-ptr-5-lxc/repair/af_unix.c.backup /effFix-experiment/effFix-benchmark/lxc/null-ptr-5-lxc/src/src/lxc/af_unix.c > /effFix-experiment/effFix-benchmark/lxc/null-ptr-5-lxc/repair/10.patch
[Wed Jan 21 05:12:32 2026][COMMAND]: /opt/infer/infer/bin/infer --pulse-only --pulse-max-disjuncts 100 --jobs 32 --reactive --pulse-fix-mode --pulse-fix-file=src/lxc/af_unix.c --pulse-fix-function=lxc_abstract_unix_send_credential -o /effFix-experiment/effFix-benchmark/lxc/null-ptr-5-lxc/repair/infer-out-single -- make -j4
[Wed Jan 21 05:12:32 2026][COMMAND]: sed -i -e '237s:^:return NULL ;  :' /effFix-experiment/effFix-benchmark/lxc/null-ptr-5-lxc/src/src/lxc/af_unix.c
[Wed Jan 21 05:12:32 2026][COMMAND]: diff -u /effFix-experiment/effFix-benchmark/lxc/null-ptr-5-lxc/repair/af_unix.c.backup /effFix-experiment/effFix-benchmark/lxc/null-ptr-5-lxc/src/src/lxc/af_unix.c > /effFix-experiment/effFix-benchmark/lxc/null-ptr-5-lxc/repair/11.patch
[Wed Jan 21 05:12:32 2026][COMMAND]: /opt/infer/infer/bin/infer --pulse-only --pulse-max-disjuncts 100 --jobs 32 --reactive --pulse-fix-mode --pulse-fix-file=src/lxc/af_unix.c --pulse-fix-function=lxc_abstract_unix_send_credential -o /effFix-experiment/effFix-benchmark/lxc/null-ptr-5-lxc/repair/infer-out-single -- make -j4
[Wed Jan 21 05:12:32 2026][COMMAND]: sed -i -e '237s:^:if ( ! ( msg.msg_controllen != msg.msg_controllen * msg.msg_controllen ) ) { msg.msg_controllen = msg.msg_controllen + msg.msg_controllen ; msg.msg_control = malloc ( sizeof ( * \& ...->msg_control ) ) ; }  :' /effFix-experiment/effFix-benchmark/lxc/null-ptr-5-lxc/src/src/lxc/af_unix.c
[Wed Jan 21 05:12:32 2026][COMMAND]: diff -u /effFix-experiment/effFix-benchmark/lxc/null-ptr-5-lxc/repair/af_unix.c.backup /effFix-experiment/effFix-benchmark/lxc/null-ptr-5-lxc/src/src/lxc/af_unix.c > /effFix-experiment/effFix-benchmark/lxc/null-ptr-5-lxc/repair/12.patch
[Wed Jan 21 05:12:32 2026][COMMAND]: /opt/infer/infer/bin/infer --pulse-only --pulse-max-disjuncts 100 --jobs 32 --reactive --pulse-fix-mode --pulse-fix-file=src/lxc/af_unix.c --pulse-fix-function=lxc_abstract_unix_send_credential -o /effFix-experiment/effFix-benchmark/lxc/null-ptr-5-lxc/repair/infer-out-single -- make -j4
[Wed Jan 21 05:12:32 2026][COMMAND]: sed -i -e '237s:$: \& ...->msg_controllen = \& ...->msg_controllen ; :' /effFix-experiment/effFix-benchmark/lxc/null-ptr-5-lxc/src/src/lxc/af_unix.c
[Wed Jan 21 05:12:32 2026][COMMAND]: diff -u /effFix-experiment/effFix-benchmark/lxc/null-ptr-5-lxc/repair/af_unix.c.backup /effFix-experiment/effFix-benchmark/lxc/null-ptr-5-lxc/src/src/lxc/af_unix.c > /effFix-experiment/effFix-benchmark/lxc/null-ptr-5-lxc/repair/13.patch
[Wed Jan 21 05:12:32 2026][COMMAND]: /opt/infer/infer/bin/infer --pulse-only --pulse-max-disjuncts 100 --jobs 32 --reactive --pulse-fix-mode --pulse-fix-file=src/lxc/af_unix.c --pulse-fix-function=lxc_abstract_unix_send_credential -o /effFix-experiment/effFix-benchmark/lxc/null-ptr-5-lxc/repair/infer-out-single -- make -j4
[Wed Jan 21 05:12:32 2026][COMMAND]: sed -i -e '237s:$: return NULL ; :' /effFix-experiment/effFix-benchmark/lxc/null-ptr-5-lxc/src/src/lxc/af_unix.c
[Wed Jan 21 05:12:32 2026][COMMAND]: diff -u /effFix-experiment/effFix-benchmark/lxc/null-ptr-5-lxc/repair/af_unix.c.backup /effFix-experiment/effFix-benchmark/lxc/null-ptr-5-lxc/src/src/lxc/af_unix.c > /effFix-experiment/effFix-benchmark/lxc/null-ptr-5-lxc/repair/14.patch
[Wed Jan 21 05:12:32 2026][COMMAND]: /opt/infer/infer/bin/infer --pulse-only --pulse-max-disjuncts 100 --jobs 32 --reactive --pulse-fix-mode --pulse-fix-file=src/lxc/af_unix.c --pulse-fix-function=lxc_abstract_unix_send_credential -o /effFix-experiment/effFix-benchmark/lxc/null-ptr-5-lxc/repair/infer-out-single -- make -j4
[Wed Jan 21 05:12:32 2026][COMMAND]: sed -i -e '237s:$: return cmsg ; if ( cmsg != \& ...->msg_control || msg.msg_controllen * msg.msg_controllen != msg.msg_controllen ) { return cmsg ; } :' /effFix-experiment/effFix-benchmark/lxc/null-ptr-5-lxc/src/src/lxc/af_unix.c
[Wed Jan 21 05:12:32 2026][COMMAND]: diff -u /effFix-experiment/effFix-benchmark/lxc/null-ptr-5-lxc/repair/af_unix.c.backup /effFix-experiment/effFix-benchmark/lxc/null-ptr-5-lxc/src/src/lxc/af_unix.c > /effFix-experiment/effFix-benchmark/lxc/null-ptr-5-lxc/repair/15.patch
[Wed Jan 21 05:12:32 2026][COMMAND]: /opt/infer/infer/bin/infer --pulse-only --pulse-max-disjuncts 100 --jobs 32 --reactive --pulse-fix-mode --pulse-fix-file=src/lxc/af_unix.c --pulse-fix-function=lxc_abstract_unix_send_credential -o /effFix-experiment/effFix-benchmark/lxc/null-ptr-5-lxc/repair/infer-out-single -- make -j4
[Wed Jan 21 05:12:32 2026][COMMAND]: sed -i -e '237s:^:return 0;  :' /effFix-experiment/effFix-benchmark/lxc/null-ptr-5-lxc/src/src/lxc/af_unix.c
[Wed Jan 21 05:12:32 2026][COMMAND]: diff -u /effFix-experiment/effFix-benchmark/lxc/null-ptr-5-lxc/repair/af_unix.c.backup /effFix-experiment/effFix-benchmark/lxc/null-ptr-5-lxc/src/src/lxc/af_unix.c > /effFix-experiment/effFix-benchmark/lxc/null-ptr-5-lxc/repair/16.patch
[Wed Jan 21 05:12:32 2026][COMMAND]: /opt/infer/infer/bin/infer --pulse-only --pulse-max-disjuncts 100 --jobs 32 --reactive --pulse-fix-mode --pulse-fix-file=src/lxc/af_unix.c --pulse-fix-function=lxc_abstract_unix_send_credential -o /effFix-experiment/effFix-benchmark/lxc/null-ptr-5-lxc/repair/infer-out-single -- make -j4
[Wed Jan 21 05:12:32 2026][COMMAND]: sed -i -e '237s:^:return cmsg ;  :' /effFix-experiment/effFix-benchmark/lxc/null-ptr-5-lxc/src/src/lxc/af_unix.c
[Wed Jan 21 05:12:32 2026][COMMAND]: diff -u /effFix-experiment/effFix-benchmark/lxc/null-ptr-5-lxc/repair/af_unix.c.backup /effFix-experiment/effFix-benchmark/lxc/null-ptr-5-lxc/src/src/lxc/af_unix.c > /effFix-experiment/effFix-benchmark/lxc/null-ptr-5-lxc/repair/17.patch
[Wed Jan 21 05:12:32 2026][COMMAND]: /opt/infer/infer/bin/infer --pulse-only --pulse-max-disjuncts 100 --jobs 32 --reactive --pulse-fix-mode --pulse-fix-file=src/lxc/af_unix.c --pulse-fix-function=lxc_abstract_unix_send_credential -o /effFix-experiment/effFix-benchmark/lxc/null-ptr-5-lxc/repair/infer-out-single -- make -j4
[Wed Jan 21 05:12:32 2026][COMMAND]: sed -i -e '237s:$: return call to sendmsg; \& ...->msg_controllen = \& ...->msg_controllen ; :' /effFix-experiment/effFix-benchmark/lxc/null-ptr-5-lxc/src/src/lxc/af_unix.c
[Wed Jan 21 05:12:32 2026][COMMAND]: diff -u /effFix-experiment/effFix-benchmark/lxc/null-ptr-5-lxc/repair/af_unix.c.backup /effFix-experiment/effFix-benchmark/lxc/null-ptr-5-lxc/src/src/lxc/af_unix.c > /effFix-experiment/effFix-benchmark/lxc/null-ptr-5-lxc/repair/18.patch
[Wed Jan 21 05:12:32 2026][COMMAND]: /opt/infer/infer/bin/infer --pulse-only --pulse-max-disjuncts 100 --jobs 32 --reactive --pulse-fix-mode --pulse-fix-file=src/lxc/af_unix.c --pulse-fix-function=lxc_abstract_unix_send_credential -o /effFix-experiment/effFix-benchmark/lxc/null-ptr-5-lxc/repair/infer-out-single -- make -j4
[Wed Jan 21 05:12:33 2026][COMMAND]: sed -i -e '237s:$: return call to sendmsg; :' /effFix-experiment/effFix-benchmark/lxc/null-ptr-5-lxc/src/src/lxc/af_unix.c
[Wed Jan 21 05:12:33 2026][COMMAND]: diff -u /effFix-experiment/effFix-benchmark/lxc/null-ptr-5-lxc/repair/af_unix.c.backup /effFix-experiment/effFix-benchmark/lxc/null-ptr-5-lxc/src/src/lxc/af_unix.c > /effFix-experiment/effFix-benchmark/lxc/null-ptr-5-lxc/repair/19.patch
[Wed Jan 21 05:12:33 2026][COMMAND]: /opt/infer/infer/bin/infer --pulse-only --pulse-max-disjuncts 100 --jobs 32 --reactive --pulse-fix-mode --pulse-fix-file=src/lxc/af_unix.c --pulse-fix-function=lxc_abstract_unix_send_credential -o /effFix-experiment/effFix-benchmark/lxc/null-ptr-5-lxc/repair/infer-out-single -- make -j4
[Wed Jan 21 05:12:33 2026][COMMAND]: sed -i -e '237s:^:\& ...->msg_controllen = msg.msg_controllen - msg.msg_controllen ;  :' /effFix-experiment/effFix-benchmark/lxc/null-ptr-5-lxc/src/src/lxc/af_unix.c
[Wed Jan 21 05:12:33 2026][COMMAND]: diff -u /effFix-experiment/effFix-benchmark/lxc/null-ptr-5-lxc/repair/af_unix.c.backup /effFix-experiment/effFix-benchmark/lxc/null-ptr-5-lxc/src/src/lxc/af_unix.c > /effFix-experiment/effFix-benchmark/lxc/null-ptr-5-lxc/repair/20.patch
[Wed Jan 21 05:12:33 2026][COMMAND]: /opt/infer/infer/bin/infer --pulse-only --pulse-max-disjuncts 100 --jobs 32 --reactive --pulse-fix-mode --pulse-fix-file=src/lxc/af_unix.c --pulse-fix-function=lxc_abstract_unix_send_credential -o /effFix-experiment/effFix-benchmark/lxc/null-ptr-5-lxc/repair/infer-out-single -- make -j4
[Wed Jan 21 05:12:33 2026][COMMAND]: sed -i -e '237s:$: cmsg = malloc ( sizeof ( * msg.msg_control ) ) ; :' /effFix-experiment/effFix-benchmark/lxc/null-ptr-5-lxc/src/src/lxc/af_unix.c
[Wed Jan 21 05:12:33 2026][COMMAND]: diff -u /effFix-experiment/effFix-benchmark/lxc/null-ptr-5-lxc/repair/af_unix.c.backup /effFix-experiment/effFix-benchmark/lxc/null-ptr-5-lxc/src/src/lxc/af_unix.c > /effFix-experiment/effFix-benchmark/lxc/null-ptr-5-lxc/repair/21.patch
[Wed Jan 21 05:12:33 2026][COMMAND]: /opt/infer/infer/bin/infer --pulse-only --pulse-max-disjuncts 100 --jobs 32 --reactive --pulse-fix-mode --pulse-fix-file=src/lxc/af_unix.c --pulse-fix-function=lxc_abstract_unix_send_credential -o /effFix-experiment/effFix-benchmark/lxc/null-ptr-5-lxc/repair/infer-out-single -- make -j4
[Wed Jan 21 05:12:33 2026][COMMAND]: sed -i -e '237s:^:return call to sendmsg; free ( cmsg ) ;  :' /effFix-experiment/effFix-benchmark/lxc/null-ptr-5-lxc/src/src/lxc/af_unix.c
[Wed Jan 21 05:12:33 2026][COMMAND]: diff -u /effFix-experiment/effFix-benchmark/lxc/null-ptr-5-lxc/repair/af_unix.c.backup /effFix-experiment/effFix-benchmark/lxc/null-ptr-5-lxc/src/src/lxc/af_unix.c > /effFix-experiment/effFix-benchmark/lxc/null-ptr-5-lxc/repair/22.patch
[Wed Jan 21 05:12:33 2026][COMMAND]: /opt/infer/infer/bin/infer --pulse-only --pulse-max-disjuncts 100 --jobs 32 --reactive --pulse-fix-mode --pulse-fix-file=src/lxc/af_unix.c --pulse-fix-function=lxc_abstract_unix_send_credential -o /effFix-experiment/effFix-benchmark/lxc/null-ptr-5-lxc/repair/infer-out-single -- make -j4
[Wed Jan 21 05:12:33 2026][COMMAND]: sed -i -e '237s:^:msg.msg_control = malloc ( sizeof ( * msg.msg_control ) ) ;  :' /effFix-experiment/effFix-benchmark/lxc/null-ptr-5-lxc/src/src/lxc/af_unix.c
[Wed Jan 21 05:12:33 2026][COMMAND]: diff -u /effFix-experiment/effFix-benchmark/lxc/null-ptr-5-lxc/repair/af_unix.c.backup /effFix-experiment/effFix-benchmark/lxc/null-ptr-5-lxc/src/src/lxc/af_unix.c > /effFix-experiment/effFix-benchmark/lxc/null-ptr-5-lxc/repair/23.patch
[Wed Jan 21 05:12:33 2026][COMMAND]: /opt/infer/infer/bin/infer --pulse-only --pulse-max-disjuncts 100 --jobs 32 --reactive --pulse-fix-mode --pulse-fix-file=src/lxc/af_unix.c --pulse-fix-function=lxc_abstract_unix_send_credential -o /effFix-experiment/effFix-benchmark/lxc/null-ptr-5-lxc/repair/infer-out-single -- make -j4
[Wed Jan 21 05:12:33 2026][COMMAND]: sed -i -e '237s:^:\& ...->msg_controllen = msg.msg_controllen + msg.msg_controllen ;  :' /effFix-experiment/effFix-benchmark/lxc/null-ptr-5-lxc/src/src/lxc/af_unix.c
[Wed Jan 21 05:12:33 2026][COMMAND]: diff -u /effFix-experiment/effFix-benchmark/lxc/null-ptr-5-lxc/repair/af_unix.c.backup /effFix-experiment/effFix-benchmark/lxc/null-ptr-5-lxc/src/src/lxc/af_unix.c > /effFix-experiment/effFix-benchmark/lxc/null-ptr-5-lxc/repair/24.patch
[Wed Jan 21 05:12:33 2026][COMMAND]: /opt/infer/infer/bin/infer --pulse-only --pulse-max-disjuncts 100 --jobs 32 --reactive --pulse-fix-mode --pulse-fix-file=src/lxc/af_unix.c --pulse-fix-function=lxc_abstract_unix_send_credential -o /effFix-experiment/effFix-benchmark/lxc/null-ptr-5-lxc/repair/infer-out-single -- make -j4
[Wed Jan 21 05:12:33 2026][COMMAND]: sed -i -e '237s:$: return 0; :' /effFix-experiment/effFix-benchmark/lxc/null-ptr-5-lxc/src/src/lxc/af_unix.c
[Wed Jan 21 05:12:33 2026][COMMAND]: diff -u /effFix-experiment/effFix-benchmark/lxc/null-ptr-5-lxc/repair/af_unix.c.backup /effFix-experiment/effFix-benchmark/lxc/null-ptr-5-lxc/src/src/lxc/af_unix.c > /effFix-experiment/effFix-benchmark/lxc/null-ptr-5-lxc/repair/25.patch
[Wed Jan 21 05:12:33 2026][COMMAND]: /opt/infer/infer/bin/infer --pulse-only --pulse-max-disjuncts 100 --jobs 32 --reactive --pulse-fix-mode --pulse-fix-file=src/lxc/af_unix.c --pulse-fix-function=lxc_abstract_unix_send_credential -o /effFix-experiment/effFix-benchmark/lxc/null-ptr-5-lxc/repair/infer-out-single -- make -j4
[Wed Jan 21 05:12:33 2026][COMMAND]: sed -i -e '237s:^:return call to sendmsg;  :' /effFix-experiment/effFix-benchmark/lxc/null-ptr-5-lxc/src/src/lxc/af_unix.c
[Wed Jan 21 05:12:33 2026][COMMAND]: diff -u /effFix-experiment/effFix-benchmark/lxc/null-ptr-5-lxc/repair/af_unix.c.backup /effFix-experiment/effFix-benchmark/lxc/null-ptr-5-lxc/src/src/lxc/af_unix.c > /effFix-experiment/effFix-benchmark/lxc/null-ptr-5-lxc/repair/26.patch
[Wed Jan 21 05:12:33 2026][COMMAND]: /opt/infer/infer/bin/infer --pulse-only --pulse-max-disjuncts 100 --jobs 32 --reactive --pulse-fix-mode --pulse-fix-file=src/lxc/af_unix.c --pulse-fix-function=lxc_abstract_unix_send_credential -o /effFix-experiment/effFix-benchmark/lxc/null-ptr-5-lxc/repair/infer-out-single -- make -j4
[Wed Jan 21 05:12:33 2026][COMMAND]: sed -i -e '237s:$: if ( msg.msg_control != NULL \&\& cmsg != \& ...->msg_control ) { free ( msg.msg_control ) ; } \& ...->msg_controllen = msg.msg_controllen ; :' /effFix-experiment/effFix-benchmark/lxc/null-ptr-5-lxc/src/src/lxc/af_unix.c
[Wed Jan 21 05:12:33 2026][COMMAND]: diff -u /effFix-experiment/effFix-benchmark/lxc/null-ptr-5-lxc/repair/af_unix.c.backup /effFix-experiment/effFix-benchmark/lxc/null-ptr-5-lxc/src/src/lxc/af_unix.c > /effFix-experiment/effFix-benchmark/lxc/null-ptr-5-lxc/repair/27.patch
[Wed Jan 21 05:12:33 2026][COMMAND]: /opt/infer/infer/bin/infer --pulse-only --pulse-max-disjuncts 100 --jobs 32 --reactive --pulse-fix-mode --pulse-fix-file=src/lxc/af_unix.c --pulse-fix-function=lxc_abstract_unix_send_credential -o /effFix-experiment/effFix-benchmark/lxc/null-ptr-5-lxc/repair/infer-out-single -- make -j4
[Wed Jan 21 05:12:33 2026][COMMAND]: sed -i -e '237s:$: \& ...->msg_control = malloc ( sizeof ( * cmsg ) ) ; :' /effFix-experiment/effFix-benchmark/lxc/null-ptr-5-lxc/src/src/lxc/af_unix.c
[Wed Jan 21 05:12:33 2026][COMMAND]: diff -u /effFix-experiment/effFix-benchmark/lxc/null-ptr-5-lxc/repair/af_unix.c.backup /effFix-experiment/effFix-benchmark/lxc/null-ptr-5-lxc/src/src/lxc/af_unix.c > /effFix-experiment/effFix-benchmark/lxc/null-ptr-5-lxc/repair/28.patch
[Wed Jan 21 05:12:33 2026][COMMAND]: /opt/infer/infer/bin/infer --pulse-only --pulse-max-disjuncts 100 --jobs 32 --reactive --pulse-fix-mode --pulse-fix-file=src/lxc/af_unix.c --pulse-fix-function=lxc_abstract_unix_send_credential -o /effFix-experiment/effFix-benchmark/lxc/null-ptr-5-lxc/repair/infer-out-single -- make -j4
[Wed Jan 21 05:12:34 2026][COMMAND]: sed -i -e '237s:^:msg.msg_controllen = \& ...->msg_controllen ;  :' /effFix-experiment/effFix-benchmark/lxc/null-ptr-5-lxc/src/src/lxc/af_unix.c
[Wed Jan 21 05:12:34 2026][COMMAND]: diff -u /effFix-experiment/effFix-benchmark/lxc/null-ptr-5-lxc/repair/af_unix.c.backup /effFix-experiment/effFix-benchmark/lxc/null-ptr-5-lxc/src/src/lxc/af_unix.c > /effFix-experiment/effFix-benchmark/lxc/null-ptr-5-lxc/repair/29.patch
[Wed Jan 21 05:12:34 2026][COMMAND]: /opt/infer/infer/bin/infer --pulse-only --pulse-max-disjuncts 100 --jobs 32 --reactive --pulse-fix-mode --pulse-fix-file=src/lxc/af_unix.c --pulse-fix-function=lxc_abstract_unix_send_credential -o /effFix-experiment/effFix-benchmark/lxc/null-ptr-5-lxc/repair/infer-out-single -- make -j4
[Wed Jan 21 05:12:34 2026][COMMAND]: sed -i -e '237s:^:return cmsg ; msg.msg_controllen = msg.msg_controllen - \& ...->msg_controllen ;  :' /effFix-experiment/effFix-benchmark/lxc/null-ptr-5-lxc/src/src/lxc/af_unix.c
[Wed Jan 21 05:12:34 2026][COMMAND]: diff -u /effFix-experiment/effFix-benchmark/lxc/null-ptr-5-lxc/repair/af_unix.c.backup /effFix-experiment/effFix-benchmark/lxc/null-ptr-5-lxc/src/src/lxc/af_unix.c > /effFix-experiment/effFix-benchmark/lxc/null-ptr-5-lxc/repair/30.patch
[Wed Jan 21 05:12:34 2026][COMMAND]: /opt/infer/infer/bin/infer --pulse-only --pulse-max-disjuncts 100 --jobs 32 --reactive --pulse-fix-mode --pulse-fix-file=src/lxc/af_unix.c --pulse-fix-function=lxc_abstract_unix_send_credential -o /effFix-experiment/effFix-benchmark/lxc/null-ptr-5-lxc/repair/infer-out-single -- make -j4
[Wed Jan 21 05:12:34 2026][COMMAND]: sed -i -e '237s:$: free ( msg.msg_control ) ; :' /effFix-experiment/effFix-benchmark/lxc/null-ptr-5-lxc/src/src/lxc/af_unix.c
[Wed Jan 21 05:12:34 2026][COMMAND]: diff -u /effFix-experiment/effFix-benchmark/lxc/null-ptr-5-lxc/repair/af_unix.c.backup /effFix-experiment/effFix-benchmark/lxc/null-ptr-5-lxc/src/src/lxc/af_unix.c > /effFix-experiment/effFix-benchmark/lxc/null-ptr-5-lxc/repair/31.patch
[Wed Jan 21 05:12:34 2026][COMMAND]: /opt/infer/infer/bin/infer --pulse-only --pulse-max-disjuncts 100 --jobs 32 --reactive --pulse-fix-mode --pulse-fix-file=src/lxc/af_unix.c --pulse-fix-function=lxc_abstract_unix_send_credential -o /effFix-experiment/effFix-benchmark/lxc/null-ptr-5-lxc/repair/infer-out-single -- make -j4
[Wed Jan 21 05:12:34 2026][COMMAND]: sed -i -e '237s:^:if ( ! ( cmsg == cmsg ) ) { msg.msg_controllen = \& ...->msg_controllen ; }  :' /effFix-experiment/effFix-benchmark/lxc/null-ptr-5-lxc/src/src/lxc/af_unix.c
[Wed Jan 21 05:12:34 2026][COMMAND]: diff -u /effFix-experiment/effFix-benchmark/lxc/null-ptr-5-lxc/repair/af_unix.c.backup /effFix-experiment/effFix-benchmark/lxc/null-ptr-5-lxc/src/src/lxc/af_unix.c > /effFix-experiment/effFix-benchmark/lxc/null-ptr-5-lxc/repair/32.patch
[Wed Jan 21 05:12:34 2026][COMMAND]: /opt/infer/infer/bin/infer --pulse-only --pulse-max-disjuncts 100 --jobs 32 --reactive --pulse-fix-mode --pulse-fix-file=src/lxc/af_unix.c --pulse-fix-function=lxc_abstract_unix_send_credential -o /effFix-experiment/effFix-benchmark/lxc/null-ptr-5-lxc/repair/infer-out-single -- make -j4
[Wed Jan 21 05:12:34 2026][COMMAND]: sed -i -e '237s:^:if ( \& ...->msg_controllen + msg.msg_controllen >= 0 ) { return NULL ; } return NULL ;  :' /effFix-experiment/effFix-benchmark/lxc/null-ptr-5-lxc/src/src/lxc/af_unix.c
[Wed Jan 21 05:12:34 2026][COMMAND]: diff -u /effFix-experiment/effFix-benchmark/lxc/null-ptr-5-lxc/repair/af_unix.c.backup /effFix-experiment/effFix-benchmark/lxc/null-ptr-5-lxc/src/src/lxc/af_unix.c > /effFix-experiment/effFix-benchmark/lxc/null-ptr-5-lxc/repair/33.patch
[Wed Jan 21 05:12:34 2026][COMMAND]: /opt/infer/infer/bin/infer --pulse-only --pulse-max-disjuncts 100 --jobs 32 --reactive --pulse-fix-mode --pulse-fix-file=src/lxc/af_unix.c --pulse-fix-function=lxc_abstract_unix_send_credential -o /effFix-experiment/effFix-benchmark/lxc/null-ptr-5-lxc/repair/infer-out-single -- make -j4
[Wed Jan 21 05:12:34 2026][COMMAND]: sed -i -e '237s:^:msg.msg_controllen = msg.msg_controllen ;  :' /effFix-experiment/effFix-benchmark/lxc/null-ptr-5-lxc/src/src/lxc/af_unix.c
[Wed Jan 21 05:12:34 2026][COMMAND]: diff -u /effFix-experiment/effFix-benchmark/lxc/null-ptr-5-lxc/repair/af_unix.c.backup /effFix-experiment/effFix-benchmark/lxc/null-ptr-5-lxc/src/src/lxc/af_unix.c > /effFix-experiment/effFix-benchmark/lxc/null-ptr-5-lxc/repair/34.patch
[Wed Jan 21 05:12:34 2026][COMMAND]: /opt/infer/infer/bin/infer --pulse-only --pulse-max-disjuncts 100 --jobs 32 --reactive --pulse-fix-mode --pulse-fix-file=src/lxc/af_unix.c --pulse-fix-function=lxc_abstract_unix_send_credential -o /effFix-experiment/effFix-benchmark/lxc/null-ptr-5-lxc/repair/infer-out-single -- make -j4
[Wed Jan 21 05:12:34 2026][COMMAND]: sed -i -e '237s:$: msg.msg_controllen = msg.msg_controllen / msg.msg_controllen ; :' /effFix-experiment/effFix-benchmark/lxc/null-ptr-5-lxc/src/src/lxc/af_unix.c
[Wed Jan 21 05:12:34 2026][COMMAND]: diff -u /effFix-experiment/effFix-benchmark/lxc/null-ptr-5-lxc/repair/af_unix.c.backup /effFix-experiment/effFix-benchmark/lxc/null-ptr-5-lxc/src/src/lxc/af_unix.c > /effFix-experiment/effFix-benchmark/lxc/null-ptr-5-lxc/repair/35.patch
[Wed Jan 21 05:12:34 2026][COMMAND]: /opt/infer/infer/bin/infer --pulse-only --pulse-max-disjuncts 100 --jobs 32 --reactive --pulse-fix-mode --pulse-fix-file=src/lxc/af_unix.c --pulse-fix-function=lxc_abstract_unix_send_credential -o /effFix-experiment/effFix-benchmark/lxc/null-ptr-5-lxc/repair/infer-out-single -- make -j4
[Wed Jan 21 05:12:34 2026][COMMAND]: sed -i -e '237s:$: if ( msg.msg_controllen != 0 \&\& msg.msg_controllen == msg.msg_controllen / \& ...->msg_controllen ) { free ( msg.msg_control ) ; msg.msg_controllen = \& ...->msg_controllen ; } :' /effFix-experiment/effFix-benchmark/lxc/null-ptr-5-lxc/src/src/lxc/af_unix.c
[Wed Jan 21 05:12:34 2026][COMMAND]: diff -u /effFix-experiment/effFix-benchmark/lxc/null-ptr-5-lxc/repair/af_unix.c.backup /effFix-experiment/effFix-benchmark/lxc/null-ptr-5-lxc/src/src/lxc/af_unix.c > /effFix-experiment/effFix-benchmark/lxc/null-ptr-5-lxc/repair/36.patch
[Wed Jan 21 05:12:34 2026][COMMAND]: /opt/infer/infer/bin/infer --pulse-only --pulse-max-disjuncts 100 --jobs 32 --reactive --pulse-fix-mode --pulse-fix-file=src/lxc/af_unix.c --pulse-fix-function=lxc_abstract_unix_send_credential -o /effFix-experiment/effFix-benchmark/lxc/null-ptr-5-lxc/repair/infer-out-single -- make -j4
[Wed Jan 21 05:12:34 2026][COMMAND]: sed -i -e '237s:^:\& ...->msg_controllen = \& ...->msg_controllen * msg.msg_controllen ;  :' /effFix-experiment/effFix-benchmark/lxc/null-ptr-5-lxc/src/src/lxc/af_unix.c
[Wed Jan 21 05:12:34 2026][COMMAND]: diff -u /effFix-experiment/effFix-benchmark/lxc/null-ptr-5-lxc/repair/af_unix.c.backup /effFix-experiment/effFix-benchmark/lxc/null-ptr-5-lxc/src/src/lxc/af_unix.c > /effFix-experiment/effFix-benchmark/lxc/null-ptr-5-lxc/repair/37.patch
[Wed Jan 21 05:12:34 2026][COMMAND]: /opt/infer/infer/bin/infer --pulse-only --pulse-max-disjuncts 100 --jobs 32 --reactive --pulse-fix-mode --pulse-fix-file=src/lxc/af_unix.c --pulse-fix-function=lxc_abstract_unix_send_credential -o /effFix-experiment/effFix-benchmark/lxc/null-ptr-5-lxc/repair/infer-out-single -- make -j4
[Wed Jan 21 05:12:34 2026][COMMAND]: sed -i -e '237s:$: if ( msg.msg_controllen != 0 || \& ...->msg_controllen + msg.msg_controllen == msg.msg_controllen - \& ...->msg_controllen ) { return NULL ; \& ...->msg_control = NULL ; } :' /effFix-experiment/effFix-benchmark/lxc/null-ptr-5-lxc/src/src/lxc/af_unix.c
[Wed Jan 21 05:12:35 2026][COMMAND]: diff -u /effFix-experiment/effFix-benchmark/lxc/null-ptr-5-lxc/repair/af_unix.c.backup /effFix-experiment/effFix-benchmark/lxc/null-ptr-5-lxc/src/src/lxc/af_unix.c > /effFix-experiment/effFix-benchmark/lxc/null-ptr-5-lxc/repair/38.patch
[Wed Jan 21 05:12:35 2026][COMMAND]: /opt/infer/infer/bin/infer --pulse-only --pulse-max-disjuncts 100 --jobs 32 --reactive --pulse-fix-mode --pulse-fix-file=src/lxc/af_unix.c --pulse-fix-function=lxc_abstract_unix_send_credential -o /effFix-experiment/effFix-benchmark/lxc/null-ptr-5-lxc/repair/infer-out-single -- make -j4
[Wed Jan 21 05:12:35 2026][COMMAND]: sed -i -e '237s:^:msg.msg_controllen = \& ...->msg_controllen / \& ...->msg_controllen ;  :' /effFix-experiment/effFix-benchmark/lxc/null-ptr-5-lxc/src/src/lxc/af_unix.c
[Wed Jan 21 05:12:35 2026][COMMAND]: diff -u /effFix-experiment/effFix-benchmark/lxc/null-ptr-5-lxc/repair/af_unix.c.backup /effFix-experiment/effFix-benchmark/lxc/null-ptr-5-lxc/src/src/lxc/af_unix.c > /effFix-experiment/effFix-benchmark/lxc/null-ptr-5-lxc/repair/39.patch
[Wed Jan 21 05:12:35 2026][COMMAND]: /opt/infer/infer/bin/infer --pulse-only --pulse-max-disjuncts 100 --jobs 32 --reactive --pulse-fix-mode --pulse-fix-file=src/lxc/af_unix.c --pulse-fix-function=lxc_abstract_unix_send_credential -o /effFix-experiment/effFix-benchmark/lxc/null-ptr-5-lxc/repair/infer-out-single -- make -j4
[Wed Jan 21 05:12:35 2026][COMMAND]: sed -i -e '237s:^:if ( \& ...->msg_control == NULL ) { \& ...->msg_control = NULL ; }  :' /effFix-experiment/effFix-benchmark/lxc/null-ptr-5-lxc/src/src/lxc/af_unix.c
[Wed Jan 21 05:12:35 2026][COMMAND]: diff -u /effFix-experiment/effFix-benchmark/lxc/null-ptr-5-lxc/repair/af_unix.c.backup /effFix-experiment/effFix-benchmark/lxc/null-ptr-5-lxc/src/src/lxc/af_unix.c > /effFix-experiment/effFix-benchmark/lxc/null-ptr-5-lxc/repair/40.patch
[Wed Jan 21 05:12:35 2026][COMMAND]: /opt/infer/infer/bin/infer --pulse-only --pulse-max-disjuncts 100 --jobs 32 --reactive --pulse-fix-mode --pulse-fix-file=src/lxc/af_unix.c --pulse-fix-function=lxc_abstract_unix_send_credential -o /effFix-experiment/effFix-benchmark/lxc/null-ptr-5-lxc/repair/infer-out-single -- make -j4
[Wed Jan 21 05:12:35 2026][COMMAND]: sed -i -e '237s:^:if ( msg.msg_controllen >= \& ...->msg_controllen \&\& msg.msg_control == cmsg ) { msg.msg_control = msg.msg_control ; }  :' /effFix-experiment/effFix-benchmark/lxc/null-ptr-5-lxc/src/src/lxc/af_unix.c
[Wed Jan 21 05:12:35 2026][COMMAND]: diff -u /effFix-experiment/effFix-benchmark/lxc/null-ptr-5-lxc/repair/af_unix.c.backup /effFix-experiment/effFix-benchmark/lxc/null-ptr-5-lxc/src/src/lxc/af_unix.c > /effFix-experiment/effFix-benchmark/lxc/null-ptr-5-lxc/repair/41.patch
[Wed Jan 21 05:12:35 2026][COMMAND]: /opt/infer/infer/bin/infer --pulse-only --pulse-max-disjuncts 100 --jobs 32 --reactive --pulse-fix-mode --pulse-fix-file=src/lxc/af_unix.c --pulse-fix-function=lxc_abstract_unix_send_credential -o /effFix-experiment/effFix-benchmark/lxc/null-ptr-5-lxc/repair/infer-out-single -- make -j4
[Wed Jan 21 05:12:35 2026][COMMAND]: sed -i -e '237s:^:free ( \& ...->msg_control ) ;  :' /effFix-experiment/effFix-benchmark/lxc/null-ptr-5-lxc/src/src/lxc/af_unix.c
[Wed Jan 21 05:12:35 2026][COMMAND]: diff -u /effFix-experiment/effFix-benchmark/lxc/null-ptr-5-lxc/repair/af_unix.c.backup /effFix-experiment/effFix-benchmark/lxc/null-ptr-5-lxc/src/src/lxc/af_unix.c > /effFix-experiment/effFix-benchmark/lxc/null-ptr-5-lxc/repair/42.patch
[Wed Jan 21 05:12:35 2026][COMMAND]: /opt/infer/infer/bin/infer --pulse-only --pulse-max-disjuncts 100 --jobs 32 --reactive --pulse-fix-mode --pulse-fix-file=src/lxc/af_unix.c --pulse-fix-function=lxc_abstract_unix_send_credential -o /effFix-experiment/effFix-benchmark/lxc/null-ptr-5-lxc/repair/infer-out-single -- make -j4
[Wed Jan 21 05:12:35 2026][COMMAND]: sed -i -e '237s:$: \& ...->msg_controllen = msg.msg_controllen ; :' /effFix-experiment/effFix-benchmark/lxc/null-ptr-5-lxc/src/src/lxc/af_unix.c
[Wed Jan 21 05:12:35 2026][COMMAND]: diff -u /effFix-experiment/effFix-benchmark/lxc/null-ptr-5-lxc/repair/af_unix.c.backup /effFix-experiment/effFix-benchmark/lxc/null-ptr-5-lxc/src/src/lxc/af_unix.c > /effFix-experiment/effFix-benchmark/lxc/null-ptr-5-lxc/repair/43.patch
[Wed Jan 21 05:12:35 2026][COMMAND]: /opt/infer/infer/bin/infer --pulse-only --pulse-max-disjuncts 100 --jobs 32 --reactive --pulse-fix-mode --pulse-fix-file=src/lxc/af_unix.c --pulse-fix-function=lxc_abstract_unix_send_credential -o /effFix-experiment/effFix-benchmark/lxc/null-ptr-5-lxc/repair/infer-out-single -- make -j4
[Wed Jan 21 05:12:35 2026][COMMAND]: sed -i -e '237s:^:\& ...->msg_controllen = msg.msg_controllen ;  :' /effFix-experiment/effFix-benchmark/lxc/null-ptr-5-lxc/src/src/lxc/af_unix.c
[Wed Jan 21 05:12:35 2026][COMMAND]: diff -u /effFix-experiment/effFix-benchmark/lxc/null-ptr-5-lxc/repair/af_unix.c.backup /effFix-experiment/effFix-benchmark/lxc/null-ptr-5-lxc/src/src/lxc/af_unix.c > /effFix-experiment/effFix-benchmark/lxc/null-ptr-5-lxc/repair/44.patch
[Wed Jan 21 05:12:35 2026][COMMAND]: /opt/infer/infer/bin/infer --pulse-only --pulse-max-disjuncts 100 --jobs 32 --reactive --pulse-fix-mode --pulse-fix-file=src/lxc/af_unix.c --pulse-fix-function=lxc_abstract_unix_send_credential -o /effFix-experiment/effFix-benchmark/lxc/null-ptr-5-lxc/repair/infer-out-single -- make -j4
[Wed Jan 21 05:12:35 2026][COMMAND]: sed -i -e '237s:^:if ( msg.msg_controllen - msg.msg_controllen != msg.msg_controllen * \& ...->msg_controllen ) { return call to sendmsg; }  :' /effFix-experiment/effFix-benchmark/lxc/null-ptr-5-lxc/src/src/lxc/af_unix.c
[Wed Jan 21 05:12:35 2026][COMMAND]: diff -u /effFix-experiment/effFix-benchmark/lxc/null-ptr-5-lxc/repair/af_unix.c.backup /effFix-experiment/effFix-benchmark/lxc/null-ptr-5-lxc/src/src/lxc/af_unix.c > /effFix-experiment/effFix-benchmark/lxc/null-ptr-5-lxc/repair/45.patch
[Wed Jan 21 05:12:35 2026][COMMAND]: /opt/infer/infer/bin/infer --pulse-only --pulse-max-disjuncts 100 --jobs 32 --reactive --pulse-fix-mode --pulse-fix-file=src/lxc/af_unix.c --pulse-fix-function=lxc_abstract_unix_send_credential -o /effFix-experiment/effFix-benchmark/lxc/null-ptr-5-lxc/repair/infer-out-single -- make -j4
[Wed Jan 21 05:12:35 2026][COMMAND]: sed -i -e '237s:$: free ( \& ...->msg_control ) ; :' /effFix-experiment/effFix-benchmark/lxc/null-ptr-5-lxc/src/src/lxc/af_unix.c
[Wed Jan 21 05:12:35 2026][COMMAND]: diff -u /effFix-experiment/effFix-benchmark/lxc/null-ptr-5-lxc/repair/af_unix.c.backup /effFix-experiment/effFix-benchmark/lxc/null-ptr-5-lxc/src/src/lxc/af_unix.c > /effFix-experiment/effFix-benchmark/lxc/null-ptr-5-lxc/repair/46.patch
[Wed Jan 21 05:12:35 2026][COMMAND]: /opt/infer/infer/bin/infer --pulse-only --pulse-max-disjuncts 100 --jobs 32 --reactive --pulse-fix-mode --pulse-fix-file=src/lxc/af_unix.c --pulse-fix-function=lxc_abstract_unix_send_credential -o /effFix-experiment/effFix-benchmark/lxc/null-ptr-5-lxc/repair/infer-out-single -- make -j4
[Wed Jan 21 05:12:35 2026][COMMAND]: sed -i -e '237s:$: if ( msg.msg_controllen * msg.msg_controllen != \& ...->msg_controllen ) { return msg.msg_control ; \& ...->msg_controllen = msg.msg_controllen ; } :' /effFix-experiment/effFix-benchmark/lxc/null-ptr-5-lxc/src/src/lxc/af_unix.c
[Wed Jan 21 05:12:35 2026][COMMAND]: diff -u /effFix-experiment/effFix-benchmark/lxc/null-ptr-5-lxc/repair/af_unix.c.backup /effFix-experiment/effFix-benchmark/lxc/null-ptr-5-lxc/src/src/lxc/af_unix.c > /effFix-experiment/effFix-benchmark/lxc/null-ptr-5-lxc/repair/47.patch
[Wed Jan 21 05:12:36 2026][COMMAND]: /opt/infer/infer/bin/infer --pulse-only --pulse-max-disjuncts 100 --jobs 32 --reactive --pulse-fix-mode --pulse-fix-file=src/lxc/af_unix.c --pulse-fix-function=lxc_abstract_unix_send_credential -o /effFix-experiment/effFix-benchmark/lxc/null-ptr-5-lxc/repair/infer-out-single -- make -j4
[Wed Jan 21 05:12:36 2026][COMMAND]: sed -i -e '237s:^:msg.msg_controllen = msg.msg_controllen * msg.msg_controllen ;  :' /effFix-experiment/effFix-benchmark/lxc/null-ptr-5-lxc/src/src/lxc/af_unix.c
[Wed Jan 21 05:12:36 2026][COMMAND]: diff -u /effFix-experiment/effFix-benchmark/lxc/null-ptr-5-lxc/repair/af_unix.c.backup /effFix-experiment/effFix-benchmark/lxc/null-ptr-5-lxc/src/src/lxc/af_unix.c > /effFix-experiment/effFix-benchmark/lxc/null-ptr-5-lxc/repair/48.patch
[Wed Jan 21 05:12:36 2026][COMMAND]: /opt/infer/infer/bin/infer --pulse-only --pulse-max-disjuncts 100 --jobs 32 --reactive --pulse-fix-mode --pulse-fix-file=src/lxc/af_unix.c --pulse-fix-function=lxc_abstract_unix_send_credential -o /effFix-experiment/effFix-benchmark/lxc/null-ptr-5-lxc/repair/infer-out-single -- make -j4
[Wed Jan 21 05:12:36 2026][COMMAND]: sed -i -e '237s:$: return NULL ; free ( \& ...->msg_control ) ; :' /effFix-experiment/effFix-benchmark/lxc/null-ptr-5-lxc/src/src/lxc/af_unix.c
[Wed Jan 21 05:12:36 2026][COMMAND]: diff -u /effFix-experiment/effFix-benchmark/lxc/null-ptr-5-lxc/repair/af_unix.c.backup /effFix-experiment/effFix-benchmark/lxc/null-ptr-5-lxc/src/src/lxc/af_unix.c > /effFix-experiment/effFix-benchmark/lxc/null-ptr-5-lxc/repair/49.patch
[Wed Jan 21 05:12:36 2026][COMMAND]: /opt/infer/infer/bin/infer --pulse-only --pulse-max-disjuncts 100 --jobs 32 --reactive --pulse-fix-mode --pulse-fix-file=src/lxc/af_unix.c --pulse-fix-function=lxc_abstract_unix_send_credential -o /effFix-experiment/effFix-benchmark/lxc/null-ptr-5-lxc/repair/infer-out-single -- make -j4
[Wed Jan 21 05:12:36 2026][COMMAND]: sed -i -e '237s:^:if ( msg.msg_control != cmsg ) { return \& ...->msg_control ; }  :' /effFix-experiment/effFix-benchmark/lxc/null-ptr-5-lxc/src/src/lxc/af_unix.c
[Wed Jan 21 05:12:36 2026][COMMAND]: diff -u /effFix-experiment/effFix-benchmark/lxc/null-ptr-5-lxc/repair/af_unix.c.backup /effFix-experiment/effFix-benchmark/lxc/null-ptr-5-lxc/src/src/lxc/af_unix.c > /effFix-experiment/effFix-benchmark/lxc/null-ptr-5-lxc/repair/50.patch
[Wed Jan 21 05:12:36 2026][COMMAND]: /opt/infer/infer/bin/infer --pulse-only --pulse-max-disjuncts 100 --jobs 32 --reactive --pulse-fix-mode --pulse-fix-file=src/lxc/af_unix.c --pulse-fix-function=lxc_abstract_unix_send_credential -o /effFix-experiment/effFix-benchmark/lxc/null-ptr-5-lxc/repair/infer-out-single -- make -j4
[Wed Jan 21 05:12:36 2026][COMMAND]: sed -i -e '237s:^:return 0; return call to sendmsg;  :' /effFix-experiment/effFix-benchmark/lxc/null-ptr-5-lxc/src/src/lxc/af_unix.c
[Wed Jan 21 05:12:36 2026][COMMAND]: diff -u /effFix-experiment/effFix-benchmark/lxc/null-ptr-5-lxc/repair/af_unix.c.backup /effFix-experiment/effFix-benchmark/lxc/null-ptr-5-lxc/src/src/lxc/af_unix.c > /effFix-experiment/effFix-benchmark/lxc/null-ptr-5-lxc/repair/51.patch
[Wed Jan 21 05:12:36 2026][COMMAND]: /opt/infer/infer/bin/infer --pulse-only --pulse-max-disjuncts 100 --jobs 32 --reactive --pulse-fix-mode --pulse-fix-file=src/lxc/af_unix.c --pulse-fix-function=lxc_abstract_unix_send_credential -o /effFix-experiment/effFix-benchmark/lxc/null-ptr-5-lxc/repair/infer-out-single -- make -j4
[Wed Jan 21 05:12:36 2026][COMMAND]: sed -i -e '237s:^:msg.msg_control = malloc ( sizeof ( * cmsg ) ) ; cmsg = malloc ( sizeof ( * \& ...->msg_control ) ) ;  :' /effFix-experiment/effFix-benchmark/lxc/null-ptr-5-lxc/src/src/lxc/af_unix.c
[Wed Jan 21 05:12:36 2026][COMMAND]: diff -u /effFix-experiment/effFix-benchmark/lxc/null-ptr-5-lxc/repair/af_unix.c.backup /effFix-experiment/effFix-benchmark/lxc/null-ptr-5-lxc/src/src/lxc/af_unix.c > /effFix-experiment/effFix-benchmark/lxc/null-ptr-5-lxc/repair/52.patch
[Wed Jan 21 05:12:36 2026][COMMAND]: /opt/infer/infer/bin/infer --pulse-only --pulse-max-disjuncts 100 --jobs 32 --reactive --pulse-fix-mode --pulse-fix-file=src/lxc/af_unix.c --pulse-fix-function=lxc_abstract_unix_send_credential -o /effFix-experiment/effFix-benchmark/lxc/null-ptr-5-lxc/repair/infer-out-single -- make -j4
[Wed Jan 21 05:12:36 2026][COMMAND]: sed -i -e '237s:^:\& ...->msg_control = msg.msg_control ;  :' /effFix-experiment/effFix-benchmark/lxc/null-ptr-5-lxc/src/src/lxc/af_unix.c
[Wed Jan 21 05:12:36 2026][COMMAND]: diff -u /effFix-experiment/effFix-benchmark/lxc/null-ptr-5-lxc/repair/af_unix.c.backup /effFix-experiment/effFix-benchmark/lxc/null-ptr-5-lxc/src/src/lxc/af_unix.c > /effFix-experiment/effFix-benchmark/lxc/null-ptr-5-lxc/repair/53.patch
[Wed Jan 21 05:12:36 2026][COMMAND]: /opt/infer/infer/bin/infer --pulse-only --pulse-max-disjuncts 100 --jobs 32 --reactive --pulse-fix-mode --pulse-fix-file=src/lxc/af_unix.c --pulse-fix-function=lxc_abstract_unix_send_credential -o /effFix-experiment/effFix-benchmark/lxc/null-ptr-5-lxc/repair/infer-out-single -- make -j4
[Wed Jan 21 05:12:36 2026][COMMAND]: sed -i -e '237s:$: if ( \& ...->msg_controllen - msg.msg_controllen == msg.msg_controllen ) { return cmsg ; } return NULL ; :' /effFix-experiment/effFix-benchmark/lxc/null-ptr-5-lxc/src/src/lxc/af_unix.c
[Wed Jan 21 05:12:36 2026][COMMAND]: diff -u /effFix-experiment/effFix-benchmark/lxc/null-ptr-5-lxc/repair/af_unix.c.backup /effFix-experiment/effFix-benchmark/lxc/null-ptr-5-lxc/src/src/lxc/af_unix.c > /effFix-experiment/effFix-benchmark/lxc/null-ptr-5-lxc/repair/54.patch
[Wed Jan 21 05:12:36 2026][COMMAND]: /opt/infer/infer/bin/infer --pulse-only --pulse-max-disjuncts 100 --jobs 32 --reactive --pulse-fix-mode --pulse-fix-file=src/lxc/af_unix.c --pulse-fix-function=lxc_abstract_unix_send_credential -o /effFix-experiment/effFix-benchmark/lxc/null-ptr-5-lxc/repair/infer-out-single -- make -j4
[Wed Jan 21 05:12:36 2026][COMMAND]: sed -i -e '237s:$: return call to sendmsg; \& ...->msg_controllen = \& ...->msg_controllen - msg.msg_controllen ; :' /effFix-experiment/effFix-benchmark/lxc/null-ptr-5-lxc/src/src/lxc/af_unix.c
[Wed Jan 21 05:12:36 2026][COMMAND]: diff -u /effFix-experiment/effFix-benchmark/lxc/null-ptr-5-lxc/repair/af_unix.c.backup /effFix-experiment/effFix-benchmark/lxc/null-ptr-5-lxc/src/src/lxc/af_unix.c > /effFix-experiment/effFix-benchmark/lxc/null-ptr-5-lxc/repair/55.patch
[Wed Jan 21 05:12:36 2026][COMMAND]: /opt/infer/infer/bin/infer --pulse-only --pulse-max-disjuncts 100 --jobs 32 --reactive --pulse-fix-mode --pulse-fix-file=src/lxc/af_unix.c --pulse-fix-function=lxc_abstract_unix_send_credential -o /effFix-experiment/effFix-benchmark/lxc/null-ptr-5-lxc/repair/infer-out-single -- make -j4
[Wed Jan 21 05:12:36 2026][COMMAND]: sed -i -e '237s:$: return call to sendmsg; \& ...->msg_control = malloc ( sizeof ( * msg.msg_control ) ) ; :' /effFix-experiment/effFix-benchmark/lxc/null-ptr-5-lxc/src/src/lxc/af_unix.c
[Wed Jan 21 05:12:36 2026][COMMAND]: diff -u /effFix-experiment/effFix-benchmark/lxc/null-ptr-5-lxc/repair/af_unix.c.backup /effFix-experiment/effFix-benchmark/lxc/null-ptr-5-lxc/src/src/lxc/af_unix.c > /effFix-experiment/effFix-benchmark/lxc/null-ptr-5-lxc/repair/56.patch
[Wed Jan 21 05:12:36 2026][COMMAND]: /opt/infer/infer/bin/infer --pulse-only --pulse-max-disjuncts 100 --jobs 32 --reactive --pulse-fix-mode --pulse-fix-file=src/lxc/af_unix.c --pulse-fix-function=lxc_abstract_unix_send_credential -o /effFix-experiment/effFix-benchmark/lxc/null-ptr-5-lxc/repair/infer-out-single -- make -j4
[Wed Jan 21 05:12:37 2026][COMMAND]: sed -i -e '237s:$: if ( \& ...->msg_control == cmsg ) { cmsg = malloc ( sizeof ( * msg.msg_control ) ) ; } :' /effFix-experiment/effFix-benchmark/lxc/null-ptr-5-lxc/src/src/lxc/af_unix.c
[Wed Jan 21 05:12:37 2026][COMMAND]: diff -u /effFix-experiment/effFix-benchmark/lxc/null-ptr-5-lxc/repair/af_unix.c.backup /effFix-experiment/effFix-benchmark/lxc/null-ptr-5-lxc/src/src/lxc/af_unix.c > /effFix-experiment/effFix-benchmark/lxc/null-ptr-5-lxc/repair/57.patch
[Wed Jan 21 05:12:37 2026][COMMAND]: /opt/infer/infer/bin/infer --pulse-only --pulse-max-disjuncts 100 --jobs 32 --reactive --pulse-fix-mode --pulse-fix-file=src/lxc/af_unix.c --pulse-fix-function=lxc_abstract_unix_send_credential -o /effFix-experiment/effFix-benchmark/lxc/null-ptr-5-lxc/repair/infer-out-single -- make -j4
[Wed Jan 21 05:12:37 2026][COMMAND]: sed -i -e '237s:^:if ( \& ...->msg_controllen > \& ...->msg_controllen * \& ...->msg_controllen ) { return NULL ; }  :' /effFix-experiment/effFix-benchmark/lxc/null-ptr-5-lxc/src/src/lxc/af_unix.c
[Wed Jan 21 05:12:37 2026][COMMAND]: diff -u /effFix-experiment/effFix-benchmark/lxc/null-ptr-5-lxc/repair/af_unix.c.backup /effFix-experiment/effFix-benchmark/lxc/null-ptr-5-lxc/src/src/lxc/af_unix.c > /effFix-experiment/effFix-benchmark/lxc/null-ptr-5-lxc/repair/58.patch
[Wed Jan 21 05:12:37 2026][COMMAND]: /opt/infer/infer/bin/infer --pulse-only --pulse-max-disjuncts 100 --jobs 32 --reactive --pulse-fix-mode --pulse-fix-file=src/lxc/af_unix.c --pulse-fix-function=lxc_abstract_unix_send_credential -o /effFix-experiment/effFix-benchmark/lxc/null-ptr-5-lxc/repair/infer-out-single -- make -j4
[Wed Jan 21 05:12:37 2026][COMMAND]: sed -i -e '237s:^:free ( msg.msg_control ) ; return NULL ;  :' /effFix-experiment/effFix-benchmark/lxc/null-ptr-5-lxc/src/src/lxc/af_unix.c
[Wed Jan 21 05:12:37 2026][COMMAND]: diff -u /effFix-experiment/effFix-benchmark/lxc/null-ptr-5-lxc/repair/af_unix.c.backup /effFix-experiment/effFix-benchmark/lxc/null-ptr-5-lxc/src/src/lxc/af_unix.c > /effFix-experiment/effFix-benchmark/lxc/null-ptr-5-lxc/repair/59.patch
[Wed Jan 21 05:12:37 2026][COMMAND]: /opt/infer/infer/bin/infer --pulse-only --pulse-max-disjuncts 100 --jobs 32 --reactive --pulse-fix-mode --pulse-fix-file=src/lxc/af_unix.c --pulse-fix-function=lxc_abstract_unix_send_credential -o /effFix-experiment/effFix-benchmark/lxc/null-ptr-5-lxc/repair/infer-out-single -- make -j4
[Wed Jan 21 05:12:37 2026][COMMAND]: sed -i -e '237s:^:return msg.msg_control ;  :' /effFix-experiment/effFix-benchmark/lxc/null-ptr-5-lxc/src/src/lxc/af_unix.c
[Wed Jan 21 05:12:37 2026][COMMAND]: diff -u /effFix-experiment/effFix-benchmark/lxc/null-ptr-5-lxc/repair/af_unix.c.backup /effFix-experiment/effFix-benchmark/lxc/null-ptr-5-lxc/src/src/lxc/af_unix.c > /effFix-experiment/effFix-benchmark/lxc/null-ptr-5-lxc/repair/60.patch
[Wed Jan 21 05:12:37 2026][COMMAND]: /opt/infer/infer/bin/infer --pulse-only --pulse-max-disjuncts 100 --jobs 32 --reactive --pulse-fix-mode --pulse-fix-file=src/lxc/af_unix.c --pulse-fix-function=lxc_abstract_unix_send_credential -o /effFix-experiment/effFix-benchmark/lxc/null-ptr-5-lxc/repair/infer-out-single -- make -j4
[Wed Jan 21 05:12:37 2026][COMMAND]: sed -i -e '237s:^:cmsg = malloc ( sizeof ( * cmsg ) ) ;  :' /effFix-experiment/effFix-benchmark/lxc/null-ptr-5-lxc/src/src/lxc/af_unix.c
[Wed Jan 21 05:12:37 2026][COMMAND]: diff -u /effFix-experiment/effFix-benchmark/lxc/null-ptr-5-lxc/repair/af_unix.c.backup /effFix-experiment/effFix-benchmark/lxc/null-ptr-5-lxc/src/src/lxc/af_unix.c > /effFix-experiment/effFix-benchmark/lxc/null-ptr-5-lxc/repair/61.patch
[Wed Jan 21 05:12:37 2026][COMMAND]: /opt/infer/infer/bin/infer --pulse-only --pulse-max-disjuncts 100 --jobs 32 --reactive --pulse-fix-mode --pulse-fix-file=src/lxc/af_unix.c --pulse-fix-function=lxc_abstract_unix_send_credential -o /effFix-experiment/effFix-benchmark/lxc/null-ptr-5-lxc/repair/infer-out-single -- make -j4
[Wed Jan 21 05:12:37 2026][COMMAND]: sed -i -e '237s:^:return \& ...->msg_control ;  :' /effFix-experiment/effFix-benchmark/lxc/null-ptr-5-lxc/src/src/lxc/af_unix.c
[Wed Jan 21 05:12:37 2026][COMMAND]: diff -u /effFix-experiment/effFix-benchmark/lxc/null-ptr-5-lxc/repair/af_unix.c.backup /effFix-experiment/effFix-benchmark/lxc/null-ptr-5-lxc/src/src/lxc/af_unix.c > /effFix-experiment/effFix-benchmark/lxc/null-ptr-5-lxc/repair/62.patch
[Wed Jan 21 05:12:37 2026][COMMAND]: /opt/infer/infer/bin/infer --pulse-only --pulse-max-disjuncts 100 --jobs 32 --reactive --pulse-fix-mode --pulse-fix-file=src/lxc/af_unix.c --pulse-fix-function=lxc_abstract_unix_send_credential -o /effFix-experiment/effFix-benchmark/lxc/null-ptr-5-lxc/repair/infer-out-single -- make -j4
[Wed Jan 21 05:12:37 2026][COMMAND]: sed -i -e '237s:$: return 0; return call to sendmsg; :' /effFix-experiment/effFix-benchmark/lxc/null-ptr-5-lxc/src/src/lxc/af_unix.c
[Wed Jan 21 05:12:37 2026][COMMAND]: diff -u /effFix-experiment/effFix-benchmark/lxc/null-ptr-5-lxc/repair/af_unix.c.backup /effFix-experiment/effFix-benchmark/lxc/null-ptr-5-lxc/src/src/lxc/af_unix.c > /effFix-experiment/effFix-benchmark/lxc/null-ptr-5-lxc/repair/63.patch
[Wed Jan 21 05:12:37 2026][COMMAND]: /opt/infer/infer/bin/infer --pulse-only --pulse-max-disjuncts 100 --jobs 32 --reactive --pulse-fix-mode --pulse-fix-file=src/lxc/af_unix.c --pulse-fix-function=lxc_abstract_unix_send_credential -o /effFix-experiment/effFix-benchmark/lxc/null-ptr-5-lxc/repair/infer-out-single -- make -j4
[Wed Jan 21 05:12:37 2026][COMMAND]: sed -i -e '237s:^:if ( msg.msg_controllen * \& ...->msg_controllen > msg.msg_controllen * \& ...->msg_controllen || msg.msg_controllen + msg.msg_controllen == msg.msg_controllen * \& ...->msg_controllen ) { return cmsg ; }  :' /effFix-experiment/effFix-benchmark/lxc/null-ptr-5-lxc/src/src/lxc/af_unix.c
[Wed Jan 21 05:12:37 2026][COMMAND]: diff -u /effFix-experiment/effFix-benchmark/lxc/null-ptr-5-lxc/repair/af_unix.c.backup /effFix-experiment/effFix-benchmark/lxc/null-ptr-5-lxc/src/src/lxc/af_unix.c > /effFix-experiment/effFix-benchmark/lxc/null-ptr-5-lxc/repair/64.patch
[Wed Jan 21 05:12:37 2026][COMMAND]: /opt/infer/infer/bin/infer --pulse-only --pulse-max-disjuncts 100 --jobs 32 --reactive --pulse-fix-mode --pulse-fix-file=src/lxc/af_unix.c --pulse-fix-function=lxc_abstract_unix_send_credential -o /effFix-experiment/effFix-benchmark/lxc/null-ptr-5-lxc/repair/infer-out-single -- make -j4
[Wed Jan 21 05:12:37 2026][COMMAND]: sed -i -e '237s:^:if ( \& ...->msg_control != NULL \&\& cmsg != cmsg ) { return cmsg ; }  :' /effFix-experiment/effFix-benchmark/lxc/null-ptr-5-lxc/src/src/lxc/af_unix.c
[Wed Jan 21 05:12:37 2026][COMMAND]: diff -u /effFix-experiment/effFix-benchmark/lxc/null-ptr-5-lxc/repair/af_unix.c.backup /effFix-experiment/effFix-benchmark/lxc/null-ptr-5-lxc/src/src/lxc/af_unix.c > /effFix-experiment/effFix-benchmark/lxc/null-ptr-5-lxc/repair/65.patch
[Wed Jan 21 05:12:37 2026][COMMAND]: /opt/infer/infer/bin/infer --pulse-only --pulse-max-disjuncts 100 --jobs 32 --reactive --pulse-fix-mode --pulse-fix-file=src/lxc/af_unix.c --pulse-fix-function=lxc_abstract_unix_send_credential -o /effFix-experiment/effFix-benchmark/lxc/null-ptr-5-lxc/repair/infer-out-single -- make -j4
[Wed Jan 21 05:12:38 2026][COMMAND]: sed -i -e '237s:$: cmsg = malloc ( sizeof ( * cmsg ) ) ; :' /effFix-experiment/effFix-benchmark/lxc/null-ptr-5-lxc/src/src/lxc/af_unix.c
[Wed Jan 21 05:12:38 2026][COMMAND]: diff -u /effFix-experiment/effFix-benchmark/lxc/null-ptr-5-lxc/repair/af_unix.c.backup /effFix-experiment/effFix-benchmark/lxc/null-ptr-5-lxc/src/src/lxc/af_unix.c > /effFix-experiment/effFix-benchmark/lxc/null-ptr-5-lxc/repair/66.patch
[Wed Jan 21 05:12:38 2026][COMMAND]: /opt/infer/infer/bin/infer --pulse-only --pulse-max-disjuncts 100 --jobs 32 --reactive --pulse-fix-mode --pulse-fix-file=src/lxc/af_unix.c --pulse-fix-function=lxc_abstract_unix_send_credential -o /effFix-experiment/effFix-benchmark/lxc/null-ptr-5-lxc/repair/infer-out-single -- make -j4
[Wed Jan 21 05:12:38 2026][COMMAND]: sed -i -e '237s:$: return cmsg ; :' /effFix-experiment/effFix-benchmark/lxc/null-ptr-5-lxc/src/src/lxc/af_unix.c
[Wed Jan 21 05:12:38 2026][COMMAND]: diff -u /effFix-experiment/effFix-benchmark/lxc/null-ptr-5-lxc/repair/af_unix.c.backup /effFix-experiment/effFix-benchmark/lxc/null-ptr-5-lxc/src/src/lxc/af_unix.c > /effFix-experiment/effFix-benchmark/lxc/null-ptr-5-lxc/repair/67.patch
[Wed Jan 21 05:12:38 2026][COMMAND]: /opt/infer/infer/bin/infer --pulse-only --pulse-max-disjuncts 100 --jobs 32 --reactive --pulse-fix-mode --pulse-fix-file=src/lxc/af_unix.c --pulse-fix-function=lxc_abstract_unix_send_credential -o /effFix-experiment/effFix-benchmark/lxc/null-ptr-5-lxc/repair/infer-out-single -- make -j4
[Wed Jan 21 05:12:38 2026][COMMAND]: sed -i -e '237s:$: return call to sendmsg; return NULL ; :' /effFix-experiment/effFix-benchmark/lxc/null-ptr-5-lxc/src/src/lxc/af_unix.c
[Wed Jan 21 05:12:38 2026][COMMAND]: diff -u /effFix-experiment/effFix-benchmark/lxc/null-ptr-5-lxc/repair/af_unix.c.backup /effFix-experiment/effFix-benchmark/lxc/null-ptr-5-lxc/src/src/lxc/af_unix.c > /effFix-experiment/effFix-benchmark/lxc/null-ptr-5-lxc/repair/68.patch
[Wed Jan 21 05:12:38 2026][COMMAND]: /opt/infer/infer/bin/infer --pulse-only --pulse-max-disjuncts 100 --jobs 32 --reactive --pulse-fix-mode --pulse-fix-file=src/lxc/af_unix.c --pulse-fix-function=lxc_abstract_unix_send_credential -o /effFix-experiment/effFix-benchmark/lxc/null-ptr-5-lxc/repair/infer-out-single -- make -j4
[Wed Jan 21 05:12:38 2026][COMMAND]: sed -i -e '237s:^:if ( msg.msg_control != \& ...->msg_control ) { msg.msg_controllen = \& ...->msg_controllen ; }  :' /effFix-experiment/effFix-benchmark/lxc/null-ptr-5-lxc/src/src/lxc/af_unix.c
[Wed Jan 21 05:12:38 2026][COMMAND]: diff -u /effFix-experiment/effFix-benchmark/lxc/null-ptr-5-lxc/repair/af_unix.c.backup /effFix-experiment/effFix-benchmark/lxc/null-ptr-5-lxc/src/src/lxc/af_unix.c > /effFix-experiment/effFix-benchmark/lxc/null-ptr-5-lxc/repair/69.patch
[Wed Jan 21 05:12:38 2026][COMMAND]: /opt/infer/infer/bin/infer --pulse-only --pulse-max-disjuncts 100 --jobs 32 --reactive --pulse-fix-mode --pulse-fix-file=src/lxc/af_unix.c --pulse-fix-function=lxc_abstract_unix_send_credential -o /effFix-experiment/effFix-benchmark/lxc/null-ptr-5-lxc/repair/infer-out-single -- make -j4
[Wed Jan 21 05:12:38 2026][COMMAND]: sed -i -e '237s:$: msg.msg_control = malloc ( sizeof ( * \& ...->msg_control ) ) ; :' /effFix-experiment/effFix-benchmark/lxc/null-ptr-5-lxc/src/src/lxc/af_unix.c
[Wed Jan 21 05:12:38 2026][COMMAND]: diff -u /effFix-experiment/effFix-benchmark/lxc/null-ptr-5-lxc/repair/af_unix.c.backup /effFix-experiment/effFix-benchmark/lxc/null-ptr-5-lxc/src/src/lxc/af_unix.c > /effFix-experiment/effFix-benchmark/lxc/null-ptr-5-lxc/repair/70.patch
[Wed Jan 21 05:12:38 2026][COMMAND]: /opt/infer/infer/bin/infer --pulse-only --pulse-max-disjuncts 100 --jobs 32 --reactive --pulse-fix-mode --pulse-fix-file=src/lxc/af_unix.c --pulse-fix-function=lxc_abstract_unix_send_credential -o /effFix-experiment/effFix-benchmark/lxc/null-ptr-5-lxc/repair/infer-out-single -- make -j4
[Wed Jan 21 05:12:38 2026][COMMAND]: sed -i -e '237s:^:return cmsg ; \& ...->msg_controllen = \& ...->msg_controllen / \& ...->msg_controllen ;  :' /effFix-experiment/effFix-benchmark/lxc/null-ptr-5-lxc/src/src/lxc/af_unix.c
[Wed Jan 21 05:12:38 2026][COMMAND]: diff -u /effFix-experiment/effFix-benchmark/lxc/null-ptr-5-lxc/repair/af_unix.c.backup /effFix-experiment/effFix-benchmark/lxc/null-ptr-5-lxc/src/src/lxc/af_unix.c > /effFix-experiment/effFix-benchmark/lxc/null-ptr-5-lxc/repair/71.patch
[Wed Jan 21 05:12:38 2026][COMMAND]: /opt/infer/infer/bin/infer --pulse-only --pulse-max-disjuncts 100 --jobs 32 --reactive --pulse-fix-mode --pulse-fix-file=src/lxc/af_unix.c --pulse-fix-function=lxc_abstract_unix_send_credential -o /effFix-experiment/effFix-benchmark/lxc/null-ptr-5-lxc/repair/infer-out-single -- make -j4
[Wed Jan 21 05:12:38 2026][COMMAND]: sed -i -e '237s:$: \& ...->msg_control = malloc ( sizeof ( * \& ...->msg_control ) ) ; :' /effFix-experiment/effFix-benchmark/lxc/null-ptr-5-lxc/src/src/lxc/af_unix.c
[Wed Jan 21 05:12:38 2026][COMMAND]: diff -u /effFix-experiment/effFix-benchmark/lxc/null-ptr-5-lxc/repair/af_unix.c.backup /effFix-experiment/effFix-benchmark/lxc/null-ptr-5-lxc/src/src/lxc/af_unix.c > /effFix-experiment/effFix-benchmark/lxc/null-ptr-5-lxc/repair/72.patch
[Wed Jan 21 05:12:38 2026][COMMAND]: /opt/infer/infer/bin/infer --pulse-only --pulse-max-disjuncts 100 --jobs 32 --reactive --pulse-fix-mode --pulse-fix-file=src/lxc/af_unix.c --pulse-fix-function=lxc_abstract_unix_send_credential -o /effFix-experiment/effFix-benchmark/lxc/null-ptr-5-lxc/repair/infer-out-single -- make -j4
[Wed Jan 21 05:12:38 2026][COMMAND]: sed -i -e '237s:$: return \& ...->msg_control ; :' /effFix-experiment/effFix-benchmark/lxc/null-ptr-5-lxc/src/src/lxc/af_unix.c
[Wed Jan 21 05:12:38 2026][COMMAND]: diff -u /effFix-experiment/effFix-benchmark/lxc/null-ptr-5-lxc/repair/af_unix.c.backup /effFix-experiment/effFix-benchmark/lxc/null-ptr-5-lxc/src/src/lxc/af_unix.c > /effFix-experiment/effFix-benchmark/lxc/null-ptr-5-lxc/repair/73.patch
[Wed Jan 21 05:12:38 2026][COMMAND]: /opt/infer/infer/bin/infer --pulse-only --pulse-max-disjuncts 100 --jobs 32 --reactive --pulse-fix-mode --pulse-fix-file=src/lxc/af_unix.c --pulse-fix-function=lxc_abstract_unix_send_credential -o /effFix-experiment/effFix-benchmark/lxc/null-ptr-5-lxc/repair/infer-out-single -- make -j4
[Wed Jan 21 05:12:38 2026][COMMAND]: sed -i -e '237s:$: \& ...->msg_control = \& ...->msg_control ; :' /effFix-experiment/effFix-benchmark/lxc/null-ptr-5-lxc/src/src/lxc/af_unix.c
[Wed Jan 21 05:12:38 2026][COMMAND]: diff -u /effFix-experiment/effFix-benchmark/lxc/null-ptr-5-lxc/repair/af_unix.c.backup /effFix-experiment/effFix-benchmark/lxc/null-ptr-5-lxc/src/src/lxc/af_unix.c > /effFix-experiment/effFix-benchmark/lxc/null-ptr-5-lxc/repair/74.patch
[Wed Jan 21 05:12:38 2026][COMMAND]: /opt/infer/infer/bin/infer --pulse-only --pulse-max-disjuncts 100 --jobs 32 --reactive --pulse-fix-mode --pulse-fix-file=src/lxc/af_unix.c --pulse-fix-function=lxc_abstract_unix_send_credential -o /effFix-experiment/effFix-benchmark/lxc/null-ptr-5-lxc/repair/infer-out-single -- make -j4
[Wed Jan 21 05:12:38 2026][COMMAND]: sed -i -e '237s:$: if ( cmsg != NULL ) { return NULL ; } :' /effFix-experiment/effFix-benchmark/lxc/null-ptr-5-lxc/src/src/lxc/af_unix.c
[Wed Jan 21 05:12:38 2026][COMMAND]: diff -u /effFix-experiment/effFix-benchmark/lxc/null-ptr-5-lxc/repair/af_unix.c.backup /effFix-experiment/effFix-benchmark/lxc/null-ptr-5-lxc/src/src/lxc/af_unix.c > /effFix-experiment/effFix-benchmark/lxc/null-ptr-5-lxc/repair/75.patch
[Wed Jan 21 05:12:38 2026][COMMAND]: /opt/infer/infer/bin/infer --pulse-only --pulse-max-disjuncts 100 --jobs 32 --reactive --pulse-fix-mode --pulse-fix-file=src/lxc/af_unix.c --pulse-fix-function=lxc_abstract_unix_send_credential -o /effFix-experiment/effFix-benchmark/lxc/null-ptr-5-lxc/repair/infer-out-single -- make -j4
[Wed Jan 21 05:12:38 2026][COMMAND]: sed -i -e '237s:^:msg.msg_controllen = \& ...->msg_controllen * \& ...->msg_controllen ; return \& ...->msg_control ;  :' /effFix-experiment/effFix-benchmark/lxc/null-ptr-5-lxc/src/src/lxc/af_unix.c
[Wed Jan 21 05:12:38 2026][COMMAND]: diff -u /effFix-experiment/effFix-benchmark/lxc/null-ptr-5-lxc/repair/af_unix.c.backup /effFix-experiment/effFix-benchmark/lxc/null-ptr-5-lxc/src/src/lxc/af_unix.c > /effFix-experiment/effFix-benchmark/lxc/null-ptr-5-lxc/repair/76.patch
[Wed Jan 21 05:12:38 2026][COMMAND]: /opt/infer/infer/bin/infer --pulse-only --pulse-max-disjuncts 100 --jobs 32 --reactive --pulse-fix-mode --pulse-fix-file=src/lxc/af_unix.c --pulse-fix-function=lxc_abstract_unix_send_credential -o /effFix-experiment/effFix-benchmark/lxc/null-ptr-5-lxc/repair/infer-out-single -- make -j4
[Wed Jan 21 05:12:38 2026][COMMAND]: sed -i -e '237s:$: cmsg = \& ...->msg_control ; :' /effFix-experiment/effFix-benchmark/lxc/null-ptr-5-lxc/src/src/lxc/af_unix.c
[Wed Jan 21 05:12:38 2026][COMMAND]: diff -u /effFix-experiment/effFix-benchmark/lxc/null-ptr-5-lxc/repair/af_unix.c.backup /effFix-experiment/effFix-benchmark/lxc/null-ptr-5-lxc/src/src/lxc/af_unix.c > /effFix-experiment/effFix-benchmark/lxc/null-ptr-5-lxc/repair/77.patch
[Wed Jan 21 05:12:39 2026][COMMAND]: /opt/infer/infer/bin/infer --pulse-only --pulse-max-disjuncts 100 --jobs 32 --reactive --pulse-fix-mode --pulse-fix-file=src/lxc/af_unix.c --pulse-fix-function=lxc_abstract_unix_send_credential -o /effFix-experiment/effFix-benchmark/lxc/null-ptr-5-lxc/repair/infer-out-single -- make -j4
[Wed Jan 21 05:12:39 2026][COMMAND]: sed -i -e '237s:^:if ( msg.msg_controllen >= \& ...->msg_controllen / \& ...->msg_controllen ) { return call to sendmsg; }  :' /effFix-experiment/effFix-benchmark/lxc/null-ptr-5-lxc/src/src/lxc/af_unix.c
[Wed Jan 21 05:12:39 2026][COMMAND]: diff -u /effFix-experiment/effFix-benchmark/lxc/null-ptr-5-lxc/repair/af_unix.c.backup /effFix-experiment/effFix-benchmark/lxc/null-ptr-5-lxc/src/src/lxc/af_unix.c > /effFix-experiment/effFix-benchmark/lxc/null-ptr-5-lxc/repair/78.patch
[Wed Jan 21 05:12:39 2026][COMMAND]: /opt/infer/infer/bin/infer --pulse-only --pulse-max-disjuncts 100 --jobs 32 --reactive --pulse-fix-mode --pulse-fix-file=src/lxc/af_unix.c --pulse-fix-function=lxc_abstract_unix_send_credential -o /effFix-experiment/effFix-benchmark/lxc/null-ptr-5-lxc/repair/infer-out-single -- make -j4
[Wed Jan 21 05:12:39 2026][COMMAND]: sed -i -e '237s:$: \& ...->msg_controllen = msg.msg_controllen * msg.msg_controllen ; :' /effFix-experiment/effFix-benchmark/lxc/null-ptr-5-lxc/src/src/lxc/af_unix.c
[Wed Jan 21 05:12:39 2026][COMMAND]: diff -u /effFix-experiment/effFix-benchmark/lxc/null-ptr-5-lxc/repair/af_unix.c.backup /effFix-experiment/effFix-benchmark/lxc/null-ptr-5-lxc/src/src/lxc/af_unix.c > /effFix-experiment/effFix-benchmark/lxc/null-ptr-5-lxc/repair/79.patch
[Wed Jan 21 05:12:39 2026][COMMAND]: /opt/infer/infer/bin/infer --pulse-only --pulse-max-disjuncts 100 --jobs 32 --reactive --pulse-fix-mode --pulse-fix-file=src/lxc/af_unix.c --pulse-fix-function=lxc_abstract_unix_send_credential -o /effFix-experiment/effFix-benchmark/lxc/null-ptr-5-lxc/repair/infer-out-single -- make -j4
[Wed Jan 21 05:12:39 2026][COMMAND]: sed -i -e '237s:^:msg.msg_controllen = msg.msg_controllen + \& ...->msg_controllen ;  :' /effFix-experiment/effFix-benchmark/lxc/null-ptr-5-lxc/src/src/lxc/af_unix.c
[Wed Jan 21 05:12:39 2026][COMMAND]: diff -u /effFix-experiment/effFix-benchmark/lxc/null-ptr-5-lxc/repair/af_unix.c.backup /effFix-experiment/effFix-benchmark/lxc/null-ptr-5-lxc/src/src/lxc/af_unix.c > /effFix-experiment/effFix-benchmark/lxc/null-ptr-5-lxc/repair/80.patch
[Wed Jan 21 05:12:39 2026][COMMAND]: /opt/infer/infer/bin/infer --pulse-only --pulse-max-disjuncts 100 --jobs 32 --reactive --pulse-fix-mode --pulse-fix-file=src/lxc/af_unix.c --pulse-fix-function=lxc_abstract_unix_send_credential -o /effFix-experiment/effFix-benchmark/lxc/null-ptr-5-lxc/repair/infer-out-single -- make -j4
[Wed Jan 21 05:12:39 2026][COMMAND]: sed -i -e '237s:^:\& ...->msg_control = malloc ( sizeof ( * \& ...->msg_control ) ) ;  :' /effFix-experiment/effFix-benchmark/lxc/null-ptr-5-lxc/src/src/lxc/af_unix.c
[Wed Jan 21 05:12:39 2026][COMMAND]: diff -u /effFix-experiment/effFix-benchmark/lxc/null-ptr-5-lxc/repair/af_unix.c.backup /effFix-experiment/effFix-benchmark/lxc/null-ptr-5-lxc/src/src/lxc/af_unix.c > /effFix-experiment/effFix-benchmark/lxc/null-ptr-5-lxc/repair/81.patch
[Wed Jan 21 05:12:39 2026][COMMAND]: /opt/infer/infer/bin/infer --pulse-only --pulse-max-disjuncts 100 --jobs 32 --reactive --pulse-fix-mode --pulse-fix-file=src/lxc/af_unix.c --pulse-fix-function=lxc_abstract_unix_send_credential -o /effFix-experiment/effFix-benchmark/lxc/null-ptr-5-lxc/repair/infer-out-single -- make -j4
[Wed Jan 21 05:12:39 2026][COMMAND]: sed -i -e '237s:^:msg.msg_controllen = \& ...->msg_controllen * msg.msg_controllen ;  :' /effFix-experiment/effFix-benchmark/lxc/null-ptr-5-lxc/src/src/lxc/af_unix.c
[Wed Jan 21 05:12:39 2026][COMMAND]: diff -u /effFix-experiment/effFix-benchmark/lxc/null-ptr-5-lxc/repair/af_unix.c.backup /effFix-experiment/effFix-benchmark/lxc/null-ptr-5-lxc/src/src/lxc/af_unix.c > /effFix-experiment/effFix-benchmark/lxc/null-ptr-5-lxc/repair/82.patch
[Wed Jan 21 05:12:39 2026][COMMAND]: /opt/infer/infer/bin/infer --pulse-only --pulse-max-disjuncts 100 --jobs 32 --reactive --pulse-fix-mode --pulse-fix-file=src/lxc/af_unix.c --pulse-fix-function=lxc_abstract_unix_send_credential -o /effFix-experiment/effFix-benchmark/lxc/null-ptr-5-lxc/repair/infer-out-single -- make -j4
[Wed Jan 21 05:12:39 2026][COMMAND]: sed -i -e '237s:$: msg.msg_controllen = \& ...->msg_controllen + \& ...->msg_controllen ; msg.msg_controllen = \& ...->msg_controllen + msg.msg_controllen ; :' /effFix-experiment/effFix-benchmark/lxc/null-ptr-5-lxc/src/src/lxc/af_unix.c
[Wed Jan 21 05:12:39 2026][COMMAND]: diff -u /effFix-experiment/effFix-benchmark/lxc/null-ptr-5-lxc/repair/af_unix.c.backup /effFix-experiment/effFix-benchmark/lxc/null-ptr-5-lxc/src/src/lxc/af_unix.c > /effFix-experiment/effFix-benchmark/lxc/null-ptr-5-lxc/repair/83.patch
[Wed Jan 21 05:12:39 2026][COMMAND]: /opt/infer/infer/bin/infer --pulse-only --pulse-max-disjuncts 100 --jobs 32 --reactive --pulse-fix-mode --pulse-fix-file=src/lxc/af_unix.c --pulse-fix-function=lxc_abstract_unix_send_credential -o /effFix-experiment/effFix-benchmark/lxc/null-ptr-5-lxc/repair/infer-out-single -- make -j4
[Wed Jan 21 05:12:39 2026][COMMAND]: sed -i -e '237s:^:\& ...->msg_controllen = \& ...->msg_controllen / \& ...->msg_controllen ;  :' /effFix-experiment/effFix-benchmark/lxc/null-ptr-5-lxc/src/src/lxc/af_unix.c
[Wed Jan 21 05:12:39 2026][COMMAND]: diff -u /effFix-experiment/effFix-benchmark/lxc/null-ptr-5-lxc/repair/af_unix.c.backup /effFix-experiment/effFix-benchmark/lxc/null-ptr-5-lxc/src/src/lxc/af_unix.c > /effFix-experiment/effFix-benchmark/lxc/null-ptr-5-lxc/repair/84.patch
[Wed Jan 21 05:12:39 2026][COMMAND]: /opt/infer/infer/bin/infer --pulse-only --pulse-max-disjuncts 100 --jobs 32 --reactive --pulse-fix-mode --pulse-fix-file=src/lxc/af_unix.c --pulse-fix-function=lxc_abstract_unix_send_credential -o /effFix-experiment/effFix-benchmark/lxc/null-ptr-5-lxc/repair/infer-out-single -- make -j4
[Wed Jan 21 05:12:39 2026][COMMAND]: sed -i -e '237s:$: msg.msg_controllen = msg.msg_controllen ; return msg.msg_control ; :' /effFix-experiment/effFix-benchmark/lxc/null-ptr-5-lxc/src/src/lxc/af_unix.c
[Wed Jan 21 05:12:39 2026][COMMAND]: diff -u /effFix-experiment/effFix-benchmark/lxc/null-ptr-5-lxc/repair/af_unix.c.backup /effFix-experiment/effFix-benchmark/lxc/null-ptr-5-lxc/src/src/lxc/af_unix.c > /effFix-experiment/effFix-benchmark/lxc/null-ptr-5-lxc/repair/85.patch
[Wed Jan 21 05:12:39 2026][COMMAND]: /opt/infer/infer/bin/infer --pulse-only --pulse-max-disjuncts 100 --jobs 32 --reactive --pulse-fix-mode --pulse-fix-file=src/lxc/af_unix.c --pulse-fix-function=lxc_abstract_unix_send_credential -o /effFix-experiment/effFix-benchmark/lxc/null-ptr-5-lxc/repair/infer-out-single -- make -j4
[Wed Jan 21 05:12:39 2026][COMMAND]: sed -i -e '237s:^:free ( msg.msg_control ) ;  :' /effFix-experiment/effFix-benchmark/lxc/null-ptr-5-lxc/src/src/lxc/af_unix.c
[Wed Jan 21 05:12:39 2026][COMMAND]: diff -u /effFix-experiment/effFix-benchmark/lxc/null-ptr-5-lxc/repair/af_unix.c.backup /effFix-experiment/effFix-benchmark/lxc/null-ptr-5-lxc/src/src/lxc/af_unix.c > /effFix-experiment/effFix-benchmark/lxc/null-ptr-5-lxc/repair/86.patch
[Wed Jan 21 05:12:39 2026][COMMAND]: /opt/infer/infer/bin/infer --pulse-only --pulse-max-disjuncts 100 --jobs 32 --reactive --pulse-fix-mode --pulse-fix-file=src/lxc/af_unix.c --pulse-fix-function=lxc_abstract_unix_send_credential -o /effFix-experiment/effFix-benchmark/lxc/null-ptr-5-lxc/repair/infer-out-single -- make -j4
[Wed Jan 21 05:12:39 2026][COMMAND]: sed -i -e '237s:^:msg.msg_controllen = \& ...->msg_controllen ; if ( msg.msg_control != cmsg ) { msg.msg_control = malloc ( sizeof ( * cmsg ) ) ; }  :' /effFix-experiment/effFix-benchmark/lxc/null-ptr-5-lxc/src/src/lxc/af_unix.c
[Wed Jan 21 05:12:39 2026][COMMAND]: diff -u /effFix-experiment/effFix-benchmark/lxc/null-ptr-5-lxc/repair/af_unix.c.backup /effFix-experiment/effFix-benchmark/lxc/null-ptr-5-lxc/src/src/lxc/af_unix.c > /effFix-experiment/effFix-benchmark/lxc/null-ptr-5-lxc/repair/87.patch
[Wed Jan 21 05:12:39 2026][COMMAND]: /opt/infer/infer/bin/infer --pulse-only --pulse-max-disjuncts 100 --jobs 32 --reactive --pulse-fix-mode --pulse-fix-file=src/lxc/af_unix.c --pulse-fix-function=lxc_abstract_unix_send_credential -o /effFix-experiment/effFix-benchmark/lxc/null-ptr-5-lxc/repair/infer-out-single -- make -j4
[Wed Jan 21 05:12:39 2026][COMMAND]: sed -i -e '237s:$: msg.msg_control = malloc ( sizeof ( * cmsg ) ) ; return NULL ; :' /effFix-experiment/effFix-benchmark/lxc/null-ptr-5-lxc/src/src/lxc/af_unix.c
[Wed Jan 21 05:12:40 2026][COMMAND]: diff -u /effFix-experiment/effFix-benchmark/lxc/null-ptr-5-lxc/repair/af_unix.c.backup /effFix-experiment/effFix-benchmark/lxc/null-ptr-5-lxc/src/src/lxc/af_unix.c > /effFix-experiment/effFix-benchmark/lxc/null-ptr-5-lxc/repair/88.patch
[Wed Jan 21 05:12:40 2026][COMMAND]: /opt/infer/infer/bin/infer --pulse-only --pulse-max-disjuncts 100 --jobs 32 --reactive --pulse-fix-mode --pulse-fix-file=src/lxc/af_unix.c --pulse-fix-function=lxc_abstract_unix_send_credential -o /effFix-experiment/effFix-benchmark/lxc/null-ptr-5-lxc/repair/infer-out-single -- make -j4
[Wed Jan 21 05:12:40 2026][COMMAND]: sed -i -e '237s:$: cmsg = NULL ; :' /effFix-experiment/effFix-benchmark/lxc/null-ptr-5-lxc/src/src/lxc/af_unix.c
[Wed Jan 21 05:12:40 2026][COMMAND]: diff -u /effFix-experiment/effFix-benchmark/lxc/null-ptr-5-lxc/repair/af_unix.c.backup /effFix-experiment/effFix-benchmark/lxc/null-ptr-5-lxc/src/src/lxc/af_unix.c > /effFix-experiment/effFix-benchmark/lxc/null-ptr-5-lxc/repair/89.patch
[Wed Jan 21 05:12:40 2026][COMMAND]: /opt/infer/infer/bin/infer --pulse-only --pulse-max-disjuncts 100 --jobs 32 --reactive --pulse-fix-mode --pulse-fix-file=src/lxc/af_unix.c --pulse-fix-function=lxc_abstract_unix_send_credential -o /effFix-experiment/effFix-benchmark/lxc/null-ptr-5-lxc/repair/infer-out-single -- make -j4
[Wed Jan 21 05:12:40 2026][COMMAND]: sed -i -e '237s:^:if ( cmsg != cmsg || msg.msg_controllen - msg.msg_controllen == 0 ) { return msg.msg_control ; return call to sendmsg; }  :' /effFix-experiment/effFix-benchmark/lxc/null-ptr-5-lxc/src/src/lxc/af_unix.c
[Wed Jan 21 05:12:40 2026][COMMAND]: diff -u /effFix-experiment/effFix-benchmark/lxc/null-ptr-5-lxc/repair/af_unix.c.backup /effFix-experiment/effFix-benchmark/lxc/null-ptr-5-lxc/src/src/lxc/af_unix.c > /effFix-experiment/effFix-benchmark/lxc/null-ptr-5-lxc/repair/90.patch
[Wed Jan 21 05:12:40 2026][COMMAND]: /opt/infer/infer/bin/infer --pulse-only --pulse-max-disjuncts 100 --jobs 32 --reactive --pulse-fix-mode --pulse-fix-file=src/lxc/af_unix.c --pulse-fix-function=lxc_abstract_unix_send_credential -o /effFix-experiment/effFix-benchmark/lxc/null-ptr-5-lxc/repair/infer-out-single -- make -j4
[Wed Jan 21 05:12:40 2026][COMMAND]: sed -i -e '237s:^:cmsg = cmsg ;  :' /effFix-experiment/effFix-benchmark/lxc/null-ptr-5-lxc/src/src/lxc/af_unix.c
[Wed Jan 21 05:12:40 2026][COMMAND]: diff -u /effFix-experiment/effFix-benchmark/lxc/null-ptr-5-lxc/repair/af_unix.c.backup /effFix-experiment/effFix-benchmark/lxc/null-ptr-5-lxc/src/src/lxc/af_unix.c > /effFix-experiment/effFix-benchmark/lxc/null-ptr-5-lxc/repair/91.patch
[Wed Jan 21 05:12:40 2026][COMMAND]: /opt/infer/infer/bin/infer --pulse-only --pulse-max-disjuncts 100 --jobs 32 --reactive --pulse-fix-mode --pulse-fix-file=src/lxc/af_unix.c --pulse-fix-function=lxc_abstract_unix_send_credential -o /effFix-experiment/effFix-benchmark/lxc/null-ptr-5-lxc/repair/infer-out-single -- make -j4
[Wed Jan 21 05:12:40 2026][COMMAND]: sed -i -e '237s:^:msg.msg_control = NULL ;  :' /effFix-experiment/effFix-benchmark/lxc/null-ptr-5-lxc/src/src/lxc/af_unix.c
[Wed Jan 21 05:12:40 2026][COMMAND]: diff -u /effFix-experiment/effFix-benchmark/lxc/null-ptr-5-lxc/repair/af_unix.c.backup /effFix-experiment/effFix-benchmark/lxc/null-ptr-5-lxc/src/src/lxc/af_unix.c > /effFix-experiment/effFix-benchmark/lxc/null-ptr-5-lxc/repair/92.patch
[Wed Jan 21 05:12:40 2026][COMMAND]: /opt/infer/infer/bin/infer --pulse-only --pulse-max-disjuncts 100 --jobs 32 --reactive --pulse-fix-mode --pulse-fix-file=src/lxc/af_unix.c --pulse-fix-function=lxc_abstract_unix_send_credential -o /effFix-experiment/effFix-benchmark/lxc/null-ptr-5-lxc/repair/infer-out-single -- make -j4
[Wed Jan 21 05:12:40 2026][COMMAND]: sed -i -e '237s:$: msg.msg_controllen = \& ...->msg_controllen * msg.msg_controllen ; :' /effFix-experiment/effFix-benchmark/lxc/null-ptr-5-lxc/src/src/lxc/af_unix.c
[Wed Jan 21 05:12:40 2026][COMMAND]: diff -u /effFix-experiment/effFix-benchmark/lxc/null-ptr-5-lxc/repair/af_unix.c.backup /effFix-experiment/effFix-benchmark/lxc/null-ptr-5-lxc/src/src/lxc/af_unix.c > /effFix-experiment/effFix-benchmark/lxc/null-ptr-5-lxc/repair/93.patch
[Wed Jan 21 05:12:40 2026][COMMAND]: /opt/infer/infer/bin/infer --pulse-only --pulse-max-disjuncts 100 --jobs 32 --reactive --pulse-fix-mode --pulse-fix-file=src/lxc/af_unix.c --pulse-fix-function=lxc_abstract_unix_send_credential -o /effFix-experiment/effFix-benchmark/lxc/null-ptr-5-lxc/repair/infer-out-single -- make -j4
[Wed Jan 21 05:12:40 2026][COMMAND]: sed -i -e '237s:$: free ( \& ...->msg_control ) ; free ( \& ...->msg_control ) ; :' /effFix-experiment/effFix-benchmark/lxc/null-ptr-5-lxc/src/src/lxc/af_unix.c
[Wed Jan 21 05:12:40 2026][COMMAND]: diff -u /effFix-experiment/effFix-benchmark/lxc/null-ptr-5-lxc/repair/af_unix.c.backup /effFix-experiment/effFix-benchmark/lxc/null-ptr-5-lxc/src/src/lxc/af_unix.c > /effFix-experiment/effFix-benchmark/lxc/null-ptr-5-lxc/repair/94.patch
[Wed Jan 21 05:12:40 2026][COMMAND]: /opt/infer/infer/bin/infer --pulse-only --pulse-max-disjuncts 100 --jobs 32 --reactive --pulse-fix-mode --pulse-fix-file=src/lxc/af_unix.c --pulse-fix-function=lxc_abstract_unix_send_credential -o /effFix-experiment/effFix-benchmark/lxc/null-ptr-5-lxc/repair/infer-out-single -- make -j4
[Wed Jan 21 05:12:40 2026][COMMAND]: sed -i -e '237s:$: msg.msg_controllen = \& ...->msg_controllen - msg.msg_controllen ; :' /effFix-experiment/effFix-benchmark/lxc/null-ptr-5-lxc/src/src/lxc/af_unix.c
[Wed Jan 21 05:12:40 2026][COMMAND]: diff -u /effFix-experiment/effFix-benchmark/lxc/null-ptr-5-lxc/repair/af_unix.c.backup /effFix-experiment/effFix-benchmark/lxc/null-ptr-5-lxc/src/src/lxc/af_unix.c > /effFix-experiment/effFix-benchmark/lxc/null-ptr-5-lxc/repair/95.patch
[Wed Jan 21 05:12:40 2026][COMMAND]: /opt/infer/infer/bin/infer --pulse-only --pulse-max-disjuncts 100 --jobs 32 --reactive --pulse-fix-mode --pulse-fix-file=src/lxc/af_unix.c --pulse-fix-function=lxc_abstract_unix_send_credential -o /effFix-experiment/effFix-benchmark/lxc/null-ptr-5-lxc/repair/infer-out-single -- make -j4
[Wed Jan 21 05:12:40 2026][COMMAND]: sed -i -e '237s:$: if ( ! ( msg.msg_controllen > \& ...->msg_controllen * msg.msg_controllen ) ) { msg.msg_controllen = msg.msg_controllen * \& ...->msg_controllen ; } :' /effFix-experiment/effFix-benchmark/lxc/null-ptr-5-lxc/src/src/lxc/af_unix.c
[Wed Jan 21 05:12:40 2026][COMMAND]: diff -u /effFix-experiment/effFix-benchmark/lxc/null-ptr-5-lxc/repair/af_unix.c.backup /effFix-experiment/effFix-benchmark/lxc/null-ptr-5-lxc/src/src/lxc/af_unix.c > /effFix-experiment/effFix-benchmark/lxc/null-ptr-5-lxc/repair/96.patch
[Wed Jan 21 05:12:40 2026][COMMAND]: /opt/infer/infer/bin/infer --pulse-only --pulse-max-disjuncts 100 --jobs 32 --reactive --pulse-fix-mode --pulse-fix-file=src/lxc/af_unix.c --pulse-fix-function=lxc_abstract_unix_send_credential -o /effFix-experiment/effFix-benchmark/lxc/null-ptr-5-lxc/repair/infer-out-single -- make -j4
[Wed Jan 21 05:12:40 2026][COMMAND]: sed -i -e '237s:^:if ( \& ...->msg_controllen >= 0 \&\& msg.msg_control != NULL ) { return msg.msg_control ; }  :' /effFix-experiment/effFix-benchmark/lxc/null-ptr-5-lxc/src/src/lxc/af_unix.c
[Wed Jan 21 05:12:40 2026][COMMAND]: diff -u /effFix-experiment/effFix-benchmark/lxc/null-ptr-5-lxc/repair/af_unix.c.backup /effFix-experiment/effFix-benchmark/lxc/null-ptr-5-lxc/src/src/lxc/af_unix.c > /effFix-experiment/effFix-benchmark/lxc/null-ptr-5-lxc/repair/97.patch
[Wed Jan 21 05:12:40 2026][COMMAND]: /opt/infer/infer/bin/infer --pulse-only --pulse-max-disjuncts 100 --jobs 32 --reactive --pulse-fix-mode --pulse-fix-file=src/lxc/af_unix.c --pulse-fix-function=lxc_abstract_unix_send_credential -o /effFix-experiment/effFix-benchmark/lxc/null-ptr-5-lxc/repair/infer-out-single -- make -j4
[Wed Jan 21 05:12:40 2026][COMMAND]: sed -i -e '237s:$: if ( cmsg != \& ...->msg_control || msg.msg_control == \& ...->msg_control ) { free ( \& ...->msg_control ) ; } :' /effFix-experiment/effFix-benchmark/lxc/null-ptr-5-lxc/src/src/lxc/af_unix.c
[Wed Jan 21 05:12:40 2026][COMMAND]: diff -u /effFix-experiment/effFix-benchmark/lxc/null-ptr-5-lxc/repair/af_unix.c.backup /effFix-experiment/effFix-benchmark/lxc/null-ptr-5-lxc/src/src/lxc/af_unix.c > /effFix-experiment/effFix-benchmark/lxc/null-ptr-5-lxc/repair/98.patch
[Wed Jan 21 05:12:40 2026][COMMAND]: /opt/infer/infer/bin/infer --pulse-only --pulse-max-disjuncts 100 --jobs 32 --reactive --pulse-fix-mode --pulse-fix-file=src/lxc/af_unix.c --pulse-fix-function=lxc_abstract_unix_send_credential -o /effFix-experiment/effFix-benchmark/lxc/null-ptr-5-lxc/repair/infer-out-single -- make -j4
[Wed Jan 21 05:12:40 2026][COMMAND]: sed -i -e '237s:$: \& ...->msg_control = malloc ( sizeof ( * msg.msg_control ) ) ; :' /effFix-experiment/effFix-benchmark/lxc/null-ptr-5-lxc/src/src/lxc/af_unix.c
[Wed Jan 21 05:12:40 2026][COMMAND]: diff -u /effFix-experiment/effFix-benchmark/lxc/null-ptr-5-lxc/repair/af_unix.c.backup /effFix-experiment/effFix-benchmark/lxc/null-ptr-5-lxc/src/src/lxc/af_unix.c > /effFix-experiment/effFix-benchmark/lxc/null-ptr-5-lxc/repair/99.patch
[Wed Jan 21 05:12:41 2026][COMMAND]: /opt/infer/infer/bin/infer --pulse-only --pulse-max-disjuncts 100 --jobs 32 --reactive --pulse-fix-mode --pulse-fix-file=src/lxc/af_unix.c --pulse-fix-function=lxc_abstract_unix_send_credential -o /effFix-experiment/effFix-benchmark/lxc/null-ptr-5-lxc/repair/infer-out-single -- make -j4
[Wed Jan 21 05:12:41 2026][COMMAND]: sed -i -e '237s:^:if ( \& ...->msg_control != NULL || msg.msg_control != NULL ) { return \& ...->msg_control ; }  :' /effFix-experiment/effFix-benchmark/lxc/null-ptr-5-lxc/src/src/lxc/af_unix.c
[Wed Jan 21 05:12:41 2026][COMMAND]: diff -u /effFix-experiment/effFix-benchmark/lxc/null-ptr-5-lxc/repair/af_unix.c.backup /effFix-experiment/effFix-benchmark/lxc/null-ptr-5-lxc/src/src/lxc/af_unix.c > /effFix-experiment/effFix-benchmark/lxc/null-ptr-5-lxc/repair/100.patch
[Wed Jan 21 05:12:41 2026][COMMAND]: /opt/infer/infer/bin/infer --pulse-only --pulse-max-disjuncts 100 --jobs 32 --reactive --pulse-fix-mode --pulse-fix-file=src/lxc/af_unix.c --pulse-fix-function=lxc_abstract_unix_send_credential -o /effFix-experiment/effFix-benchmark/lxc/null-ptr-5-lxc/repair/infer-out-single -- make -j4
[Wed Jan 21 05:12:41 2026][COMMAND]: sed -i -e '237s:$: if ( msg.msg_controllen > -1 || \& ...->msg_controllen - msg.msg_controllen == 0 ) { \& ...->msg_controllen = msg.msg_controllen ; } :' /effFix-experiment/effFix-benchmark/lxc/null-ptr-5-lxc/src/src/lxc/af_unix.c
[Wed Jan 21 05:12:41 2026][COMMAND]: diff -u /effFix-experiment/effFix-benchmark/lxc/null-ptr-5-lxc/repair/af_unix.c.backup /effFix-experiment/effFix-benchmark/lxc/null-ptr-5-lxc/src/src/lxc/af_unix.c > /effFix-experiment/effFix-benchmark/lxc/null-ptr-5-lxc/repair/101.patch
[Wed Jan 21 05:12:41 2026][COMMAND]: /opt/infer/infer/bin/infer --pulse-only --pulse-max-disjuncts 100 --jobs 32 --reactive --pulse-fix-mode --pulse-fix-file=src/lxc/af_unix.c --pulse-fix-function=lxc_abstract_unix_send_credential -o /effFix-experiment/effFix-benchmark/lxc/null-ptr-5-lxc/repair/infer-out-single -- make -j4
[Wed Jan 21 05:12:41 2026][COMMAND]: sed -i -e '237s:$: \& ...->msg_controllen = \& ...->msg_controllen / \& ...->msg_controllen ; :' /effFix-experiment/effFix-benchmark/lxc/null-ptr-5-lxc/src/src/lxc/af_unix.c
[Wed Jan 21 05:12:41 2026][COMMAND]: diff -u /effFix-experiment/effFix-benchmark/lxc/null-ptr-5-lxc/repair/af_unix.c.backup /effFix-experiment/effFix-benchmark/lxc/null-ptr-5-lxc/src/src/lxc/af_unix.c > /effFix-experiment/effFix-benchmark/lxc/null-ptr-5-lxc/repair/102.patch
[Wed Jan 21 05:12:41 2026][COMMAND]: /opt/infer/infer/bin/infer --pulse-only --pulse-max-disjuncts 100 --jobs 32 --reactive --pulse-fix-mode --pulse-fix-file=src/lxc/af_unix.c --pulse-fix-function=lxc_abstract_unix_send_credential -o /effFix-experiment/effFix-benchmark/lxc/null-ptr-5-lxc/repair/infer-out-single -- make -j4
[Wed Jan 21 05:12:41 2026][COMMAND]: sed -i -e '237s:^:if ( msg.msg_controllen / msg.msg_controllen >= -1 ) { return \& ...->msg_control ; }  :' /effFix-experiment/effFix-benchmark/lxc/null-ptr-5-lxc/src/src/lxc/af_unix.c
[Wed Jan 21 05:12:41 2026][COMMAND]: diff -u /effFix-experiment/effFix-benchmark/lxc/null-ptr-5-lxc/repair/af_unix.c.backup /effFix-experiment/effFix-benchmark/lxc/null-ptr-5-lxc/src/src/lxc/af_unix.c > /effFix-experiment/effFix-benchmark/lxc/null-ptr-5-lxc/repair/103.patch
[Wed Jan 21 05:12:41 2026][COMMAND]: /opt/infer/infer/bin/infer --pulse-only --pulse-max-disjuncts 100 --jobs 32 --reactive --pulse-fix-mode --pulse-fix-file=src/lxc/af_unix.c --pulse-fix-function=lxc_abstract_unix_send_credential -o /effFix-experiment/effFix-benchmark/lxc/null-ptr-5-lxc/repair/infer-out-single -- make -j4
[Wed Jan 21 05:12:41 2026][COMMAND]: sed -i -e '237s:^:\& ...->msg_controllen = msg.msg_controllen ; \& ...->msg_controllen = \& ...->msg_controllen * \& ...->msg_controllen ;  :' /effFix-experiment/effFix-benchmark/lxc/null-ptr-5-lxc/src/src/lxc/af_unix.c
[Wed Jan 21 05:12:41 2026][COMMAND]: diff -u /effFix-experiment/effFix-benchmark/lxc/null-ptr-5-lxc/repair/af_unix.c.backup /effFix-experiment/effFix-benchmark/lxc/null-ptr-5-lxc/src/src/lxc/af_unix.c > /effFix-experiment/effFix-benchmark/lxc/null-ptr-5-lxc/repair/104.patch
[Wed Jan 21 05:12:41 2026][COMMAND]: /opt/infer/infer/bin/infer --pulse-only --pulse-max-disjuncts 100 --jobs 32 --reactive --pulse-fix-mode --pulse-fix-file=src/lxc/af_unix.c --pulse-fix-function=lxc_abstract_unix_send_credential -o /effFix-experiment/effFix-benchmark/lxc/null-ptr-5-lxc/repair/infer-out-single -- make -j4
[Wed Jan 21 05:12:41 2026][COMMAND]: sed -i -e '237s:$: if ( ! ( msg.msg_controllen * msg.msg_controllen < 0 ) ) { return 0; } :' /effFix-experiment/effFix-benchmark/lxc/null-ptr-5-lxc/src/src/lxc/af_unix.c
[Wed Jan 21 05:12:41 2026][COMMAND]: diff -u /effFix-experiment/effFix-benchmark/lxc/null-ptr-5-lxc/repair/af_unix.c.backup /effFix-experiment/effFix-benchmark/lxc/null-ptr-5-lxc/src/src/lxc/af_unix.c > /effFix-experiment/effFix-benchmark/lxc/null-ptr-5-lxc/repair/105.patch
[Wed Jan 21 05:12:41 2026][COMMAND]: /opt/infer/infer/bin/infer --pulse-only --pulse-max-disjuncts 100 --jobs 32 --reactive --pulse-fix-mode --pulse-fix-file=src/lxc/af_unix.c --pulse-fix-function=lxc_abstract_unix_send_credential -o /effFix-experiment/effFix-benchmark/lxc/null-ptr-5-lxc/repair/infer-out-single -- make -j4
[Wed Jan 21 05:12:41 2026][COMMAND]: sed -i -e '237s:^:if ( cmsg != NULL || \& ...->msg_controllen + \& ...->msg_controllen > -1 ) { msg.msg_controllen = \& ...->msg_controllen + \& ...->msg_controllen ; }  :' /effFix-experiment/effFix-benchmark/lxc/null-ptr-5-lxc/src/src/lxc/af_unix.c
[Wed Jan 21 05:12:41 2026][COMMAND]: diff -u /effFix-experiment/effFix-benchmark/lxc/null-ptr-5-lxc/repair/af_unix.c.backup /effFix-experiment/effFix-benchmark/lxc/null-ptr-5-lxc/src/src/lxc/af_unix.c > /effFix-experiment/effFix-benchmark/lxc/null-ptr-5-lxc/repair/106.patch
[Wed Jan 21 05:12:41 2026][COMMAND]: /opt/infer/infer/bin/infer --pulse-only --pulse-max-disjuncts 100 --jobs 32 --reactive --pulse-fix-mode --pulse-fix-file=src/lxc/af_unix.c --pulse-fix-function=lxc_abstract_unix_send_credential -o /effFix-experiment/effFix-benchmark/lxc/null-ptr-5-lxc/repair/infer-out-single -- make -j4
[Wed Jan 21 05:12:41 2026][COMMAND]: sed -i -e '237s:^:cmsg = \& ...->msg_control ; msg.msg_control = malloc ( sizeof ( * msg.msg_control ) ) ;  :' /effFix-experiment/effFix-benchmark/lxc/null-ptr-5-lxc/src/src/lxc/af_unix.c
[Wed Jan 21 05:12:41 2026][COMMAND]: diff -u /effFix-experiment/effFix-benchmark/lxc/null-ptr-5-lxc/repair/af_unix.c.backup /effFix-experiment/effFix-benchmark/lxc/null-ptr-5-lxc/src/src/lxc/af_unix.c > /effFix-experiment/effFix-benchmark/lxc/null-ptr-5-lxc/repair/107.patch
[Wed Jan 21 05:12:41 2026][COMMAND]: /opt/infer/infer/bin/infer --pulse-only --pulse-max-disjuncts 100 --jobs 32 --reactive --pulse-fix-mode --pulse-fix-file=src/lxc/af_unix.c --pulse-fix-function=lxc_abstract_unix_send_credential -o /effFix-experiment/effFix-benchmark/lxc/null-ptr-5-lxc/repair/infer-out-single -- make -j4
[Wed Jan 21 05:12:41 2026][COMMAND]: sed -i -e '237s:^:cmsg = malloc ( sizeof ( * msg.msg_control ) ) ;  :' /effFix-experiment/effFix-benchmark/lxc/null-ptr-5-lxc/src/src/lxc/af_unix.c
[Wed Jan 21 05:12:41 2026][COMMAND]: diff -u /effFix-experiment/effFix-benchmark/lxc/null-ptr-5-lxc/repair/af_unix.c.backup /effFix-experiment/effFix-benchmark/lxc/null-ptr-5-lxc/src/src/lxc/af_unix.c > /effFix-experiment/effFix-benchmark/lxc/null-ptr-5-lxc/repair/108.patch
[Wed Jan 21 05:12:41 2026][COMMAND]: /opt/infer/infer/bin/infer --pulse-only --pulse-max-disjuncts 100 --jobs 32 --reactive --pulse-fix-mode --pulse-fix-file=src/lxc/af_unix.c --pulse-fix-function=lxc_abstract_unix_send_credential -o /effFix-experiment/effFix-benchmark/lxc/null-ptr-5-lxc/repair/infer-out-single -- make -j4
[Wed Jan 21 05:12:41 2026][COMMAND]: sed -i -e '237s:$: return NULL ; return 0; :' /effFix-experiment/effFix-benchmark/lxc/null-ptr-5-lxc/src/src/lxc/af_unix.c
[Wed Jan 21 05:12:41 2026][COMMAND]: diff -u /effFix-experiment/effFix-benchmark/lxc/null-ptr-5-lxc/repair/af_unix.c.backup /effFix-experiment/effFix-benchmark/lxc/null-ptr-5-lxc/src/src/lxc/af_unix.c > /effFix-experiment/effFix-benchmark/lxc/null-ptr-5-lxc/repair/109.patch
[Wed Jan 21 05:12:41 2026][COMMAND]: /opt/infer/infer/bin/infer --pulse-only --pulse-max-disjuncts 100 --jobs 32 --reactive --pulse-fix-mode --pulse-fix-file=src/lxc/af_unix.c --pulse-fix-function=lxc_abstract_unix_send_credential -o /effFix-experiment/effFix-benchmark/lxc/null-ptr-5-lxc/repair/infer-out-single -- make -j4
[Wed Jan 21 05:12:41 2026][COMMAND]: sed -i -e '237s:^:\& ...->msg_controllen = msg.msg_controllen * msg.msg_controllen ;  :' /effFix-experiment/effFix-benchmark/lxc/null-ptr-5-lxc/src/src/lxc/af_unix.c
[Wed Jan 21 05:12:41 2026][COMMAND]: diff -u /effFix-experiment/effFix-benchmark/lxc/null-ptr-5-lxc/repair/af_unix.c.backup /effFix-experiment/effFix-benchmark/lxc/null-ptr-5-lxc/src/src/lxc/af_unix.c > /effFix-experiment/effFix-benchmark/lxc/null-ptr-5-lxc/repair/110.patch
[Wed Jan 21 05:12:41 2026][COMMAND]: /opt/infer/infer/bin/infer --pulse-only --pulse-max-disjuncts 100 --jobs 32 --reactive --pulse-fix-mode --pulse-fix-file=src/lxc/af_unix.c --pulse-fix-function=lxc_abstract_unix_send_credential -o /effFix-experiment/effFix-benchmark/lxc/null-ptr-5-lxc/repair/infer-out-single -- make -j4
[Wed Jan 21 05:12:42 2026][COMMAND]: sed -i -e '237s:$: msg.msg_controllen = msg.msg_controllen ; :' /effFix-experiment/effFix-benchmark/lxc/null-ptr-5-lxc/src/src/lxc/af_unix.c
[Wed Jan 21 05:12:42 2026][COMMAND]: diff -u /effFix-experiment/effFix-benchmark/lxc/null-ptr-5-lxc/repair/af_unix.c.backup /effFix-experiment/effFix-benchmark/lxc/null-ptr-5-lxc/src/src/lxc/af_unix.c > /effFix-experiment/effFix-benchmark/lxc/null-ptr-5-lxc/repair/111.patch
[Wed Jan 21 05:12:42 2026][COMMAND]: /opt/infer/infer/bin/infer --pulse-only --pulse-max-disjuncts 100 --jobs 32 --reactive --pulse-fix-mode --pulse-fix-file=src/lxc/af_unix.c --pulse-fix-function=lxc_abstract_unix_send_credential -o /effFix-experiment/effFix-benchmark/lxc/null-ptr-5-lxc/repair/infer-out-single -- make -j4
[Wed Jan 21 05:12:42 2026][COMMAND]: sed -i -e '237s:$: return NULL ; if ( \& ...->msg_control == NULL || msg.msg_control == cmsg ) { return call to sendmsg; } :' /effFix-experiment/effFix-benchmark/lxc/null-ptr-5-lxc/src/src/lxc/af_unix.c
[Wed Jan 21 05:12:42 2026][COMMAND]: diff -u /effFix-experiment/effFix-benchmark/lxc/null-ptr-5-lxc/repair/af_unix.c.backup /effFix-experiment/effFix-benchmark/lxc/null-ptr-5-lxc/src/src/lxc/af_unix.c > /effFix-experiment/effFix-benchmark/lxc/null-ptr-5-lxc/repair/112.patch
[Wed Jan 21 05:12:42 2026][COMMAND]: /opt/infer/infer/bin/infer --pulse-only --pulse-max-disjuncts 100 --jobs 32 --reactive --pulse-fix-mode --pulse-fix-file=src/lxc/af_unix.c --pulse-fix-function=lxc_abstract_unix_send_credential -o /effFix-experiment/effFix-benchmark/lxc/null-ptr-5-lxc/repair/infer-out-single -- make -j4
[Wed Jan 21 05:12:42 2026][COMMAND]: sed -i -e '237s:$: \& ...->msg_control = NULL ; :' /effFix-experiment/effFix-benchmark/lxc/null-ptr-5-lxc/src/src/lxc/af_unix.c
[Wed Jan 21 05:12:42 2026][COMMAND]: diff -u /effFix-experiment/effFix-benchmark/lxc/null-ptr-5-lxc/repair/af_unix.c.backup /effFix-experiment/effFix-benchmark/lxc/null-ptr-5-lxc/src/src/lxc/af_unix.c > /effFix-experiment/effFix-benchmark/lxc/null-ptr-5-lxc/repair/113.patch
[Wed Jan 21 05:12:42 2026][COMMAND]: /opt/infer/infer/bin/infer --pulse-only --pulse-max-disjuncts 100 --jobs 32 --reactive --pulse-fix-mode --pulse-fix-file=src/lxc/af_unix.c --pulse-fix-function=lxc_abstract_unix_send_credential -o /effFix-experiment/effFix-benchmark/lxc/null-ptr-5-lxc/repair/infer-out-single -- make -j4
[Wed Jan 21 05:12:42 2026][COMMAND]: sed -i -e '237s:^:msg.msg_controllen = msg.msg_controllen / msg.msg_controllen ;  :' /effFix-experiment/effFix-benchmark/lxc/null-ptr-5-lxc/src/src/lxc/af_unix.c
[Wed Jan 21 05:12:42 2026][COMMAND]: diff -u /effFix-experiment/effFix-benchmark/lxc/null-ptr-5-lxc/repair/af_unix.c.backup /effFix-experiment/effFix-benchmark/lxc/null-ptr-5-lxc/src/src/lxc/af_unix.c > /effFix-experiment/effFix-benchmark/lxc/null-ptr-5-lxc/repair/114.patch
[Wed Jan 21 05:12:42 2026][COMMAND]: /opt/infer/infer/bin/infer --pulse-only --pulse-max-disjuncts 100 --jobs 32 --reactive --pulse-fix-mode --pulse-fix-file=src/lxc/af_unix.c --pulse-fix-function=lxc_abstract_unix_send_credential -o /effFix-experiment/effFix-benchmark/lxc/null-ptr-5-lxc/repair/infer-out-single -- make -j4
[Wed Jan 21 05:12:42 2026][COMMAND]: sed -i -e '237s:$: if ( \& ...->msg_controllen - \& ...->msg_controllen != \& ...->msg_controllen \&\& msg.msg_controllen == msg.msg_controllen * \& ...->msg_controllen ) { free ( cmsg ) ; } :' /effFix-experiment/effFix-benchmark/lxc/null-ptr-5-lxc/src/src/lxc/af_unix.c
[Wed Jan 21 05:12:42 2026][COMMAND]: diff -u /effFix-experiment/effFix-benchmark/lxc/null-ptr-5-lxc/repair/af_unix.c.backup /effFix-experiment/effFix-benchmark/lxc/null-ptr-5-lxc/src/src/lxc/af_unix.c > /effFix-experiment/effFix-benchmark/lxc/null-ptr-5-lxc/repair/115.patch
[Wed Jan 21 05:12:42 2026][COMMAND]: /opt/infer/infer/bin/infer --pulse-only --pulse-max-disjuncts 100 --jobs 32 --reactive --pulse-fix-mode --pulse-fix-file=src/lxc/af_unix.c --pulse-fix-function=lxc_abstract_unix_send_credential -o /effFix-experiment/effFix-benchmark/lxc/null-ptr-5-lxc/repair/infer-out-single -- make -j4
[Wed Jan 21 05:12:42 2026][COMMAND]: sed -i -e '237s:$: cmsg = msg.msg_control ; :' /effFix-experiment/effFix-benchmark/lxc/null-ptr-5-lxc/src/src/lxc/af_unix.c
[Wed Jan 21 05:12:42 2026][COMMAND]: diff -u /effFix-experiment/effFix-benchmark/lxc/null-ptr-5-lxc/repair/af_unix.c.backup /effFix-experiment/effFix-benchmark/lxc/null-ptr-5-lxc/src/src/lxc/af_unix.c > /effFix-experiment/effFix-benchmark/lxc/null-ptr-5-lxc/repair/116.patch
[Wed Jan 21 05:12:42 2026][COMMAND]: /opt/infer/infer/bin/infer --pulse-only --pulse-max-disjuncts 100 --jobs 32 --reactive --pulse-fix-mode --pulse-fix-file=src/lxc/af_unix.c --pulse-fix-function=lxc_abstract_unix_send_credential -o /effFix-experiment/effFix-benchmark/lxc/null-ptr-5-lxc/repair/infer-out-single -- make -j4
[Wed Jan 21 05:12:42 2026][COMMAND]: sed -i -e '237s:^:cmsg = malloc ( sizeof ( * \& ...->msg_control ) ) ; if ( \& ...->msg_controllen > 0 \&\& \& ...->msg_controllen / msg.msg_controllen < 0 ) { msg.msg_controllen = msg.msg_controllen ; }  :' /effFix-experiment/effFix-benchmark/lxc/null-ptr-5-lxc/src/src/lxc/af_unix.c
[Wed Jan 21 05:12:42 2026][COMMAND]: diff -u /effFix-experiment/effFix-benchmark/lxc/null-ptr-5-lxc/repair/af_unix.c.backup /effFix-experiment/effFix-benchmark/lxc/null-ptr-5-lxc/src/src/lxc/af_unix.c > /effFix-experiment/effFix-benchmark/lxc/null-ptr-5-lxc/repair/117.patch
[Wed Jan 21 05:12:42 2026][COMMAND]: /opt/infer/infer/bin/infer --pulse-only --pulse-max-disjuncts 100 --jobs 32 --reactive --pulse-fix-mode --pulse-fix-file=src/lxc/af_unix.c --pulse-fix-function=lxc_abstract_unix_send_credential -o /effFix-experiment/effFix-benchmark/lxc/null-ptr-5-lxc/repair/infer-out-single -- make -j4
[Wed Jan 21 05:12:42 2026][COMMAND]: sed -i -e '237s:^:if ( \& ...->msg_controllen > -1 ) { return NULL ; }  :' /effFix-experiment/effFix-benchmark/lxc/null-ptr-5-lxc/src/src/lxc/af_unix.c
[Wed Jan 21 05:12:42 2026][COMMAND]: diff -u /effFix-experiment/effFix-benchmark/lxc/null-ptr-5-lxc/repair/af_unix.c.backup /effFix-experiment/effFix-benchmark/lxc/null-ptr-5-lxc/src/src/lxc/af_unix.c > /effFix-experiment/effFix-benchmark/lxc/null-ptr-5-lxc/repair/118.patch
[Wed Jan 21 05:12:42 2026][COMMAND]: /opt/infer/infer/bin/infer --pulse-only --pulse-max-disjuncts 100 --jobs 32 --reactive --pulse-fix-mode --pulse-fix-file=src/lxc/af_unix.c --pulse-fix-function=lxc_abstract_unix_send_credential -o /effFix-experiment/effFix-benchmark/lxc/null-ptr-5-lxc/repair/infer-out-single -- make -j4
[Wed Jan 21 05:12:42 2026][COMMAND]: sed -i -e '237s:$: if ( ! ( msg.msg_control != NULL ) ) { msg.msg_control = NULL ; } :' /effFix-experiment/effFix-benchmark/lxc/null-ptr-5-lxc/src/src/lxc/af_unix.c
[Wed Jan 21 05:12:42 2026][COMMAND]: diff -u /effFix-experiment/effFix-benchmark/lxc/null-ptr-5-lxc/repair/af_unix.c.backup /effFix-experiment/effFix-benchmark/lxc/null-ptr-5-lxc/src/src/lxc/af_unix.c > /effFix-experiment/effFix-benchmark/lxc/null-ptr-5-lxc/repair/119.patch
[Wed Jan 21 05:12:42 2026][COMMAND]: /opt/infer/infer/bin/infer --pulse-only --pulse-max-disjuncts 100 --jobs 32 --reactive --pulse-fix-mode --pulse-fix-file=src/lxc/af_unix.c --pulse-fix-function=lxc_abstract_unix_send_credential -o /effFix-experiment/effFix-benchmark/lxc/null-ptr-5-lxc/repair/infer-out-single -- make -j4
[Wed Jan 21 05:12:42 2026][COMMAND]: sed -i -e '237s:$: if ( msg.msg_control != NULL ) { free ( msg.msg_control ) ; } :' /effFix-experiment/effFix-benchmark/lxc/null-ptr-5-lxc/src/src/lxc/af_unix.c
[Wed Jan 21 05:12:42 2026][COMMAND]: diff -u /effFix-experiment/effFix-benchmark/lxc/null-ptr-5-lxc/repair/af_unix.c.backup /effFix-experiment/effFix-benchmark/lxc/null-ptr-5-lxc/src/src/lxc/af_unix.c > /effFix-experiment/effFix-benchmark/lxc/null-ptr-5-lxc/repair/120.patch
[Wed Jan 21 05:12:42 2026][COMMAND]: /opt/infer/infer/bin/infer --pulse-only --pulse-max-disjuncts 100 --jobs 32 --reactive --pulse-fix-mode --pulse-fix-file=src/lxc/af_unix.c --pulse-fix-function=lxc_abstract_unix_send_credential -o /effFix-experiment/effFix-benchmark/lxc/null-ptr-5-lxc/repair/infer-out-single -- make -j4
[Wed Jan 21 05:12:42 2026][COMMAND]: sed -i -e '237s:$: if ( ! ( \& ...->msg_controllen * \& ...->msg_controllen != 0 ) ) { return NULL ; } :' /effFix-experiment/effFix-benchmark/lxc/null-ptr-5-lxc/src/src/lxc/af_unix.c
[Wed Jan 21 05:12:42 2026][COMMAND]: diff -u /effFix-experiment/effFix-benchmark/lxc/null-ptr-5-lxc/repair/af_unix.c.backup /effFix-experiment/effFix-benchmark/lxc/null-ptr-5-lxc/src/src/lxc/af_unix.c > /effFix-experiment/effFix-benchmark/lxc/null-ptr-5-lxc/repair/121.patch
[Wed Jan 21 05:12:42 2026][COMMAND]: /opt/infer/infer/bin/infer --pulse-only --pulse-max-disjuncts 100 --jobs 32 --reactive --pulse-fix-mode --pulse-fix-file=src/lxc/af_unix.c --pulse-fix-function=lxc_abstract_unix_send_credential -o /effFix-experiment/effFix-benchmark/lxc/null-ptr-5-lxc/repair/infer-out-single -- make -j4
[Wed Jan 21 05:12:43 2026][COMMAND]: sed -i -e '237s:$: msg.msg_control = cmsg ; :' /effFix-experiment/effFix-benchmark/lxc/null-ptr-5-lxc/src/src/lxc/af_unix.c
[Wed Jan 21 05:12:43 2026][COMMAND]: diff -u /effFix-experiment/effFix-benchmark/lxc/null-ptr-5-lxc/repair/af_unix.c.backup /effFix-experiment/effFix-benchmark/lxc/null-ptr-5-lxc/src/src/lxc/af_unix.c > /effFix-experiment/effFix-benchmark/lxc/null-ptr-5-lxc/repair/122.patch
[Wed Jan 21 05:12:43 2026][COMMAND]: /opt/infer/infer/bin/infer --pulse-only --pulse-max-disjuncts 100 --jobs 32 --reactive --pulse-fix-mode --pulse-fix-file=src/lxc/af_unix.c --pulse-fix-function=lxc_abstract_unix_send_credential -o /effFix-experiment/effFix-benchmark/lxc/null-ptr-5-lxc/repair/infer-out-single -- make -j4
[Wed Jan 21 05:12:43 2026][COMMAND]: sed -i -e '237s:^:return NULL ; \& ...->msg_controllen = \& ...->msg_controllen + msg.msg_controllen ;  :' /effFix-experiment/effFix-benchmark/lxc/null-ptr-5-lxc/src/src/lxc/af_unix.c
[Wed Jan 21 05:12:43 2026][COMMAND]: diff -u /effFix-experiment/effFix-benchmark/lxc/null-ptr-5-lxc/repair/af_unix.c.backup /effFix-experiment/effFix-benchmark/lxc/null-ptr-5-lxc/src/src/lxc/af_unix.c > /effFix-experiment/effFix-benchmark/lxc/null-ptr-5-lxc/repair/123.patch
[Wed Jan 21 05:12:43 2026][COMMAND]: /opt/infer/infer/bin/infer --pulse-only --pulse-max-disjuncts 100 --jobs 32 --reactive --pulse-fix-mode --pulse-fix-file=src/lxc/af_unix.c --pulse-fix-function=lxc_abstract_unix_send_credential -o /effFix-experiment/effFix-benchmark/lxc/null-ptr-5-lxc/repair/infer-out-single -- make -j4
[Wed Jan 21 05:12:43 2026][COMMAND]: sed -i -e '237s:^:return NULL ; return cmsg ;  :' /effFix-experiment/effFix-benchmark/lxc/null-ptr-5-lxc/src/src/lxc/af_unix.c
[Wed Jan 21 05:12:43 2026][COMMAND]: diff -u /effFix-experiment/effFix-benchmark/lxc/null-ptr-5-lxc/repair/af_unix.c.backup /effFix-experiment/effFix-benchmark/lxc/null-ptr-5-lxc/src/src/lxc/af_unix.c > /effFix-experiment/effFix-benchmark/lxc/null-ptr-5-lxc/repair/124.patch
[Wed Jan 21 05:12:43 2026][COMMAND]: /opt/infer/infer/bin/infer --pulse-only --pulse-max-disjuncts 100 --jobs 32 --reactive --pulse-fix-mode --pulse-fix-file=src/lxc/af_unix.c --pulse-fix-function=lxc_abstract_unix_send_credential -o /effFix-experiment/effFix-benchmark/lxc/null-ptr-5-lxc/repair/infer-out-single -- make -j4
[Wed Jan 21 05:12:43 2026][COMMAND]: sed -i -e '237s:^:msg.msg_controllen = msg.msg_controllen ; return 0;  :' /effFix-experiment/effFix-benchmark/lxc/null-ptr-5-lxc/src/src/lxc/af_unix.c
[Wed Jan 21 05:12:43 2026][COMMAND]: diff -u /effFix-experiment/effFix-benchmark/lxc/null-ptr-5-lxc/repair/af_unix.c.backup /effFix-experiment/effFix-benchmark/lxc/null-ptr-5-lxc/src/src/lxc/af_unix.c > /effFix-experiment/effFix-benchmark/lxc/null-ptr-5-lxc/repair/125.patch
[Wed Jan 21 05:12:43 2026][COMMAND]: /opt/infer/infer/bin/infer --pulse-only --pulse-max-disjuncts 100 --jobs 32 --reactive --pulse-fix-mode --pulse-fix-file=src/lxc/af_unix.c --pulse-fix-function=lxc_abstract_unix_send_credential -o /effFix-experiment/effFix-benchmark/lxc/null-ptr-5-lxc/repair/infer-out-single -- make -j4
[Wed Jan 21 05:12:43 2026][COMMAND]: sed -i -e '237s:$: return call to sendmsg; return \& ...->msg_control ; :' /effFix-experiment/effFix-benchmark/lxc/null-ptr-5-lxc/src/src/lxc/af_unix.c
[Wed Jan 21 05:12:43 2026][COMMAND]: diff -u /effFix-experiment/effFix-benchmark/lxc/null-ptr-5-lxc/repair/af_unix.c.backup /effFix-experiment/effFix-benchmark/lxc/null-ptr-5-lxc/src/src/lxc/af_unix.c > /effFix-experiment/effFix-benchmark/lxc/null-ptr-5-lxc/repair/126.patch
[Wed Jan 21 05:12:43 2026][COMMAND]: /opt/infer/infer/bin/infer --pulse-only --pulse-max-disjuncts 100 --jobs 32 --reactive --pulse-fix-mode --pulse-fix-file=src/lxc/af_unix.c --pulse-fix-function=lxc_abstract_unix_send_credential -o /effFix-experiment/effFix-benchmark/lxc/null-ptr-5-lxc/repair/infer-out-single -- make -j4
[Wed Jan 21 05:12:43 2026][COMMAND]: sed -i -e '237s:^:cmsg = msg.msg_control ;  :' /effFix-experiment/effFix-benchmark/lxc/null-ptr-5-lxc/src/src/lxc/af_unix.c
[Wed Jan 21 05:12:43 2026][COMMAND]: diff -u /effFix-experiment/effFix-benchmark/lxc/null-ptr-5-lxc/repair/af_unix.c.backup /effFix-experiment/effFix-benchmark/lxc/null-ptr-5-lxc/src/src/lxc/af_unix.c > /effFix-experiment/effFix-benchmark/lxc/null-ptr-5-lxc/repair/127.patch
[Wed Jan 21 05:12:43 2026][COMMAND]: /opt/infer/infer/bin/infer --pulse-only --pulse-max-disjuncts 100 --jobs 32 --reactive --pulse-fix-mode --pulse-fix-file=src/lxc/af_unix.c --pulse-fix-function=lxc_abstract_unix_send_credential -o /effFix-experiment/effFix-benchmark/lxc/null-ptr-5-lxc/repair/infer-out-single -- make -j4
[Wed Jan 21 05:12:43 2026][COMMAND]: sed -i -e '237s:$: \& ...->msg_controllen = \& ...->msg_controllen / msg.msg_controllen ; :' /effFix-experiment/effFix-benchmark/lxc/null-ptr-5-lxc/src/src/lxc/af_unix.c
[Wed Jan 21 05:12:43 2026][COMMAND]: diff -u /effFix-experiment/effFix-benchmark/lxc/null-ptr-5-lxc/repair/af_unix.c.backup /effFix-experiment/effFix-benchmark/lxc/null-ptr-5-lxc/src/src/lxc/af_unix.c > /effFix-experiment/effFix-benchmark/lxc/null-ptr-5-lxc/repair/128.patch
[Wed Jan 21 05:12:43 2026][COMMAND]: /opt/infer/infer/bin/infer --pulse-only --pulse-max-disjuncts 100 --jobs 32 --reactive --pulse-fix-mode --pulse-fix-file=src/lxc/af_unix.c --pulse-fix-function=lxc_abstract_unix_send_credential -o /effFix-experiment/effFix-benchmark/lxc/null-ptr-5-lxc/repair/infer-out-single -- make -j4
[Wed Jan 21 05:12:43 2026][COMMAND]: sed -i -e '237s:$: if ( msg.msg_controllen + \& ...->msg_controllen != msg.msg_controllen || msg.msg_controllen - \& ...->msg_controllen == -1 ) { msg.msg_controllen = msg.msg_controllen - msg.msg_controllen ; } :' /effFix-experiment/effFix-benchmark/lxc/null-ptr-5-lxc/src/src/lxc/af_unix.c
[Wed Jan 21 05:12:43 2026][COMMAND]: diff -u /effFix-experiment/effFix-benchmark/lxc/null-ptr-5-lxc/repair/af_unix.c.backup /effFix-experiment/effFix-benchmark/lxc/null-ptr-5-lxc/src/src/lxc/af_unix.c > /effFix-experiment/effFix-benchmark/lxc/null-ptr-5-lxc/repair/129.patch
[Wed Jan 21 05:12:43 2026][COMMAND]: /opt/infer/infer/bin/infer --pulse-only --pulse-max-disjuncts 100 --jobs 32 --reactive --pulse-fix-mode --pulse-fix-file=src/lxc/af_unix.c --pulse-fix-function=lxc_abstract_unix_send_credential -o /effFix-experiment/effFix-benchmark/lxc/null-ptr-5-lxc/repair/infer-out-single -- make -j4
[Wed Jan 21 05:12:43 2026][COMMAND]: sed -i -e '237s:$: if ( \& ...->msg_controllen - \& ...->msg_controllen <= msg.msg_controllen \&\& msg.msg_controllen > \& ...->msg_controllen - \& ...->msg_controllen ) { \& ...->msg_control = malloc ( sizeof ( * cmsg ) ) ; } :' /effFix-experiment/effFix-benchmark/lxc/null-ptr-5-lxc/src/src/lxc/af_unix.c
[Wed Jan 21 05:12:43 2026][COMMAND]: diff -u /effFix-experiment/effFix-benchmark/lxc/null-ptr-5-lxc/repair/af_unix.c.backup /effFix-experiment/effFix-benchmark/lxc/null-ptr-5-lxc/src/src/lxc/af_unix.c > /effFix-experiment/effFix-benchmark/lxc/null-ptr-5-lxc/repair/130.patch
[Wed Jan 21 05:12:43 2026][COMMAND]: /opt/infer/infer/bin/infer --pulse-only --pulse-max-disjuncts 100 --jobs 32 --reactive --pulse-fix-mode --pulse-fix-file=src/lxc/af_unix.c --pulse-fix-function=lxc_abstract_unix_send_credential -o /effFix-experiment/effFix-benchmark/lxc/null-ptr-5-lxc/repair/infer-out-single -- make -j4
[Wed Jan 21 05:12:43 2026][COMMAND]: sed -i -e '237s:$: \& ...->msg_controllen = \& ...->msg_controllen * msg.msg_controllen ; \& ...->msg_controllen = \& ...->msg_controllen / \& ...->msg_controllen ; :' /effFix-experiment/effFix-benchmark/lxc/null-ptr-5-lxc/src/src/lxc/af_unix.c
[Wed Jan 21 05:12:43 2026][COMMAND]: diff -u /effFix-experiment/effFix-benchmark/lxc/null-ptr-5-lxc/repair/af_unix.c.backup /effFix-experiment/effFix-benchmark/lxc/null-ptr-5-lxc/src/src/lxc/af_unix.c > /effFix-experiment/effFix-benchmark/lxc/null-ptr-5-lxc/repair/131.patch
[Wed Jan 21 05:12:43 2026][COMMAND]: /opt/infer/infer/bin/infer --pulse-only --pulse-max-disjuncts 100 --jobs 32 --reactive --pulse-fix-mode --pulse-fix-file=src/lxc/af_unix.c --pulse-fix-function=lxc_abstract_unix_send_credential -o /effFix-experiment/effFix-benchmark/lxc/null-ptr-5-lxc/repair/infer-out-single -- make -j4
[Wed Jan 21 05:12:43 2026][COMMAND]: sed -i -e '237s:^:free ( msg.msg_control ) ; return call to sendmsg;  :' /effFix-experiment/effFix-benchmark/lxc/null-ptr-5-lxc/src/src/lxc/af_unix.c
[Wed Jan 21 05:12:43 2026][COMMAND]: diff -u /effFix-experiment/effFix-benchmark/lxc/null-ptr-5-lxc/repair/af_unix.c.backup /effFix-experiment/effFix-benchmark/lxc/null-ptr-5-lxc/src/src/lxc/af_unix.c > /effFix-experiment/effFix-benchmark/lxc/null-ptr-5-lxc/repair/132.patch
[Wed Jan 21 05:12:43 2026][COMMAND]: /opt/infer/infer/bin/infer --pulse-only --pulse-max-disjuncts 100 --jobs 32 --reactive --pulse-fix-mode --pulse-fix-file=src/lxc/af_unix.c --pulse-fix-function=lxc_abstract_unix_send_credential -o /effFix-experiment/effFix-benchmark/lxc/null-ptr-5-lxc/repair/infer-out-single -- make -j4
[Wed Jan 21 05:12:43 2026][COMMAND]: sed -i -e '237s:$: \& ...->msg_controllen = \& ...->msg_controllen - msg.msg_controllen ; return 0; :' /effFix-experiment/effFix-benchmark/lxc/null-ptr-5-lxc/src/src/lxc/af_unix.c
[Wed Jan 21 05:12:44 2026][COMMAND]: diff -u /effFix-experiment/effFix-benchmark/lxc/null-ptr-5-lxc/repair/af_unix.c.backup /effFix-experiment/effFix-benchmark/lxc/null-ptr-5-lxc/src/src/lxc/af_unix.c > /effFix-experiment/effFix-benchmark/lxc/null-ptr-5-lxc/repair/133.patch
[Wed Jan 21 05:12:44 2026][COMMAND]: /opt/infer/infer/bin/infer --pulse-only --pulse-max-disjuncts 100 --jobs 32 --reactive --pulse-fix-mode --pulse-fix-file=src/lxc/af_unix.c --pulse-fix-function=lxc_abstract_unix_send_credential -o /effFix-experiment/effFix-benchmark/lxc/null-ptr-5-lxc/repair/infer-out-single -- make -j4
[Wed Jan 21 05:12:44 2026][COMMAND]: sed -i -e '237s:$: \& ...->msg_controllen = \& ...->msg_controllen + msg.msg_controllen ; return 0; :' /effFix-experiment/effFix-benchmark/lxc/null-ptr-5-lxc/src/src/lxc/af_unix.c
[Wed Jan 21 05:12:44 2026][COMMAND]: diff -u /effFix-experiment/effFix-benchmark/lxc/null-ptr-5-lxc/repair/af_unix.c.backup /effFix-experiment/effFix-benchmark/lxc/null-ptr-5-lxc/src/src/lxc/af_unix.c > /effFix-experiment/effFix-benchmark/lxc/null-ptr-5-lxc/repair/134.patch
[Wed Jan 21 05:12:44 2026][COMMAND]: /opt/infer/infer/bin/infer --pulse-only --pulse-max-disjuncts 100 --jobs 32 --reactive --pulse-fix-mode --pulse-fix-file=src/lxc/af_unix.c --pulse-fix-function=lxc_abstract_unix_send_credential -o /effFix-experiment/effFix-benchmark/lxc/null-ptr-5-lxc/repair/infer-out-single -- make -j4
[Wed Jan 21 05:12:44 2026][COMMAND]: sed -i -e '237s:$: return call to sendmsg; msg.msg_control = \& ...->msg_control ; :' /effFix-experiment/effFix-benchmark/lxc/null-ptr-5-lxc/src/src/lxc/af_unix.c
[Wed Jan 21 05:12:44 2026][COMMAND]: diff -u /effFix-experiment/effFix-benchmark/lxc/null-ptr-5-lxc/repair/af_unix.c.backup /effFix-experiment/effFix-benchmark/lxc/null-ptr-5-lxc/src/src/lxc/af_unix.c > /effFix-experiment/effFix-benchmark/lxc/null-ptr-5-lxc/repair/135.patch
[Wed Jan 21 05:12:44 2026][COMMAND]: /opt/infer/infer/bin/infer --pulse-only --pulse-max-disjuncts 100 --jobs 32 --reactive --pulse-fix-mode --pulse-fix-file=src/lxc/af_unix.c --pulse-fix-function=lxc_abstract_unix_send_credential -o /effFix-experiment/effFix-benchmark/lxc/null-ptr-5-lxc/repair/infer-out-single -- make -j4
[Wed Jan 21 05:12:44 2026][COMMAND]: sed -i -e '237s:$: msg.msg_controllen = \& ...->msg_controllen ; return NULL ; :' /effFix-experiment/effFix-benchmark/lxc/null-ptr-5-lxc/src/src/lxc/af_unix.c
[Wed Jan 21 05:12:44 2026][COMMAND]: diff -u /effFix-experiment/effFix-benchmark/lxc/null-ptr-5-lxc/repair/af_unix.c.backup /effFix-experiment/effFix-benchmark/lxc/null-ptr-5-lxc/src/src/lxc/af_unix.c > /effFix-experiment/effFix-benchmark/lxc/null-ptr-5-lxc/repair/136.patch
[Wed Jan 21 05:12:44 2026][COMMAND]: /opt/infer/infer/bin/infer --pulse-only --pulse-max-disjuncts 100 --jobs 32 --reactive --pulse-fix-mode --pulse-fix-file=src/lxc/af_unix.c --pulse-fix-function=lxc_abstract_unix_send_credential -o /effFix-experiment/effFix-benchmark/lxc/null-ptr-5-lxc/repair/infer-out-single -- make -j4
[Wed Jan 21 05:12:44 2026][COMMAND]: sed -i -e '237s:$: \& ...->msg_controllen = msg.msg_controllen * \& ...->msg_controllen ; :' /effFix-experiment/effFix-benchmark/lxc/null-ptr-5-lxc/src/src/lxc/af_unix.c
[Wed Jan 21 05:12:44 2026][COMMAND]: diff -u /effFix-experiment/effFix-benchmark/lxc/null-ptr-5-lxc/repair/af_unix.c.backup /effFix-experiment/effFix-benchmark/lxc/null-ptr-5-lxc/src/src/lxc/af_unix.c > /effFix-experiment/effFix-benchmark/lxc/null-ptr-5-lxc/repair/137.patch
[Wed Jan 21 05:12:44 2026][COMMAND]: /opt/infer/infer/bin/infer --pulse-only --pulse-max-disjuncts 100 --jobs 32 --reactive --pulse-fix-mode --pulse-fix-file=src/lxc/af_unix.c --pulse-fix-function=lxc_abstract_unix_send_credential -o /effFix-experiment/effFix-benchmark/lxc/null-ptr-5-lxc/repair/infer-out-single -- make -j4
[Wed Jan 21 05:12:44 2026][COMMAND]: sed -i -e '237s:$: return NULL ; return \& ...->msg_control ; :' /effFix-experiment/effFix-benchmark/lxc/null-ptr-5-lxc/src/src/lxc/af_unix.c
[Wed Jan 21 05:12:44 2026][COMMAND]: diff -u /effFix-experiment/effFix-benchmark/lxc/null-ptr-5-lxc/repair/af_unix.c.backup /effFix-experiment/effFix-benchmark/lxc/null-ptr-5-lxc/src/src/lxc/af_unix.c > /effFix-experiment/effFix-benchmark/lxc/null-ptr-5-lxc/repair/138.patch
[Wed Jan 21 05:12:44 2026][COMMAND]: /opt/infer/infer/bin/infer --pulse-only --pulse-max-disjuncts 100 --jobs 32 --reactive --pulse-fix-mode --pulse-fix-file=src/lxc/af_unix.c --pulse-fix-function=lxc_abstract_unix_send_credential -o /effFix-experiment/effFix-benchmark/lxc/null-ptr-5-lxc/repair/infer-out-single -- make -j4
[Wed Jan 21 05:12:44 2026][COMMAND]: sed -i -e '237s:$: msg.msg_controllen = msg.msg_controllen - msg.msg_controllen ; :' /effFix-experiment/effFix-benchmark/lxc/null-ptr-5-lxc/src/src/lxc/af_unix.c
[Wed Jan 21 05:12:44 2026][COMMAND]: diff -u /effFix-experiment/effFix-benchmark/lxc/null-ptr-5-lxc/repair/af_unix.c.backup /effFix-experiment/effFix-benchmark/lxc/null-ptr-5-lxc/src/src/lxc/af_unix.c > /effFix-experiment/effFix-benchmark/lxc/null-ptr-5-lxc/repair/139.patch
[Wed Jan 21 05:12:44 2026][COMMAND]: /opt/infer/infer/bin/infer --pulse-only --pulse-max-disjuncts 100 --jobs 32 --reactive --pulse-fix-mode --pulse-fix-file=src/lxc/af_unix.c --pulse-fix-function=lxc_abstract_unix_send_credential -o /effFix-experiment/effFix-benchmark/lxc/null-ptr-5-lxc/repair/infer-out-single -- make -j4
[Wed Jan 21 05:12:44 2026][COMMAND]: sed -i -e '237s:$: if ( msg.msg_controllen + \& ...->msg_controllen >= -1 ) { free ( msg.msg_control ) ; } :' /effFix-experiment/effFix-benchmark/lxc/null-ptr-5-lxc/src/src/lxc/af_unix.c
[Wed Jan 21 05:12:44 2026][COMMAND]: diff -u /effFix-experiment/effFix-benchmark/lxc/null-ptr-5-lxc/repair/af_unix.c.backup /effFix-experiment/effFix-benchmark/lxc/null-ptr-5-lxc/src/src/lxc/af_unix.c > /effFix-experiment/effFix-benchmark/lxc/null-ptr-5-lxc/repair/140.patch
[Wed Jan 21 05:12:44 2026][COMMAND]: /opt/infer/infer/bin/infer --pulse-only --pulse-max-disjuncts 100 --jobs 32 --reactive --pulse-fix-mode --pulse-fix-file=src/lxc/af_unix.c --pulse-fix-function=lxc_abstract_unix_send_credential -o /effFix-experiment/effFix-benchmark/lxc/null-ptr-5-lxc/repair/infer-out-single -- make -j4
[Wed Jan 21 05:12:44 2026][COMMAND]: sed -i -e '237s:$: return call to sendmsg; \& ...->msg_control = cmsg ; :' /effFix-experiment/effFix-benchmark/lxc/null-ptr-5-lxc/src/src/lxc/af_unix.c
[Wed Jan 21 05:12:44 2026][COMMAND]: diff -u /effFix-experiment/effFix-benchmark/lxc/null-ptr-5-lxc/repair/af_unix.c.backup /effFix-experiment/effFix-benchmark/lxc/null-ptr-5-lxc/src/src/lxc/af_unix.c > /effFix-experiment/effFix-benchmark/lxc/null-ptr-5-lxc/repair/141.patch
[Wed Jan 21 05:12:44 2026][COMMAND]: /opt/infer/infer/bin/infer --pulse-only --pulse-max-disjuncts 100 --jobs 32 --reactive --pulse-fix-mode --pulse-fix-file=src/lxc/af_unix.c --pulse-fix-function=lxc_abstract_unix_send_credential -o /effFix-experiment/effFix-benchmark/lxc/null-ptr-5-lxc/repair/infer-out-single -- make -j4
[Wed Jan 21 05:12:44 2026][COMMAND]: sed -i -e '237s:$: msg.msg_controllen = \& ...->msg_controllen ; msg.msg_controllen = msg.msg_controllen ; :' /effFix-experiment/effFix-benchmark/lxc/null-ptr-5-lxc/src/src/lxc/af_unix.c
[Wed Jan 21 05:12:44 2026][COMMAND]: diff -u /effFix-experiment/effFix-benchmark/lxc/null-ptr-5-lxc/repair/af_unix.c.backup /effFix-experiment/effFix-benchmark/lxc/null-ptr-5-lxc/src/src/lxc/af_unix.c > /effFix-experiment/effFix-benchmark/lxc/null-ptr-5-lxc/repair/142.patch
[Wed Jan 21 05:12:44 2026][COMMAND]: /opt/infer/infer/bin/infer --pulse-only --pulse-max-disjuncts 100 --jobs 32 --reactive --pulse-fix-mode --pulse-fix-file=src/lxc/af_unix.c --pulse-fix-function=lxc_abstract_unix_send_credential -o /effFix-experiment/effFix-benchmark/lxc/null-ptr-5-lxc/repair/infer-out-single -- make -j4
[Wed Jan 21 05:12:44 2026][COMMAND]: sed -i -e '237s:^:cmsg = NULL ;  :' /effFix-experiment/effFix-benchmark/lxc/null-ptr-5-lxc/src/src/lxc/af_unix.c
[Wed Jan 21 05:12:44 2026][COMMAND]: diff -u /effFix-experiment/effFix-benchmark/lxc/null-ptr-5-lxc/repair/af_unix.c.backup /effFix-experiment/effFix-benchmark/lxc/null-ptr-5-lxc/src/src/lxc/af_unix.c > /effFix-experiment/effFix-benchmark/lxc/null-ptr-5-lxc/repair/143.patch
[Wed Jan 21 05:12:44 2026][COMMAND]: /opt/infer/infer/bin/infer --pulse-only --pulse-max-disjuncts 100 --jobs 32 --reactive --pulse-fix-mode --pulse-fix-file=src/lxc/af_unix.c --pulse-fix-function=lxc_abstract_unix_send_credential -o /effFix-experiment/effFix-benchmark/lxc/null-ptr-5-lxc/repair/infer-out-single -- make -j4
[Wed Jan 21 05:12:44 2026][COMMAND]: sed -i -e '237s:$: msg.msg_control = NULL ; :' /effFix-experiment/effFix-benchmark/lxc/null-ptr-5-lxc/src/src/lxc/af_unix.c
[Wed Jan 21 05:12:44 2026][COMMAND]: diff -u /effFix-experiment/effFix-benchmark/lxc/null-ptr-5-lxc/repair/af_unix.c.backup /effFix-experiment/effFix-benchmark/lxc/null-ptr-5-lxc/src/src/lxc/af_unix.c > /effFix-experiment/effFix-benchmark/lxc/null-ptr-5-lxc/repair/144.patch
[Wed Jan 21 05:12:44 2026][COMMAND]: /opt/infer/infer/bin/infer --pulse-only --pulse-max-disjuncts 100 --jobs 32 --reactive --pulse-fix-mode --pulse-fix-file=src/lxc/af_unix.c --pulse-fix-function=lxc_abstract_unix_send_credential -o /effFix-experiment/effFix-benchmark/lxc/null-ptr-5-lxc/repair/infer-out-single -- make -j4
[Wed Jan 21 05:12:45 2026][COMMAND]: sed -i -e '237s:^:if ( cmsg != msg.msg_control ) { return 0; } return 0;  :' /effFix-experiment/effFix-benchmark/lxc/null-ptr-5-lxc/src/src/lxc/af_unix.c
[Wed Jan 21 05:12:45 2026][COMMAND]: diff -u /effFix-experiment/effFix-benchmark/lxc/null-ptr-5-lxc/repair/af_unix.c.backup /effFix-experiment/effFix-benchmark/lxc/null-ptr-5-lxc/src/src/lxc/af_unix.c > /effFix-experiment/effFix-benchmark/lxc/null-ptr-5-lxc/repair/145.patch
[Wed Jan 21 05:12:45 2026][COMMAND]: /opt/infer/infer/bin/infer --pulse-only --pulse-max-disjuncts 100 --jobs 32 --reactive --pulse-fix-mode --pulse-fix-file=src/lxc/af_unix.c --pulse-fix-function=lxc_abstract_unix_send_credential -o /effFix-experiment/effFix-benchmark/lxc/null-ptr-5-lxc/repair/infer-out-single -- make -j4
[Wed Jan 21 05:12:45 2026][COMMAND]: sed -i -e '237s:^:return 0; \& ...->msg_control = \& ...->msg_control ;  :' /effFix-experiment/effFix-benchmark/lxc/null-ptr-5-lxc/src/src/lxc/af_unix.c
[Wed Jan 21 05:12:45 2026][COMMAND]: diff -u /effFix-experiment/effFix-benchmark/lxc/null-ptr-5-lxc/repair/af_unix.c.backup /effFix-experiment/effFix-benchmark/lxc/null-ptr-5-lxc/src/src/lxc/af_unix.c > /effFix-experiment/effFix-benchmark/lxc/null-ptr-5-lxc/repair/146.patch
[Wed Jan 21 05:12:45 2026][COMMAND]: /opt/infer/infer/bin/infer --pulse-only --pulse-max-disjuncts 100 --jobs 32 --reactive --pulse-fix-mode --pulse-fix-file=src/lxc/af_unix.c --pulse-fix-function=lxc_abstract_unix_send_credential -o /effFix-experiment/effFix-benchmark/lxc/null-ptr-5-lxc/repair/infer-out-single -- make -j4
[Wed Jan 21 05:12:45 2026][COMMAND]: sed -i -e '237s:$: return \& ...->msg_control ; return cmsg ; :' /effFix-experiment/effFix-benchmark/lxc/null-ptr-5-lxc/src/src/lxc/af_unix.c
[Wed Jan 21 05:12:45 2026][COMMAND]: diff -u /effFix-experiment/effFix-benchmark/lxc/null-ptr-5-lxc/repair/af_unix.c.backup /effFix-experiment/effFix-benchmark/lxc/null-ptr-5-lxc/src/src/lxc/af_unix.c > /effFix-experiment/effFix-benchmark/lxc/null-ptr-5-lxc/repair/147.patch
[Wed Jan 21 05:12:45 2026][COMMAND]: /opt/infer/infer/bin/infer --pulse-only --pulse-max-disjuncts 100 --jobs 32 --reactive --pulse-fix-mode --pulse-fix-file=src/lxc/af_unix.c --pulse-fix-function=lxc_abstract_unix_send_credential -o /effFix-experiment/effFix-benchmark/lxc/null-ptr-5-lxc/repair/infer-out-single -- make -j4
[Wed Jan 21 05:12:45 2026][COMMAND]: sed -i -e '237s:^:return 0; return 0;  :' /effFix-experiment/effFix-benchmark/lxc/null-ptr-5-lxc/src/src/lxc/af_unix.c
[Wed Jan 21 05:12:45 2026][COMMAND]: diff -u /effFix-experiment/effFix-benchmark/lxc/null-ptr-5-lxc/repair/af_unix.c.backup /effFix-experiment/effFix-benchmark/lxc/null-ptr-5-lxc/src/src/lxc/af_unix.c > /effFix-experiment/effFix-benchmark/lxc/null-ptr-5-lxc/repair/148.patch
[Wed Jan 21 05:12:45 2026][COMMAND]: /opt/infer/infer/bin/infer --pulse-only --pulse-max-disjuncts 100 --jobs 32 --reactive --pulse-fix-mode --pulse-fix-file=src/lxc/af_unix.c --pulse-fix-function=lxc_abstract_unix_send_credential -o /effFix-experiment/effFix-benchmark/lxc/null-ptr-5-lxc/repair/infer-out-single -- make -j4
[Wed Jan 21 05:12:45 2026][COMMAND]: sed -i -e '237s:$: if ( \& ...->msg_control == \& ...->msg_control ) { return call to sendmsg; } :' /effFix-experiment/effFix-benchmark/lxc/null-ptr-5-lxc/src/src/lxc/af_unix.c
[Wed Jan 21 05:12:45 2026][COMMAND]: diff -u /effFix-experiment/effFix-benchmark/lxc/null-ptr-5-lxc/repair/af_unix.c.backup /effFix-experiment/effFix-benchmark/lxc/null-ptr-5-lxc/src/src/lxc/af_unix.c > /effFix-experiment/effFix-benchmark/lxc/null-ptr-5-lxc/repair/149.patch
[Wed Jan 21 05:12:45 2026][COMMAND]: /opt/infer/infer/bin/infer --pulse-only --pulse-max-disjuncts 100 --jobs 32 --reactive --pulse-fix-mode --pulse-fix-file=src/lxc/af_unix.c --pulse-fix-function=lxc_abstract_unix_send_credential -o /effFix-experiment/effFix-benchmark/lxc/null-ptr-5-lxc/repair/infer-out-single -- make -j4
[Wed Jan 21 05:12:45 2026][COMMAND]: sed -i -e '237s:^:free ( cmsg ) ;  :' /effFix-experiment/effFix-benchmark/lxc/null-ptr-5-lxc/src/src/lxc/af_unix.c
[Wed Jan 21 05:12:45 2026][COMMAND]: diff -u /effFix-experiment/effFix-benchmark/lxc/null-ptr-5-lxc/repair/af_unix.c.backup /effFix-experiment/effFix-benchmark/lxc/null-ptr-5-lxc/src/src/lxc/af_unix.c > /effFix-experiment/effFix-benchmark/lxc/null-ptr-5-lxc/repair/150.patch
[Wed Jan 21 05:12:45 2026][COMMAND]: /opt/infer/infer/bin/infer --pulse-only --pulse-max-disjuncts 100 --jobs 32 --reactive --pulse-fix-mode --pulse-fix-file=src/lxc/af_unix.c --pulse-fix-function=lxc_abstract_unix_send_credential -o /effFix-experiment/effFix-benchmark/lxc/null-ptr-5-lxc/repair/infer-out-single -- make -j4
[Wed Jan 21 05:12:45 2026][COMMAND]: sed -i -e '237s:$: \& ...->msg_control = msg.msg_control ; :' /effFix-experiment/effFix-benchmark/lxc/null-ptr-5-lxc/src/src/lxc/af_unix.c
[Wed Jan 21 05:12:45 2026][COMMAND]: diff -u /effFix-experiment/effFix-benchmark/lxc/null-ptr-5-lxc/repair/af_unix.c.backup /effFix-experiment/effFix-benchmark/lxc/null-ptr-5-lxc/src/src/lxc/af_unix.c > /effFix-experiment/effFix-benchmark/lxc/null-ptr-5-lxc/repair/151.patch
[Wed Jan 21 05:12:45 2026][COMMAND]: /opt/infer/infer/bin/infer --pulse-only --pulse-max-disjuncts 100 --jobs 32 --reactive --pulse-fix-mode --pulse-fix-file=src/lxc/af_unix.c --pulse-fix-function=lxc_abstract_unix_send_credential -o /effFix-experiment/effFix-benchmark/lxc/null-ptr-5-lxc/repair/infer-out-single -- make -j4
[Wed Jan 21 05:12:45 2026][COMMAND]: sed -i -e '237s:$: if ( msg.msg_control == cmsg \&\& msg.msg_controllen != -1 ) { return call to sendmsg; } if ( \& ...->msg_control != NULL \&\& msg.msg_controllen < msg.msg_controllen ) { \& ...->msg_controllen = msg.msg_controllen / msg.msg_controllen ; } :' /effFix-experiment/effFix-benchmark/lxc/null-ptr-5-lxc/src/src/lxc/af_unix.c
[Wed Jan 21 05:12:45 2026][COMMAND]: diff -u /effFix-experiment/effFix-benchmark/lxc/null-ptr-5-lxc/repair/af_unix.c.backup /effFix-experiment/effFix-benchmark/lxc/null-ptr-5-lxc/src/src/lxc/af_unix.c > /effFix-experiment/effFix-benchmark/lxc/null-ptr-5-lxc/repair/152.patch
[Wed Jan 21 05:12:45 2026][COMMAND]: /opt/infer/infer/bin/infer --pulse-only --pulse-max-disjuncts 100 --jobs 32 --reactive --pulse-fix-mode --pulse-fix-file=src/lxc/af_unix.c --pulse-fix-function=lxc_abstract_unix_send_credential -o /effFix-experiment/effFix-benchmark/lxc/null-ptr-5-lxc/repair/infer-out-single -- make -j4
[Wed Jan 21 05:12:45 2026][COMMAND]: sed -i -e '237s:^:msg.msg_controllen = \& ...->msg_controllen / msg.msg_controllen ;  :' /effFix-experiment/effFix-benchmark/lxc/null-ptr-5-lxc/src/src/lxc/af_unix.c
[Wed Jan 21 05:12:45 2026][COMMAND]: diff -u /effFix-experiment/effFix-benchmark/lxc/null-ptr-5-lxc/repair/af_unix.c.backup /effFix-experiment/effFix-benchmark/lxc/null-ptr-5-lxc/src/src/lxc/af_unix.c > /effFix-experiment/effFix-benchmark/lxc/null-ptr-5-lxc/repair/153.patch
[Wed Jan 21 05:12:45 2026][COMMAND]: /opt/infer/infer/bin/infer --pulse-only --pulse-max-disjuncts 100 --jobs 32 --reactive --pulse-fix-mode --pulse-fix-file=src/lxc/af_unix.c --pulse-fix-function=lxc_abstract_unix_send_credential -o /effFix-experiment/effFix-benchmark/lxc/null-ptr-5-lxc/repair/infer-out-single -- make -j4
[Wed Jan 21 05:12:45 2026][COMMAND]: sed -i -e '237s:$: if ( ! ( \& ...->msg_control == NULL ) ) { return 0; \& ...->msg_control = NULL ; } :' /effFix-experiment/effFix-benchmark/lxc/null-ptr-5-lxc/src/src/lxc/af_unix.c
[Wed Jan 21 05:12:45 2026][COMMAND]: diff -u /effFix-experiment/effFix-benchmark/lxc/null-ptr-5-lxc/repair/af_unix.c.backup /effFix-experiment/effFix-benchmark/lxc/null-ptr-5-lxc/src/src/lxc/af_unix.c > /effFix-experiment/effFix-benchmark/lxc/null-ptr-5-lxc/repair/154.patch
[Wed Jan 21 05:12:45 2026][COMMAND]: /opt/infer/infer/bin/infer --pulse-only --pulse-max-disjuncts 100 --jobs 32 --reactive --pulse-fix-mode --pulse-fix-file=src/lxc/af_unix.c --pulse-fix-function=lxc_abstract_unix_send_credential -o /effFix-experiment/effFix-benchmark/lxc/null-ptr-5-lxc/repair/infer-out-single -- make -j4
[Wed Jan 21 05:12:45 2026][COMMAND]: sed -i -e '237s:$: if ( msg.msg_controllen < -1 ) { \& ...->msg_controllen = msg.msg_controllen * \& ...->msg_controllen ; } :' /effFix-experiment/effFix-benchmark/lxc/null-ptr-5-lxc/src/src/lxc/af_unix.c
[Wed Jan 21 05:12:45 2026][COMMAND]: diff -u /effFix-experiment/effFix-benchmark/lxc/null-ptr-5-lxc/repair/af_unix.c.backup /effFix-experiment/effFix-benchmark/lxc/null-ptr-5-lxc/src/src/lxc/af_unix.c > /effFix-experiment/effFix-benchmark/lxc/null-ptr-5-lxc/repair/155.patch
[Wed Jan 21 05:12:45 2026][COMMAND]: /opt/infer/infer/bin/infer --pulse-only --pulse-max-disjuncts 100 --jobs 32 --reactive --pulse-fix-mode --pulse-fix-file=src/lxc/af_unix.c --pulse-fix-function=lxc_abstract_unix_send_credential -o /effFix-experiment/effFix-benchmark/lxc/null-ptr-5-lxc/repair/infer-out-single -- make -j4
[Wed Jan 21 05:12:45 2026][COMMAND]: sed -i -e '237s:$: return 0; return NULL ; :' /effFix-experiment/effFix-benchmark/lxc/null-ptr-5-lxc/src/src/lxc/af_unix.c
[Wed Jan 21 05:12:46 2026][COMMAND]: diff -u /effFix-experiment/effFix-benchmark/lxc/null-ptr-5-lxc/repair/af_unix.c.backup /effFix-experiment/effFix-benchmark/lxc/null-ptr-5-lxc/src/src/lxc/af_unix.c > /effFix-experiment/effFix-benchmark/lxc/null-ptr-5-lxc/repair/156.patch
[Wed Jan 21 05:12:46 2026][COMMAND]: /opt/infer/infer/bin/infer --pulse-only --pulse-max-disjuncts 100 --jobs 32 --reactive --pulse-fix-mode --pulse-fix-file=src/lxc/af_unix.c --pulse-fix-function=lxc_abstract_unix_send_credential -o /effFix-experiment/effFix-benchmark/lxc/null-ptr-5-lxc/repair/infer-out-single -- make -j4
[Wed Jan 21 05:12:46 2026][COMMAND]: sed -i -e '237s:$: if ( \& ...->msg_controllen - \& ...->msg_controllen > -1 \&\& cmsg == NULL ) { return NULL ; } :' /effFix-experiment/effFix-benchmark/lxc/null-ptr-5-lxc/src/src/lxc/af_unix.c
[Wed Jan 21 05:12:46 2026][COMMAND]: diff -u /effFix-experiment/effFix-benchmark/lxc/null-ptr-5-lxc/repair/af_unix.c.backup /effFix-experiment/effFix-benchmark/lxc/null-ptr-5-lxc/src/src/lxc/af_unix.c > /effFix-experiment/effFix-benchmark/lxc/null-ptr-5-lxc/repair/157.patch
[Wed Jan 21 05:12:46 2026][COMMAND]: /opt/infer/infer/bin/infer --pulse-only --pulse-max-disjuncts 100 --jobs 32 --reactive --pulse-fix-mode --pulse-fix-file=src/lxc/af_unix.c --pulse-fix-function=lxc_abstract_unix_send_credential -o /effFix-experiment/effFix-benchmark/lxc/null-ptr-5-lxc/repair/infer-out-single -- make -j4
[Wed Jan 21 05:12:46 2026][COMMAND]: sed -i -e '237s:$: if ( ! ( cmsg != NULL ) ) { return NULL ; } :' /effFix-experiment/effFix-benchmark/lxc/null-ptr-5-lxc/src/src/lxc/af_unix.c
[Wed Jan 21 05:12:46 2026][COMMAND]: diff -u /effFix-experiment/effFix-benchmark/lxc/null-ptr-5-lxc/repair/af_unix.c.backup /effFix-experiment/effFix-benchmark/lxc/null-ptr-5-lxc/src/src/lxc/af_unix.c > /effFix-experiment/effFix-benchmark/lxc/null-ptr-5-lxc/repair/158.patch
[Wed Jan 21 05:12:46 2026][COMMAND]: /opt/infer/infer/bin/infer --pulse-only --pulse-max-disjuncts 100 --jobs 32 --reactive --pulse-fix-mode --pulse-fix-file=src/lxc/af_unix.c --pulse-fix-function=lxc_abstract_unix_send_credential -o /effFix-experiment/effFix-benchmark/lxc/null-ptr-5-lxc/repair/infer-out-single -- make -j4
[Wed Jan 21 05:12:46 2026][COMMAND]: sed -i -e '237s:$: return cmsg ; msg.msg_controllen = msg.msg_controllen ; :' /effFix-experiment/effFix-benchmark/lxc/null-ptr-5-lxc/src/src/lxc/af_unix.c
[Wed Jan 21 05:12:46 2026][COMMAND]: diff -u /effFix-experiment/effFix-benchmark/lxc/null-ptr-5-lxc/repair/af_unix.c.backup /effFix-experiment/effFix-benchmark/lxc/null-ptr-5-lxc/src/src/lxc/af_unix.c > /effFix-experiment/effFix-benchmark/lxc/null-ptr-5-lxc/repair/159.patch
[Wed Jan 21 05:12:46 2026][COMMAND]: /opt/infer/infer/bin/infer --pulse-only --pulse-max-disjuncts 100 --jobs 32 --reactive --pulse-fix-mode --pulse-fix-file=src/lxc/af_unix.c --pulse-fix-function=lxc_abstract_unix_send_credential -o /effFix-experiment/effFix-benchmark/lxc/null-ptr-5-lxc/repair/infer-out-single -- make -j4
[Wed Jan 21 05:12:46 2026][COMMAND]: sed -i -e '237s:$: free ( \& ...->msg_control ) ; msg.msg_controllen = \& ...->msg_controllen / \& ...->msg_controllen ; :' /effFix-experiment/effFix-benchmark/lxc/null-ptr-5-lxc/src/src/lxc/af_unix.c
[Wed Jan 21 05:12:46 2026][COMMAND]: diff -u /effFix-experiment/effFix-benchmark/lxc/null-ptr-5-lxc/repair/af_unix.c.backup /effFix-experiment/effFix-benchmark/lxc/null-ptr-5-lxc/src/src/lxc/af_unix.c > /effFix-experiment/effFix-benchmark/lxc/null-ptr-5-lxc/repair/160.patch
[Wed Jan 21 05:12:46 2026][COMMAND]: /opt/infer/infer/bin/infer --pulse-only --pulse-max-disjuncts 100 --jobs 32 --reactive --pulse-fix-mode --pulse-fix-file=src/lxc/af_unix.c --pulse-fix-function=lxc_abstract_unix_send_credential -o /effFix-experiment/effFix-benchmark/lxc/null-ptr-5-lxc/repair/infer-out-single -- make -j4
[Wed Jan 21 05:12:46 2026][COMMAND]: sed -i -e '237s:^:\& ...->msg_controllen = msg.msg_controllen / msg.msg_controllen ; return \& ...->msg_control ;  :' /effFix-experiment/effFix-benchmark/lxc/null-ptr-5-lxc/src/src/lxc/af_unix.c
[Wed Jan 21 05:12:46 2026][COMMAND]: diff -u /effFix-experiment/effFix-benchmark/lxc/null-ptr-5-lxc/repair/af_unix.c.backup /effFix-experiment/effFix-benchmark/lxc/null-ptr-5-lxc/src/src/lxc/af_unix.c > /effFix-experiment/effFix-benchmark/lxc/null-ptr-5-lxc/repair/161.patch
[Wed Jan 21 05:12:46 2026][COMMAND]: /opt/infer/infer/bin/infer --pulse-only --pulse-max-disjuncts 100 --jobs 32 --reactive --pulse-fix-mode --pulse-fix-file=src/lxc/af_unix.c --pulse-fix-function=lxc_abstract_unix_send_credential -o /effFix-experiment/effFix-benchmark/lxc/null-ptr-5-lxc/repair/infer-out-single -- make -j4
[Wed Jan 21 05:12:46 2026][COMMAND]: sed -i -e '237s:$: if ( msg.msg_control == cmsg \&\& msg.msg_control == NULL ) { msg.msg_controllen = \& ...->msg_controllen ; } :' /effFix-experiment/effFix-benchmark/lxc/null-ptr-5-lxc/src/src/lxc/af_unix.c
[Wed Jan 21 05:12:46 2026][COMMAND]: diff -u /effFix-experiment/effFix-benchmark/lxc/null-ptr-5-lxc/repair/af_unix.c.backup /effFix-experiment/effFix-benchmark/lxc/null-ptr-5-lxc/src/src/lxc/af_unix.c > /effFix-experiment/effFix-benchmark/lxc/null-ptr-5-lxc/repair/162.patch
[Wed Jan 21 05:12:46 2026][COMMAND]: /opt/infer/infer/bin/infer --pulse-only --pulse-max-disjuncts 100 --jobs 32 --reactive --pulse-fix-mode --pulse-fix-file=src/lxc/af_unix.c --pulse-fix-function=lxc_abstract_unix_send_credential -o /effFix-experiment/effFix-benchmark/lxc/null-ptr-5-lxc/repair/infer-out-single -- make -j4
[Wed Jan 21 05:12:46 2026][COMMAND]: sed -i -e '237s:^:if ( cmsg == cmsg || cmsg != NULL ) { \& ...->msg_controllen = \& ...->msg_controllen - msg.msg_controllen ; }  :' /effFix-experiment/effFix-benchmark/lxc/null-ptr-5-lxc/src/src/lxc/af_unix.c
[Wed Jan 21 05:12:46 2026][COMMAND]: diff -u /effFix-experiment/effFix-benchmark/lxc/null-ptr-5-lxc/repair/af_unix.c.backup /effFix-experiment/effFix-benchmark/lxc/null-ptr-5-lxc/src/src/lxc/af_unix.c > /effFix-experiment/effFix-benchmark/lxc/null-ptr-5-lxc/repair/163.patch
[Wed Jan 21 05:12:46 2026][COMMAND]: /opt/infer/infer/bin/infer --pulse-only --pulse-max-disjuncts 100 --jobs 32 --reactive --pulse-fix-mode --pulse-fix-file=src/lxc/af_unix.c --pulse-fix-function=lxc_abstract_unix_send_credential -o /effFix-experiment/effFix-benchmark/lxc/null-ptr-5-lxc/repair/infer-out-single -- make -j4
[Wed Jan 21 05:12:46 2026][COMMAND]: sed -i -e '237s:$: if ( cmsg == NULL \&\& msg.msg_controllen >= -1 ) { return 0; } :' /effFix-experiment/effFix-benchmark/lxc/null-ptr-5-lxc/src/src/lxc/af_unix.c
[Wed Jan 21 05:12:46 2026][COMMAND]: diff -u /effFix-experiment/effFix-benchmark/lxc/null-ptr-5-lxc/repair/af_unix.c.backup /effFix-experiment/effFix-benchmark/lxc/null-ptr-5-lxc/src/src/lxc/af_unix.c > /effFix-experiment/effFix-benchmark/lxc/null-ptr-5-lxc/repair/164.patch
[Wed Jan 21 05:12:46 2026][COMMAND]: /opt/infer/infer/bin/infer --pulse-only --pulse-max-disjuncts 100 --jobs 32 --reactive --pulse-fix-mode --pulse-fix-file=src/lxc/af_unix.c --pulse-fix-function=lxc_abstract_unix_send_credential -o /effFix-experiment/effFix-benchmark/lxc/null-ptr-5-lxc/repair/infer-out-single -- make -j4
[Wed Jan 21 05:12:46 2026][COMMAND]: sed -i -e '237s:^:msg.msg_controllen = msg.msg_controllen * \& ...->msg_controllen ; free ( cmsg ) ;  :' /effFix-experiment/effFix-benchmark/lxc/null-ptr-5-lxc/src/src/lxc/af_unix.c
[Wed Jan 21 05:12:46 2026][COMMAND]: diff -u /effFix-experiment/effFix-benchmark/lxc/null-ptr-5-lxc/repair/af_unix.c.backup /effFix-experiment/effFix-benchmark/lxc/null-ptr-5-lxc/src/src/lxc/af_unix.c > /effFix-experiment/effFix-benchmark/lxc/null-ptr-5-lxc/repair/165.patch
[Wed Jan 21 05:12:46 2026][COMMAND]: /opt/infer/infer/bin/infer --pulse-only --pulse-max-disjuncts 100 --jobs 32 --reactive --pulse-fix-mode --pulse-fix-file=src/lxc/af_unix.c --pulse-fix-function=lxc_abstract_unix_send_credential -o /effFix-experiment/effFix-benchmark/lxc/null-ptr-5-lxc/repair/infer-out-single -- make -j4
[Wed Jan 21 05:12:46 2026][COMMAND]: sed -i -e '237s:$: if ( \& ...->msg_controllen <= -1 || \& ...->msg_control == NULL ) { msg.msg_controllen = msg.msg_controllen ; } :' /effFix-experiment/effFix-benchmark/lxc/null-ptr-5-lxc/src/src/lxc/af_unix.c
[Wed Jan 21 05:12:46 2026][COMMAND]: diff -u /effFix-experiment/effFix-benchmark/lxc/null-ptr-5-lxc/repair/af_unix.c.backup /effFix-experiment/effFix-benchmark/lxc/null-ptr-5-lxc/src/src/lxc/af_unix.c > /effFix-experiment/effFix-benchmark/lxc/null-ptr-5-lxc/repair/166.patch
[Wed Jan 21 05:12:46 2026][COMMAND]: /opt/infer/infer/bin/infer --pulse-only --pulse-max-disjuncts 100 --jobs 32 --reactive --pulse-fix-mode --pulse-fix-file=src/lxc/af_unix.c --pulse-fix-function=lxc_abstract_unix_send_credential -o /effFix-experiment/effFix-benchmark/lxc/null-ptr-5-lxc/repair/infer-out-single -- make -j4
[Wed Jan 21 05:12:47 2026][COMMAND]: sed -i -e '237s:$: cmsg = \& ...->msg_control ; msg.msg_controllen = msg.msg_controllen + \& ...->msg_controllen ; :' /effFix-experiment/effFix-benchmark/lxc/null-ptr-5-lxc/src/src/lxc/af_unix.c
[Wed Jan 21 05:12:47 2026][COMMAND]: diff -u /effFix-experiment/effFix-benchmark/lxc/null-ptr-5-lxc/repair/af_unix.c.backup /effFix-experiment/effFix-benchmark/lxc/null-ptr-5-lxc/src/src/lxc/af_unix.c > /effFix-experiment/effFix-benchmark/lxc/null-ptr-5-lxc/repair/167.patch
[Wed Jan 21 05:12:47 2026][COMMAND]: /opt/infer/infer/bin/infer --pulse-only --pulse-max-disjuncts 100 --jobs 32 --reactive --pulse-fix-mode --pulse-fix-file=src/lxc/af_unix.c --pulse-fix-function=lxc_abstract_unix_send_credential -o /effFix-experiment/effFix-benchmark/lxc/null-ptr-5-lxc/repair/infer-out-single -- make -j4
[Wed Jan 21 05:12:47 2026][COMMAND]: sed -i -e '237s:^:if ( msg.msg_controllen < msg.msg_controllen + msg.msg_controllen ) { return cmsg ; }  :' /effFix-experiment/effFix-benchmark/lxc/null-ptr-5-lxc/src/src/lxc/af_unix.c
[Wed Jan 21 05:12:47 2026][COMMAND]: diff -u /effFix-experiment/effFix-benchmark/lxc/null-ptr-5-lxc/repair/af_unix.c.backup /effFix-experiment/effFix-benchmark/lxc/null-ptr-5-lxc/src/src/lxc/af_unix.c > /effFix-experiment/effFix-benchmark/lxc/null-ptr-5-lxc/repair/168.patch
[Wed Jan 21 05:12:47 2026][COMMAND]: /opt/infer/infer/bin/infer --pulse-only --pulse-max-disjuncts 100 --jobs 32 --reactive --pulse-fix-mode --pulse-fix-file=src/lxc/af_unix.c --pulse-fix-function=lxc_abstract_unix_send_credential -o /effFix-experiment/effFix-benchmark/lxc/null-ptr-5-lxc/repair/infer-out-single -- make -j4
[Wed Jan 21 05:12:47 2026][COMMAND]: sed -i -e '237s:^:if ( ! ( \& ...->msg_control == NULL ) ) { return 0; }  :' /effFix-experiment/effFix-benchmark/lxc/null-ptr-5-lxc/src/src/lxc/af_unix.c
[Wed Jan 21 05:12:47 2026][COMMAND]: diff -u /effFix-experiment/effFix-benchmark/lxc/null-ptr-5-lxc/repair/af_unix.c.backup /effFix-experiment/effFix-benchmark/lxc/null-ptr-5-lxc/src/src/lxc/af_unix.c > /effFix-experiment/effFix-benchmark/lxc/null-ptr-5-lxc/repair/169.patch
[Wed Jan 21 05:12:47 2026][COMMAND]: /opt/infer/infer/bin/infer --pulse-only --pulse-max-disjuncts 100 --jobs 32 --reactive --pulse-fix-mode --pulse-fix-file=src/lxc/af_unix.c --pulse-fix-function=lxc_abstract_unix_send_credential -o /effFix-experiment/effFix-benchmark/lxc/null-ptr-5-lxc/repair/infer-out-single -- make -j4
[Wed Jan 21 05:12:47 2026][COMMAND]: sed -i -e '237s:^:if ( \& ...->msg_control == NULL \&\& \& ...->msg_control != msg.msg_control ) { return NULL ; }  :' /effFix-experiment/effFix-benchmark/lxc/null-ptr-5-lxc/src/src/lxc/af_unix.c
[Wed Jan 21 05:12:47 2026][COMMAND]: diff -u /effFix-experiment/effFix-benchmark/lxc/null-ptr-5-lxc/repair/af_unix.c.backup /effFix-experiment/effFix-benchmark/lxc/null-ptr-5-lxc/src/src/lxc/af_unix.c > /effFix-experiment/effFix-benchmark/lxc/null-ptr-5-lxc/repair/170.patch
[Wed Jan 21 05:12:47 2026][COMMAND]: /opt/infer/infer/bin/infer --pulse-only --pulse-max-disjuncts 100 --jobs 32 --reactive --pulse-fix-mode --pulse-fix-file=src/lxc/af_unix.c --pulse-fix-function=lxc_abstract_unix_send_credential -o /effFix-experiment/effFix-benchmark/lxc/null-ptr-5-lxc/repair/infer-out-single -- make -j4
[Wed Jan 21 05:12:47 2026][COMMAND]: sed -i -e '237s:^:\& ...->msg_control = malloc ( sizeof ( * msg.msg_control ) ) ;  :' /effFix-experiment/effFix-benchmark/lxc/null-ptr-5-lxc/src/src/lxc/af_unix.c
[Wed Jan 21 05:12:47 2026][COMMAND]: diff -u /effFix-experiment/effFix-benchmark/lxc/null-ptr-5-lxc/repair/af_unix.c.backup /effFix-experiment/effFix-benchmark/lxc/null-ptr-5-lxc/src/src/lxc/af_unix.c > /effFix-experiment/effFix-benchmark/lxc/null-ptr-5-lxc/repair/171.patch
[Wed Jan 21 05:12:47 2026][COMMAND]: /opt/infer/infer/bin/infer --pulse-only --pulse-max-disjuncts 100 --jobs 32 --reactive --pulse-fix-mode --pulse-fix-file=src/lxc/af_unix.c --pulse-fix-function=lxc_abstract_unix_send_credential -o /effFix-experiment/effFix-benchmark/lxc/null-ptr-5-lxc/repair/infer-out-single -- make -j4
[Wed Jan 21 05:12:47 2026][COMMAND]: sed -i -e '237s:^:free ( \& ...->msg_control ) ; msg.msg_control = cmsg ;  :' /effFix-experiment/effFix-benchmark/lxc/null-ptr-5-lxc/src/src/lxc/af_unix.c
[Wed Jan 21 05:12:47 2026][COMMAND]: diff -u /effFix-experiment/effFix-benchmark/lxc/null-ptr-5-lxc/repair/af_unix.c.backup /effFix-experiment/effFix-benchmark/lxc/null-ptr-5-lxc/src/src/lxc/af_unix.c > /effFix-experiment/effFix-benchmark/lxc/null-ptr-5-lxc/repair/172.patch
[Wed Jan 21 05:12:47 2026][COMMAND]: /opt/infer/infer/bin/infer --pulse-only --pulse-max-disjuncts 100 --jobs 32 --reactive --pulse-fix-mode --pulse-fix-file=src/lxc/af_unix.c --pulse-fix-function=lxc_abstract_unix_send_credential -o /effFix-experiment/effFix-benchmark/lxc/null-ptr-5-lxc/repair/infer-out-single -- make -j4
[Wed Jan 21 05:12:47 2026][COMMAND]: sed -i -e '237s:^:if ( ! ( msg.msg_control == NULL ) ) { return msg.msg_control ; }  :' /effFix-experiment/effFix-benchmark/lxc/null-ptr-5-lxc/src/src/lxc/af_unix.c
[Wed Jan 21 05:12:47 2026][COMMAND]: diff -u /effFix-experiment/effFix-benchmark/lxc/null-ptr-5-lxc/repair/af_unix.c.backup /effFix-experiment/effFix-benchmark/lxc/null-ptr-5-lxc/src/src/lxc/af_unix.c > /effFix-experiment/effFix-benchmark/lxc/null-ptr-5-lxc/repair/173.patch
[Wed Jan 21 05:12:47 2026][COMMAND]: /opt/infer/infer/bin/infer --pulse-only --pulse-max-disjuncts 100 --jobs 32 --reactive --pulse-fix-mode --pulse-fix-file=src/lxc/af_unix.c --pulse-fix-function=lxc_abstract_unix_send_credential -o /effFix-experiment/effFix-benchmark/lxc/null-ptr-5-lxc/repair/infer-out-single -- make -j4
[Wed Jan 21 05:12:47 2026][COMMAND]: sed -i -e '237s:^:return NULL ; cmsg = malloc ( sizeof ( * msg.msg_control ) ) ;  :' /effFix-experiment/effFix-benchmark/lxc/null-ptr-5-lxc/src/src/lxc/af_unix.c
[Wed Jan 21 05:12:47 2026][COMMAND]: diff -u /effFix-experiment/effFix-benchmark/lxc/null-ptr-5-lxc/repair/af_unix.c.backup /effFix-experiment/effFix-benchmark/lxc/null-ptr-5-lxc/src/src/lxc/af_unix.c > /effFix-experiment/effFix-benchmark/lxc/null-ptr-5-lxc/repair/174.patch
[Wed Jan 21 05:12:47 2026][COMMAND]: /opt/infer/infer/bin/infer --pulse-only --pulse-max-disjuncts 100 --jobs 32 --reactive --pulse-fix-mode --pulse-fix-file=src/lxc/af_unix.c --pulse-fix-function=lxc_abstract_unix_send_credential -o /effFix-experiment/effFix-benchmark/lxc/null-ptr-5-lxc/repair/infer-out-single -- make -j4
[Wed Jan 21 05:12:47 2026][COMMAND]: sed -i -e '237s:$: return NULL ; return NULL ; :' /effFix-experiment/effFix-benchmark/lxc/null-ptr-5-lxc/src/src/lxc/af_unix.c
[Wed Jan 21 05:12:47 2026][COMMAND]: diff -u /effFix-experiment/effFix-benchmark/lxc/null-ptr-5-lxc/repair/af_unix.c.backup /effFix-experiment/effFix-benchmark/lxc/null-ptr-5-lxc/src/src/lxc/af_unix.c > /effFix-experiment/effFix-benchmark/lxc/null-ptr-5-lxc/repair/175.patch
[Wed Jan 21 05:12:47 2026][COMMAND]: /opt/infer/infer/bin/infer --pulse-only --pulse-max-disjuncts 100 --jobs 32 --reactive --pulse-fix-mode --pulse-fix-file=src/lxc/af_unix.c --pulse-fix-function=lxc_abstract_unix_send_credential -o /effFix-experiment/effFix-benchmark/lxc/null-ptr-5-lxc/repair/infer-out-single -- make -j4
[Wed Jan 21 05:12:47 2026][COMMAND]: sed -i -e '237s:$: if ( \& ...->msg_control == \& ...->msg_control ) { return NULL ; } :' /effFix-experiment/effFix-benchmark/lxc/null-ptr-5-lxc/src/src/lxc/af_unix.c
[Wed Jan 21 05:12:47 2026][COMMAND]: diff -u /effFix-experiment/effFix-benchmark/lxc/null-ptr-5-lxc/repair/af_unix.c.backup /effFix-experiment/effFix-benchmark/lxc/null-ptr-5-lxc/src/src/lxc/af_unix.c > /effFix-experiment/effFix-benchmark/lxc/null-ptr-5-lxc/repair/176.patch
[Wed Jan 21 05:12:47 2026][COMMAND]: /opt/infer/infer/bin/infer --pulse-only --pulse-max-disjuncts 100 --jobs 32 --reactive --pulse-fix-mode --pulse-fix-file=src/lxc/af_unix.c --pulse-fix-function=lxc_abstract_unix_send_credential -o /effFix-experiment/effFix-benchmark/lxc/null-ptr-5-lxc/repair/infer-out-single -- make -j4
[Wed Jan 21 05:12:47 2026][COMMAND]: sed -i -e '237s:^:msg.msg_control = NULL ; cmsg = cmsg ;  :' /effFix-experiment/effFix-benchmark/lxc/null-ptr-5-lxc/src/src/lxc/af_unix.c
[Wed Jan 21 05:12:47 2026][COMMAND]: diff -u /effFix-experiment/effFix-benchmark/lxc/null-ptr-5-lxc/repair/af_unix.c.backup /effFix-experiment/effFix-benchmark/lxc/null-ptr-5-lxc/src/src/lxc/af_unix.c > /effFix-experiment/effFix-benchmark/lxc/null-ptr-5-lxc/repair/177.patch
[Wed Jan 21 05:12:47 2026][COMMAND]: /opt/infer/infer/bin/infer --pulse-only --pulse-max-disjuncts 100 --jobs 32 --reactive --pulse-fix-mode --pulse-fix-file=src/lxc/af_unix.c --pulse-fix-function=lxc_abstract_unix_send_credential -o /effFix-experiment/effFix-benchmark/lxc/null-ptr-5-lxc/repair/infer-out-single -- make -j4
[Wed Jan 21 05:12:47 2026][COMMAND]: sed -i -e '237s:^:\& ...->msg_controllen = \& ...->msg_controllen / \& ...->msg_controllen ; return call to sendmsg;  :' /effFix-experiment/effFix-benchmark/lxc/null-ptr-5-lxc/src/src/lxc/af_unix.c
[Wed Jan 21 05:12:48 2026][COMMAND]: diff -u /effFix-experiment/effFix-benchmark/lxc/null-ptr-5-lxc/repair/af_unix.c.backup /effFix-experiment/effFix-benchmark/lxc/null-ptr-5-lxc/src/src/lxc/af_unix.c > /effFix-experiment/effFix-benchmark/lxc/null-ptr-5-lxc/repair/178.patch
[Wed Jan 21 05:12:48 2026][COMMAND]: /opt/infer/infer/bin/infer --pulse-only --pulse-max-disjuncts 100 --jobs 32 --reactive --pulse-fix-mode --pulse-fix-file=src/lxc/af_unix.c --pulse-fix-function=lxc_abstract_unix_send_credential -o /effFix-experiment/effFix-benchmark/lxc/null-ptr-5-lxc/repair/infer-out-single -- make -j4
[Wed Jan 21 05:12:48 2026][COMMAND]: sed -i -e '237s:^:\& ...->msg_controllen = \& ...->msg_controllen ; msg.msg_controllen = msg.msg_controllen / \& ...->msg_controllen ;  :' /effFix-experiment/effFix-benchmark/lxc/null-ptr-5-lxc/src/src/lxc/af_unix.c
[Wed Jan 21 05:12:48 2026][COMMAND]: diff -u /effFix-experiment/effFix-benchmark/lxc/null-ptr-5-lxc/repair/af_unix.c.backup /effFix-experiment/effFix-benchmark/lxc/null-ptr-5-lxc/src/src/lxc/af_unix.c > /effFix-experiment/effFix-benchmark/lxc/null-ptr-5-lxc/repair/179.patch
[Wed Jan 21 05:12:48 2026][COMMAND]: /opt/infer/infer/bin/infer --pulse-only --pulse-max-disjuncts 100 --jobs 32 --reactive --pulse-fix-mode --pulse-fix-file=src/lxc/af_unix.c --pulse-fix-function=lxc_abstract_unix_send_credential -o /effFix-experiment/effFix-benchmark/lxc/null-ptr-5-lxc/repair/infer-out-single -- make -j4
[Wed Jan 21 05:12:48 2026][COMMAND]: sed -i -e '237s:^:if ( \& ...->msg_controllen + msg.msg_controllen != msg.msg_controllen / msg.msg_controllen ) { return NULL ; }  :' /effFix-experiment/effFix-benchmark/lxc/null-ptr-5-lxc/src/src/lxc/af_unix.c
[Wed Jan 21 05:12:48 2026][COMMAND]: diff -u /effFix-experiment/effFix-benchmark/lxc/null-ptr-5-lxc/repair/af_unix.c.backup /effFix-experiment/effFix-benchmark/lxc/null-ptr-5-lxc/src/src/lxc/af_unix.c > /effFix-experiment/effFix-benchmark/lxc/null-ptr-5-lxc/repair/180.patch
[Wed Jan 21 05:12:48 2026][COMMAND]: /opt/infer/infer/bin/infer --pulse-only --pulse-max-disjuncts 100 --jobs 32 --reactive --pulse-fix-mode --pulse-fix-file=src/lxc/af_unix.c --pulse-fix-function=lxc_abstract_unix_send_credential -o /effFix-experiment/effFix-benchmark/lxc/null-ptr-5-lxc/repair/infer-out-single -- make -j4
[Wed Jan 21 05:12:48 2026][COMMAND]: sed -i -e '237s:$: msg.msg_control = msg.msg_control ; :' /effFix-experiment/effFix-benchmark/lxc/null-ptr-5-lxc/src/src/lxc/af_unix.c
[Wed Jan 21 05:12:48 2026][COMMAND]: diff -u /effFix-experiment/effFix-benchmark/lxc/null-ptr-5-lxc/repair/af_unix.c.backup /effFix-experiment/effFix-benchmark/lxc/null-ptr-5-lxc/src/src/lxc/af_unix.c > /effFix-experiment/effFix-benchmark/lxc/null-ptr-5-lxc/repair/181.patch
[Wed Jan 21 05:12:48 2026][COMMAND]: /opt/infer/infer/bin/infer --pulse-only --pulse-max-disjuncts 100 --jobs 32 --reactive --pulse-fix-mode --pulse-fix-file=src/lxc/af_unix.c --pulse-fix-function=lxc_abstract_unix_send_credential -o /effFix-experiment/effFix-benchmark/lxc/null-ptr-5-lxc/repair/infer-out-single -- make -j4
[Wed Jan 21 05:12:48 2026][COMMAND]: sed -i -e '237s:^:return cmsg ; \& ...->msg_controllen = \& ...->msg_controllen + \& ...->msg_controllen ;  :' /effFix-experiment/effFix-benchmark/lxc/null-ptr-5-lxc/src/src/lxc/af_unix.c
[Wed Jan 21 05:12:48 2026][COMMAND]: diff -u /effFix-experiment/effFix-benchmark/lxc/null-ptr-5-lxc/repair/af_unix.c.backup /effFix-experiment/effFix-benchmark/lxc/null-ptr-5-lxc/src/src/lxc/af_unix.c > /effFix-experiment/effFix-benchmark/lxc/null-ptr-5-lxc/repair/182.patch
[Wed Jan 21 05:12:48 2026][COMMAND]: /opt/infer/infer/bin/infer --pulse-only --pulse-max-disjuncts 100 --jobs 32 --reactive --pulse-fix-mode --pulse-fix-file=src/lxc/af_unix.c --pulse-fix-function=lxc_abstract_unix_send_credential -o /effFix-experiment/effFix-benchmark/lxc/null-ptr-5-lxc/repair/infer-out-single -- make -j4
[Wed Jan 21 05:12:48 2026][COMMAND]: sed -i -e '237s:$: if ( \& ...->msg_control == \& ...->msg_control \&\& msg.msg_controllen > -1 ) { return 0; } :' /effFix-experiment/effFix-benchmark/lxc/null-ptr-5-lxc/src/src/lxc/af_unix.c
[Wed Jan 21 05:12:48 2026][COMMAND]: diff -u /effFix-experiment/effFix-benchmark/lxc/null-ptr-5-lxc/repair/af_unix.c.backup /effFix-experiment/effFix-benchmark/lxc/null-ptr-5-lxc/src/src/lxc/af_unix.c > /effFix-experiment/effFix-benchmark/lxc/null-ptr-5-lxc/repair/183.patch
[Wed Jan 21 05:12:48 2026][COMMAND]: /opt/infer/infer/bin/infer --pulse-only --pulse-max-disjuncts 100 --jobs 32 --reactive --pulse-fix-mode --pulse-fix-file=src/lxc/af_unix.c --pulse-fix-function=lxc_abstract_unix_send_credential -o /effFix-experiment/effFix-benchmark/lxc/null-ptr-5-lxc/repair/infer-out-single -- make -j4
[Wed Jan 21 05:12:48 2026][COMMAND]: sed -i -e '237s:$: return NULL ; \& ...->msg_control = NULL ; :' /effFix-experiment/effFix-benchmark/lxc/null-ptr-5-lxc/src/src/lxc/af_unix.c
[Wed Jan 21 05:12:48 2026][COMMAND]: diff -u /effFix-experiment/effFix-benchmark/lxc/null-ptr-5-lxc/repair/af_unix.c.backup /effFix-experiment/effFix-benchmark/lxc/null-ptr-5-lxc/src/src/lxc/af_unix.c > /effFix-experiment/effFix-benchmark/lxc/null-ptr-5-lxc/repair/184.patch
[Wed Jan 21 05:12:48 2026][COMMAND]: /opt/infer/infer/bin/infer --pulse-only --pulse-max-disjuncts 100 --jobs 32 --reactive --pulse-fix-mode --pulse-fix-file=src/lxc/af_unix.c --pulse-fix-function=lxc_abstract_unix_send_credential -o /effFix-experiment/effFix-benchmark/lxc/null-ptr-5-lxc/repair/infer-out-single -- make -j4
[Wed Jan 21 05:12:48 2026][COMMAND]: sed -i -e '237s:$: if ( \& ...->msg_control != NULL || cmsg != NULL ) { msg.msg_controllen = msg.msg_controllen * \& ...->msg_controllen ; } :' /effFix-experiment/effFix-benchmark/lxc/null-ptr-5-lxc/src/src/lxc/af_unix.c
[Wed Jan 21 05:12:48 2026][COMMAND]: diff -u /effFix-experiment/effFix-benchmark/lxc/null-ptr-5-lxc/repair/af_unix.c.backup /effFix-experiment/effFix-benchmark/lxc/null-ptr-5-lxc/src/src/lxc/af_unix.c > /effFix-experiment/effFix-benchmark/lxc/null-ptr-5-lxc/repair/185.patch
[Wed Jan 21 05:12:48 2026][COMMAND]: /opt/infer/infer/bin/infer --pulse-only --pulse-max-disjuncts 100 --jobs 32 --reactive --pulse-fix-mode --pulse-fix-file=src/lxc/af_unix.c --pulse-fix-function=lxc_abstract_unix_send_credential -o /effFix-experiment/effFix-benchmark/lxc/null-ptr-5-lxc/repair/infer-out-single -- make -j4
[Wed Jan 21 05:12:48 2026][COMMAND]: sed -i -e '237s:^:\& ...->msg_controllen = msg.msg_controllen * \& ...->msg_controllen ;  :' /effFix-experiment/effFix-benchmark/lxc/null-ptr-5-lxc/src/src/lxc/af_unix.c
[Wed Jan 21 05:12:48 2026][COMMAND]: diff -u /effFix-experiment/effFix-benchmark/lxc/null-ptr-5-lxc/repair/af_unix.c.backup /effFix-experiment/effFix-benchmark/lxc/null-ptr-5-lxc/src/src/lxc/af_unix.c > /effFix-experiment/effFix-benchmark/lxc/null-ptr-5-lxc/repair/186.patch
[Wed Jan 21 05:12:48 2026][COMMAND]: /opt/infer/infer/bin/infer --pulse-only --pulse-max-disjuncts 100 --jobs 32 --reactive --pulse-fix-mode --pulse-fix-file=src/lxc/af_unix.c --pulse-fix-function=lxc_abstract_unix_send_credential -o /effFix-experiment/effFix-benchmark/lxc/null-ptr-5-lxc/repair/infer-out-single -- make -j4
[Wed Jan 21 05:12:48 2026][COMMAND]: sed -i -e '237s:^:msg.msg_controllen = \& ...->msg_controllen ; msg.msg_controllen = msg.msg_controllen ;  :' /effFix-experiment/effFix-benchmark/lxc/null-ptr-5-lxc/src/src/lxc/af_unix.c
[Wed Jan 21 05:12:48 2026][COMMAND]: diff -u /effFix-experiment/effFix-benchmark/lxc/null-ptr-5-lxc/repair/af_unix.c.backup /effFix-experiment/effFix-benchmark/lxc/null-ptr-5-lxc/src/src/lxc/af_unix.c > /effFix-experiment/effFix-benchmark/lxc/null-ptr-5-lxc/repair/187.patch
[Wed Jan 21 05:12:48 2026][COMMAND]: /opt/infer/infer/bin/infer --pulse-only --pulse-max-disjuncts 100 --jobs 32 --reactive --pulse-fix-mode --pulse-fix-file=src/lxc/af_unix.c --pulse-fix-function=lxc_abstract_unix_send_credential -o /effFix-experiment/effFix-benchmark/lxc/null-ptr-5-lxc/repair/infer-out-single -- make -j4
[Wed Jan 21 05:12:48 2026][COMMAND]: sed -i -e '237s:^:\& ...->msg_control = NULL ;  :' /effFix-experiment/effFix-benchmark/lxc/null-ptr-5-lxc/src/src/lxc/af_unix.c
[Wed Jan 21 05:12:48 2026][COMMAND]: diff -u /effFix-experiment/effFix-benchmark/lxc/null-ptr-5-lxc/repair/af_unix.c.backup /effFix-experiment/effFix-benchmark/lxc/null-ptr-5-lxc/src/src/lxc/af_unix.c > /effFix-experiment/effFix-benchmark/lxc/null-ptr-5-lxc/repair/188.patch
[Wed Jan 21 05:12:48 2026][COMMAND]: /opt/infer/infer/bin/infer --pulse-only --pulse-max-disjuncts 100 --jobs 32 --reactive --pulse-fix-mode --pulse-fix-file=src/lxc/af_unix.c --pulse-fix-function=lxc_abstract_unix_send_credential -o /effFix-experiment/effFix-benchmark/lxc/null-ptr-5-lxc/repair/infer-out-single -- make -j4
[Wed Jan 21 05:12:48 2026][COMMAND]: sed -i -e '237s:^:if ( ! ( msg.msg_control == NULL ) ) { msg.msg_control = malloc ( sizeof ( * cmsg ) ) ; }  :' /effFix-experiment/effFix-benchmark/lxc/null-ptr-5-lxc/src/src/lxc/af_unix.c
[Wed Jan 21 05:12:48 2026][COMMAND]: diff -u /effFix-experiment/effFix-benchmark/lxc/null-ptr-5-lxc/repair/af_unix.c.backup /effFix-experiment/effFix-benchmark/lxc/null-ptr-5-lxc/src/src/lxc/af_unix.c > /effFix-experiment/effFix-benchmark/lxc/null-ptr-5-lxc/repair/189.patch
[Wed Jan 21 05:12:48 2026][COMMAND]: /opt/infer/infer/bin/infer --pulse-only --pulse-max-disjuncts 100 --jobs 32 --reactive --pulse-fix-mode --pulse-fix-file=src/lxc/af_unix.c --pulse-fix-function=lxc_abstract_unix_send_credential -o /effFix-experiment/effFix-benchmark/lxc/null-ptr-5-lxc/repair/infer-out-single -- make -j4
[Wed Jan 21 05:12:49 2026][COMMAND]: sed -i -e '237s:^:if ( ! ( msg.msg_controllen != 0 ) ) { \& ...->msg_controllen = msg.msg_controllen ; }  :' /effFix-experiment/effFix-benchmark/lxc/null-ptr-5-lxc/src/src/lxc/af_unix.c
[Wed Jan 21 05:12:49 2026][COMMAND]: diff -u /effFix-experiment/effFix-benchmark/lxc/null-ptr-5-lxc/repair/af_unix.c.backup /effFix-experiment/effFix-benchmark/lxc/null-ptr-5-lxc/src/src/lxc/af_unix.c > /effFix-experiment/effFix-benchmark/lxc/null-ptr-5-lxc/repair/190.patch
[Wed Jan 21 05:12:49 2026][COMMAND]: /opt/infer/infer/bin/infer --pulse-only --pulse-max-disjuncts 100 --jobs 32 --reactive --pulse-fix-mode --pulse-fix-file=src/lxc/af_unix.c --pulse-fix-function=lxc_abstract_unix_send_credential -o /effFix-experiment/effFix-benchmark/lxc/null-ptr-5-lxc/repair/infer-out-single -- make -j4
[Wed Jan 21 05:12:49 2026][COMMAND]: sed -i -e '237s:^:if ( \& ...->msg_controllen == -1 || \& ...->msg_controllen - msg.msg_controllen != \& ...->msg_controllen ) { return 0; }  :' /effFix-experiment/effFix-benchmark/lxc/null-ptr-5-lxc/src/src/lxc/af_unix.c
[Wed Jan 21 05:12:49 2026][COMMAND]: diff -u /effFix-experiment/effFix-benchmark/lxc/null-ptr-5-lxc/repair/af_unix.c.backup /effFix-experiment/effFix-benchmark/lxc/null-ptr-5-lxc/src/src/lxc/af_unix.c > /effFix-experiment/effFix-benchmark/lxc/null-ptr-5-lxc/repair/191.patch
[Wed Jan 21 05:12:49 2026][COMMAND]: /opt/infer/infer/bin/infer --pulse-only --pulse-max-disjuncts 100 --jobs 32 --reactive --pulse-fix-mode --pulse-fix-file=src/lxc/af_unix.c --pulse-fix-function=lxc_abstract_unix_send_credential -o /effFix-experiment/effFix-benchmark/lxc/null-ptr-5-lxc/repair/infer-out-single -- make -j4
[Wed Jan 21 05:12:49 2026][COMMAND]: sed -i -e '237s:^:return 0; \& ...->msg_controllen = msg.msg_controllen - msg.msg_controllen ;  :' /effFix-experiment/effFix-benchmark/lxc/null-ptr-5-lxc/src/src/lxc/af_unix.c
[Wed Jan 21 05:12:49 2026][COMMAND]: diff -u /effFix-experiment/effFix-benchmark/lxc/null-ptr-5-lxc/repair/af_unix.c.backup /effFix-experiment/effFix-benchmark/lxc/null-ptr-5-lxc/src/src/lxc/af_unix.c > /effFix-experiment/effFix-benchmark/lxc/null-ptr-5-lxc/repair/192.patch
[Wed Jan 21 05:12:49 2026][COMMAND]: /opt/infer/infer/bin/infer --pulse-only --pulse-max-disjuncts 100 --jobs 32 --reactive --pulse-fix-mode --pulse-fix-file=src/lxc/af_unix.c --pulse-fix-function=lxc_abstract_unix_send_credential -o /effFix-experiment/effFix-benchmark/lxc/null-ptr-5-lxc/repair/infer-out-single -- make -j4
[Wed Jan 21 05:12:49 2026][COMMAND]: sed -i -e '237s:$: msg.msg_controllen = msg.msg_controllen * msg.msg_controllen ; :' /effFix-experiment/effFix-benchmark/lxc/null-ptr-5-lxc/src/src/lxc/af_unix.c
[Wed Jan 21 05:12:49 2026][COMMAND]: diff -u /effFix-experiment/effFix-benchmark/lxc/null-ptr-5-lxc/repair/af_unix.c.backup /effFix-experiment/effFix-benchmark/lxc/null-ptr-5-lxc/src/src/lxc/af_unix.c > /effFix-experiment/effFix-benchmark/lxc/null-ptr-5-lxc/repair/193.patch
[Wed Jan 21 05:12:49 2026][COMMAND]: /opt/infer/infer/bin/infer --pulse-only --pulse-max-disjuncts 100 --jobs 32 --reactive --pulse-fix-mode --pulse-fix-file=src/lxc/af_unix.c --pulse-fix-function=lxc_abstract_unix_send_credential -o /effFix-experiment/effFix-benchmark/lxc/null-ptr-5-lxc/repair/infer-out-single -- make -j4
[Wed Jan 21 05:12:49 2026][COMMAND]: sed -i -e '237s:^:msg.msg_control = msg.msg_control ;  :' /effFix-experiment/effFix-benchmark/lxc/null-ptr-5-lxc/src/src/lxc/af_unix.c
[Wed Jan 21 05:12:49 2026][COMMAND]: diff -u /effFix-experiment/effFix-benchmark/lxc/null-ptr-5-lxc/repair/af_unix.c.backup /effFix-experiment/effFix-benchmark/lxc/null-ptr-5-lxc/src/src/lxc/af_unix.c > /effFix-experiment/effFix-benchmark/lxc/null-ptr-5-lxc/repair/194.patch
[Wed Jan 21 05:12:49 2026][COMMAND]: /opt/infer/infer/bin/infer --pulse-only --pulse-max-disjuncts 100 --jobs 32 --reactive --pulse-fix-mode --pulse-fix-file=src/lxc/af_unix.c --pulse-fix-function=lxc_abstract_unix_send_credential -o /effFix-experiment/effFix-benchmark/lxc/null-ptr-5-lxc/repair/infer-out-single -- make -j4
[Wed Jan 21 05:12:49 2026][COMMAND]: sed -i -e '237s:$: if ( ! ( \& ...->msg_control != cmsg ) ) { free ( cmsg ) ; } :' /effFix-experiment/effFix-benchmark/lxc/null-ptr-5-lxc/src/src/lxc/af_unix.c
[Wed Jan 21 05:12:49 2026][COMMAND]: diff -u /effFix-experiment/effFix-benchmark/lxc/null-ptr-5-lxc/repair/af_unix.c.backup /effFix-experiment/effFix-benchmark/lxc/null-ptr-5-lxc/src/src/lxc/af_unix.c > /effFix-experiment/effFix-benchmark/lxc/null-ptr-5-lxc/repair/195.patch
[Wed Jan 21 05:12:49 2026][COMMAND]: /opt/infer/infer/bin/infer --pulse-only --pulse-max-disjuncts 100 --jobs 32 --reactive --pulse-fix-mode --pulse-fix-file=src/lxc/af_unix.c --pulse-fix-function=lxc_abstract_unix_send_credential -o /effFix-experiment/effFix-benchmark/lxc/null-ptr-5-lxc/repair/infer-out-single -- make -j4
[Wed Jan 21 05:12:49 2026][COMMAND]: sed -i -e '237s:^:if ( cmsg == NULL ) { free ( \& ...->msg_control ) ; }  :' /effFix-experiment/effFix-benchmark/lxc/null-ptr-5-lxc/src/src/lxc/af_unix.c
[Wed Jan 21 05:12:49 2026][COMMAND]: diff -u /effFix-experiment/effFix-benchmark/lxc/null-ptr-5-lxc/repair/af_unix.c.backup /effFix-experiment/effFix-benchmark/lxc/null-ptr-5-lxc/src/src/lxc/af_unix.c > /effFix-experiment/effFix-benchmark/lxc/null-ptr-5-lxc/repair/196.patch
[Wed Jan 21 05:12:49 2026][COMMAND]: /opt/infer/infer/bin/infer --pulse-only --pulse-max-disjuncts 100 --jobs 32 --reactive --pulse-fix-mode --pulse-fix-file=src/lxc/af_unix.c --pulse-fix-function=lxc_abstract_unix_send_credential -o /effFix-experiment/effFix-benchmark/lxc/null-ptr-5-lxc/repair/infer-out-single -- make -j4
[Wed Jan 21 05:12:49 2026][COMMAND]: sed -i -e '237s:^:msg.msg_control = \& ...->msg_control ;  :' /effFix-experiment/effFix-benchmark/lxc/null-ptr-5-lxc/src/src/lxc/af_unix.c
[Wed Jan 21 05:12:49 2026][COMMAND]: diff -u /effFix-experiment/effFix-benchmark/lxc/null-ptr-5-lxc/repair/af_unix.c.backup /effFix-experiment/effFix-benchmark/lxc/null-ptr-5-lxc/src/src/lxc/af_unix.c > /effFix-experiment/effFix-benchmark/lxc/null-ptr-5-lxc/repair/197.patch
[Wed Jan 21 05:12:49 2026][COMMAND]: /opt/infer/infer/bin/infer --pulse-only --pulse-max-disjuncts 100 --jobs 32 --reactive --pulse-fix-mode --pulse-fix-file=src/lxc/af_unix.c --pulse-fix-function=lxc_abstract_unix_send_credential -o /effFix-experiment/effFix-benchmark/lxc/null-ptr-5-lxc/repair/infer-out-single -- make -j4
[Wed Jan 21 05:12:49 2026][COMMAND]: sed -i -e '237s:$: \& ...->msg_controllen = msg.msg_controllen / msg.msg_controllen ; :' /effFix-experiment/effFix-benchmark/lxc/null-ptr-5-lxc/src/src/lxc/af_unix.c
[Wed Jan 21 05:12:49 2026][COMMAND]: diff -u /effFix-experiment/effFix-benchmark/lxc/null-ptr-5-lxc/repair/af_unix.c.backup /effFix-experiment/effFix-benchmark/lxc/null-ptr-5-lxc/src/src/lxc/af_unix.c > /effFix-experiment/effFix-benchmark/lxc/null-ptr-5-lxc/repair/198.patch
[Wed Jan 21 05:12:49 2026][COMMAND]: /opt/infer/infer/bin/infer --pulse-only --pulse-max-disjuncts 100 --jobs 32 --reactive --pulse-fix-mode --pulse-fix-file=src/lxc/af_unix.c --pulse-fix-function=lxc_abstract_unix_send_credential -o /effFix-experiment/effFix-benchmark/lxc/null-ptr-5-lxc/repair/infer-out-single -- make -j4
[Wed Jan 21 05:12:49 2026][COMMAND]: sed -i -e '237s:$: \& ...->msg_controllen = msg.msg_controllen + msg.msg_controllen ; free ( cmsg ) ; :' /effFix-experiment/effFix-benchmark/lxc/null-ptr-5-lxc/src/src/lxc/af_unix.c
[Wed Jan 21 05:12:49 2026][COMMAND]: diff -u /effFix-experiment/effFix-benchmark/lxc/null-ptr-5-lxc/repair/af_unix.c.backup /effFix-experiment/effFix-benchmark/lxc/null-ptr-5-lxc/src/src/lxc/af_unix.c > /effFix-experiment/effFix-benchmark/lxc/null-ptr-5-lxc/repair/199.patch
[Wed Jan 21 05:12:49 2026][COMMAND]: /opt/infer/infer/bin/infer --pulse-only --pulse-max-disjuncts 100 --jobs 32 --reactive --pulse-fix-mode --pulse-fix-file=src/lxc/af_unix.c --pulse-fix-function=lxc_abstract_unix_send_credential -o /effFix-experiment/effFix-benchmark/lxc/null-ptr-5-lxc/repair/infer-out-single -- make -j4
[Wed Jan 21 05:12:49 2026][COMMAND]: sed -i -e '237s:$: cmsg = cmsg ; :' /effFix-experiment/effFix-benchmark/lxc/null-ptr-5-lxc/src/src/lxc/af_unix.c
[Wed Jan 21 05:12:49 2026][COMMAND]: diff -u /effFix-experiment/effFix-benchmark/lxc/null-ptr-5-lxc/repair/af_unix.c.backup /effFix-experiment/effFix-benchmark/lxc/null-ptr-5-lxc/src/src/lxc/af_unix.c > /effFix-experiment/effFix-benchmark/lxc/null-ptr-5-lxc/repair/200.patch
[Wed Jan 21 05:12:49 2026][COMMAND]: /opt/infer/infer/bin/infer --pulse-only --pulse-max-disjuncts 100 --jobs 32 --reactive --pulse-fix-mode --pulse-fix-file=src/lxc/af_unix.c --pulse-fix-function=lxc_abstract_unix_send_credential -o /effFix-experiment/effFix-benchmark/lxc/null-ptr-5-lxc/repair/infer-out-single -- make -j4
[Wed Jan 21 05:12:50 2026][COMMAND]: sed -i -e '237s:^:if ( msg.msg_control == NULL ) { return cmsg ; }  :' /effFix-experiment/effFix-benchmark/lxc/null-ptr-5-lxc/src/src/lxc/af_unix.c
[Wed Jan 21 05:12:50 2026][COMMAND]: diff -u /effFix-experiment/effFix-benchmark/lxc/null-ptr-5-lxc/repair/af_unix.c.backup /effFix-experiment/effFix-benchmark/lxc/null-ptr-5-lxc/src/src/lxc/af_unix.c > /effFix-experiment/effFix-benchmark/lxc/null-ptr-5-lxc/repair/201.patch
[Wed Jan 21 05:12:50 2026][COMMAND]: /opt/infer/infer/bin/infer --pulse-only --pulse-max-disjuncts 100 --jobs 32 --reactive --pulse-fix-mode --pulse-fix-file=src/lxc/af_unix.c --pulse-fix-function=lxc_abstract_unix_send_credential -o /effFix-experiment/effFix-benchmark/lxc/null-ptr-5-lxc/repair/infer-out-single -- make -j4
[Wed Jan 21 05:12:50 2026][COMMAND]: sed -i -e '237s:$: if ( ! ( \& ...->msg_control != NULL ) ) { free ( cmsg ) ; return 0; } :' /effFix-experiment/effFix-benchmark/lxc/null-ptr-5-lxc/src/src/lxc/af_unix.c
[Wed Jan 21 05:12:50 2026][COMMAND]: diff -u /effFix-experiment/effFix-benchmark/lxc/null-ptr-5-lxc/repair/af_unix.c.backup /effFix-experiment/effFix-benchmark/lxc/null-ptr-5-lxc/src/src/lxc/af_unix.c > /effFix-experiment/effFix-benchmark/lxc/null-ptr-5-lxc/repair/202.patch
[Wed Jan 21 05:12:50 2026][COMMAND]: /opt/infer/infer/bin/infer --pulse-only --pulse-max-disjuncts 100 --jobs 32 --reactive --pulse-fix-mode --pulse-fix-file=src/lxc/af_unix.c --pulse-fix-function=lxc_abstract_unix_send_credential -o /effFix-experiment/effFix-benchmark/lxc/null-ptr-5-lxc/repair/infer-out-single -- make -j4
[Wed Jan 21 05:12:50 2026][COMMAND]: sed -i -e '237s:$: if ( ! ( \& ...->msg_control != NULL ) ) { cmsg = \& ...->msg_control ; } :' /effFix-experiment/effFix-benchmark/lxc/null-ptr-5-lxc/src/src/lxc/af_unix.c
[Wed Jan 21 05:12:50 2026][COMMAND]: diff -u /effFix-experiment/effFix-benchmark/lxc/null-ptr-5-lxc/repair/af_unix.c.backup /effFix-experiment/effFix-benchmark/lxc/null-ptr-5-lxc/src/src/lxc/af_unix.c > /effFix-experiment/effFix-benchmark/lxc/null-ptr-5-lxc/repair/203.patch
[Wed Jan 21 05:12:50 2026][COMMAND]: /opt/infer/infer/bin/infer --pulse-only --pulse-max-disjuncts 100 --jobs 32 --reactive --pulse-fix-mode --pulse-fix-file=src/lxc/af_unix.c --pulse-fix-function=lxc_abstract_unix_send_credential -o /effFix-experiment/effFix-benchmark/lxc/null-ptr-5-lxc/repair/infer-out-single -- make -j4
[Wed Jan 21 05:12:50 2026][COMMAND]: sed -i -e '237s:$: return NULL ; cmsg = malloc ( sizeof ( * \& ...->msg_control ) ) ; :' /effFix-experiment/effFix-benchmark/lxc/null-ptr-5-lxc/src/src/lxc/af_unix.c
[Wed Jan 21 05:12:50 2026][COMMAND]: diff -u /effFix-experiment/effFix-benchmark/lxc/null-ptr-5-lxc/repair/af_unix.c.backup /effFix-experiment/effFix-benchmark/lxc/null-ptr-5-lxc/src/src/lxc/af_unix.c > /effFix-experiment/effFix-benchmark/lxc/null-ptr-5-lxc/repair/204.patch
[Wed Jan 21 05:12:50 2026][COMMAND]: /opt/infer/infer/bin/infer --pulse-only --pulse-max-disjuncts 100 --jobs 32 --reactive --pulse-fix-mode --pulse-fix-file=src/lxc/af_unix.c --pulse-fix-function=lxc_abstract_unix_send_credential -o /effFix-experiment/effFix-benchmark/lxc/null-ptr-5-lxc/repair/infer-out-single -- make -j4
[Wed Jan 21 05:12:50 2026][COMMAND]: sed -i -e '237s:$: \& ...->msg_controllen = msg.msg_controllen - msg.msg_controllen ; :' /effFix-experiment/effFix-benchmark/lxc/null-ptr-5-lxc/src/src/lxc/af_unix.c
[Wed Jan 21 05:12:50 2026][COMMAND]: diff -u /effFix-experiment/effFix-benchmark/lxc/null-ptr-5-lxc/repair/af_unix.c.backup /effFix-experiment/effFix-benchmark/lxc/null-ptr-5-lxc/src/src/lxc/af_unix.c > /effFix-experiment/effFix-benchmark/lxc/null-ptr-5-lxc/repair/205.patch
[Wed Jan 21 05:12:50 2026][COMMAND]: /opt/infer/infer/bin/infer --pulse-only --pulse-max-disjuncts 100 --jobs 32 --reactive --pulse-fix-mode --pulse-fix-file=src/lxc/af_unix.c --pulse-fix-function=lxc_abstract_unix_send_credential -o /effFix-experiment/effFix-benchmark/lxc/null-ptr-5-lxc/repair/infer-out-single -- make -j4
[Wed Jan 21 05:12:50 2026][COMMAND]: sed -i -e '237s:^:if ( \& ...->msg_controllen + msg.msg_controllen <= 0 || msg.msg_control == NULL ) { return cmsg ; }  :' /effFix-experiment/effFix-benchmark/lxc/null-ptr-5-lxc/src/src/lxc/af_unix.c
[Wed Jan 21 05:12:50 2026][COMMAND]: diff -u /effFix-experiment/effFix-benchmark/lxc/null-ptr-5-lxc/repair/af_unix.c.backup /effFix-experiment/effFix-benchmark/lxc/null-ptr-5-lxc/src/src/lxc/af_unix.c > /effFix-experiment/effFix-benchmark/lxc/null-ptr-5-lxc/repair/206.patch
[Wed Jan 21 05:12:50 2026][COMMAND]: /opt/infer/infer/bin/infer --pulse-only --pulse-max-disjuncts 100 --jobs 32 --reactive --pulse-fix-mode --pulse-fix-file=src/lxc/af_unix.c --pulse-fix-function=lxc_abstract_unix_send_credential -o /effFix-experiment/effFix-benchmark/lxc/null-ptr-5-lxc/repair/infer-out-single -- make -j4
[Wed Jan 21 05:12:50 2026][COMMAND]: sed -i -e '237s:^:\& ...->msg_control = malloc ( sizeof ( * cmsg ) ) ;  :' /effFix-experiment/effFix-benchmark/lxc/null-ptr-5-lxc/src/src/lxc/af_unix.c
[Wed Jan 21 05:12:50 2026][COMMAND]: diff -u /effFix-experiment/effFix-benchmark/lxc/null-ptr-5-lxc/repair/af_unix.c.backup /effFix-experiment/effFix-benchmark/lxc/null-ptr-5-lxc/src/src/lxc/af_unix.c > /effFix-experiment/effFix-benchmark/lxc/null-ptr-5-lxc/repair/207.patch
[Wed Jan 21 05:12:50 2026][COMMAND]: /opt/infer/infer/bin/infer --pulse-only --pulse-max-disjuncts 100 --jobs 32 --reactive --pulse-fix-mode --pulse-fix-file=src/lxc/af_unix.c --pulse-fix-function=lxc_abstract_unix_send_credential -o /effFix-experiment/effFix-benchmark/lxc/null-ptr-5-lxc/repair/infer-out-single -- make -j4
[Wed Jan 21 05:12:50 2026][COMMAND]: sed -i -e '237s:^:\& ...->msg_control = NULL ; free ( cmsg ) ;  :' /effFix-experiment/effFix-benchmark/lxc/null-ptr-5-lxc/src/src/lxc/af_unix.c
[Wed Jan 21 05:12:50 2026][COMMAND]: diff -u /effFix-experiment/effFix-benchmark/lxc/null-ptr-5-lxc/repair/af_unix.c.backup /effFix-experiment/effFix-benchmark/lxc/null-ptr-5-lxc/src/src/lxc/af_unix.c > /effFix-experiment/effFix-benchmark/lxc/null-ptr-5-lxc/repair/208.patch
[Wed Jan 21 05:12:50 2026][COMMAND]: /opt/infer/infer/bin/infer --pulse-only --pulse-max-disjuncts 100 --jobs 32 --reactive --pulse-fix-mode --pulse-fix-file=src/lxc/af_unix.c --pulse-fix-function=lxc_abstract_unix_send_credential -o /effFix-experiment/effFix-benchmark/lxc/null-ptr-5-lxc/repair/infer-out-single -- make -j4
[Wed Jan 21 05:12:50 2026][COMMAND]: sed -i -e '237s:^:if ( cmsg != msg.msg_control ) { return NULL ; }  :' /effFix-experiment/effFix-benchmark/lxc/null-ptr-5-lxc/src/src/lxc/af_unix.c
[Wed Jan 21 05:12:50 2026][COMMAND]: diff -u /effFix-experiment/effFix-benchmark/lxc/null-ptr-5-lxc/repair/af_unix.c.backup /effFix-experiment/effFix-benchmark/lxc/null-ptr-5-lxc/src/src/lxc/af_unix.c > /effFix-experiment/effFix-benchmark/lxc/null-ptr-5-lxc/repair/209.patch
[Wed Jan 21 05:12:50 2026][COMMAND]: /opt/infer/infer/bin/infer --pulse-only --pulse-max-disjuncts 100 --jobs 32 --reactive --pulse-fix-mode --pulse-fix-file=src/lxc/af_unix.c --pulse-fix-function=lxc_abstract_unix_send_credential -o /effFix-experiment/effFix-benchmark/lxc/null-ptr-5-lxc/repair/infer-out-single -- make -j4
[Wed Jan 21 05:12:50 2026][COMMAND]: sed -i -e '237s:$: return msg.msg_control ; return cmsg ; :' /effFix-experiment/effFix-benchmark/lxc/null-ptr-5-lxc/src/src/lxc/af_unix.c
[Wed Jan 21 05:12:50 2026][COMMAND]: diff -u /effFix-experiment/effFix-benchmark/lxc/null-ptr-5-lxc/repair/af_unix.c.backup /effFix-experiment/effFix-benchmark/lxc/null-ptr-5-lxc/src/src/lxc/af_unix.c > /effFix-experiment/effFix-benchmark/lxc/null-ptr-5-lxc/repair/210.patch
[Wed Jan 21 05:12:50 2026][COMMAND]: /opt/infer/infer/bin/infer --pulse-only --pulse-max-disjuncts 100 --jobs 32 --reactive --pulse-fix-mode --pulse-fix-file=src/lxc/af_unix.c --pulse-fix-function=lxc_abstract_unix_send_credential -o /effFix-experiment/effFix-benchmark/lxc/null-ptr-5-lxc/repair/infer-out-single -- make -j4
[Wed Jan 21 05:12:50 2026][COMMAND]: sed -i -e '237s:^:\& ...->msg_controllen = msg.msg_controllen / msg.msg_controllen ;  :' /effFix-experiment/effFix-benchmark/lxc/null-ptr-5-lxc/src/src/lxc/af_unix.c
[Wed Jan 21 05:12:50 2026][COMMAND]: diff -u /effFix-experiment/effFix-benchmark/lxc/null-ptr-5-lxc/repair/af_unix.c.backup /effFix-experiment/effFix-benchmark/lxc/null-ptr-5-lxc/src/src/lxc/af_unix.c > /effFix-experiment/effFix-benchmark/lxc/null-ptr-5-lxc/repair/211.patch
[Wed Jan 21 05:12:50 2026][COMMAND]: /opt/infer/infer/bin/infer --pulse-only --pulse-max-disjuncts 100 --jobs 32 --reactive --pulse-fix-mode --pulse-fix-file=src/lxc/af_unix.c --pulse-fix-function=lxc_abstract_unix_send_credential -o /effFix-experiment/effFix-benchmark/lxc/null-ptr-5-lxc/repair/infer-out-single -- make -j4
[Wed Jan 21 05:12:50 2026][COMMAND]: sed -i -e '237s:^:return call to sendmsg; return call to sendmsg;  :' /effFix-experiment/effFix-benchmark/lxc/null-ptr-5-lxc/src/src/lxc/af_unix.c
[Wed Jan 21 05:12:50 2026][COMMAND]: diff -u /effFix-experiment/effFix-benchmark/lxc/null-ptr-5-lxc/repair/af_unix.c.backup /effFix-experiment/effFix-benchmark/lxc/null-ptr-5-lxc/src/src/lxc/af_unix.c > /effFix-experiment/effFix-benchmark/lxc/null-ptr-5-lxc/repair/212.patch
[Wed Jan 21 05:12:51 2026][COMMAND]: /opt/infer/infer/bin/infer --pulse-only --pulse-max-disjuncts 100 --jobs 32 --reactive --pulse-fix-mode --pulse-fix-file=src/lxc/af_unix.c --pulse-fix-function=lxc_abstract_unix_send_credential -o /effFix-experiment/effFix-benchmark/lxc/null-ptr-5-lxc/repair/infer-out-single -- make -j4
[Wed Jan 21 05:12:51 2026][COMMAND]: sed -i -e '237s:^:if ( \& ...->msg_controllen >= -1 \&\& \& ...->msg_control == NULL ) { msg.msg_controllen = msg.msg_controllen * \& ...->msg_controllen ; }  :' /effFix-experiment/effFix-benchmark/lxc/null-ptr-5-lxc/src/src/lxc/af_unix.c
[Wed Jan 21 05:12:51 2026][COMMAND]: diff -u /effFix-experiment/effFix-benchmark/lxc/null-ptr-5-lxc/repair/af_unix.c.backup /effFix-experiment/effFix-benchmark/lxc/null-ptr-5-lxc/src/src/lxc/af_unix.c > /effFix-experiment/effFix-benchmark/lxc/null-ptr-5-lxc/repair/213.patch
[Wed Jan 21 05:12:51 2026][COMMAND]: /opt/infer/infer/bin/infer --pulse-only --pulse-max-disjuncts 100 --jobs 32 --reactive --pulse-fix-mode --pulse-fix-file=src/lxc/af_unix.c --pulse-fix-function=lxc_abstract_unix_send_credential -o /effFix-experiment/effFix-benchmark/lxc/null-ptr-5-lxc/repair/infer-out-single -- make -j4
[Wed Jan 21 05:12:51 2026][COMMAND]: sed -i -e '237s:$: if ( ! ( \& ...->msg_controllen == \& ...->msg_controllen ) ) { free ( msg.msg_control ) ; } :' /effFix-experiment/effFix-benchmark/lxc/null-ptr-5-lxc/src/src/lxc/af_unix.c
[Wed Jan 21 05:12:51 2026][COMMAND]: diff -u /effFix-experiment/effFix-benchmark/lxc/null-ptr-5-lxc/repair/af_unix.c.backup /effFix-experiment/effFix-benchmark/lxc/null-ptr-5-lxc/src/src/lxc/af_unix.c > /effFix-experiment/effFix-benchmark/lxc/null-ptr-5-lxc/repair/214.patch
[Wed Jan 21 05:12:51 2026][COMMAND]: /opt/infer/infer/bin/infer --pulse-only --pulse-max-disjuncts 100 --jobs 32 --reactive --pulse-fix-mode --pulse-fix-file=src/lxc/af_unix.c --pulse-fix-function=lxc_abstract_unix_send_credential -o /effFix-experiment/effFix-benchmark/lxc/null-ptr-5-lxc/repair/infer-out-single -- make -j4
[Wed Jan 21 05:12:51 2026][COMMAND]: sed -i -e '237s:$: free ( msg.msg_control ) ; msg.msg_control = malloc ( sizeof ( * msg.msg_control ) ) ; :' /effFix-experiment/effFix-benchmark/lxc/null-ptr-5-lxc/src/src/lxc/af_unix.c
[Wed Jan 21 05:12:51 2026][COMMAND]: diff -u /effFix-experiment/effFix-benchmark/lxc/null-ptr-5-lxc/repair/af_unix.c.backup /effFix-experiment/effFix-benchmark/lxc/null-ptr-5-lxc/src/src/lxc/af_unix.c > /effFix-experiment/effFix-benchmark/lxc/null-ptr-5-lxc/repair/215.patch
[Wed Jan 21 05:12:51 2026][COMMAND]: /opt/infer/infer/bin/infer --pulse-only --pulse-max-disjuncts 100 --jobs 32 --reactive --pulse-fix-mode --pulse-fix-file=src/lxc/af_unix.c --pulse-fix-function=lxc_abstract_unix_send_credential -o /effFix-experiment/effFix-benchmark/lxc/null-ptr-5-lxc/repair/infer-out-single -- make -j4
[Wed Jan 21 05:12:51 2026][COMMAND]: sed -i -e '237s:^:\& ...->msg_control = cmsg ; if ( \& ...->msg_controllen - msg.msg_controllen < 0 || \& ...->msg_control != NULL ) { \& ...->msg_controllen = msg.msg_controllen + \& ...->msg_controllen ; }  :' /effFix-experiment/effFix-benchmark/lxc/null-ptr-5-lxc/src/src/lxc/af_unix.c
[Wed Jan 21 05:12:51 2026][COMMAND]: diff -u /effFix-experiment/effFix-benchmark/lxc/null-ptr-5-lxc/repair/af_unix.c.backup /effFix-experiment/effFix-benchmark/lxc/null-ptr-5-lxc/src/src/lxc/af_unix.c > /effFix-experiment/effFix-benchmark/lxc/null-ptr-5-lxc/repair/216.patch
[Wed Jan 21 05:12:51 2026][COMMAND]: /opt/infer/infer/bin/infer --pulse-only --pulse-max-disjuncts 100 --jobs 32 --reactive --pulse-fix-mode --pulse-fix-file=src/lxc/af_unix.c --pulse-fix-function=lxc_abstract_unix_send_credential -o /effFix-experiment/effFix-benchmark/lxc/null-ptr-5-lxc/repair/infer-out-single -- make -j4
[Wed Jan 21 05:12:51 2026][COMMAND]: sed -i -e '237s:^:cmsg = malloc ( sizeof ( * \& ...->msg_control ) ) ;  :' /effFix-experiment/effFix-benchmark/lxc/null-ptr-5-lxc/src/src/lxc/af_unix.c
[Wed Jan 21 05:12:51 2026][COMMAND]: diff -u /effFix-experiment/effFix-benchmark/lxc/null-ptr-5-lxc/repair/af_unix.c.backup /effFix-experiment/effFix-benchmark/lxc/null-ptr-5-lxc/src/src/lxc/af_unix.c > /effFix-experiment/effFix-benchmark/lxc/null-ptr-5-lxc/repair/217.patch
[Wed Jan 21 05:12:51 2026][COMMAND]: /opt/infer/infer/bin/infer --pulse-only --pulse-max-disjuncts 100 --jobs 32 --reactive --pulse-fix-mode --pulse-fix-file=src/lxc/af_unix.c --pulse-fix-function=lxc_abstract_unix_send_credential -o /effFix-experiment/effFix-benchmark/lxc/null-ptr-5-lxc/repair/infer-out-single -- make -j4
[Wed Jan 21 05:12:51 2026][COMMAND]: sed -i -e '237s:^:return 0; free ( msg.msg_control ) ;  :' /effFix-experiment/effFix-benchmark/lxc/null-ptr-5-lxc/src/src/lxc/af_unix.c
[Wed Jan 21 05:12:51 2026][COMMAND]: diff -u /effFix-experiment/effFix-benchmark/lxc/null-ptr-5-lxc/repair/af_unix.c.backup /effFix-experiment/effFix-benchmark/lxc/null-ptr-5-lxc/src/src/lxc/af_unix.c > /effFix-experiment/effFix-benchmark/lxc/null-ptr-5-lxc/repair/218.patch
[Wed Jan 21 05:12:51 2026][COMMAND]: /opt/infer/infer/bin/infer --pulse-only --pulse-max-disjuncts 100 --jobs 32 --reactive --pulse-fix-mode --pulse-fix-file=src/lxc/af_unix.c --pulse-fix-function=lxc_abstract_unix_send_credential -o /effFix-experiment/effFix-benchmark/lxc/null-ptr-5-lxc/repair/infer-out-single -- make -j4
[Wed Jan 21 05:12:51 2026][COMMAND]: sed -i -e '237s:$: msg.msg_control = malloc ( sizeof ( * cmsg ) ) ; return 0; :' /effFix-experiment/effFix-benchmark/lxc/null-ptr-5-lxc/src/src/lxc/af_unix.c
[Wed Jan 21 05:12:51 2026][COMMAND]: diff -u /effFix-experiment/effFix-benchmark/lxc/null-ptr-5-lxc/repair/af_unix.c.backup /effFix-experiment/effFix-benchmark/lxc/null-ptr-5-lxc/src/src/lxc/af_unix.c > /effFix-experiment/effFix-benchmark/lxc/null-ptr-5-lxc/repair/219.patch
[Wed Jan 21 05:12:51 2026][COMMAND]: /opt/infer/infer/bin/infer --pulse-only --pulse-max-disjuncts 100 --jobs 32 --reactive --pulse-fix-mode --pulse-fix-file=src/lxc/af_unix.c --pulse-fix-function=lxc_abstract_unix_send_credential -o /effFix-experiment/effFix-benchmark/lxc/null-ptr-5-lxc/repair/infer-out-single -- make -j4
[Wed Jan 21 05:12:51 2026][COMMAND]: sed -i -e '237s:^:if ( \& ...->msg_controllen == \& ...->msg_controllen \&\& msg.msg_controllen != 0 ) { \& ...->msg_controllen = \& ...->msg_controllen + msg.msg_controllen ; }  :' /effFix-experiment/effFix-benchmark/lxc/null-ptr-5-lxc/src/src/lxc/af_unix.c
[Wed Jan 21 05:12:51 2026][COMMAND]: diff -u /effFix-experiment/effFix-benchmark/lxc/null-ptr-5-lxc/repair/af_unix.c.backup /effFix-experiment/effFix-benchmark/lxc/null-ptr-5-lxc/src/src/lxc/af_unix.c > /effFix-experiment/effFix-benchmark/lxc/null-ptr-5-lxc/repair/220.patch
[Wed Jan 21 05:12:51 2026][COMMAND]: /opt/infer/infer/bin/infer --pulse-only --pulse-max-disjuncts 100 --jobs 32 --reactive --pulse-fix-mode --pulse-fix-file=src/lxc/af_unix.c --pulse-fix-function=lxc_abstract_unix_send_credential -o /effFix-experiment/effFix-benchmark/lxc/null-ptr-5-lxc/repair/infer-out-single -- make -j4
[Wed Jan 21 05:12:51 2026][COMMAND]: sed -i -e '237s:^:return call to sendmsg; return 0;  :' /effFix-experiment/effFix-benchmark/lxc/null-ptr-5-lxc/src/src/lxc/af_unix.c
[Wed Jan 21 05:12:51 2026][COMMAND]: diff -u /effFix-experiment/effFix-benchmark/lxc/null-ptr-5-lxc/repair/af_unix.c.backup /effFix-experiment/effFix-benchmark/lxc/null-ptr-5-lxc/src/src/lxc/af_unix.c > /effFix-experiment/effFix-benchmark/lxc/null-ptr-5-lxc/repair/221.patch
[Wed Jan 21 05:12:51 2026][COMMAND]: /opt/infer/infer/bin/infer --pulse-only --pulse-max-disjuncts 100 --jobs 32 --reactive --pulse-fix-mode --pulse-fix-file=src/lxc/af_unix.c --pulse-fix-function=lxc_abstract_unix_send_credential -o /effFix-experiment/effFix-benchmark/lxc/null-ptr-5-lxc/repair/infer-out-single -- make -j4
[Wed Jan 21 05:12:51 2026][COMMAND]: sed -i -e '237s:^:\& ...->msg_controllen = \& ...->msg_controllen + \& ...->msg_controllen ; return NULL ;  :' /effFix-experiment/effFix-benchmark/lxc/null-ptr-5-lxc/src/src/lxc/af_unix.c
[Wed Jan 21 05:12:51 2026][COMMAND]: diff -u /effFix-experiment/effFix-benchmark/lxc/null-ptr-5-lxc/repair/af_unix.c.backup /effFix-experiment/effFix-benchmark/lxc/null-ptr-5-lxc/src/src/lxc/af_unix.c > /effFix-experiment/effFix-benchmark/lxc/null-ptr-5-lxc/repair/222.patch
[Wed Jan 21 05:12:51 2026][COMMAND]: /opt/infer/infer/bin/infer --pulse-only --pulse-max-disjuncts 100 --jobs 32 --reactive --pulse-fix-mode --pulse-fix-file=src/lxc/af_unix.c --pulse-fix-function=lxc_abstract_unix_send_credential -o /effFix-experiment/effFix-benchmark/lxc/null-ptr-5-lxc/repair/infer-out-single -- make -j4
[Wed Jan 21 05:12:51 2026][COMMAND]: sed -i -e '237s:^:msg.msg_control = cmsg ;  :' /effFix-experiment/effFix-benchmark/lxc/null-ptr-5-lxc/src/src/lxc/af_unix.c
[Wed Jan 21 05:12:51 2026][COMMAND]: diff -u /effFix-experiment/effFix-benchmark/lxc/null-ptr-5-lxc/repair/af_unix.c.backup /effFix-experiment/effFix-benchmark/lxc/null-ptr-5-lxc/src/src/lxc/af_unix.c > /effFix-experiment/effFix-benchmark/lxc/null-ptr-5-lxc/repair/223.patch
[Wed Jan 21 05:12:51 2026][COMMAND]: /opt/infer/infer/bin/infer --pulse-only --pulse-max-disjuncts 100 --jobs 32 --reactive --pulse-fix-mode --pulse-fix-file=src/lxc/af_unix.c --pulse-fix-function=lxc_abstract_unix_send_credential -o /effFix-experiment/effFix-benchmark/lxc/null-ptr-5-lxc/repair/infer-out-single -- make -j4
[Wed Jan 21 05:12:52 2026][COMMAND]: sed -i -e '237s:^:if ( cmsg != NULL \&\& \& ...->msg_control == NULL ) { return 0; }  :' /effFix-experiment/effFix-benchmark/lxc/null-ptr-5-lxc/src/src/lxc/af_unix.c
[Wed Jan 21 05:12:52 2026][COMMAND]: diff -u /effFix-experiment/effFix-benchmark/lxc/null-ptr-5-lxc/repair/af_unix.c.backup /effFix-experiment/effFix-benchmark/lxc/null-ptr-5-lxc/src/src/lxc/af_unix.c > /effFix-experiment/effFix-benchmark/lxc/null-ptr-5-lxc/repair/224.patch
[Wed Jan 21 05:12:52 2026][COMMAND]: /opt/infer/infer/bin/infer --pulse-only --pulse-max-disjuncts 100 --jobs 32 --reactive --pulse-fix-mode --pulse-fix-file=src/lxc/af_unix.c --pulse-fix-function=lxc_abstract_unix_send_credential -o /effFix-experiment/effFix-benchmark/lxc/null-ptr-5-lxc/repair/infer-out-single -- make -j4
[Wed Jan 21 05:12:52 2026][COMMAND]: sed -i -e '237s:$: if ( \& ...->msg_controllen < -1 || msg.msg_controllen + \& ...->msg_controllen >= \& ...->msg_controllen ) { return call to sendmsg; return \& ...->msg_control ; } :' /effFix-experiment/effFix-benchmark/lxc/null-ptr-5-lxc/src/src/lxc/af_unix.c
[Wed Jan 21 05:12:52 2026][COMMAND]: diff -u /effFix-experiment/effFix-benchmark/lxc/null-ptr-5-lxc/repair/af_unix.c.backup /effFix-experiment/effFix-benchmark/lxc/null-ptr-5-lxc/src/src/lxc/af_unix.c > /effFix-experiment/effFix-benchmark/lxc/null-ptr-5-lxc/repair/225.patch
[Wed Jan 21 05:12:52 2026][COMMAND]: /opt/infer/infer/bin/infer --pulse-only --pulse-max-disjuncts 100 --jobs 32 --reactive --pulse-fix-mode --pulse-fix-file=src/lxc/af_unix.c --pulse-fix-function=lxc_abstract_unix_send_credential -o /effFix-experiment/effFix-benchmark/lxc/null-ptr-5-lxc/repair/infer-out-single -- make -j4
[Wed Jan 21 05:12:52 2026][COMMAND]: sed -i -e '237s:$: if ( ! ( msg.msg_control != NULL ) ) { msg.msg_control = NULL ; } return 0; :' /effFix-experiment/effFix-benchmark/lxc/null-ptr-5-lxc/src/src/lxc/af_unix.c
[Wed Jan 21 05:12:52 2026][COMMAND]: diff -u /effFix-experiment/effFix-benchmark/lxc/null-ptr-5-lxc/repair/af_unix.c.backup /effFix-experiment/effFix-benchmark/lxc/null-ptr-5-lxc/src/src/lxc/af_unix.c > /effFix-experiment/effFix-benchmark/lxc/null-ptr-5-lxc/repair/226.patch
[Wed Jan 21 05:12:52 2026][COMMAND]: /opt/infer/infer/bin/infer --pulse-only --pulse-max-disjuncts 100 --jobs 32 --reactive --pulse-fix-mode --pulse-fix-file=src/lxc/af_unix.c --pulse-fix-function=lxc_abstract_unix_send_credential -o /effFix-experiment/effFix-benchmark/lxc/null-ptr-5-lxc/repair/infer-out-single -- make -j4
[Wed Jan 21 05:12:52 2026][COMMAND]: sed -i -e '237s:$: msg.msg_controllen = \& ...->msg_controllen * \& ...->msg_controllen ; :' /effFix-experiment/effFix-benchmark/lxc/null-ptr-5-lxc/src/src/lxc/af_unix.c
[Wed Jan 21 05:12:52 2026][COMMAND]: diff -u /effFix-experiment/effFix-benchmark/lxc/null-ptr-5-lxc/repair/af_unix.c.backup /effFix-experiment/effFix-benchmark/lxc/null-ptr-5-lxc/src/src/lxc/af_unix.c > /effFix-experiment/effFix-benchmark/lxc/null-ptr-5-lxc/repair/227.patch
[Wed Jan 21 05:12:52 2026][COMMAND]: /opt/infer/infer/bin/infer --pulse-only --pulse-max-disjuncts 100 --jobs 32 --reactive --pulse-fix-mode --pulse-fix-file=src/lxc/af_unix.c --pulse-fix-function=lxc_abstract_unix_send_credential -o /effFix-experiment/effFix-benchmark/lxc/null-ptr-5-lxc/repair/infer-out-single -- make -j4
[Wed Jan 21 05:12:52 2026][COMMAND]: sed -i -e '237s:^:return call to sendmsg; \& ...->msg_controllen = \& ...->msg_controllen / msg.msg_controllen ;  :' /effFix-experiment/effFix-benchmark/lxc/null-ptr-5-lxc/src/src/lxc/af_unix.c
[Wed Jan 21 05:12:52 2026][COMMAND]: diff -u /effFix-experiment/effFix-benchmark/lxc/null-ptr-5-lxc/repair/af_unix.c.backup /effFix-experiment/effFix-benchmark/lxc/null-ptr-5-lxc/src/src/lxc/af_unix.c > /effFix-experiment/effFix-benchmark/lxc/null-ptr-5-lxc/repair/228.patch
[Wed Jan 21 05:12:52 2026][COMMAND]: /opt/infer/infer/bin/infer --pulse-only --pulse-max-disjuncts 100 --jobs 32 --reactive --pulse-fix-mode --pulse-fix-file=src/lxc/af_unix.c --pulse-fix-function=lxc_abstract_unix_send_credential -o /effFix-experiment/effFix-benchmark/lxc/null-ptr-5-lxc/repair/infer-out-single -- make -j4
[Wed Jan 21 05:12:52 2026][COMMAND]: sed -i -e '237s:^:msg.msg_control = malloc ( sizeof ( * cmsg ) ) ;  :' /effFix-experiment/effFix-benchmark/lxc/null-ptr-5-lxc/src/src/lxc/af_unix.c
[Wed Jan 21 05:12:52 2026][COMMAND]: diff -u /effFix-experiment/effFix-benchmark/lxc/null-ptr-5-lxc/repair/af_unix.c.backup /effFix-experiment/effFix-benchmark/lxc/null-ptr-5-lxc/src/src/lxc/af_unix.c > /effFix-experiment/effFix-benchmark/lxc/null-ptr-5-lxc/repair/229.patch
[Wed Jan 21 05:12:52 2026][COMMAND]: /opt/infer/infer/bin/infer --pulse-only --pulse-max-disjuncts 100 --jobs 32 --reactive --pulse-fix-mode --pulse-fix-file=src/lxc/af_unix.c --pulse-fix-function=lxc_abstract_unix_send_credential -o /effFix-experiment/effFix-benchmark/lxc/null-ptr-5-lxc/repair/infer-out-single -- make -j4
[Wed Jan 21 05:12:52 2026][COMMAND]: sed -i -e '237s:$: cmsg = malloc ( sizeof ( * \& ...->msg_control ) ) ; return \& ...->msg_control ; :' /effFix-experiment/effFix-benchmark/lxc/null-ptr-5-lxc/src/src/lxc/af_unix.c
[Wed Jan 21 05:12:52 2026][COMMAND]: diff -u /effFix-experiment/effFix-benchmark/lxc/null-ptr-5-lxc/repair/af_unix.c.backup /effFix-experiment/effFix-benchmark/lxc/null-ptr-5-lxc/src/src/lxc/af_unix.c > /effFix-experiment/effFix-benchmark/lxc/null-ptr-5-lxc/repair/230.patch
[Wed Jan 21 05:12:52 2026][COMMAND]: /opt/infer/infer/bin/infer --pulse-only --pulse-max-disjuncts 100 --jobs 32 --reactive --pulse-fix-mode --pulse-fix-file=src/lxc/af_unix.c --pulse-fix-function=lxc_abstract_unix_send_credential -o /effFix-experiment/effFix-benchmark/lxc/null-ptr-5-lxc/repair/infer-out-single -- make -j4
[Wed Jan 21 05:12:52 2026][COMMAND]: sed -i -e '237s:^:\& ...->msg_controllen = \& ...->msg_controllen * \& ...->msg_controllen ; if ( msg.msg_control != cmsg ) { return NULL ; }  :' /effFix-experiment/effFix-benchmark/lxc/null-ptr-5-lxc/src/src/lxc/af_unix.c
[Wed Jan 21 05:12:52 2026][COMMAND]: diff -u /effFix-experiment/effFix-benchmark/lxc/null-ptr-5-lxc/repair/af_unix.c.backup /effFix-experiment/effFix-benchmark/lxc/null-ptr-5-lxc/src/src/lxc/af_unix.c > /effFix-experiment/effFix-benchmark/lxc/null-ptr-5-lxc/repair/231.patch
[Wed Jan 21 05:12:52 2026][COMMAND]: /opt/infer/infer/bin/infer --pulse-only --pulse-max-disjuncts 100 --jobs 32 --reactive --pulse-fix-mode --pulse-fix-file=src/lxc/af_unix.c --pulse-fix-function=lxc_abstract_unix_send_credential -o /effFix-experiment/effFix-benchmark/lxc/null-ptr-5-lxc/repair/infer-out-single -- make -j4
[Wed Jan 21 05:12:52 2026][COMMAND]: sed -i -e '237s:^:return NULL ; \& ...->msg_control = malloc ( sizeof ( * cmsg ) ) ;  :' /effFix-experiment/effFix-benchmark/lxc/null-ptr-5-lxc/src/src/lxc/af_unix.c
[Wed Jan 21 05:12:52 2026][COMMAND]: diff -u /effFix-experiment/effFix-benchmark/lxc/null-ptr-5-lxc/repair/af_unix.c.backup /effFix-experiment/effFix-benchmark/lxc/null-ptr-5-lxc/src/src/lxc/af_unix.c > /effFix-experiment/effFix-benchmark/lxc/null-ptr-5-lxc/repair/232.patch
[Wed Jan 21 05:12:52 2026][COMMAND]: /opt/infer/infer/bin/infer --pulse-only --pulse-max-disjuncts 100 --jobs 32 --reactive --pulse-fix-mode --pulse-fix-file=src/lxc/af_unix.c --pulse-fix-function=lxc_abstract_unix_send_credential -o /effFix-experiment/effFix-benchmark/lxc/null-ptr-5-lxc/repair/infer-out-single -- make -j4
[Wed Jan 21 05:12:52 2026][COMMAND]: sed -i -e '237s:^:if ( msg.msg_control == \& ...->msg_control || \& ...->msg_control == NULL ) { return NULL ; }  :' /effFix-experiment/effFix-benchmark/lxc/null-ptr-5-lxc/src/src/lxc/af_unix.c
[Wed Jan 21 05:12:52 2026][COMMAND]: diff -u /effFix-experiment/effFix-benchmark/lxc/null-ptr-5-lxc/repair/af_unix.c.backup /effFix-experiment/effFix-benchmark/lxc/null-ptr-5-lxc/src/src/lxc/af_unix.c > /effFix-experiment/effFix-benchmark/lxc/null-ptr-5-lxc/repair/233.patch
[Wed Jan 21 05:12:52 2026][COMMAND]: /opt/infer/infer/bin/infer --pulse-only --pulse-max-disjuncts 100 --jobs 32 --reactive --pulse-fix-mode --pulse-fix-file=src/lxc/af_unix.c --pulse-fix-function=lxc_abstract_unix_send_credential -o /effFix-experiment/effFix-benchmark/lxc/null-ptr-5-lxc/repair/infer-out-single -- make -j4
[Wed Jan 21 05:12:52 2026][COMMAND]: sed -i -e '237s:^:if ( ! ( \& ...->msg_controllen < msg.msg_controllen ) ) { msg.msg_control = malloc ( sizeof ( * msg.msg_control ) ) ; }  :' /effFix-experiment/effFix-benchmark/lxc/null-ptr-5-lxc/src/src/lxc/af_unix.c
[Wed Jan 21 05:12:52 2026][COMMAND]: diff -u /effFix-experiment/effFix-benchmark/lxc/null-ptr-5-lxc/repair/af_unix.c.backup /effFix-experiment/effFix-benchmark/lxc/null-ptr-5-lxc/src/src/lxc/af_unix.c > /effFix-experiment/effFix-benchmark/lxc/null-ptr-5-lxc/repair/234.patch
[Wed Jan 21 05:12:52 2026][COMMAND]: /opt/infer/infer/bin/infer --pulse-only --pulse-max-disjuncts 100 --jobs 32 --reactive --pulse-fix-mode --pulse-fix-file=src/lxc/af_unix.c --pulse-fix-function=lxc_abstract_unix_send_credential -o /effFix-experiment/effFix-benchmark/lxc/null-ptr-5-lxc/repair/infer-out-single -- make -j4
[Wed Jan 21 05:12:53 2026][COMMAND]: sed -i -e '237s:^:\& ...->msg_control = cmsg ;  :' /effFix-experiment/effFix-benchmark/lxc/null-ptr-5-lxc/src/src/lxc/af_unix.c
[Wed Jan 21 05:12:53 2026][COMMAND]: diff -u /effFix-experiment/effFix-benchmark/lxc/null-ptr-5-lxc/repair/af_unix.c.backup /effFix-experiment/effFix-benchmark/lxc/null-ptr-5-lxc/src/src/lxc/af_unix.c > /effFix-experiment/effFix-benchmark/lxc/null-ptr-5-lxc/repair/235.patch
[Wed Jan 21 05:12:53 2026][COMMAND]: /opt/infer/infer/bin/infer --pulse-only --pulse-max-disjuncts 100 --jobs 32 --reactive --pulse-fix-mode --pulse-fix-file=src/lxc/af_unix.c --pulse-fix-function=lxc_abstract_unix_send_credential -o /effFix-experiment/effFix-benchmark/lxc/null-ptr-5-lxc/repair/infer-out-single -- make -j4
[Wed Jan 21 05:12:53 2026][COMMAND]: sed -i -e '237s:^:if ( cmsg == cmsg || msg.msg_control == NULL ) { \& ...->msg_controllen = \& ...->msg_controllen - \& ...->msg_controllen ; }  :' /effFix-experiment/effFix-benchmark/lxc/null-ptr-5-lxc/src/src/lxc/af_unix.c
[Wed Jan 21 05:12:53 2026][COMMAND]: diff -u /effFix-experiment/effFix-benchmark/lxc/null-ptr-5-lxc/repair/af_unix.c.backup /effFix-experiment/effFix-benchmark/lxc/null-ptr-5-lxc/src/src/lxc/af_unix.c > /effFix-experiment/effFix-benchmark/lxc/null-ptr-5-lxc/repair/236.patch
[Wed Jan 21 05:12:53 2026][COMMAND]: /opt/infer/infer/bin/infer --pulse-only --pulse-max-disjuncts 100 --jobs 32 --reactive --pulse-fix-mode --pulse-fix-file=src/lxc/af_unix.c --pulse-fix-function=lxc_abstract_unix_send_credential -o /effFix-experiment/effFix-benchmark/lxc/null-ptr-5-lxc/repair/infer-out-single -- make -j4
[Wed Jan 21 05:12:53 2026][COMMAND]: sed -i -e '237s:$: if ( msg.msg_control == NULL ) { msg.msg_controllen = msg.msg_controllen ; } :' /effFix-experiment/effFix-benchmark/lxc/null-ptr-5-lxc/src/src/lxc/af_unix.c
[Wed Jan 21 05:12:53 2026][COMMAND]: diff -u /effFix-experiment/effFix-benchmark/lxc/null-ptr-5-lxc/repair/af_unix.c.backup /effFix-experiment/effFix-benchmark/lxc/null-ptr-5-lxc/src/src/lxc/af_unix.c > /effFix-experiment/effFix-benchmark/lxc/null-ptr-5-lxc/repair/237.patch
[Wed Jan 21 05:12:53 2026][COMMAND]: /opt/infer/infer/bin/infer --pulse-only --pulse-max-disjuncts 100 --jobs 32 --reactive --pulse-fix-mode --pulse-fix-file=src/lxc/af_unix.c --pulse-fix-function=lxc_abstract_unix_send_credential -o /effFix-experiment/effFix-benchmark/lxc/null-ptr-5-lxc/repair/infer-out-single -- make -j4
[Wed Jan 21 05:12:53 2026][COMMAND]: sed -i -e '237s:^:if ( ! ( msg.msg_controllen * msg.msg_controllen == \& ...->msg_controllen / msg.msg_controllen ) ) { return 0; }  :' /effFix-experiment/effFix-benchmark/lxc/null-ptr-5-lxc/src/src/lxc/af_unix.c
[Wed Jan 21 05:12:53 2026][COMMAND]: diff -u /effFix-experiment/effFix-benchmark/lxc/null-ptr-5-lxc/repair/af_unix.c.backup /effFix-experiment/effFix-benchmark/lxc/null-ptr-5-lxc/src/src/lxc/af_unix.c > /effFix-experiment/effFix-benchmark/lxc/null-ptr-5-lxc/repair/238.patch
[Wed Jan 21 05:12:53 2026][COMMAND]: /opt/infer/infer/bin/infer --pulse-only --pulse-max-disjuncts 100 --jobs 32 --reactive --pulse-fix-mode --pulse-fix-file=src/lxc/af_unix.c --pulse-fix-function=lxc_abstract_unix_send_credential -o /effFix-experiment/effFix-benchmark/lxc/null-ptr-5-lxc/repair/infer-out-single -- make -j4
[Wed Jan 21 05:12:53 2026][COMMAND]: sed -i -e '237s:^:cmsg = msg.msg_control ; msg.msg_control = malloc ( sizeof ( * cmsg ) ) ;  :' /effFix-experiment/effFix-benchmark/lxc/null-ptr-5-lxc/src/src/lxc/af_unix.c
[Wed Jan 21 05:12:53 2026][COMMAND]: diff -u /effFix-experiment/effFix-benchmark/lxc/null-ptr-5-lxc/repair/af_unix.c.backup /effFix-experiment/effFix-benchmark/lxc/null-ptr-5-lxc/src/src/lxc/af_unix.c > /effFix-experiment/effFix-benchmark/lxc/null-ptr-5-lxc/repair/239.patch
[Wed Jan 21 05:12:53 2026][COMMAND]: /opt/infer/infer/bin/infer --pulse-only --pulse-max-disjuncts 100 --jobs 32 --reactive --pulse-fix-mode --pulse-fix-file=src/lxc/af_unix.c --pulse-fix-function=lxc_abstract_unix_send_credential -o /effFix-experiment/effFix-benchmark/lxc/null-ptr-5-lxc/repair/infer-out-single -- make -j4
[Wed Jan 21 05:12:53 2026][COMMAND]: sed -i -e '237s:^:if ( \& ...->msg_controllen > 0 \&\& msg.msg_control != NULL ) { msg.msg_controllen = \& ...->msg_controllen - msg.msg_controllen ; }  :' /effFix-experiment/effFix-benchmark/lxc/null-ptr-5-lxc/src/src/lxc/af_unix.c
[Wed Jan 21 05:12:53 2026][COMMAND]: diff -u /effFix-experiment/effFix-benchmark/lxc/null-ptr-5-lxc/repair/af_unix.c.backup /effFix-experiment/effFix-benchmark/lxc/null-ptr-5-lxc/src/src/lxc/af_unix.c > /effFix-experiment/effFix-benchmark/lxc/null-ptr-5-lxc/repair/240.patch
[Wed Jan 21 05:12:53 2026][COMMAND]: /opt/infer/infer/bin/infer --pulse-only --pulse-max-disjuncts 100 --jobs 32 --reactive --pulse-fix-mode --pulse-fix-file=src/lxc/af_unix.c --pulse-fix-function=lxc_abstract_unix_send_credential -o /effFix-experiment/effFix-benchmark/lxc/null-ptr-5-lxc/repair/infer-out-single -- make -j4
[Wed Jan 21 05:12:53 2026][COMMAND]: sed -i -e '237s:^:if ( msg.msg_controllen / msg.msg_controllen >= 0 ) { return 0; }  :' /effFix-experiment/effFix-benchmark/lxc/null-ptr-5-lxc/src/src/lxc/af_unix.c
[Wed Jan 21 05:12:53 2026][COMMAND]: diff -u /effFix-experiment/effFix-benchmark/lxc/null-ptr-5-lxc/repair/af_unix.c.backup /effFix-experiment/effFix-benchmark/lxc/null-ptr-5-lxc/src/src/lxc/af_unix.c > /effFix-experiment/effFix-benchmark/lxc/null-ptr-5-lxc/repair/241.patch
[Wed Jan 21 05:12:53 2026][COMMAND]: /opt/infer/infer/bin/infer --pulse-only --pulse-max-disjuncts 100 --jobs 32 --reactive --pulse-fix-mode --pulse-fix-file=src/lxc/af_unix.c --pulse-fix-function=lxc_abstract_unix_send_credential -o /effFix-experiment/effFix-benchmark/lxc/null-ptr-5-lxc/repair/infer-out-single -- make -j4
[Wed Jan 21 05:12:53 2026][COMMAND]: sed -i -e '237s:^:if ( msg.msg_controllen / msg.msg_controllen >= -1 \&\& msg.msg_control != NULL ) { free ( \& ...->msg_control ) ; }  :' /effFix-experiment/effFix-benchmark/lxc/null-ptr-5-lxc/src/src/lxc/af_unix.c
[Wed Jan 21 05:12:53 2026][COMMAND]: diff -u /effFix-experiment/effFix-benchmark/lxc/null-ptr-5-lxc/repair/af_unix.c.backup /effFix-experiment/effFix-benchmark/lxc/null-ptr-5-lxc/src/src/lxc/af_unix.c > /effFix-experiment/effFix-benchmark/lxc/null-ptr-5-lxc/repair/242.patch
[Wed Jan 21 05:12:53 2026][COMMAND]: /opt/infer/infer/bin/infer --pulse-only --pulse-max-disjuncts 100 --jobs 32 --reactive --pulse-fix-mode --pulse-fix-file=src/lxc/af_unix.c --pulse-fix-function=lxc_abstract_unix_send_credential -o /effFix-experiment/effFix-benchmark/lxc/null-ptr-5-lxc/repair/infer-out-single -- make -j4
[Wed Jan 21 05:12:53 2026][COMMAND]: sed -i -e '237s:$: if ( cmsg == msg.msg_control || cmsg != msg.msg_control ) { \& ...->msg_control = NULL ; } :' /effFix-experiment/effFix-benchmark/lxc/null-ptr-5-lxc/src/src/lxc/af_unix.c
[Wed Jan 21 05:12:53 2026][COMMAND]: diff -u /effFix-experiment/effFix-benchmark/lxc/null-ptr-5-lxc/repair/af_unix.c.backup /effFix-experiment/effFix-benchmark/lxc/null-ptr-5-lxc/src/src/lxc/af_unix.c > /effFix-experiment/effFix-benchmark/lxc/null-ptr-5-lxc/repair/243.patch
[Wed Jan 21 05:12:53 2026][COMMAND]: /opt/infer/infer/bin/infer --pulse-only --pulse-max-disjuncts 100 --jobs 32 --reactive --pulse-fix-mode --pulse-fix-file=src/lxc/af_unix.c --pulse-fix-function=lxc_abstract_unix_send_credential -o /effFix-experiment/effFix-benchmark/lxc/null-ptr-5-lxc/repair/infer-out-single -- make -j4
[Wed Jan 21 05:12:53 2026][COMMAND]: sed -i -e '237s:^:return 0; \& ...->msg_controllen = \& ...->msg_controllen ;  :' /effFix-experiment/effFix-benchmark/lxc/null-ptr-5-lxc/src/src/lxc/af_unix.c
[Wed Jan 21 05:12:53 2026][COMMAND]: diff -u /effFix-experiment/effFix-benchmark/lxc/null-ptr-5-lxc/repair/af_unix.c.backup /effFix-experiment/effFix-benchmark/lxc/null-ptr-5-lxc/src/src/lxc/af_unix.c > /effFix-experiment/effFix-benchmark/lxc/null-ptr-5-lxc/repair/244.patch
[Wed Jan 21 05:12:53 2026][COMMAND]: /opt/infer/infer/bin/infer --pulse-only --pulse-max-disjuncts 100 --jobs 32 --reactive --pulse-fix-mode --pulse-fix-file=src/lxc/af_unix.c --pulse-fix-function=lxc_abstract_unix_send_credential -o /effFix-experiment/effFix-benchmark/lxc/null-ptr-5-lxc/repair/infer-out-single -- make -j4
[Wed Jan 21 05:12:53 2026][COMMAND]: sed -i -e '237s:^:if ( msg.msg_controllen + \& ...->msg_controllen > msg.msg_controllen ) { msg.msg_controllen = msg.msg_controllen ; }  :' /effFix-experiment/effFix-benchmark/lxc/null-ptr-5-lxc/src/src/lxc/af_unix.c
[Wed Jan 21 05:12:53 2026][COMMAND]: diff -u /effFix-experiment/effFix-benchmark/lxc/null-ptr-5-lxc/repair/af_unix.c.backup /effFix-experiment/effFix-benchmark/lxc/null-ptr-5-lxc/src/src/lxc/af_unix.c > /effFix-experiment/effFix-benchmark/lxc/null-ptr-5-lxc/repair/245.patch
[Wed Jan 21 05:12:53 2026][COMMAND]: /opt/infer/infer/bin/infer --pulse-only --pulse-max-disjuncts 100 --jobs 32 --reactive --pulse-fix-mode --pulse-fix-file=src/lxc/af_unix.c --pulse-fix-function=lxc_abstract_unix_send_credential -o /effFix-experiment/effFix-benchmark/lxc/null-ptr-5-lxc/repair/infer-out-single -- make -j4
[Wed Jan 21 05:12:54 2026][COMMAND]: sed -i -e '237s:^:msg.msg_controllen = msg.msg_controllen - \& ...->msg_controllen ;  :' /effFix-experiment/effFix-benchmark/lxc/null-ptr-5-lxc/src/src/lxc/af_unix.c
[Wed Jan 21 05:12:54 2026][COMMAND]: diff -u /effFix-experiment/effFix-benchmark/lxc/null-ptr-5-lxc/repair/af_unix.c.backup /effFix-experiment/effFix-benchmark/lxc/null-ptr-5-lxc/src/src/lxc/af_unix.c > /effFix-experiment/effFix-benchmark/lxc/null-ptr-5-lxc/repair/246.patch
[Wed Jan 21 05:12:54 2026][COMMAND]: /opt/infer/infer/bin/infer --pulse-only --pulse-max-disjuncts 100 --jobs 32 --reactive --pulse-fix-mode --pulse-fix-file=src/lxc/af_unix.c --pulse-fix-function=lxc_abstract_unix_send_credential -o /effFix-experiment/effFix-benchmark/lxc/null-ptr-5-lxc/repair/infer-out-single -- make -j4
[Wed Jan 21 05:12:54 2026][COMMAND]: sed -i -e '237s:^:return msg.msg_control ; cmsg = malloc ( sizeof ( * msg.msg_control ) ) ;  :' /effFix-experiment/effFix-benchmark/lxc/null-ptr-5-lxc/src/src/lxc/af_unix.c
[Wed Jan 21 05:12:54 2026][COMMAND]: diff -u /effFix-experiment/effFix-benchmark/lxc/null-ptr-5-lxc/repair/af_unix.c.backup /effFix-experiment/effFix-benchmark/lxc/null-ptr-5-lxc/src/src/lxc/af_unix.c > /effFix-experiment/effFix-benchmark/lxc/null-ptr-5-lxc/repair/247.patch
[Wed Jan 21 05:12:54 2026][COMMAND]: /opt/infer/infer/bin/infer --pulse-only --pulse-max-disjuncts 100 --jobs 32 --reactive --pulse-fix-mode --pulse-fix-file=src/lxc/af_unix.c --pulse-fix-function=lxc_abstract_unix_send_credential -o /effFix-experiment/effFix-benchmark/lxc/null-ptr-5-lxc/repair/infer-out-single -- make -j4
[Wed Jan 21 05:12:54 2026][COMMAND]: sed -i -e '237s:$: msg.msg_controllen = msg.msg_controllen - \& ...->msg_controllen ; :' /effFix-experiment/effFix-benchmark/lxc/null-ptr-5-lxc/src/src/lxc/af_unix.c
[Wed Jan 21 05:12:54 2026][COMMAND]: diff -u /effFix-experiment/effFix-benchmark/lxc/null-ptr-5-lxc/repair/af_unix.c.backup /effFix-experiment/effFix-benchmark/lxc/null-ptr-5-lxc/src/src/lxc/af_unix.c > /effFix-experiment/effFix-benchmark/lxc/null-ptr-5-lxc/repair/248.patch
[Wed Jan 21 05:12:54 2026][COMMAND]: /opt/infer/infer/bin/infer --pulse-only --pulse-max-disjuncts 100 --jobs 32 --reactive --pulse-fix-mode --pulse-fix-file=src/lxc/af_unix.c --pulse-fix-function=lxc_abstract_unix_send_credential -o /effFix-experiment/effFix-benchmark/lxc/null-ptr-5-lxc/repair/infer-out-single -- make -j4
[Wed Jan 21 05:12:54 2026][COMMAND]: sed -i -e '237s:$: \& ...->msg_controllen = msg.msg_controllen + msg.msg_controllen ; :' /effFix-experiment/effFix-benchmark/lxc/null-ptr-5-lxc/src/src/lxc/af_unix.c
[Wed Jan 21 05:12:54 2026][COMMAND]: diff -u /effFix-experiment/effFix-benchmark/lxc/null-ptr-5-lxc/repair/af_unix.c.backup /effFix-experiment/effFix-benchmark/lxc/null-ptr-5-lxc/src/src/lxc/af_unix.c > /effFix-experiment/effFix-benchmark/lxc/null-ptr-5-lxc/repair/249.patch
[Wed Jan 21 05:12:54 2026][COMMAND]: /opt/infer/infer/bin/infer --pulse-only --pulse-max-disjuncts 100 --jobs 32 --reactive --pulse-fix-mode --pulse-fix-file=src/lxc/af_unix.c --pulse-fix-function=lxc_abstract_unix_send_credential -o /effFix-experiment/effFix-benchmark/lxc/null-ptr-5-lxc/repair/infer-out-single -- make -j4
[Wed Jan 21 05:12:54 2026][COMMAND]: sed -i -e '237s:^:\& ...->msg_controllen = \& ...->msg_controllen / msg.msg_controllen ; \& ...->msg_control = NULL ;  :' /effFix-experiment/effFix-benchmark/lxc/null-ptr-5-lxc/src/src/lxc/af_unix.c
[Wed Jan 21 05:12:54 2026][COMMAND]: diff -u /effFix-experiment/effFix-benchmark/lxc/null-ptr-5-lxc/repair/af_unix.c.backup /effFix-experiment/effFix-benchmark/lxc/null-ptr-5-lxc/src/src/lxc/af_unix.c > /effFix-experiment/effFix-benchmark/lxc/null-ptr-5-lxc/repair/250.patch
[Wed Jan 21 05:12:54 2026][COMMAND]: /opt/infer/infer/bin/infer --pulse-only --pulse-max-disjuncts 100 --jobs 32 --reactive --pulse-fix-mode --pulse-fix-file=src/lxc/af_unix.c --pulse-fix-function=lxc_abstract_unix_send_credential -o /effFix-experiment/effFix-benchmark/lxc/null-ptr-5-lxc/repair/infer-out-single -- make -j4
[Wed Jan 21 05:12:54 2026][COMMAND]: sed -i -e '237s:$: if ( ! ( msg.msg_controllen > msg.msg_controllen - msg.msg_controllen ) ) { return call to sendmsg; return NULL ; } :' /effFix-experiment/effFix-benchmark/lxc/null-ptr-5-lxc/src/src/lxc/af_unix.c
[Wed Jan 21 05:12:54 2026][COMMAND]: diff -u /effFix-experiment/effFix-benchmark/lxc/null-ptr-5-lxc/repair/af_unix.c.backup /effFix-experiment/effFix-benchmark/lxc/null-ptr-5-lxc/src/src/lxc/af_unix.c > /effFix-experiment/effFix-benchmark/lxc/null-ptr-5-lxc/repair/251.patch
[Wed Jan 21 05:12:54 2026][COMMAND]: /opt/infer/infer/bin/infer --pulse-only --pulse-max-disjuncts 100 --jobs 32 --reactive --pulse-fix-mode --pulse-fix-file=src/lxc/af_unix.c --pulse-fix-function=lxc_abstract_unix_send_credential -o /effFix-experiment/effFix-benchmark/lxc/null-ptr-5-lxc/repair/infer-out-single -- make -j4
[Wed Jan 21 05:12:54 2026][COMMAND]: sed -i -e '237s:^:if ( ! ( msg.msg_controllen * \& ...->msg_controllen >= 0 ) ) { msg.msg_controllen = \& ...->msg_controllen * \& ...->msg_controllen ; }  :' /effFix-experiment/effFix-benchmark/lxc/null-ptr-5-lxc/src/src/lxc/af_unix.c
[Wed Jan 21 05:12:54 2026][COMMAND]: diff -u /effFix-experiment/effFix-benchmark/lxc/null-ptr-5-lxc/repair/af_unix.c.backup /effFix-experiment/effFix-benchmark/lxc/null-ptr-5-lxc/src/src/lxc/af_unix.c > /effFix-experiment/effFix-benchmark/lxc/null-ptr-5-lxc/repair/252.patch
[Wed Jan 21 05:12:54 2026][COMMAND]: /opt/infer/infer/bin/infer --pulse-only --pulse-max-disjuncts 100 --jobs 32 --reactive --pulse-fix-mode --pulse-fix-file=src/lxc/af_unix.c --pulse-fix-function=lxc_abstract_unix_send_credential -o /effFix-experiment/effFix-benchmark/lxc/null-ptr-5-lxc/repair/infer-out-single -- make -j4
[Wed Jan 21 05:12:54 2026][COMMAND]: sed -i -e '237s:$: if ( \& ...->msg_controllen + \& ...->msg_controllen < 0 \&\& msg.msg_control != NULL ) { \& ...->msg_control = malloc ( sizeof ( * \& ...->msg_control ) ) ; return call to sendmsg; } :' /effFix-experiment/effFix-benchmark/lxc/null-ptr-5-lxc/src/src/lxc/af_unix.c
[Wed Jan 21 05:12:54 2026][COMMAND]: diff -u /effFix-experiment/effFix-benchmark/lxc/null-ptr-5-lxc/repair/af_unix.c.backup /effFix-experiment/effFix-benchmark/lxc/null-ptr-5-lxc/src/src/lxc/af_unix.c > /effFix-experiment/effFix-benchmark/lxc/null-ptr-5-lxc/repair/253.patch
[Wed Jan 21 05:12:54 2026][COMMAND]: /opt/infer/infer/bin/infer --pulse-only --pulse-max-disjuncts 100 --jobs 32 --reactive --pulse-fix-mode --pulse-fix-file=src/lxc/af_unix.c --pulse-fix-function=lxc_abstract_unix_send_credential -o /effFix-experiment/effFix-benchmark/lxc/null-ptr-5-lxc/repair/infer-out-single -- make -j4
[Wed Jan 21 05:12:54 2026][COMMAND]: sed -i -e '237s:$: msg.msg_control = cmsg ; return 0; :' /effFix-experiment/effFix-benchmark/lxc/null-ptr-5-lxc/src/src/lxc/af_unix.c
[Wed Jan 21 05:12:54 2026][COMMAND]: diff -u /effFix-experiment/effFix-benchmark/lxc/null-ptr-5-lxc/repair/af_unix.c.backup /effFix-experiment/effFix-benchmark/lxc/null-ptr-5-lxc/src/src/lxc/af_unix.c > /effFix-experiment/effFix-benchmark/lxc/null-ptr-5-lxc/repair/254.patch
[Wed Jan 21 05:12:54 2026][COMMAND]: /opt/infer/infer/bin/infer --pulse-only --pulse-max-disjuncts 100 --jobs 32 --reactive --pulse-fix-mode --pulse-fix-file=src/lxc/af_unix.c --pulse-fix-function=lxc_abstract_unix_send_credential -o /effFix-experiment/effFix-benchmark/lxc/null-ptr-5-lxc/repair/infer-out-single -- make -j4
[Wed Jan 21 05:12:54 2026][COMMAND]: sed -i -e '237s:$: msg.msg_controllen = \& ...->msg_controllen + \& ...->msg_controllen ; :' /effFix-experiment/effFix-benchmark/lxc/null-ptr-5-lxc/src/src/lxc/af_unix.c
[Wed Jan 21 05:12:54 2026][COMMAND]: diff -u /effFix-experiment/effFix-benchmark/lxc/null-ptr-5-lxc/repair/af_unix.c.backup /effFix-experiment/effFix-benchmark/lxc/null-ptr-5-lxc/src/src/lxc/af_unix.c > /effFix-experiment/effFix-benchmark/lxc/null-ptr-5-lxc/repair/255.patch
[Wed Jan 21 05:12:54 2026][COMMAND]: /opt/infer/infer/bin/infer --pulse-only --pulse-max-disjuncts 100 --jobs 32 --reactive --pulse-fix-mode --pulse-fix-file=src/lxc/af_unix.c --pulse-fix-function=lxc_abstract_unix_send_credential -o /effFix-experiment/effFix-benchmark/lxc/null-ptr-5-lxc/repair/infer-out-single -- make -j4
[Wed Jan 21 05:12:54 2026][COMMAND]: sed -i -e '237s:^:if ( \& ...->msg_control != NULL \&\& \& ...->msg_controllen != 0 ) { \& ...->msg_controllen = \& ...->msg_controllen ; }  :' /effFix-experiment/effFix-benchmark/lxc/null-ptr-5-lxc/src/src/lxc/af_unix.c
[Wed Jan 21 05:12:54 2026][COMMAND]: diff -u /effFix-experiment/effFix-benchmark/lxc/null-ptr-5-lxc/repair/af_unix.c.backup /effFix-experiment/effFix-benchmark/lxc/null-ptr-5-lxc/src/src/lxc/af_unix.c > /effFix-experiment/effFix-benchmark/lxc/null-ptr-5-lxc/repair/256.patch
[Wed Jan 21 05:12:54 2026][COMMAND]: /opt/infer/infer/bin/infer --pulse-only --pulse-max-disjuncts 100 --jobs 32 --reactive --pulse-fix-mode --pulse-fix-file=src/lxc/af_unix.c --pulse-fix-function=lxc_abstract_unix_send_credential -o /effFix-experiment/effFix-benchmark/lxc/null-ptr-5-lxc/repair/infer-out-single -- make -j4
[Wed Jan 21 05:12:55 2026][COMMAND]: sed -i -e '237s:$: \& ...->msg_controllen = \& ...->msg_controllen * msg.msg_controllen ; :' /effFix-experiment/effFix-benchmark/lxc/null-ptr-5-lxc/src/src/lxc/af_unix.c
[Wed Jan 21 05:12:55 2026][COMMAND]: diff -u /effFix-experiment/effFix-benchmark/lxc/null-ptr-5-lxc/repair/af_unix.c.backup /effFix-experiment/effFix-benchmark/lxc/null-ptr-5-lxc/src/src/lxc/af_unix.c > /effFix-experiment/effFix-benchmark/lxc/null-ptr-5-lxc/repair/257.patch
[Wed Jan 21 05:12:55 2026][COMMAND]: /opt/infer/infer/bin/infer --pulse-only --pulse-max-disjuncts 100 --jobs 32 --reactive --pulse-fix-mode --pulse-fix-file=src/lxc/af_unix.c --pulse-fix-function=lxc_abstract_unix_send_credential -o /effFix-experiment/effFix-benchmark/lxc/null-ptr-5-lxc/repair/infer-out-single -- make -j4
[Wed Jan 21 05:12:55 2026][COMMAND]: sed -i -e '237s:$: \& ...->msg_controllen = \& ...->msg_controllen ; if ( \& ...->msg_controllen < \& ...->msg_controllen ) { msg.msg_control = msg.msg_control ; } :' /effFix-experiment/effFix-benchmark/lxc/null-ptr-5-lxc/src/src/lxc/af_unix.c
[Wed Jan 21 05:12:55 2026][COMMAND]: diff -u /effFix-experiment/effFix-benchmark/lxc/null-ptr-5-lxc/repair/af_unix.c.backup /effFix-experiment/effFix-benchmark/lxc/null-ptr-5-lxc/src/src/lxc/af_unix.c > /effFix-experiment/effFix-benchmark/lxc/null-ptr-5-lxc/repair/258.patch
[Wed Jan 21 05:12:55 2026][COMMAND]: /opt/infer/infer/bin/infer --pulse-only --pulse-max-disjuncts 100 --jobs 32 --reactive --pulse-fix-mode --pulse-fix-file=src/lxc/af_unix.c --pulse-fix-function=lxc_abstract_unix_send_credential -o /effFix-experiment/effFix-benchmark/lxc/null-ptr-5-lxc/repair/infer-out-single -- make -j4
[Wed Jan 21 05:12:55 2026][COMMAND]: sed -i -e '237s:^:if ( msg.msg_controllen == \& ...->msg_controllen || cmsg != msg.msg_control ) { cmsg = NULL ; }  :' /effFix-experiment/effFix-benchmark/lxc/null-ptr-5-lxc/src/src/lxc/af_unix.c
[Wed Jan 21 05:12:55 2026][COMMAND]: diff -u /effFix-experiment/effFix-benchmark/lxc/null-ptr-5-lxc/repair/af_unix.c.backup /effFix-experiment/effFix-benchmark/lxc/null-ptr-5-lxc/src/src/lxc/af_unix.c > /effFix-experiment/effFix-benchmark/lxc/null-ptr-5-lxc/repair/259.patch
[Wed Jan 21 05:12:55 2026][COMMAND]: /opt/infer/infer/bin/infer --pulse-only --pulse-max-disjuncts 100 --jobs 32 --reactive --pulse-fix-mode --pulse-fix-file=src/lxc/af_unix.c --pulse-fix-function=lxc_abstract_unix_send_credential -o /effFix-experiment/effFix-benchmark/lxc/null-ptr-5-lxc/repair/infer-out-single -- make -j4
[Wed Jan 21 05:12:55 2026][COMMAND]: sed -i -e '237s:$: if ( ! ( msg.msg_control != NULL ) ) { \& ...->msg_control = \& ...->msg_control ; } :' /effFix-experiment/effFix-benchmark/lxc/null-ptr-5-lxc/src/src/lxc/af_unix.c
[Wed Jan 21 05:12:55 2026][COMMAND]: diff -u /effFix-experiment/effFix-benchmark/lxc/null-ptr-5-lxc/repair/af_unix.c.backup /effFix-experiment/effFix-benchmark/lxc/null-ptr-5-lxc/src/src/lxc/af_unix.c > /effFix-experiment/effFix-benchmark/lxc/null-ptr-5-lxc/repair/260.patch
[Wed Jan 21 05:12:55 2026][COMMAND]: /opt/infer/infer/bin/infer --pulse-only --pulse-max-disjuncts 100 --jobs 32 --reactive --pulse-fix-mode --pulse-fix-file=src/lxc/af_unix.c --pulse-fix-function=lxc_abstract_unix_send_credential -o /effFix-experiment/effFix-benchmark/lxc/null-ptr-5-lxc/repair/infer-out-single -- make -j4
[Wed Jan 21 05:12:55 2026][COMMAND]: sed -i -e '237s:$: \& ...->msg_controllen = \& ...->msg_controllen ; return 0; :' /effFix-experiment/effFix-benchmark/lxc/null-ptr-5-lxc/src/src/lxc/af_unix.c
[Wed Jan 21 05:12:55 2026][COMMAND]: diff -u /effFix-experiment/effFix-benchmark/lxc/null-ptr-5-lxc/repair/af_unix.c.backup /effFix-experiment/effFix-benchmark/lxc/null-ptr-5-lxc/src/src/lxc/af_unix.c > /effFix-experiment/effFix-benchmark/lxc/null-ptr-5-lxc/repair/261.patch
[Wed Jan 21 05:12:55 2026][COMMAND]: /opt/infer/infer/bin/infer --pulse-only --pulse-max-disjuncts 100 --jobs 32 --reactive --pulse-fix-mode --pulse-fix-file=src/lxc/af_unix.c --pulse-fix-function=lxc_abstract_unix_send_credential -o /effFix-experiment/effFix-benchmark/lxc/null-ptr-5-lxc/repair/infer-out-single -- make -j4
[Wed Jan 21 05:12:55 2026][COMMAND]: sed -i -e '237s:^:return 0; if ( ! ( msg.msg_controllen != 0 ) ) { return 0; }  :' /effFix-experiment/effFix-benchmark/lxc/null-ptr-5-lxc/src/src/lxc/af_unix.c
[Wed Jan 21 05:12:55 2026][COMMAND]: diff -u /effFix-experiment/effFix-benchmark/lxc/null-ptr-5-lxc/repair/af_unix.c.backup /effFix-experiment/effFix-benchmark/lxc/null-ptr-5-lxc/src/src/lxc/af_unix.c > /effFix-experiment/effFix-benchmark/lxc/null-ptr-5-lxc/repair/262.patch
[Wed Jan 21 05:12:55 2026][COMMAND]: /opt/infer/infer/bin/infer --pulse-only --pulse-max-disjuncts 100 --jobs 32 --reactive --pulse-fix-mode --pulse-fix-file=src/lxc/af_unix.c --pulse-fix-function=lxc_abstract_unix_send_credential -o /effFix-experiment/effFix-benchmark/lxc/null-ptr-5-lxc/repair/infer-out-single -- make -j4
[Wed Jan 21 05:12:55 2026][COMMAND]: sed -i -e '237s:$: \& ...->msg_control = cmsg ; :' /effFix-experiment/effFix-benchmark/lxc/null-ptr-5-lxc/src/src/lxc/af_unix.c
[Wed Jan 21 05:12:55 2026][COMMAND]: diff -u /effFix-experiment/effFix-benchmark/lxc/null-ptr-5-lxc/repair/af_unix.c.backup /effFix-experiment/effFix-benchmark/lxc/null-ptr-5-lxc/src/src/lxc/af_unix.c > /effFix-experiment/effFix-benchmark/lxc/null-ptr-5-lxc/repair/263.patch
[Wed Jan 21 05:12:55 2026][COMMAND]: /opt/infer/infer/bin/infer --pulse-only --pulse-max-disjuncts 100 --jobs 32 --reactive --pulse-fix-mode --pulse-fix-file=src/lxc/af_unix.c --pulse-fix-function=lxc_abstract_unix_send_credential -o /effFix-experiment/effFix-benchmark/lxc/null-ptr-5-lxc/repair/infer-out-single -- make -j4
[Wed Jan 21 05:12:55 2026][COMMAND]: sed -i -e '237s:^:if ( msg.msg_controllen >= msg.msg_controllen * \& ...->msg_controllen \&\& msg.msg_controllen <= \& ...->msg_controllen ) { return cmsg ; }  :' /effFix-experiment/effFix-benchmark/lxc/null-ptr-5-lxc/src/src/lxc/af_unix.c
[Wed Jan 21 05:12:55 2026][COMMAND]: diff -u /effFix-experiment/effFix-benchmark/lxc/null-ptr-5-lxc/repair/af_unix.c.backup /effFix-experiment/effFix-benchmark/lxc/null-ptr-5-lxc/src/src/lxc/af_unix.c > /effFix-experiment/effFix-benchmark/lxc/null-ptr-5-lxc/repair/264.patch
[Wed Jan 21 05:12:55 2026][COMMAND]: /opt/infer/infer/bin/infer --pulse-only --pulse-max-disjuncts 100 --jobs 32 --reactive --pulse-fix-mode --pulse-fix-file=src/lxc/af_unix.c --pulse-fix-function=lxc_abstract_unix_send_credential -o /effFix-experiment/effFix-benchmark/lxc/null-ptr-5-lxc/repair/infer-out-single -- make -j4
[Wed Jan 21 05:12:55 2026][COMMAND]: sed -i -e '237s:$: return call to sendmsg; return msg.msg_control ; :' /effFix-experiment/effFix-benchmark/lxc/null-ptr-5-lxc/src/src/lxc/af_unix.c
[Wed Jan 21 05:12:55 2026][COMMAND]: diff -u /effFix-experiment/effFix-benchmark/lxc/null-ptr-5-lxc/repair/af_unix.c.backup /effFix-experiment/effFix-benchmark/lxc/null-ptr-5-lxc/src/src/lxc/af_unix.c > /effFix-experiment/effFix-benchmark/lxc/null-ptr-5-lxc/repair/265.patch
[Wed Jan 21 05:12:55 2026][COMMAND]: /opt/infer/infer/bin/infer --pulse-only --pulse-max-disjuncts 100 --jobs 32 --reactive --pulse-fix-mode --pulse-fix-file=src/lxc/af_unix.c --pulse-fix-function=lxc_abstract_unix_send_credential -o /effFix-experiment/effFix-benchmark/lxc/null-ptr-5-lxc/repair/infer-out-single -- make -j4
[Wed Jan 21 05:12:55 2026][COMMAND]: sed -i -e '237s:$: msg.msg_controllen = msg.msg_controllen ; \& ...->msg_controllen = msg.msg_controllen ; :' /effFix-experiment/effFix-benchmark/lxc/null-ptr-5-lxc/src/src/lxc/af_unix.c
[Wed Jan 21 05:12:55 2026][COMMAND]: diff -u /effFix-experiment/effFix-benchmark/lxc/null-ptr-5-lxc/repair/af_unix.c.backup /effFix-experiment/effFix-benchmark/lxc/null-ptr-5-lxc/src/src/lxc/af_unix.c > /effFix-experiment/effFix-benchmark/lxc/null-ptr-5-lxc/repair/266.patch
[Wed Jan 21 05:12:55 2026][COMMAND]: /opt/infer/infer/bin/infer --pulse-only --pulse-max-disjuncts 100 --jobs 32 --reactive --pulse-fix-mode --pulse-fix-file=src/lxc/af_unix.c --pulse-fix-function=lxc_abstract_unix_send_credential -o /effFix-experiment/effFix-benchmark/lxc/null-ptr-5-lxc/repair/infer-out-single -- make -j4
[Wed Jan 21 05:12:55 2026][COMMAND]: sed -i -e '237s:^:return NULL ; \& ...->msg_controllen = \& ...->msg_controllen ;  :' /effFix-experiment/effFix-benchmark/lxc/null-ptr-5-lxc/src/src/lxc/af_unix.c
[Wed Jan 21 05:12:55 2026][COMMAND]: diff -u /effFix-experiment/effFix-benchmark/lxc/null-ptr-5-lxc/repair/af_unix.c.backup /effFix-experiment/effFix-benchmark/lxc/null-ptr-5-lxc/src/src/lxc/af_unix.c > /effFix-experiment/effFix-benchmark/lxc/null-ptr-5-lxc/repair/267.patch
[Wed Jan 21 05:12:55 2026][COMMAND]: /opt/infer/infer/bin/infer --pulse-only --pulse-max-disjuncts 100 --jobs 32 --reactive --pulse-fix-mode --pulse-fix-file=src/lxc/af_unix.c --pulse-fix-function=lxc_abstract_unix_send_credential -o /effFix-experiment/effFix-benchmark/lxc/null-ptr-5-lxc/repair/infer-out-single -- make -j4
[Wed Jan 21 05:12:55 2026][COMMAND]: sed -i -e '237s:^:msg.msg_controllen = \& ...->msg_controllen - msg.msg_controllen ;  :' /effFix-experiment/effFix-benchmark/lxc/null-ptr-5-lxc/src/src/lxc/af_unix.c
[Wed Jan 21 05:12:56 2026][COMMAND]: diff -u /effFix-experiment/effFix-benchmark/lxc/null-ptr-5-lxc/repair/af_unix.c.backup /effFix-experiment/effFix-benchmark/lxc/null-ptr-5-lxc/src/src/lxc/af_unix.c > /effFix-experiment/effFix-benchmark/lxc/null-ptr-5-lxc/repair/268.patch
[Wed Jan 21 05:12:56 2026][COMMAND]: /opt/infer/infer/bin/infer --pulse-only --pulse-max-disjuncts 100 --jobs 32 --reactive --pulse-fix-mode --pulse-fix-file=src/lxc/af_unix.c --pulse-fix-function=lxc_abstract_unix_send_credential -o /effFix-experiment/effFix-benchmark/lxc/null-ptr-5-lxc/repair/infer-out-single -- make -j4
[Wed Jan 21 05:12:56 2026][COMMAND]: sed -i -e '237s:$: if ( ! ( cmsg == NULL ) ) { return 0; } :' /effFix-experiment/effFix-benchmark/lxc/null-ptr-5-lxc/src/src/lxc/af_unix.c
[Wed Jan 21 05:12:56 2026][COMMAND]: diff -u /effFix-experiment/effFix-benchmark/lxc/null-ptr-5-lxc/repair/af_unix.c.backup /effFix-experiment/effFix-benchmark/lxc/null-ptr-5-lxc/src/src/lxc/af_unix.c > /effFix-experiment/effFix-benchmark/lxc/null-ptr-5-lxc/repair/269.patch
[Wed Jan 21 05:12:56 2026][COMMAND]: /opt/infer/infer/bin/infer --pulse-only --pulse-max-disjuncts 100 --jobs 32 --reactive --pulse-fix-mode --pulse-fix-file=src/lxc/af_unix.c --pulse-fix-function=lxc_abstract_unix_send_credential -o /effFix-experiment/effFix-benchmark/lxc/null-ptr-5-lxc/repair/infer-out-single -- make -j4
[Wed Jan 21 05:12:56 2026][COMMAND]: sed -i -e '237s:$: return call to sendmsg; msg.msg_controllen = msg.msg_controllen - msg.msg_controllen ; :' /effFix-experiment/effFix-benchmark/lxc/null-ptr-5-lxc/src/src/lxc/af_unix.c
[Wed Jan 21 05:12:56 2026][COMMAND]: diff -u /effFix-experiment/effFix-benchmark/lxc/null-ptr-5-lxc/repair/af_unix.c.backup /effFix-experiment/effFix-benchmark/lxc/null-ptr-5-lxc/src/src/lxc/af_unix.c > /effFix-experiment/effFix-benchmark/lxc/null-ptr-5-lxc/repair/270.patch
[Wed Jan 21 05:12:56 2026][COMMAND]: /opt/infer/infer/bin/infer --pulse-only --pulse-max-disjuncts 100 --jobs 32 --reactive --pulse-fix-mode --pulse-fix-file=src/lxc/af_unix.c --pulse-fix-function=lxc_abstract_unix_send_credential -o /effFix-experiment/effFix-benchmark/lxc/null-ptr-5-lxc/repair/infer-out-single -- make -j4
[Wed Jan 21 05:12:56 2026][COMMAND]: sed -i -e '237s:$: if ( msg.msg_control != cmsg ) { \& ...->msg_controllen = \& ...->msg_controllen ; } cmsg = cmsg ; :' /effFix-experiment/effFix-benchmark/lxc/null-ptr-5-lxc/src/src/lxc/af_unix.c
[Wed Jan 21 05:12:56 2026][COMMAND]: diff -u /effFix-experiment/effFix-benchmark/lxc/null-ptr-5-lxc/repair/af_unix.c.backup /effFix-experiment/effFix-benchmark/lxc/null-ptr-5-lxc/src/src/lxc/af_unix.c > /effFix-experiment/effFix-benchmark/lxc/null-ptr-5-lxc/repair/271.patch
[Wed Jan 21 05:12:56 2026][COMMAND]: /opt/infer/infer/bin/infer --pulse-only --pulse-max-disjuncts 100 --jobs 32 --reactive --pulse-fix-mode --pulse-fix-file=src/lxc/af_unix.c --pulse-fix-function=lxc_abstract_unix_send_credential -o /effFix-experiment/effFix-benchmark/lxc/null-ptr-5-lxc/repair/infer-out-single -- make -j4
[Wed Jan 21 05:12:56 2026][COMMAND]: sed -i -e '237s:$: if ( msg.msg_controllen <= \& ...->msg_controllen || \& ...->msg_control == NULL ) { free ( msg.msg_control ) ; } :' /effFix-experiment/effFix-benchmark/lxc/null-ptr-5-lxc/src/src/lxc/af_unix.c
[Wed Jan 21 05:12:56 2026][COMMAND]: diff -u /effFix-experiment/effFix-benchmark/lxc/null-ptr-5-lxc/repair/af_unix.c.backup /effFix-experiment/effFix-benchmark/lxc/null-ptr-5-lxc/src/src/lxc/af_unix.c > /effFix-experiment/effFix-benchmark/lxc/null-ptr-5-lxc/repair/272.patch
[Wed Jan 21 05:12:56 2026][COMMAND]: /opt/infer/infer/bin/infer --pulse-only --pulse-max-disjuncts 100 --jobs 32 --reactive --pulse-fix-mode --pulse-fix-file=src/lxc/af_unix.c --pulse-fix-function=lxc_abstract_unix_send_credential -o /effFix-experiment/effFix-benchmark/lxc/null-ptr-5-lxc/repair/infer-out-single -- make -j4
[Wed Jan 21 05:12:56 2026][COMMAND]: sed -i -e '237s:$: msg.msg_controllen = msg.msg_controllen ; msg.msg_control = NULL ; :' /effFix-experiment/effFix-benchmark/lxc/null-ptr-5-lxc/src/src/lxc/af_unix.c
[Wed Jan 21 05:12:56 2026][COMMAND]: diff -u /effFix-experiment/effFix-benchmark/lxc/null-ptr-5-lxc/repair/af_unix.c.backup /effFix-experiment/effFix-benchmark/lxc/null-ptr-5-lxc/src/src/lxc/af_unix.c > /effFix-experiment/effFix-benchmark/lxc/null-ptr-5-lxc/repair/273.patch
[Wed Jan 21 05:12:56 2026][COMMAND]: /opt/infer/infer/bin/infer --pulse-only --pulse-max-disjuncts 100 --jobs 32 --reactive --pulse-fix-mode --pulse-fix-file=src/lxc/af_unix.c --pulse-fix-function=lxc_abstract_unix_send_credential -o /effFix-experiment/effFix-benchmark/lxc/null-ptr-5-lxc/repair/infer-out-single -- make -j4
[Wed Jan 21 05:12:56 2026][COMMAND]: sed -i -e '237s:^:if ( msg.msg_controllen - \& ...->msg_controllen <= 0 ) { return cmsg ; \& ...->msg_control = NULL ; }  :' /effFix-experiment/effFix-benchmark/lxc/null-ptr-5-lxc/src/src/lxc/af_unix.c
[Wed Jan 21 05:12:56 2026][COMMAND]: diff -u /effFix-experiment/effFix-benchmark/lxc/null-ptr-5-lxc/repair/af_unix.c.backup /effFix-experiment/effFix-benchmark/lxc/null-ptr-5-lxc/src/src/lxc/af_unix.c > /effFix-experiment/effFix-benchmark/lxc/null-ptr-5-lxc/repair/274.patch
[Wed Jan 21 05:12:56 2026][COMMAND]: /opt/infer/infer/bin/infer --pulse-only --pulse-max-disjuncts 100 --jobs 32 --reactive --pulse-fix-mode --pulse-fix-file=src/lxc/af_unix.c --pulse-fix-function=lxc_abstract_unix_send_credential -o /effFix-experiment/effFix-benchmark/lxc/null-ptr-5-lxc/repair/infer-out-single -- make -j4
[Wed Jan 21 05:12:56 2026][COMMAND]: sed -i -e '237s:^:msg.msg_control = malloc ( sizeof ( * \& ...->msg_control ) ) ;  :' /effFix-experiment/effFix-benchmark/lxc/null-ptr-5-lxc/src/src/lxc/af_unix.c
[Wed Jan 21 05:12:56 2026][COMMAND]: diff -u /effFix-experiment/effFix-benchmark/lxc/null-ptr-5-lxc/repair/af_unix.c.backup /effFix-experiment/effFix-benchmark/lxc/null-ptr-5-lxc/src/src/lxc/af_unix.c > /effFix-experiment/effFix-benchmark/lxc/null-ptr-5-lxc/repair/275.patch
[Wed Jan 21 05:12:56 2026][COMMAND]: /opt/infer/infer/bin/infer --pulse-only --pulse-max-disjuncts 100 --jobs 32 --reactive --pulse-fix-mode --pulse-fix-file=src/lxc/af_unix.c --pulse-fix-function=lxc_abstract_unix_send_credential -o /effFix-experiment/effFix-benchmark/lxc/null-ptr-5-lxc/repair/infer-out-single -- make -j4
[Wed Jan 21 05:12:56 2026][COMMAND]: sed -i -e '237s:$: \& ...->msg_controllen = \& ...->msg_controllen ; return cmsg ; :' /effFix-experiment/effFix-benchmark/lxc/null-ptr-5-lxc/src/src/lxc/af_unix.c
[Wed Jan 21 05:12:56 2026][COMMAND]: diff -u /effFix-experiment/effFix-benchmark/lxc/null-ptr-5-lxc/repair/af_unix.c.backup /effFix-experiment/effFix-benchmark/lxc/null-ptr-5-lxc/src/src/lxc/af_unix.c > /effFix-experiment/effFix-benchmark/lxc/null-ptr-5-lxc/repair/276.patch
[Wed Jan 21 05:12:56 2026][COMMAND]: /opt/infer/infer/bin/infer --pulse-only --pulse-max-disjuncts 100 --jobs 32 --reactive --pulse-fix-mode --pulse-fix-file=src/lxc/af_unix.c --pulse-fix-function=lxc_abstract_unix_send_credential -o /effFix-experiment/effFix-benchmark/lxc/null-ptr-5-lxc/repair/infer-out-single -- make -j4
[Wed Jan 21 05:12:56 2026][COMMAND]: sed -i -e '237s:$: if ( msg.msg_control != NULL \&\& \& ...->msg_control != cmsg ) { return NULL ; return 0; } :' /effFix-experiment/effFix-benchmark/lxc/null-ptr-5-lxc/src/src/lxc/af_unix.c
[Wed Jan 21 05:12:56 2026][COMMAND]: diff -u /effFix-experiment/effFix-benchmark/lxc/null-ptr-5-lxc/repair/af_unix.c.backup /effFix-experiment/effFix-benchmark/lxc/null-ptr-5-lxc/src/src/lxc/af_unix.c > /effFix-experiment/effFix-benchmark/lxc/null-ptr-5-lxc/repair/277.patch
[Wed Jan 21 05:12:56 2026][COMMAND]: /opt/infer/infer/bin/infer --pulse-only --pulse-max-disjuncts 100 --jobs 32 --reactive --pulse-fix-mode --pulse-fix-file=src/lxc/af_unix.c --pulse-fix-function=lxc_abstract_unix_send_credential -o /effFix-experiment/effFix-benchmark/lxc/null-ptr-5-lxc/repair/infer-out-single -- make -j4
[Wed Jan 21 05:12:56 2026][COMMAND]: sed -i -e '237s:^:if ( ! ( cmsg == NULL ) ) { return \& ...->msg_control ; }  :' /effFix-experiment/effFix-benchmark/lxc/null-ptr-5-lxc/src/src/lxc/af_unix.c
[Wed Jan 21 05:12:56 2026][COMMAND]: diff -u /effFix-experiment/effFix-benchmark/lxc/null-ptr-5-lxc/repair/af_unix.c.backup /effFix-experiment/effFix-benchmark/lxc/null-ptr-5-lxc/src/src/lxc/af_unix.c > /effFix-experiment/effFix-benchmark/lxc/null-ptr-5-lxc/repair/278.patch
[Wed Jan 21 05:12:56 2026][COMMAND]: /opt/infer/infer/bin/infer --pulse-only --pulse-max-disjuncts 100 --jobs 32 --reactive --pulse-fix-mode --pulse-fix-file=src/lxc/af_unix.c --pulse-fix-function=lxc_abstract_unix_send_credential -o /effFix-experiment/effFix-benchmark/lxc/null-ptr-5-lxc/repair/infer-out-single -- make -j4
[Wed Jan 21 05:12:56 2026][COMMAND]: sed -i -e '237s:^:msg.msg_controllen = msg.msg_controllen * \& ...->msg_controllen ;  :' /effFix-experiment/effFix-benchmark/lxc/null-ptr-5-lxc/src/src/lxc/af_unix.c
[Wed Jan 21 05:12:56 2026][COMMAND]: diff -u /effFix-experiment/effFix-benchmark/lxc/null-ptr-5-lxc/repair/af_unix.c.backup /effFix-experiment/effFix-benchmark/lxc/null-ptr-5-lxc/src/src/lxc/af_unix.c > /effFix-experiment/effFix-benchmark/lxc/null-ptr-5-lxc/repair/279.patch
[Wed Jan 21 05:12:56 2026][COMMAND]: /opt/infer/infer/bin/infer --pulse-only --pulse-max-disjuncts 100 --jobs 32 --reactive --pulse-fix-mode --pulse-fix-file=src/lxc/af_unix.c --pulse-fix-function=lxc_abstract_unix_send_credential -o /effFix-experiment/effFix-benchmark/lxc/null-ptr-5-lxc/repair/infer-out-single -- make -j4
[Wed Jan 21 05:12:57 2026][COMMAND]: sed -i -e '237s:^:if ( msg.msg_control != NULL || \& ...->msg_control != NULL ) { \& ...->msg_control = \& ...->msg_control ; }  :' /effFix-experiment/effFix-benchmark/lxc/null-ptr-5-lxc/src/src/lxc/af_unix.c
[Wed Jan 21 05:12:57 2026][COMMAND]: diff -u /effFix-experiment/effFix-benchmark/lxc/null-ptr-5-lxc/repair/af_unix.c.backup /effFix-experiment/effFix-benchmark/lxc/null-ptr-5-lxc/src/src/lxc/af_unix.c > /effFix-experiment/effFix-benchmark/lxc/null-ptr-5-lxc/repair/280.patch
[Wed Jan 21 05:12:57 2026][COMMAND]: /opt/infer/infer/bin/infer --pulse-only --pulse-max-disjuncts 100 --jobs 32 --reactive --pulse-fix-mode --pulse-fix-file=src/lxc/af_unix.c --pulse-fix-function=lxc_abstract_unix_send_credential -o /effFix-experiment/effFix-benchmark/lxc/null-ptr-5-lxc/repair/infer-out-single -- make -j4
[Wed Jan 21 05:12:57 2026][COMMAND]: sed -i -e '237s:^:if ( msg.msg_control != NULL \&\& \& ...->msg_control == msg.msg_control ) { return msg.msg_control ; }  :' /effFix-experiment/effFix-benchmark/lxc/null-ptr-5-lxc/src/src/lxc/af_unix.c
[Wed Jan 21 05:12:57 2026][COMMAND]: diff -u /effFix-experiment/effFix-benchmark/lxc/null-ptr-5-lxc/repair/af_unix.c.backup /effFix-experiment/effFix-benchmark/lxc/null-ptr-5-lxc/src/src/lxc/af_unix.c > /effFix-experiment/effFix-benchmark/lxc/null-ptr-5-lxc/repair/281.patch
[Wed Jan 21 05:12:57 2026][COMMAND]: /opt/infer/infer/bin/infer --pulse-only --pulse-max-disjuncts 100 --jobs 32 --reactive --pulse-fix-mode --pulse-fix-file=src/lxc/af_unix.c --pulse-fix-function=lxc_abstract_unix_send_credential -o /effFix-experiment/effFix-benchmark/lxc/null-ptr-5-lxc/repair/infer-out-single -- make -j4
[Wed Jan 21 05:12:57 2026][COMMAND]: sed -i -e '237s:$: return NULL ; msg.msg_controllen = msg.msg_controllen ; :' /effFix-experiment/effFix-benchmark/lxc/null-ptr-5-lxc/src/src/lxc/af_unix.c
[Wed Jan 21 05:12:57 2026][COMMAND]: diff -u /effFix-experiment/effFix-benchmark/lxc/null-ptr-5-lxc/repair/af_unix.c.backup /effFix-experiment/effFix-benchmark/lxc/null-ptr-5-lxc/src/src/lxc/af_unix.c > /effFix-experiment/effFix-benchmark/lxc/null-ptr-5-lxc/repair/282.patch
[Wed Jan 21 05:12:57 2026][COMMAND]: /opt/infer/infer/bin/infer --pulse-only --pulse-max-disjuncts 100 --jobs 32 --reactive --pulse-fix-mode --pulse-fix-file=src/lxc/af_unix.c --pulse-fix-function=lxc_abstract_unix_send_credential -o /effFix-experiment/effFix-benchmark/lxc/null-ptr-5-lxc/repair/infer-out-single -- make -j4
[Wed Jan 21 05:12:57 2026][COMMAND]: sed -i -e '237s:^:cmsg = NULL ; return 0;  :' /effFix-experiment/effFix-benchmark/lxc/null-ptr-5-lxc/src/src/lxc/af_unix.c
[Wed Jan 21 05:12:57 2026][COMMAND]: diff -u /effFix-experiment/effFix-benchmark/lxc/null-ptr-5-lxc/repair/af_unix.c.backup /effFix-experiment/effFix-benchmark/lxc/null-ptr-5-lxc/src/src/lxc/af_unix.c > /effFix-experiment/effFix-benchmark/lxc/null-ptr-5-lxc/repair/283.patch
[Wed Jan 21 05:12:57 2026][COMMAND]: /opt/infer/infer/bin/infer --pulse-only --pulse-max-disjuncts 100 --jobs 32 --reactive --pulse-fix-mode --pulse-fix-file=src/lxc/af_unix.c --pulse-fix-function=lxc_abstract_unix_send_credential -o /effFix-experiment/effFix-benchmark/lxc/null-ptr-5-lxc/repair/infer-out-single -- make -j4
[Wed Jan 21 05:12:57 2026][COMMAND]: sed -i -e '237s:^:if ( ! ( msg.msg_controllen != \& ...->msg_controllen ) ) { free ( \& ...->msg_control ) ; return NULL ; }  :' /effFix-experiment/effFix-benchmark/lxc/null-ptr-5-lxc/src/src/lxc/af_unix.c
[Wed Jan 21 05:12:57 2026][COMMAND]: diff -u /effFix-experiment/effFix-benchmark/lxc/null-ptr-5-lxc/repair/af_unix.c.backup /effFix-experiment/effFix-benchmark/lxc/null-ptr-5-lxc/src/src/lxc/af_unix.c > /effFix-experiment/effFix-benchmark/lxc/null-ptr-5-lxc/repair/284.patch
[Wed Jan 21 05:12:57 2026][COMMAND]: /opt/infer/infer/bin/infer --pulse-only --pulse-max-disjuncts 100 --jobs 32 --reactive --pulse-fix-mode --pulse-fix-file=src/lxc/af_unix.c --pulse-fix-function=lxc_abstract_unix_send_credential -o /effFix-experiment/effFix-benchmark/lxc/null-ptr-5-lxc/repair/infer-out-single -- make -j4
[Wed Jan 21 05:12:57 2026][COMMAND]: sed -i -e '237s:$: return NULL ; cmsg = NULL ; :' /effFix-experiment/effFix-benchmark/lxc/null-ptr-5-lxc/src/src/lxc/af_unix.c
[Wed Jan 21 05:12:57 2026][COMMAND]: diff -u /effFix-experiment/effFix-benchmark/lxc/null-ptr-5-lxc/repair/af_unix.c.backup /effFix-experiment/effFix-benchmark/lxc/null-ptr-5-lxc/src/src/lxc/af_unix.c > /effFix-experiment/effFix-benchmark/lxc/null-ptr-5-lxc/repair/285.patch
[Wed Jan 21 05:12:57 2026][COMMAND]: /opt/infer/infer/bin/infer --pulse-only --pulse-max-disjuncts 100 --jobs 32 --reactive --pulse-fix-mode --pulse-fix-file=src/lxc/af_unix.c --pulse-fix-function=lxc_abstract_unix_send_credential -o /effFix-experiment/effFix-benchmark/lxc/null-ptr-5-lxc/repair/infer-out-single -- make -j4
[Wed Jan 21 05:12:57 2026][COMMAND]: sed -i -e '237s:^:if ( ! ( \& ...->msg_controllen >= \& ...->msg_controllen ) ) { return NULL ; }  :' /effFix-experiment/effFix-benchmark/lxc/null-ptr-5-lxc/src/src/lxc/af_unix.c
[Wed Jan 21 05:12:57 2026][COMMAND]: diff -u /effFix-experiment/effFix-benchmark/lxc/null-ptr-5-lxc/repair/af_unix.c.backup /effFix-experiment/effFix-benchmark/lxc/null-ptr-5-lxc/src/src/lxc/af_unix.c > /effFix-experiment/effFix-benchmark/lxc/null-ptr-5-lxc/repair/286.patch
[Wed Jan 21 05:12:57 2026][COMMAND]: /opt/infer/infer/bin/infer --pulse-only --pulse-max-disjuncts 100 --jobs 32 --reactive --pulse-fix-mode --pulse-fix-file=src/lxc/af_unix.c --pulse-fix-function=lxc_abstract_unix_send_credential -o /effFix-experiment/effFix-benchmark/lxc/null-ptr-5-lxc/repair/infer-out-single -- make -j4
[Wed Jan 21 05:12:57 2026][COMMAND]: sed -i -e '237s:^:if ( msg.msg_controllen / msg.msg_controllen == -1 || \& ...->msg_controllen >= 0 ) { free ( \& ...->msg_control ) ; }  :' /effFix-experiment/effFix-benchmark/lxc/null-ptr-5-lxc/src/src/lxc/af_unix.c
[Wed Jan 21 05:12:57 2026][COMMAND]: diff -u /effFix-experiment/effFix-benchmark/lxc/null-ptr-5-lxc/repair/af_unix.c.backup /effFix-experiment/effFix-benchmark/lxc/null-ptr-5-lxc/src/src/lxc/af_unix.c > /effFix-experiment/effFix-benchmark/lxc/null-ptr-5-lxc/repair/287.patch
[Wed Jan 21 05:12:57 2026][COMMAND]: /opt/infer/infer/bin/infer --pulse-only --pulse-max-disjuncts 100 --jobs 32 --reactive --pulse-fix-mode --pulse-fix-file=src/lxc/af_unix.c --pulse-fix-function=lxc_abstract_unix_send_credential -o /effFix-experiment/effFix-benchmark/lxc/null-ptr-5-lxc/repair/infer-out-single -- make -j4
[Wed Jan 21 05:12:57 2026][COMMAND]: sed -i -e '237s:^:if ( \& ...->msg_controllen + msg.msg_controllen != \& ...->msg_controllen - msg.msg_controllen || msg.msg_controllen != msg.msg_controllen - msg.msg_controllen ) { return 0; }  :' /effFix-experiment/effFix-benchmark/lxc/null-ptr-5-lxc/src/src/lxc/af_unix.c
[Wed Jan 21 05:12:57 2026][COMMAND]: diff -u /effFix-experiment/effFix-benchmark/lxc/null-ptr-5-lxc/repair/af_unix.c.backup /effFix-experiment/effFix-benchmark/lxc/null-ptr-5-lxc/src/src/lxc/af_unix.c > /effFix-experiment/effFix-benchmark/lxc/null-ptr-5-lxc/repair/288.patch
[Wed Jan 21 05:12:57 2026][COMMAND]: /opt/infer/infer/bin/infer --pulse-only --pulse-max-disjuncts 100 --jobs 32 --reactive --pulse-fix-mode --pulse-fix-file=src/lxc/af_unix.c --pulse-fix-function=lxc_abstract_unix_send_credential -o /effFix-experiment/effFix-benchmark/lxc/null-ptr-5-lxc/repair/infer-out-single -- make -j4
[Wed Jan 21 05:12:57 2026][COMMAND]: sed -i -e '237s:^:return NULL ; return NULL ;  :' /effFix-experiment/effFix-benchmark/lxc/null-ptr-5-lxc/src/src/lxc/af_unix.c
[Wed Jan 21 05:12:57 2026][COMMAND]: diff -u /effFix-experiment/effFix-benchmark/lxc/null-ptr-5-lxc/repair/af_unix.c.backup /effFix-experiment/effFix-benchmark/lxc/null-ptr-5-lxc/src/src/lxc/af_unix.c > /effFix-experiment/effFix-benchmark/lxc/null-ptr-5-lxc/repair/289.patch
[Wed Jan 21 05:12:57 2026][COMMAND]: /opt/infer/infer/bin/infer --pulse-only --pulse-max-disjuncts 100 --jobs 32 --reactive --pulse-fix-mode --pulse-fix-file=src/lxc/af_unix.c --pulse-fix-function=lxc_abstract_unix_send_credential -o /effFix-experiment/effFix-benchmark/lxc/null-ptr-5-lxc/repair/infer-out-single -- make -j4
[Wed Jan 21 05:12:57 2026][COMMAND]: sed -i -e '237s:^:if ( \& ...->msg_control == NULL ) { return 0; }  :' /effFix-experiment/effFix-benchmark/lxc/null-ptr-5-lxc/src/src/lxc/af_unix.c
[Wed Jan 21 05:12:57 2026][COMMAND]: diff -u /effFix-experiment/effFix-benchmark/lxc/null-ptr-5-lxc/repair/af_unix.c.backup /effFix-experiment/effFix-benchmark/lxc/null-ptr-5-lxc/src/src/lxc/af_unix.c > /effFix-experiment/effFix-benchmark/lxc/null-ptr-5-lxc/repair/290.patch
[Wed Jan 21 05:12:57 2026][COMMAND]: /opt/infer/infer/bin/infer --pulse-only --pulse-max-disjuncts 100 --jobs 32 --reactive --pulse-fix-mode --pulse-fix-file=src/lxc/af_unix.c --pulse-fix-function=lxc_abstract_unix_send_credential -o /effFix-experiment/effFix-benchmark/lxc/null-ptr-5-lxc/repair/infer-out-single -- make -j4
[Wed Jan 21 05:12:57 2026][COMMAND]: sed -i -e '237s:^:if ( \& ...->msg_controllen / \& ...->msg_controllen == msg.msg_controllen * msg.msg_controllen || cmsg != \& ...->msg_control ) { return cmsg ; msg.msg_controllen = \& ...->msg_controllen ; }  :' /effFix-experiment/effFix-benchmark/lxc/null-ptr-5-lxc/src/src/lxc/af_unix.c
[Wed Jan 21 05:12:57 2026][COMMAND]: diff -u /effFix-experiment/effFix-benchmark/lxc/null-ptr-5-lxc/repair/af_unix.c.backup /effFix-experiment/effFix-benchmark/lxc/null-ptr-5-lxc/src/src/lxc/af_unix.c > /effFix-experiment/effFix-benchmark/lxc/null-ptr-5-lxc/repair/291.patch
[Wed Jan 21 05:12:57 2026][COMMAND]: /opt/infer/infer/bin/infer --pulse-only --pulse-max-disjuncts 100 --jobs 32 --reactive --pulse-fix-mode --pulse-fix-file=src/lxc/af_unix.c --pulse-fix-function=lxc_abstract_unix_send_credential -o /effFix-experiment/effFix-benchmark/lxc/null-ptr-5-lxc/repair/infer-out-single -- make -j4
[Wed Jan 21 05:12:58 2026][COMMAND]: sed -i -e '237s:^:\& ...->msg_control = \& ...->msg_control ;  :' /effFix-experiment/effFix-benchmark/lxc/null-ptr-5-lxc/src/src/lxc/af_unix.c
[Wed Jan 21 05:12:58 2026][COMMAND]: diff -u /effFix-experiment/effFix-benchmark/lxc/null-ptr-5-lxc/repair/af_unix.c.backup /effFix-experiment/effFix-benchmark/lxc/null-ptr-5-lxc/src/src/lxc/af_unix.c > /effFix-experiment/effFix-benchmark/lxc/null-ptr-5-lxc/repair/292.patch
[Wed Jan 21 05:12:58 2026][COMMAND]: /opt/infer/infer/bin/infer --pulse-only --pulse-max-disjuncts 100 --jobs 32 --reactive --pulse-fix-mode --pulse-fix-file=src/lxc/af_unix.c --pulse-fix-function=lxc_abstract_unix_send_credential -o /effFix-experiment/effFix-benchmark/lxc/null-ptr-5-lxc/repair/infer-out-single -- make -j4
[Wed Jan 21 05:12:58 2026][COMMAND]: sed -i -e '237s:^:if ( \& ...->msg_control != NULL ) { \& ...->msg_controllen = \& ...->msg_controllen ; }  :' /effFix-experiment/effFix-benchmark/lxc/null-ptr-5-lxc/src/src/lxc/af_unix.c
[Wed Jan 21 05:12:58 2026][COMMAND]: diff -u /effFix-experiment/effFix-benchmark/lxc/null-ptr-5-lxc/repair/af_unix.c.backup /effFix-experiment/effFix-benchmark/lxc/null-ptr-5-lxc/src/src/lxc/af_unix.c > /effFix-experiment/effFix-benchmark/lxc/null-ptr-5-lxc/repair/293.patch
[Wed Jan 21 05:12:58 2026][COMMAND]: /opt/infer/infer/bin/infer --pulse-only --pulse-max-disjuncts 100 --jobs 32 --reactive --pulse-fix-mode --pulse-fix-file=src/lxc/af_unix.c --pulse-fix-function=lxc_abstract_unix_send_credential -o /effFix-experiment/effFix-benchmark/lxc/null-ptr-5-lxc/repair/infer-out-single -- make -j4
[Wed Jan 21 05:12:58 2026][COMMAND]: sed -i -e '237s:^:msg.msg_controllen = \& ...->msg_controllen - \& ...->msg_controllen ;  :' /effFix-experiment/effFix-benchmark/lxc/null-ptr-5-lxc/src/src/lxc/af_unix.c
[Wed Jan 21 05:12:58 2026][COMMAND]: diff -u /effFix-experiment/effFix-benchmark/lxc/null-ptr-5-lxc/repair/af_unix.c.backup /effFix-experiment/effFix-benchmark/lxc/null-ptr-5-lxc/src/src/lxc/af_unix.c > /effFix-experiment/effFix-benchmark/lxc/null-ptr-5-lxc/repair/294.patch
[Wed Jan 21 05:12:58 2026][COMMAND]: /opt/infer/infer/bin/infer --pulse-only --pulse-max-disjuncts 100 --jobs 32 --reactive --pulse-fix-mode --pulse-fix-file=src/lxc/af_unix.c --pulse-fix-function=lxc_abstract_unix_send_credential -o /effFix-experiment/effFix-benchmark/lxc/null-ptr-5-lxc/repair/infer-out-single -- make -j4
[Wed Jan 21 05:12:58 2026][COMMAND]: sed -i -e '237s:$: return cmsg ; \& ...->msg_controllen = msg.msg_controllen ; :' /effFix-experiment/effFix-benchmark/lxc/null-ptr-5-lxc/src/src/lxc/af_unix.c
[Wed Jan 21 05:12:58 2026][COMMAND]: diff -u /effFix-experiment/effFix-benchmark/lxc/null-ptr-5-lxc/repair/af_unix.c.backup /effFix-experiment/effFix-benchmark/lxc/null-ptr-5-lxc/src/src/lxc/af_unix.c > /effFix-experiment/effFix-benchmark/lxc/null-ptr-5-lxc/repair/295.patch
[Wed Jan 21 05:12:58 2026][COMMAND]: /opt/infer/infer/bin/infer --pulse-only --pulse-max-disjuncts 100 --jobs 32 --reactive --pulse-fix-mode --pulse-fix-file=src/lxc/af_unix.c --pulse-fix-function=lxc_abstract_unix_send_credential -o /effFix-experiment/effFix-benchmark/lxc/null-ptr-5-lxc/repair/infer-out-single -- make -j4
[Wed Jan 21 05:12:58 2026][COMMAND]: sed -i -e '237s:^:if ( ! ( msg.msg_controllen * msg.msg_controllen <= -1 ) ) { return msg.msg_control ; } return cmsg ;  :' /effFix-experiment/effFix-benchmark/lxc/null-ptr-5-lxc/src/src/lxc/af_unix.c
[Wed Jan 21 05:12:58 2026][COMMAND]: diff -u /effFix-experiment/effFix-benchmark/lxc/null-ptr-5-lxc/repair/af_unix.c.backup /effFix-experiment/effFix-benchmark/lxc/null-ptr-5-lxc/src/src/lxc/af_unix.c > /effFix-experiment/effFix-benchmark/lxc/null-ptr-5-lxc/repair/296.patch
[Wed Jan 21 05:12:58 2026][COMMAND]: /opt/infer/infer/bin/infer --pulse-only --pulse-max-disjuncts 100 --jobs 32 --reactive --pulse-fix-mode --pulse-fix-file=src/lxc/af_unix.c --pulse-fix-function=lxc_abstract_unix_send_credential -o /effFix-experiment/effFix-benchmark/lxc/null-ptr-5-lxc/repair/infer-out-single -- make -j4
[Wed Jan 21 05:12:58 2026][COMMAND]: sed -i -e '237s:$: msg.msg_controllen = \& ...->msg_controllen / \& ...->msg_controllen ; :' /effFix-experiment/effFix-benchmark/lxc/null-ptr-5-lxc/src/src/lxc/af_unix.c
[Wed Jan 21 05:12:58 2026][COMMAND]: diff -u /effFix-experiment/effFix-benchmark/lxc/null-ptr-5-lxc/repair/af_unix.c.backup /effFix-experiment/effFix-benchmark/lxc/null-ptr-5-lxc/src/src/lxc/af_unix.c > /effFix-experiment/effFix-benchmark/lxc/null-ptr-5-lxc/repair/297.patch
[Wed Jan 21 05:12:58 2026][COMMAND]: /opt/infer/infer/bin/infer --pulse-only --pulse-max-disjuncts 100 --jobs 32 --reactive --pulse-fix-mode --pulse-fix-file=src/lxc/af_unix.c --pulse-fix-function=lxc_abstract_unix_send_credential -o /effFix-experiment/effFix-benchmark/lxc/null-ptr-5-lxc/repair/infer-out-single -- make -j4
[Wed Jan 21 05:12:58 2026][COMMAND]: sed -i -e '237s:^:cmsg = \& ...->msg_control ;  :' /effFix-experiment/effFix-benchmark/lxc/null-ptr-5-lxc/src/src/lxc/af_unix.c
[Wed Jan 21 05:12:58 2026][COMMAND]: diff -u /effFix-experiment/effFix-benchmark/lxc/null-ptr-5-lxc/repair/af_unix.c.backup /effFix-experiment/effFix-benchmark/lxc/null-ptr-5-lxc/src/src/lxc/af_unix.c > /effFix-experiment/effFix-benchmark/lxc/null-ptr-5-lxc/repair/298.patch
[Wed Jan 21 05:12:58 2026][COMMAND]: /opt/infer/infer/bin/infer --pulse-only --pulse-max-disjuncts 100 --jobs 32 --reactive --pulse-fix-mode --pulse-fix-file=src/lxc/af_unix.c --pulse-fix-function=lxc_abstract_unix_send_credential -o /effFix-experiment/effFix-benchmark/lxc/null-ptr-5-lxc/repair/infer-out-single -- make -j4
[Wed Jan 21 05:12:58 2026][COMMAND]: sed -i -e '237s:$: return NULL ; if ( ! ( cmsg != NULL ) ) { return NULL ; } :' /effFix-experiment/effFix-benchmark/lxc/null-ptr-5-lxc/src/src/lxc/af_unix.c
[Wed Jan 21 05:12:58 2026][COMMAND]: diff -u /effFix-experiment/effFix-benchmark/lxc/null-ptr-5-lxc/repair/af_unix.c.backup /effFix-experiment/effFix-benchmark/lxc/null-ptr-5-lxc/src/src/lxc/af_unix.c > /effFix-experiment/effFix-benchmark/lxc/null-ptr-5-lxc/repair/299.patch
[Wed Jan 21 05:12:58 2026][COMMAND]: /opt/infer/infer/bin/infer --pulse-only --pulse-max-disjuncts 100 --jobs 32 --reactive --pulse-fix-mode --pulse-fix-file=src/lxc/af_unix.c --pulse-fix-function=lxc_abstract_unix_send_credential -o /effFix-experiment/effFix-benchmark/lxc/null-ptr-5-lxc/repair/infer-out-single -- make -j4
[Wed Jan 21 05:12:58 2026][COMMAND]: sed -i -e '237s:^:if ( ! ( \& ...->msg_controllen - \& ...->msg_controllen == \& ...->msg_controllen ) ) { return cmsg ; }  :' /effFix-experiment/effFix-benchmark/lxc/null-ptr-5-lxc/src/src/lxc/af_unix.c
[Wed Jan 21 05:12:58 2026][COMMAND]: diff -u /effFix-experiment/effFix-benchmark/lxc/null-ptr-5-lxc/repair/af_unix.c.backup /effFix-experiment/effFix-benchmark/lxc/null-ptr-5-lxc/src/src/lxc/af_unix.c > /effFix-experiment/effFix-benchmark/lxc/null-ptr-5-lxc/repair/300.patch
[Wed Jan 21 05:12:58 2026][COMMAND]: /opt/infer/infer/bin/infer --pulse-only --pulse-max-disjuncts 100 --jobs 32 --reactive --pulse-fix-mode --pulse-fix-file=src/lxc/af_unix.c --pulse-fix-function=lxc_abstract_unix_send_credential -o /effFix-experiment/effFix-benchmark/lxc/null-ptr-5-lxc/repair/infer-out-single -- make -j4
[Wed Jan 21 05:12:58 2026][COMMAND]: sed -i -e '237s:^:free ( cmsg ) ; if ( ! ( \& ...->msg_control == NULL ) ) { msg.msg_controllen = msg.msg_controllen + msg.msg_controllen ; }  :' /effFix-experiment/effFix-benchmark/lxc/null-ptr-5-lxc/src/src/lxc/af_unix.c
[Wed Jan 21 05:12:58 2026][COMMAND]: diff -u /effFix-experiment/effFix-benchmark/lxc/null-ptr-5-lxc/repair/af_unix.c.backup /effFix-experiment/effFix-benchmark/lxc/null-ptr-5-lxc/src/src/lxc/af_unix.c > /effFix-experiment/effFix-benchmark/lxc/null-ptr-5-lxc/repair/301.patch
[Wed Jan 21 05:12:58 2026][COMMAND]: /opt/infer/infer/bin/infer --pulse-only --pulse-max-disjuncts 100 --jobs 32 --reactive --pulse-fix-mode --pulse-fix-file=src/lxc/af_unix.c --pulse-fix-function=lxc_abstract_unix_send_credential -o /effFix-experiment/effFix-benchmark/lxc/null-ptr-5-lxc/repair/infer-out-single -- make -j4
[Wed Jan 21 05:12:58 2026][COMMAND]: sed -i -e '237s:$: if ( cmsg == NULL \&\& \& ...->msg_controllen != 0 ) { return call to sendmsg; } :' /effFix-experiment/effFix-benchmark/lxc/null-ptr-5-lxc/src/src/lxc/af_unix.c
[Wed Jan 21 05:12:58 2026][COMMAND]: diff -u /effFix-experiment/effFix-benchmark/lxc/null-ptr-5-lxc/repair/af_unix.c.backup /effFix-experiment/effFix-benchmark/lxc/null-ptr-5-lxc/src/src/lxc/af_unix.c > /effFix-experiment/effFix-benchmark/lxc/null-ptr-5-lxc/repair/302.patch
[Wed Jan 21 05:12:58 2026][COMMAND]: /opt/infer/infer/bin/infer --pulse-only --pulse-max-disjuncts 100 --jobs 32 --reactive --pulse-fix-mode --pulse-fix-file=src/lxc/af_unix.c --pulse-fix-function=lxc_abstract_unix_send_credential -o /effFix-experiment/effFix-benchmark/lxc/null-ptr-5-lxc/repair/infer-out-single -- make -j4
[Wed Jan 21 05:12:59 2026][COMMAND]: sed -i -e '237s:^:free ( \& ...->msg_control ) ; \& ...->msg_controllen = msg.msg_controllen * msg.msg_controllen ;  :' /effFix-experiment/effFix-benchmark/lxc/null-ptr-5-lxc/src/src/lxc/af_unix.c
[Wed Jan 21 05:12:59 2026][COMMAND]: diff -u /effFix-experiment/effFix-benchmark/lxc/null-ptr-5-lxc/repair/af_unix.c.backup /effFix-experiment/effFix-benchmark/lxc/null-ptr-5-lxc/src/src/lxc/af_unix.c > /effFix-experiment/effFix-benchmark/lxc/null-ptr-5-lxc/repair/303.patch
[Wed Jan 21 05:12:59 2026][COMMAND]: /opt/infer/infer/bin/infer --pulse-only --pulse-max-disjuncts 100 --jobs 32 --reactive --pulse-fix-mode --pulse-fix-file=src/lxc/af_unix.c --pulse-fix-function=lxc_abstract_unix_send_credential -o /effFix-experiment/effFix-benchmark/lxc/null-ptr-5-lxc/repair/infer-out-single -- make -j4
[Wed Jan 21 05:12:59 2026][COMMAND]: sed -i -e '237s:$: if ( msg.msg_controllen > -1 ) { return call to sendmsg; } :' /effFix-experiment/effFix-benchmark/lxc/null-ptr-5-lxc/src/src/lxc/af_unix.c
[Wed Jan 21 05:12:59 2026][COMMAND]: diff -u /effFix-experiment/effFix-benchmark/lxc/null-ptr-5-lxc/repair/af_unix.c.backup /effFix-experiment/effFix-benchmark/lxc/null-ptr-5-lxc/src/src/lxc/af_unix.c > /effFix-experiment/effFix-benchmark/lxc/null-ptr-5-lxc/repair/304.patch
[Wed Jan 21 05:12:59 2026][COMMAND]: /opt/infer/infer/bin/infer --pulse-only --pulse-max-disjuncts 100 --jobs 32 --reactive --pulse-fix-mode --pulse-fix-file=src/lxc/af_unix.c --pulse-fix-function=lxc_abstract_unix_send_credential -o /effFix-experiment/effFix-benchmark/lxc/null-ptr-5-lxc/repair/infer-out-single -- make -j4
[Wed Jan 21 05:12:59 2026][COMMAND]: sed -i -e '237s:^:if ( ! ( \& ...->msg_controllen - \& ...->msg_controllen >= \& ...->msg_controllen ) ) { return NULL ; }  :' /effFix-experiment/effFix-benchmark/lxc/null-ptr-5-lxc/src/src/lxc/af_unix.c
[Wed Jan 21 05:12:59 2026][COMMAND]: diff -u /effFix-experiment/effFix-benchmark/lxc/null-ptr-5-lxc/repair/af_unix.c.backup /effFix-experiment/effFix-benchmark/lxc/null-ptr-5-lxc/src/src/lxc/af_unix.c > /effFix-experiment/effFix-benchmark/lxc/null-ptr-5-lxc/repair/305.patch
[Wed Jan 21 05:12:59 2026][COMMAND]: /opt/infer/infer/bin/infer --pulse-only --pulse-max-disjuncts 100 --jobs 32 --reactive --pulse-fix-mode --pulse-fix-file=src/lxc/af_unix.c --pulse-fix-function=lxc_abstract_unix_send_credential -o /effFix-experiment/effFix-benchmark/lxc/null-ptr-5-lxc/repair/infer-out-single -- make -j4
[Wed Jan 21 05:12:59 2026][COMMAND]: codeql database analyze /effFix-experiment/effFix-benchmark/lxc/null-ptr-5-lxc/pre/codeql-db /effFix-experiment/effFix-benchmark/lxc/null-ptr-5-lxc/repair/codeql-queries/stmt_boundary.ql --format=csv --rerun --output=/effFix-experiment/effFix-benchmark/lxc/null-ptr-5-lxc/repair/codeql-res-stmt-boundary.csv
[Wed Jan 21 05:13:14 2026][COMMAND]: codeql database analyze /effFix-experiment/effFix-benchmark/lxc/null-ptr-5-lxc/pre/codeql-db /effFix-experiment/effFix-benchmark/lxc/null-ptr-5-lxc/repair/codeql-queries/extract_var.ql --format=csv --rerun --output=/effFix-experiment/effFix-benchmark/lxc/null-ptr-5-lxc/repair/codeql-res-ingredient.csv
[Wed Jan 21 05:14:01 2026][COMMAND]: codeql database analyze /effFix-experiment/effFix-benchmark/lxc/null-ptr-5-lxc/pre/codeql-db /effFix-experiment/effFix-benchmark/lxc/null-ptr-5-lxc/repair/codeql-queries/consts.ql --format=csv --rerun --output=/effFix-experiment/effFix-benchmark/lxc/null-ptr-5-lxc/repair/codeql-res-consts.csv
[Wed Jan 21 05:14:36 2026][COMMAND]: sed -i -e '238s:^:return NULL ;  :' /effFix-experiment/effFix-benchmark/lxc/null-ptr-5-lxc/src/src/lxc/af_unix.c
[Wed Jan 21 05:14:36 2026][COMMAND]: diff -u /effFix-experiment/effFix-benchmark/lxc/null-ptr-5-lxc/repair/af_unix.c.backup /effFix-experiment/effFix-benchmark/lxc/null-ptr-5-lxc/src/src/lxc/af_unix.c > /effFix-experiment/effFix-benchmark/lxc/null-ptr-5-lxc/repair/306.patch
[Wed Jan 21 05:14:36 2026][COMMAND]: /opt/infer/infer/bin/infer --pulse-only --pulse-max-disjuncts 100 --jobs 32 --reactive --pulse-fix-mode --pulse-fix-file=src/lxc/af_unix.c --pulse-fix-function=lxc_abstract_unix_send_credential -o /effFix-experiment/effFix-benchmark/lxc/null-ptr-5-lxc/repair/infer-out-single -- make -j4
[Wed Jan 21 05:14:36 2026][COMMAND]: sed -i -e '238s:^:\& ...->msg_controllen = msg.msg_controllen ;  :' /effFix-experiment/effFix-benchmark/lxc/null-ptr-5-lxc/src/src/lxc/af_unix.c
[Wed Jan 21 05:14:36 2026][COMMAND]: diff -u /effFix-experiment/effFix-benchmark/lxc/null-ptr-5-lxc/repair/af_unix.c.backup /effFix-experiment/effFix-benchmark/lxc/null-ptr-5-lxc/src/src/lxc/af_unix.c > /effFix-experiment/effFix-benchmark/lxc/null-ptr-5-lxc/repair/307.patch
[Wed Jan 21 05:14:36 2026][COMMAND]: /opt/infer/infer/bin/infer --pulse-only --pulse-max-disjuncts 100 --jobs 32 --reactive --pulse-fix-mode --pulse-fix-file=src/lxc/af_unix.c --pulse-fix-function=lxc_abstract_unix_send_credential -o /effFix-experiment/effFix-benchmark/lxc/null-ptr-5-lxc/repair/infer-out-single -- make -j4
[Wed Jan 21 05:14:36 2026][COMMAND]: sed -i -e '238s:$: free ( msg.msg_control ) ; :' /effFix-experiment/effFix-benchmark/lxc/null-ptr-5-lxc/src/src/lxc/af_unix.c
[Wed Jan 21 05:14:36 2026][COMMAND]: diff -u /effFix-experiment/effFix-benchmark/lxc/null-ptr-5-lxc/repair/af_unix.c.backup /effFix-experiment/effFix-benchmark/lxc/null-ptr-5-lxc/src/src/lxc/af_unix.c > /effFix-experiment/effFix-benchmark/lxc/null-ptr-5-lxc/repair/308.patch
[Wed Jan 21 05:14:36 2026][COMMAND]: /opt/infer/infer/bin/infer --pulse-only --pulse-max-disjuncts 100 --jobs 32 --reactive --pulse-fix-mode --pulse-fix-file=src/lxc/af_unix.c --pulse-fix-function=lxc_abstract_unix_send_credential -o /effFix-experiment/effFix-benchmark/lxc/null-ptr-5-lxc/repair/infer-out-single -- make -j4
[Wed Jan 21 05:14:36 2026][COMMAND]: sed -i -e '238s:$: return NULL ; :' /effFix-experiment/effFix-benchmark/lxc/null-ptr-5-lxc/src/src/lxc/af_unix.c
[Wed Jan 21 05:14:36 2026][COMMAND]: diff -u /effFix-experiment/effFix-benchmark/lxc/null-ptr-5-lxc/repair/af_unix.c.backup /effFix-experiment/effFix-benchmark/lxc/null-ptr-5-lxc/src/src/lxc/af_unix.c > /effFix-experiment/effFix-benchmark/lxc/null-ptr-5-lxc/repair/309.patch
[Wed Jan 21 05:14:36 2026][COMMAND]: /opt/infer/infer/bin/infer --pulse-only --pulse-max-disjuncts 100 --jobs 32 --reactive --pulse-fix-mode --pulse-fix-file=src/lxc/af_unix.c --pulse-fix-function=lxc_abstract_unix_send_credential -o /effFix-experiment/effFix-benchmark/lxc/null-ptr-5-lxc/repair/infer-out-single -- make -j4
[Wed Jan 21 05:14:36 2026][COMMAND]: sed -i -e '238s:$: return cmsg ; :' /effFix-experiment/effFix-benchmark/lxc/null-ptr-5-lxc/src/src/lxc/af_unix.c
[Wed Jan 21 05:14:36 2026][COMMAND]: diff -u /effFix-experiment/effFix-benchmark/lxc/null-ptr-5-lxc/repair/af_unix.c.backup /effFix-experiment/effFix-benchmark/lxc/null-ptr-5-lxc/src/src/lxc/af_unix.c > /effFix-experiment/effFix-benchmark/lxc/null-ptr-5-lxc/repair/310.patch
[Wed Jan 21 05:14:36 2026][COMMAND]: /opt/infer/infer/bin/infer --pulse-only --pulse-max-disjuncts 100 --jobs 32 --reactive --pulse-fix-mode --pulse-fix-file=src/lxc/af_unix.c --pulse-fix-function=lxc_abstract_unix_send_credential -o /effFix-experiment/effFix-benchmark/lxc/null-ptr-5-lxc/repair/infer-out-single -- make -j4
[Wed Jan 21 05:14:37 2026][COMMAND]: sed -i -e '238s:$: msg.msg_controllen = \& ...->msg_controllen ; :' /effFix-experiment/effFix-benchmark/lxc/null-ptr-5-lxc/src/src/lxc/af_unix.c
[Wed Jan 21 05:14:37 2026][COMMAND]: diff -u /effFix-experiment/effFix-benchmark/lxc/null-ptr-5-lxc/repair/af_unix.c.backup /effFix-experiment/effFix-benchmark/lxc/null-ptr-5-lxc/src/src/lxc/af_unix.c > /effFix-experiment/effFix-benchmark/lxc/null-ptr-5-lxc/repair/311.patch
[Wed Jan 21 05:14:37 2026][COMMAND]: /opt/infer/infer/bin/infer --pulse-only --pulse-max-disjuncts 100 --jobs 32 --reactive --pulse-fix-mode --pulse-fix-file=src/lxc/af_unix.c --pulse-fix-function=lxc_abstract_unix_send_credential -o /effFix-experiment/effFix-benchmark/lxc/null-ptr-5-lxc/repair/infer-out-single -- make -j4
[Wed Jan 21 05:14:37 2026][COMMAND]: sed -i -e '238s:^:return 0;  :' /effFix-experiment/effFix-benchmark/lxc/null-ptr-5-lxc/src/src/lxc/af_unix.c
[Wed Jan 21 05:14:37 2026][COMMAND]: diff -u /effFix-experiment/effFix-benchmark/lxc/null-ptr-5-lxc/repair/af_unix.c.backup /effFix-experiment/effFix-benchmark/lxc/null-ptr-5-lxc/src/src/lxc/af_unix.c > /effFix-experiment/effFix-benchmark/lxc/null-ptr-5-lxc/repair/312.patch
[Wed Jan 21 05:14:37 2026][COMMAND]: /opt/infer/infer/bin/infer --pulse-only --pulse-max-disjuncts 100 --jobs 32 --reactive --pulse-fix-mode --pulse-fix-file=src/lxc/af_unix.c --pulse-fix-function=lxc_abstract_unix_send_credential -o /effFix-experiment/effFix-benchmark/lxc/null-ptr-5-lxc/repair/infer-out-single -- make -j4
[Wed Jan 21 05:14:37 2026][COMMAND]: sed -i -e '238s:$: if ( \& ...->msg_control != msg.msg_control || \& ...->msg_control == cmsg ) { return 0; } :' /effFix-experiment/effFix-benchmark/lxc/null-ptr-5-lxc/src/src/lxc/af_unix.c
[Wed Jan 21 05:14:37 2026][COMMAND]: diff -u /effFix-experiment/effFix-benchmark/lxc/null-ptr-5-lxc/repair/af_unix.c.backup /effFix-experiment/effFix-benchmark/lxc/null-ptr-5-lxc/src/src/lxc/af_unix.c > /effFix-experiment/effFix-benchmark/lxc/null-ptr-5-lxc/repair/313.patch
[Wed Jan 21 05:14:37 2026][COMMAND]: /opt/infer/infer/bin/infer --pulse-only --pulse-max-disjuncts 100 --jobs 32 --reactive --pulse-fix-mode --pulse-fix-file=src/lxc/af_unix.c --pulse-fix-function=lxc_abstract_unix_send_credential -o /effFix-experiment/effFix-benchmark/lxc/null-ptr-5-lxc/repair/infer-out-single -- make -j4
[Wed Jan 21 05:14:37 2026][COMMAND]: sed -i -e '238s:$: return \& ...->msg_control ; :' /effFix-experiment/effFix-benchmark/lxc/null-ptr-5-lxc/src/src/lxc/af_unix.c
[Wed Jan 21 05:14:37 2026][COMMAND]: diff -u /effFix-experiment/effFix-benchmark/lxc/null-ptr-5-lxc/repair/af_unix.c.backup /effFix-experiment/effFix-benchmark/lxc/null-ptr-5-lxc/src/src/lxc/af_unix.c > /effFix-experiment/effFix-benchmark/lxc/null-ptr-5-lxc/repair/314.patch
[Wed Jan 21 05:14:37 2026][COMMAND]: /opt/infer/infer/bin/infer --pulse-only --pulse-max-disjuncts 100 --jobs 32 --reactive --pulse-fix-mode --pulse-fix-file=src/lxc/af_unix.c --pulse-fix-function=lxc_abstract_unix_send_credential -o /effFix-experiment/effFix-benchmark/lxc/null-ptr-5-lxc/repair/infer-out-single -- make -j4
[Wed Jan 21 05:14:37 2026][COMMAND]: sed -i -e '238s:^:cmsg = malloc ( sizeof ( * \& ...->msg_control ) ) ;  :' /effFix-experiment/effFix-benchmark/lxc/null-ptr-5-lxc/src/src/lxc/af_unix.c
[Wed Jan 21 05:14:37 2026][COMMAND]: diff -u /effFix-experiment/effFix-benchmark/lxc/null-ptr-5-lxc/repair/af_unix.c.backup /effFix-experiment/effFix-benchmark/lxc/null-ptr-5-lxc/src/src/lxc/af_unix.c > /effFix-experiment/effFix-benchmark/lxc/null-ptr-5-lxc/repair/315.patch
[Wed Jan 21 05:14:37 2026][COMMAND]: /opt/infer/infer/bin/infer --pulse-only --pulse-max-disjuncts 100 --jobs 32 --reactive --pulse-fix-mode --pulse-fix-file=src/lxc/af_unix.c --pulse-fix-function=lxc_abstract_unix_send_credential -o /effFix-experiment/effFix-benchmark/lxc/null-ptr-5-lxc/repair/infer-out-single -- make -j4
[Wed Jan 21 05:14:37 2026][COMMAND]: sed -i -e '238s:^:return 0; return 0;  :' /effFix-experiment/effFix-benchmark/lxc/null-ptr-5-lxc/src/src/lxc/af_unix.c
[Wed Jan 21 05:14:37 2026][COMMAND]: diff -u /effFix-experiment/effFix-benchmark/lxc/null-ptr-5-lxc/repair/af_unix.c.backup /effFix-experiment/effFix-benchmark/lxc/null-ptr-5-lxc/src/src/lxc/af_unix.c > /effFix-experiment/effFix-benchmark/lxc/null-ptr-5-lxc/repair/316.patch
[Wed Jan 21 05:14:37 2026][COMMAND]: /opt/infer/infer/bin/infer --pulse-only --pulse-max-disjuncts 100 --jobs 32 --reactive --pulse-fix-mode --pulse-fix-file=src/lxc/af_unix.c --pulse-fix-function=lxc_abstract_unix_send_credential -o /effFix-experiment/effFix-benchmark/lxc/null-ptr-5-lxc/repair/infer-out-single -- make -j4
[Wed Jan 21 05:14:37 2026][COMMAND]: sed -i -e '238s:$: \& ...->msg_controllen = cmsg->cmsg_len - cmsg->cmsg_len ; :' /effFix-experiment/effFix-benchmark/lxc/null-ptr-5-lxc/src/src/lxc/af_unix.c
[Wed Jan 21 05:14:37 2026][COMMAND]: diff -u /effFix-experiment/effFix-benchmark/lxc/null-ptr-5-lxc/repair/af_unix.c.backup /effFix-experiment/effFix-benchmark/lxc/null-ptr-5-lxc/src/src/lxc/af_unix.c > /effFix-experiment/effFix-benchmark/lxc/null-ptr-5-lxc/repair/317.patch
[Wed Jan 21 05:14:37 2026][COMMAND]: /opt/infer/infer/bin/infer --pulse-only --pulse-max-disjuncts 100 --jobs 32 --reactive --pulse-fix-mode --pulse-fix-file=src/lxc/af_unix.c --pulse-fix-function=lxc_abstract_unix_send_credential -o /effFix-experiment/effFix-benchmark/lxc/null-ptr-5-lxc/repair/infer-out-single -- make -j4
[Wed Jan 21 05:14:38 2026][COMMAND]: sed -i -e '238s:^:return cmsg ;  :' /effFix-experiment/effFix-benchmark/lxc/null-ptr-5-lxc/src/src/lxc/af_unix.c
[Wed Jan 21 05:14:38 2026][COMMAND]: diff -u /effFix-experiment/effFix-benchmark/lxc/null-ptr-5-lxc/repair/af_unix.c.backup /effFix-experiment/effFix-benchmark/lxc/null-ptr-5-lxc/src/src/lxc/af_unix.c > /effFix-experiment/effFix-benchmark/lxc/null-ptr-5-lxc/repair/318.patch
[Wed Jan 21 05:14:38 2026][COMMAND]: /opt/infer/infer/bin/infer --pulse-only --pulse-max-disjuncts 100 --jobs 32 --reactive --pulse-fix-mode --pulse-fix-file=src/lxc/af_unix.c --pulse-fix-function=lxc_abstract_unix_send_credential -o /effFix-experiment/effFix-benchmark/lxc/null-ptr-5-lxc/repair/infer-out-single -- make -j4
[Wed Jan 21 05:14:38 2026][COMMAND]: sed -i -e '238s:^:if ( \& ...->msg_control != cmsg ) { return 0; }  :' /effFix-experiment/effFix-benchmark/lxc/null-ptr-5-lxc/src/src/lxc/af_unix.c
[Wed Jan 21 05:14:38 2026][COMMAND]: diff -u /effFix-experiment/effFix-benchmark/lxc/null-ptr-5-lxc/repair/af_unix.c.backup /effFix-experiment/effFix-benchmark/lxc/null-ptr-5-lxc/src/src/lxc/af_unix.c > /effFix-experiment/effFix-benchmark/lxc/null-ptr-5-lxc/repair/319.patch
[Wed Jan 21 05:14:38 2026][COMMAND]: /opt/infer/infer/bin/infer --pulse-only --pulse-max-disjuncts 100 --jobs 32 --reactive --pulse-fix-mode --pulse-fix-file=src/lxc/af_unix.c --pulse-fix-function=lxc_abstract_unix_send_credential -o /effFix-experiment/effFix-benchmark/lxc/null-ptr-5-lxc/repair/infer-out-single -- make -j4
[Wed Jan 21 05:14:38 2026][COMMAND]: sed -i -e '238s:$: return 0; free ( msg.msg_control ) ; :' /effFix-experiment/effFix-benchmark/lxc/null-ptr-5-lxc/src/src/lxc/af_unix.c
[Wed Jan 21 05:14:38 2026][COMMAND]: diff -u /effFix-experiment/effFix-benchmark/lxc/null-ptr-5-lxc/repair/af_unix.c.backup /effFix-experiment/effFix-benchmark/lxc/null-ptr-5-lxc/src/src/lxc/af_unix.c > /effFix-experiment/effFix-benchmark/lxc/null-ptr-5-lxc/repair/320.patch
[Wed Jan 21 05:14:38 2026][COMMAND]: /opt/infer/infer/bin/infer --pulse-only --pulse-max-disjuncts 100 --jobs 32 --reactive --pulse-fix-mode --pulse-fix-file=src/lxc/af_unix.c --pulse-fix-function=lxc_abstract_unix_send_credential -o /effFix-experiment/effFix-benchmark/lxc/null-ptr-5-lxc/repair/infer-out-single -- make -j4
[Wed Jan 21 05:14:38 2026][COMMAND]: sed -i -e '238s:$: msg.msg_control = NULL ; :' /effFix-experiment/effFix-benchmark/lxc/null-ptr-5-lxc/src/src/lxc/af_unix.c
[Wed Jan 21 05:14:38 2026][COMMAND]: diff -u /effFix-experiment/effFix-benchmark/lxc/null-ptr-5-lxc/repair/af_unix.c.backup /effFix-experiment/effFix-benchmark/lxc/null-ptr-5-lxc/src/src/lxc/af_unix.c > /effFix-experiment/effFix-benchmark/lxc/null-ptr-5-lxc/repair/321.patch
[Wed Jan 21 05:14:38 2026][COMMAND]: /opt/infer/infer/bin/infer --pulse-only --pulse-max-disjuncts 100 --jobs 32 --reactive --pulse-fix-mode --pulse-fix-file=src/lxc/af_unix.c --pulse-fix-function=lxc_abstract_unix_send_credential -o /effFix-experiment/effFix-benchmark/lxc/null-ptr-5-lxc/repair/infer-out-single -- make -j4
[Wed Jan 21 05:14:38 2026][COMMAND]: sed -i -e '238s:^:if ( msg.msg_controllen - \& ...->msg_controllen > \& ...->msg_controllen \&\& cmsg == NULL ) { return NULL ; }  :' /effFix-experiment/effFix-benchmark/lxc/null-ptr-5-lxc/src/src/lxc/af_unix.c
[Wed Jan 21 05:14:38 2026][COMMAND]: diff -u /effFix-experiment/effFix-benchmark/lxc/null-ptr-5-lxc/repair/af_unix.c.backup /effFix-experiment/effFix-benchmark/lxc/null-ptr-5-lxc/src/src/lxc/af_unix.c > /effFix-experiment/effFix-benchmark/lxc/null-ptr-5-lxc/repair/322.patch
[Wed Jan 21 05:14:38 2026][COMMAND]: /opt/infer/infer/bin/infer --pulse-only --pulse-max-disjuncts 100 --jobs 32 --reactive --pulse-fix-mode --pulse-fix-file=src/lxc/af_unix.c --pulse-fix-function=lxc_abstract_unix_send_credential -o /effFix-experiment/effFix-benchmark/lxc/null-ptr-5-lxc/repair/infer-out-single -- make -j4
[Wed Jan 21 05:14:38 2026][COMMAND]: sed -i -e '238s:^:cmsg->cmsg_len = msg.msg_controllen * cmsg->cmsg_len ;  :' /effFix-experiment/effFix-benchmark/lxc/null-ptr-5-lxc/src/src/lxc/af_unix.c
[Wed Jan 21 05:14:38 2026][COMMAND]: diff -u /effFix-experiment/effFix-benchmark/lxc/null-ptr-5-lxc/repair/af_unix.c.backup /effFix-experiment/effFix-benchmark/lxc/null-ptr-5-lxc/src/src/lxc/af_unix.c > /effFix-experiment/effFix-benchmark/lxc/null-ptr-5-lxc/repair/323.patch
[Wed Jan 21 05:14:38 2026][COMMAND]: /opt/infer/infer/bin/infer --pulse-only --pulse-max-disjuncts 100 --jobs 32 --reactive --pulse-fix-mode --pulse-fix-file=src/lxc/af_unix.c --pulse-fix-function=lxc_abstract_unix_send_credential -o /effFix-experiment/effFix-benchmark/lxc/null-ptr-5-lxc/repair/infer-out-single -- make -j4
[Wed Jan 21 05:14:39 2026][COMMAND]: sed -i -e '238s:^:return call to sendmsg;  :' /effFix-experiment/effFix-benchmark/lxc/null-ptr-5-lxc/src/src/lxc/af_unix.c
[Wed Jan 21 05:14:39 2026][COMMAND]: diff -u /effFix-experiment/effFix-benchmark/lxc/null-ptr-5-lxc/repair/af_unix.c.backup /effFix-experiment/effFix-benchmark/lxc/null-ptr-5-lxc/src/src/lxc/af_unix.c > /effFix-experiment/effFix-benchmark/lxc/null-ptr-5-lxc/repair/324.patch
[Wed Jan 21 05:14:39 2026][COMMAND]: /opt/infer/infer/bin/infer --pulse-only --pulse-max-disjuncts 100 --jobs 32 --reactive --pulse-fix-mode --pulse-fix-file=src/lxc/af_unix.c --pulse-fix-function=lxc_abstract_unix_send_credential -o /effFix-experiment/effFix-benchmark/lxc/null-ptr-5-lxc/repair/infer-out-single -- make -j4
[Wed Jan 21 05:14:39 2026][COMMAND]: sed -i -e '238s:^:if ( cmsg != NULL \&\& msg.msg_controllen > 1 ) { return NULL ; }  :' /effFix-experiment/effFix-benchmark/lxc/null-ptr-5-lxc/src/src/lxc/af_unix.c
[Wed Jan 21 05:14:39 2026][COMMAND]: diff -u /effFix-experiment/effFix-benchmark/lxc/null-ptr-5-lxc/repair/af_unix.c.backup /effFix-experiment/effFix-benchmark/lxc/null-ptr-5-lxc/src/src/lxc/af_unix.c > /effFix-experiment/effFix-benchmark/lxc/null-ptr-5-lxc/repair/325.patch
[Wed Jan 21 05:14:39 2026][COMMAND]: /opt/infer/infer/bin/infer --pulse-only --pulse-max-disjuncts 100 --jobs 32 --reactive --pulse-fix-mode --pulse-fix-file=src/lxc/af_unix.c --pulse-fix-function=lxc_abstract_unix_send_credential -o /effFix-experiment/effFix-benchmark/lxc/null-ptr-5-lxc/repair/infer-out-single -- make -j4
[Wed Jan 21 05:14:39 2026][COMMAND]: sed -i -e '238s:^:msg.msg_control = malloc ( sizeof ( * \& ...->msg_control ) ) ;  :' /effFix-experiment/effFix-benchmark/lxc/null-ptr-5-lxc/src/src/lxc/af_unix.c
[Wed Jan 21 05:14:39 2026][COMMAND]: diff -u /effFix-experiment/effFix-benchmark/lxc/null-ptr-5-lxc/repair/af_unix.c.backup /effFix-experiment/effFix-benchmark/lxc/null-ptr-5-lxc/src/src/lxc/af_unix.c > /effFix-experiment/effFix-benchmark/lxc/null-ptr-5-lxc/repair/326.patch
[Wed Jan 21 05:14:39 2026][COMMAND]: /opt/infer/infer/bin/infer --pulse-only --pulse-max-disjuncts 100 --jobs 32 --reactive --pulse-fix-mode --pulse-fix-file=src/lxc/af_unix.c --pulse-fix-function=lxc_abstract_unix_send_credential -o /effFix-experiment/effFix-benchmark/lxc/null-ptr-5-lxc/repair/infer-out-single -- make -j4
[Wed Jan 21 05:14:39 2026][COMMAND]: sed -i -e '238s:$: cmsg = NULL ; :' /effFix-experiment/effFix-benchmark/lxc/null-ptr-5-lxc/src/src/lxc/af_unix.c
[Wed Jan 21 05:14:39 2026][COMMAND]: diff -u /effFix-experiment/effFix-benchmark/lxc/null-ptr-5-lxc/repair/af_unix.c.backup /effFix-experiment/effFix-benchmark/lxc/null-ptr-5-lxc/src/src/lxc/af_unix.c > /effFix-experiment/effFix-benchmark/lxc/null-ptr-5-lxc/repair/327.patch
[Wed Jan 21 05:14:39 2026][COMMAND]: /opt/infer/infer/bin/infer --pulse-only --pulse-max-disjuncts 100 --jobs 32 --reactive --pulse-fix-mode --pulse-fix-file=src/lxc/af_unix.c --pulse-fix-function=lxc_abstract_unix_send_credential -o /effFix-experiment/effFix-benchmark/lxc/null-ptr-5-lxc/repair/infer-out-single -- make -j4
[Wed Jan 21 05:14:39 2026][COMMAND]: sed -i -e '238s:^:if ( ! ( \& ...->msg_control != msg.msg_control ) ) { return 0; }  :' /effFix-experiment/effFix-benchmark/lxc/null-ptr-5-lxc/src/src/lxc/af_unix.c
[Wed Jan 21 05:14:39 2026][COMMAND]: diff -u /effFix-experiment/effFix-benchmark/lxc/null-ptr-5-lxc/repair/af_unix.c.backup /effFix-experiment/effFix-benchmark/lxc/null-ptr-5-lxc/src/src/lxc/af_unix.c > /effFix-experiment/effFix-benchmark/lxc/null-ptr-5-lxc/repair/328.patch
[Wed Jan 21 05:14:39 2026][COMMAND]: /opt/infer/infer/bin/infer --pulse-only --pulse-max-disjuncts 100 --jobs 32 --reactive --pulse-fix-mode --pulse-fix-file=src/lxc/af_unix.c --pulse-fix-function=lxc_abstract_unix_send_credential -o /effFix-experiment/effFix-benchmark/lxc/null-ptr-5-lxc/repair/infer-out-single -- make -j4
[Wed Jan 21 05:14:39 2026][COMMAND]: sed -i -e '238s:$: cmsg = cmsg ; :' /effFix-experiment/effFix-benchmark/lxc/null-ptr-5-lxc/src/src/lxc/af_unix.c
[Wed Jan 21 05:14:39 2026][COMMAND]: diff -u /effFix-experiment/effFix-benchmark/lxc/null-ptr-5-lxc/repair/af_unix.c.backup /effFix-experiment/effFix-benchmark/lxc/null-ptr-5-lxc/src/src/lxc/af_unix.c > /effFix-experiment/effFix-benchmark/lxc/null-ptr-5-lxc/repair/329.patch
[Wed Jan 21 05:14:39 2026][COMMAND]: /opt/infer/infer/bin/infer --pulse-only --pulse-max-disjuncts 100 --jobs 32 --reactive --pulse-fix-mode --pulse-fix-file=src/lxc/af_unix.c --pulse-fix-function=lxc_abstract_unix_send_credential -o /effFix-experiment/effFix-benchmark/lxc/null-ptr-5-lxc/repair/infer-out-single -- make -j4
[Wed Jan 21 05:14:39 2026][COMMAND]: sed -i -e '238s:$: msg.msg_controllen = msg.msg_controllen * cmsg->cmsg_len ; :' /effFix-experiment/effFix-benchmark/lxc/null-ptr-5-lxc/src/src/lxc/af_unix.c
[Wed Jan 21 05:14:39 2026][COMMAND]: diff -u /effFix-experiment/effFix-benchmark/lxc/null-ptr-5-lxc/repair/af_unix.c.backup /effFix-experiment/effFix-benchmark/lxc/null-ptr-5-lxc/src/src/lxc/af_unix.c > /effFix-experiment/effFix-benchmark/lxc/null-ptr-5-lxc/repair/330.patch
[Wed Jan 21 05:14:39 2026][COMMAND]: /opt/infer/infer/bin/infer --pulse-only --pulse-max-disjuncts 100 --jobs 32 --reactive --pulse-fix-mode --pulse-fix-file=src/lxc/af_unix.c --pulse-fix-function=lxc_abstract_unix_send_credential -o /effFix-experiment/effFix-benchmark/lxc/null-ptr-5-lxc/repair/infer-out-single -- make -j4
[Wed Jan 21 05:14:39 2026][COMMAND]: sed -i -e '238s:$: return call to sendmsg; return 0; :' /effFix-experiment/effFix-benchmark/lxc/null-ptr-5-lxc/src/src/lxc/af_unix.c
[Wed Jan 21 05:14:39 2026][COMMAND]: diff -u /effFix-experiment/effFix-benchmark/lxc/null-ptr-5-lxc/repair/af_unix.c.backup /effFix-experiment/effFix-benchmark/lxc/null-ptr-5-lxc/src/src/lxc/af_unix.c > /effFix-experiment/effFix-benchmark/lxc/null-ptr-5-lxc/repair/331.patch
[Wed Jan 21 05:14:40 2026][COMMAND]: /opt/infer/infer/bin/infer --pulse-only --pulse-max-disjuncts 100 --jobs 32 --reactive --pulse-fix-mode --pulse-fix-file=src/lxc/af_unix.c --pulse-fix-function=lxc_abstract_unix_send_credential -o /effFix-experiment/effFix-benchmark/lxc/null-ptr-5-lxc/repair/infer-out-single -- make -j4
[Wed Jan 21 05:14:40 2026][COMMAND]: sed -i -e '238s:^:cmsg = malloc ( sizeof ( * cmsg ) ) ;  :' /effFix-experiment/effFix-benchmark/lxc/null-ptr-5-lxc/src/src/lxc/af_unix.c
[Wed Jan 21 05:14:40 2026][COMMAND]: diff -u /effFix-experiment/effFix-benchmark/lxc/null-ptr-5-lxc/repair/af_unix.c.backup /effFix-experiment/effFix-benchmark/lxc/null-ptr-5-lxc/src/src/lxc/af_unix.c > /effFix-experiment/effFix-benchmark/lxc/null-ptr-5-lxc/repair/332.patch
[Wed Jan 21 05:14:40 2026][COMMAND]: /opt/infer/infer/bin/infer --pulse-only --pulse-max-disjuncts 100 --jobs 32 --reactive --pulse-fix-mode --pulse-fix-file=src/lxc/af_unix.c --pulse-fix-function=lxc_abstract_unix_send_credential -o /effFix-experiment/effFix-benchmark/lxc/null-ptr-5-lxc/repair/infer-out-single -- make -j4
[Wed Jan 21 05:14:40 2026][COMMAND]: sed -i -e '238s:^:cmsg = \& ...->msg_control ;  :' /effFix-experiment/effFix-benchmark/lxc/null-ptr-5-lxc/src/src/lxc/af_unix.c
[Wed Jan 21 05:14:40 2026][COMMAND]: diff -u /effFix-experiment/effFix-benchmark/lxc/null-ptr-5-lxc/repair/af_unix.c.backup /effFix-experiment/effFix-benchmark/lxc/null-ptr-5-lxc/src/src/lxc/af_unix.c > /effFix-experiment/effFix-benchmark/lxc/null-ptr-5-lxc/repair/333.patch
[Wed Jan 21 05:14:40 2026][COMMAND]: /opt/infer/infer/bin/infer --pulse-only --pulse-max-disjuncts 100 --jobs 32 --reactive --pulse-fix-mode --pulse-fix-file=src/lxc/af_unix.c --pulse-fix-function=lxc_abstract_unix_send_credential -o /effFix-experiment/effFix-benchmark/lxc/null-ptr-5-lxc/repair/infer-out-single -- make -j4
[Wed Jan 21 05:14:40 2026][COMMAND]: sed -i -e '238s:$: cmsg->cmsg_len = cmsg->cmsg_len + cmsg->cmsg_len ; :' /effFix-experiment/effFix-benchmark/lxc/null-ptr-5-lxc/src/src/lxc/af_unix.c
[Wed Jan 21 05:14:40 2026][COMMAND]: diff -u /effFix-experiment/effFix-benchmark/lxc/null-ptr-5-lxc/repair/af_unix.c.backup /effFix-experiment/effFix-benchmark/lxc/null-ptr-5-lxc/src/src/lxc/af_unix.c > /effFix-experiment/effFix-benchmark/lxc/null-ptr-5-lxc/repair/334.patch
[Wed Jan 21 05:14:40 2026][COMMAND]: /opt/infer/infer/bin/infer --pulse-only --pulse-max-disjuncts 100 --jobs 32 --reactive --pulse-fix-mode --pulse-fix-file=src/lxc/af_unix.c --pulse-fix-function=lxc_abstract_unix_send_credential -o /effFix-experiment/effFix-benchmark/lxc/null-ptr-5-lxc/repair/infer-out-single -- make -j4
[Wed Jan 21 05:14:40 2026][COMMAND]: sed -i -e '238s:$: cmsg->cmsg_len = \& ...->msg_controllen ; :' /effFix-experiment/effFix-benchmark/lxc/null-ptr-5-lxc/src/src/lxc/af_unix.c
[Wed Jan 21 05:14:40 2026][COMMAND]: diff -u /effFix-experiment/effFix-benchmark/lxc/null-ptr-5-lxc/repair/af_unix.c.backup /effFix-experiment/effFix-benchmark/lxc/null-ptr-5-lxc/src/src/lxc/af_unix.c > /effFix-experiment/effFix-benchmark/lxc/null-ptr-5-lxc/repair/335.patch
[Wed Jan 21 05:14:40 2026][COMMAND]: /opt/infer/infer/bin/infer --pulse-only --pulse-max-disjuncts 100 --jobs 32 --reactive --pulse-fix-mode --pulse-fix-file=src/lxc/af_unix.c --pulse-fix-function=lxc_abstract_unix_send_credential -o /effFix-experiment/effFix-benchmark/lxc/null-ptr-5-lxc/repair/infer-out-single -- make -j4
[Wed Jan 21 05:14:40 2026][COMMAND]: sed -i -e '238s:$: free ( \& ...->msg_control ) ; free ( \& ...->msg_control ) ; :' /effFix-experiment/effFix-benchmark/lxc/null-ptr-5-lxc/src/src/lxc/af_unix.c
[Wed Jan 21 05:14:40 2026][COMMAND]: diff -u /effFix-experiment/effFix-benchmark/lxc/null-ptr-5-lxc/repair/af_unix.c.backup /effFix-experiment/effFix-benchmark/lxc/null-ptr-5-lxc/src/src/lxc/af_unix.c > /effFix-experiment/effFix-benchmark/lxc/null-ptr-5-lxc/repair/336.patch
[Wed Jan 21 05:14:40 2026][COMMAND]: /opt/infer/infer/bin/infer --pulse-only --pulse-max-disjuncts 100 --jobs 32 --reactive --pulse-fix-mode --pulse-fix-file=src/lxc/af_unix.c --pulse-fix-function=lxc_abstract_unix_send_credential -o /effFix-experiment/effFix-benchmark/lxc/null-ptr-5-lxc/repair/infer-out-single -- make -j4
[Wed Jan 21 05:14:40 2026][COMMAND]: sed -i -e '238s:$: free ( msg.msg_control ) ; msg.msg_controllen = cmsg->cmsg_len - \& ...->msg_controllen ; :' /effFix-experiment/effFix-benchmark/lxc/null-ptr-5-lxc/src/src/lxc/af_unix.c
[Wed Jan 21 05:14:40 2026][COMMAND]: diff -u /effFix-experiment/effFix-benchmark/lxc/null-ptr-5-lxc/repair/af_unix.c.backup /effFix-experiment/effFix-benchmark/lxc/null-ptr-5-lxc/src/src/lxc/af_unix.c > /effFix-experiment/effFix-benchmark/lxc/null-ptr-5-lxc/repair/337.patch
[Wed Jan 21 05:14:40 2026][COMMAND]: /opt/infer/infer/bin/infer --pulse-only --pulse-max-disjuncts 100 --jobs 32 --reactive --pulse-fix-mode --pulse-fix-file=src/lxc/af_unix.c --pulse-fix-function=lxc_abstract_unix_send_credential -o /effFix-experiment/effFix-benchmark/lxc/null-ptr-5-lxc/repair/infer-out-single -- make -j4
[Wed Jan 21 05:14:40 2026][COMMAND]: sed -i -e '238s:^:\& ...->msg_control = \& ...->msg_control ;  :' /effFix-experiment/effFix-benchmark/lxc/null-ptr-5-lxc/src/src/lxc/af_unix.c
[Wed Jan 21 05:14:40 2026][COMMAND]: diff -u /effFix-experiment/effFix-benchmark/lxc/null-ptr-5-lxc/repair/af_unix.c.backup /effFix-experiment/effFix-benchmark/lxc/null-ptr-5-lxc/src/src/lxc/af_unix.c > /effFix-experiment/effFix-benchmark/lxc/null-ptr-5-lxc/repair/338.patch
[Wed Jan 21 05:14:40 2026][COMMAND]: /opt/infer/infer/bin/infer --pulse-only --pulse-max-disjuncts 100 --jobs 32 --reactive --pulse-fix-mode --pulse-fix-file=src/lxc/af_unix.c --pulse-fix-function=lxc_abstract_unix_send_credential -o /effFix-experiment/effFix-benchmark/lxc/null-ptr-5-lxc/repair/infer-out-single -- make -j4
[Wed Jan 21 05:14:40 2026][COMMAND]: sed -i -e '238s:^:msg.msg_controllen = \& ...->msg_controllen * msg.msg_controllen ;  :' /effFix-experiment/effFix-benchmark/lxc/null-ptr-5-lxc/src/src/lxc/af_unix.c
[Wed Jan 21 05:14:40 2026][COMMAND]: diff -u /effFix-experiment/effFix-benchmark/lxc/null-ptr-5-lxc/repair/af_unix.c.backup /effFix-experiment/effFix-benchmark/lxc/null-ptr-5-lxc/src/src/lxc/af_unix.c > /effFix-experiment/effFix-benchmark/lxc/null-ptr-5-lxc/repair/339.patch
[Wed Jan 21 05:14:40 2026][COMMAND]: /opt/infer/infer/bin/infer --pulse-only --pulse-max-disjuncts 100 --jobs 32 --reactive --pulse-fix-mode --pulse-fix-file=src/lxc/af_unix.c --pulse-fix-function=lxc_abstract_unix_send_credential -o /effFix-experiment/effFix-benchmark/lxc/null-ptr-5-lxc/repair/infer-out-single -- make -j4
[Wed Jan 21 05:14:41 2026][COMMAND]: sed -i -e '238s:^:return NULL ; cmsg->cmsg_len = cmsg->cmsg_len ;  :' /effFix-experiment/effFix-benchmark/lxc/null-ptr-5-lxc/src/src/lxc/af_unix.c
[Wed Jan 21 05:14:41 2026][COMMAND]: diff -u /effFix-experiment/effFix-benchmark/lxc/null-ptr-5-lxc/repair/af_unix.c.backup /effFix-experiment/effFix-benchmark/lxc/null-ptr-5-lxc/src/src/lxc/af_unix.c > /effFix-experiment/effFix-benchmark/lxc/null-ptr-5-lxc/repair/340.patch
[Wed Jan 21 05:14:41 2026][COMMAND]: /opt/infer/infer/bin/infer --pulse-only --pulse-max-disjuncts 100 --jobs 32 --reactive --pulse-fix-mode --pulse-fix-file=src/lxc/af_unix.c --pulse-fix-function=lxc_abstract_unix_send_credential -o /effFix-experiment/effFix-benchmark/lxc/null-ptr-5-lxc/repair/infer-out-single -- make -j4
[Wed Jan 21 05:14:41 2026][COMMAND]: sed -i -e '238s:^:msg.msg_control = malloc ( sizeof ( * \& ...->msg_control ) ) ; msg.msg_control = cmsg ;  :' /effFix-experiment/effFix-benchmark/lxc/null-ptr-5-lxc/src/src/lxc/af_unix.c
[Wed Jan 21 05:14:41 2026][COMMAND]: diff -u /effFix-experiment/effFix-benchmark/lxc/null-ptr-5-lxc/repair/af_unix.c.backup /effFix-experiment/effFix-benchmark/lxc/null-ptr-5-lxc/src/src/lxc/af_unix.c > /effFix-experiment/effFix-benchmark/lxc/null-ptr-5-lxc/repair/341.patch
[Wed Jan 21 05:14:41 2026][COMMAND]: /opt/infer/infer/bin/infer --pulse-only --pulse-max-disjuncts 100 --jobs 32 --reactive --pulse-fix-mode --pulse-fix-file=src/lxc/af_unix.c --pulse-fix-function=lxc_abstract_unix_send_credential -o /effFix-experiment/effFix-benchmark/lxc/null-ptr-5-lxc/repair/infer-out-single -- make -j4
[Wed Jan 21 05:14:41 2026][COMMAND]: sed -i -e '238s:^:return call to sendmsg; \& ...->msg_control = malloc ( sizeof ( * \& ...->msg_control ) ) ;  :' /effFix-experiment/effFix-benchmark/lxc/null-ptr-5-lxc/src/src/lxc/af_unix.c
[Wed Jan 21 05:14:41 2026][COMMAND]: diff -u /effFix-experiment/effFix-benchmark/lxc/null-ptr-5-lxc/repair/af_unix.c.backup /effFix-experiment/effFix-benchmark/lxc/null-ptr-5-lxc/src/src/lxc/af_unix.c > /effFix-experiment/effFix-benchmark/lxc/null-ptr-5-lxc/repair/342.patch
[Wed Jan 21 05:14:41 2026][COMMAND]: /opt/infer/infer/bin/infer --pulse-only --pulse-max-disjuncts 100 --jobs 32 --reactive --pulse-fix-mode --pulse-fix-file=src/lxc/af_unix.c --pulse-fix-function=lxc_abstract_unix_send_credential -o /effFix-experiment/effFix-benchmark/lxc/null-ptr-5-lxc/repair/infer-out-single -- make -j4
[Wed Jan 21 05:14:41 2026][COMMAND]: sed -i -e '238s:^:free ( cmsg ) ;  :' /effFix-experiment/effFix-benchmark/lxc/null-ptr-5-lxc/src/src/lxc/af_unix.c
[Wed Jan 21 05:14:41 2026][COMMAND]: diff -u /effFix-experiment/effFix-benchmark/lxc/null-ptr-5-lxc/repair/af_unix.c.backup /effFix-experiment/effFix-benchmark/lxc/null-ptr-5-lxc/src/src/lxc/af_unix.c > /effFix-experiment/effFix-benchmark/lxc/null-ptr-5-lxc/repair/343.patch
[Wed Jan 21 05:14:41 2026][COMMAND]: /opt/infer/infer/bin/infer --pulse-only --pulse-max-disjuncts 100 --jobs 32 --reactive --pulse-fix-mode --pulse-fix-file=src/lxc/af_unix.c --pulse-fix-function=lxc_abstract_unix_send_credential -o /effFix-experiment/effFix-benchmark/lxc/null-ptr-5-lxc/repair/infer-out-single -- make -j4
[Wed Jan 21 05:14:41 2026][COMMAND]: sed -i -e '238s:^:return 0; return NULL ;  :' /effFix-experiment/effFix-benchmark/lxc/null-ptr-5-lxc/src/src/lxc/af_unix.c
[Wed Jan 21 05:14:41 2026][COMMAND]: diff -u /effFix-experiment/effFix-benchmark/lxc/null-ptr-5-lxc/repair/af_unix.c.backup /effFix-experiment/effFix-benchmark/lxc/null-ptr-5-lxc/src/src/lxc/af_unix.c > /effFix-experiment/effFix-benchmark/lxc/null-ptr-5-lxc/repair/344.patch
[Wed Jan 21 05:14:41 2026][COMMAND]: /opt/infer/infer/bin/infer --pulse-only --pulse-max-disjuncts 100 --jobs 32 --reactive --pulse-fix-mode --pulse-fix-file=src/lxc/af_unix.c --pulse-fix-function=lxc_abstract_unix_send_credential -o /effFix-experiment/effFix-benchmark/lxc/null-ptr-5-lxc/repair/infer-out-single -- make -j4
[Wed Jan 21 05:14:41 2026][COMMAND]: sed -i -e '238s:$: return call to sendmsg; :' /effFix-experiment/effFix-benchmark/lxc/null-ptr-5-lxc/src/src/lxc/af_unix.c
[Wed Jan 21 05:14:41 2026][COMMAND]: diff -u /effFix-experiment/effFix-benchmark/lxc/null-ptr-5-lxc/repair/af_unix.c.backup /effFix-experiment/effFix-benchmark/lxc/null-ptr-5-lxc/src/src/lxc/af_unix.c > /effFix-experiment/effFix-benchmark/lxc/null-ptr-5-lxc/repair/345.patch
[Wed Jan 21 05:14:41 2026][COMMAND]: /opt/infer/infer/bin/infer --pulse-only --pulse-max-disjuncts 100 --jobs 32 --reactive --pulse-fix-mode --pulse-fix-file=src/lxc/af_unix.c --pulse-fix-function=lxc_abstract_unix_send_credential -o /effFix-experiment/effFix-benchmark/lxc/null-ptr-5-lxc/repair/infer-out-single -- make -j4
[Wed Jan 21 05:14:41 2026][COMMAND]: sed -i -e '238s:$: cmsg = malloc ( sizeof ( * \& ...->msg_control ) ) ; :' /effFix-experiment/effFix-benchmark/lxc/null-ptr-5-lxc/src/src/lxc/af_unix.c
[Wed Jan 21 05:14:41 2026][COMMAND]: diff -u /effFix-experiment/effFix-benchmark/lxc/null-ptr-5-lxc/repair/af_unix.c.backup /effFix-experiment/effFix-benchmark/lxc/null-ptr-5-lxc/src/src/lxc/af_unix.c > /effFix-experiment/effFix-benchmark/lxc/null-ptr-5-lxc/repair/346.patch
[Wed Jan 21 05:14:41 2026][COMMAND]: /opt/infer/infer/bin/infer --pulse-only --pulse-max-disjuncts 100 --jobs 32 --reactive --pulse-fix-mode --pulse-fix-file=src/lxc/af_unix.c --pulse-fix-function=lxc_abstract_unix_send_credential -o /effFix-experiment/effFix-benchmark/lxc/null-ptr-5-lxc/repair/infer-out-single -- make -j4
[Wed Jan 21 05:14:41 2026][COMMAND]: sed -i -e '238s:^:cmsg = malloc ( sizeof ( * msg.msg_control ) ) ;  :' /effFix-experiment/effFix-benchmark/lxc/null-ptr-5-lxc/src/src/lxc/af_unix.c
[Wed Jan 21 05:14:41 2026][COMMAND]: diff -u /effFix-experiment/effFix-benchmark/lxc/null-ptr-5-lxc/repair/af_unix.c.backup /effFix-experiment/effFix-benchmark/lxc/null-ptr-5-lxc/src/src/lxc/af_unix.c > /effFix-experiment/effFix-benchmark/lxc/null-ptr-5-lxc/repair/347.patch
[Wed Jan 21 05:14:41 2026][COMMAND]: /opt/infer/infer/bin/infer --pulse-only --pulse-max-disjuncts 100 --jobs 32 --reactive --pulse-fix-mode --pulse-fix-file=src/lxc/af_unix.c --pulse-fix-function=lxc_abstract_unix_send_credential -o /effFix-experiment/effFix-benchmark/lxc/null-ptr-5-lxc/repair/infer-out-single -- make -j4
[Wed Jan 21 05:14:41 2026][COMMAND]: sed -i -e '238s:$: \& ...->msg_control = \& ...->msg_control ; if ( cmsg->cmsg_len * cmsg->cmsg_len >= 1 ) { msg.msg_control = malloc ( sizeof ( * cmsg ) ) ; } :' /effFix-experiment/effFix-benchmark/lxc/null-ptr-5-lxc/src/src/lxc/af_unix.c
[Wed Jan 21 05:14:41 2026][COMMAND]: diff -u /effFix-experiment/effFix-benchmark/lxc/null-ptr-5-lxc/repair/af_unix.c.backup /effFix-experiment/effFix-benchmark/lxc/null-ptr-5-lxc/src/src/lxc/af_unix.c > /effFix-experiment/effFix-benchmark/lxc/null-ptr-5-lxc/repair/348.patch
[Wed Jan 21 05:14:42 2026][COMMAND]: /opt/infer/infer/bin/infer --pulse-only --pulse-max-disjuncts 100 --jobs 32 --reactive --pulse-fix-mode --pulse-fix-file=src/lxc/af_unix.c --pulse-fix-function=lxc_abstract_unix_send_credential -o /effFix-experiment/effFix-benchmark/lxc/null-ptr-5-lxc/repair/infer-out-single -- make -j4
[Wed Jan 21 05:14:42 2026][COMMAND]: sed -i -e '238s:^:cmsg = cmsg ; return call to sendmsg;  :' /effFix-experiment/effFix-benchmark/lxc/null-ptr-5-lxc/src/src/lxc/af_unix.c
[Wed Jan 21 05:14:42 2026][COMMAND]: diff -u /effFix-experiment/effFix-benchmark/lxc/null-ptr-5-lxc/repair/af_unix.c.backup /effFix-experiment/effFix-benchmark/lxc/null-ptr-5-lxc/src/src/lxc/af_unix.c > /effFix-experiment/effFix-benchmark/lxc/null-ptr-5-lxc/repair/349.patch
[Wed Jan 21 05:14:42 2026][COMMAND]: /opt/infer/infer/bin/infer --pulse-only --pulse-max-disjuncts 100 --jobs 32 --reactive --pulse-fix-mode --pulse-fix-file=src/lxc/af_unix.c --pulse-fix-function=lxc_abstract_unix_send_credential -o /effFix-experiment/effFix-benchmark/lxc/null-ptr-5-lxc/repair/infer-out-single -- make -j4
[Wed Jan 21 05:14:42 2026][COMMAND]: sed -i -e '238s:$: \& ...->msg_controllen = msg.msg_controllen ; :' /effFix-experiment/effFix-benchmark/lxc/null-ptr-5-lxc/src/src/lxc/af_unix.c
[Wed Jan 21 05:14:42 2026][COMMAND]: diff -u /effFix-experiment/effFix-benchmark/lxc/null-ptr-5-lxc/repair/af_unix.c.backup /effFix-experiment/effFix-benchmark/lxc/null-ptr-5-lxc/src/src/lxc/af_unix.c > /effFix-experiment/effFix-benchmark/lxc/null-ptr-5-lxc/repair/350.patch
[Wed Jan 21 05:14:42 2026][COMMAND]: /opt/infer/infer/bin/infer --pulse-only --pulse-max-disjuncts 100 --jobs 32 --reactive --pulse-fix-mode --pulse-fix-file=src/lxc/af_unix.c --pulse-fix-function=lxc_abstract_unix_send_credential -o /effFix-experiment/effFix-benchmark/lxc/null-ptr-5-lxc/repair/infer-out-single -- make -j4
[Wed Jan 21 05:14:42 2026][COMMAND]: sed -i -e '238s:$: return msg.msg_control ; :' /effFix-experiment/effFix-benchmark/lxc/null-ptr-5-lxc/src/src/lxc/af_unix.c
[Wed Jan 21 05:14:42 2026][COMMAND]: diff -u /effFix-experiment/effFix-benchmark/lxc/null-ptr-5-lxc/repair/af_unix.c.backup /effFix-experiment/effFix-benchmark/lxc/null-ptr-5-lxc/src/src/lxc/af_unix.c > /effFix-experiment/effFix-benchmark/lxc/null-ptr-5-lxc/repair/351.patch
[Wed Jan 21 05:14:42 2026][COMMAND]: /opt/infer/infer/bin/infer --pulse-only --pulse-max-disjuncts 100 --jobs 32 --reactive --pulse-fix-mode --pulse-fix-file=src/lxc/af_unix.c --pulse-fix-function=lxc_abstract_unix_send_credential -o /effFix-experiment/effFix-benchmark/lxc/null-ptr-5-lxc/repair/infer-out-single -- make -j4
[Wed Jan 21 05:14:42 2026][COMMAND]: sed -i -e '238s:^:msg.msg_controllen = \& ...->msg_controllen ;  :' /effFix-experiment/effFix-benchmark/lxc/null-ptr-5-lxc/src/src/lxc/af_unix.c
[Wed Jan 21 05:14:42 2026][COMMAND]: diff -u /effFix-experiment/effFix-benchmark/lxc/null-ptr-5-lxc/repair/af_unix.c.backup /effFix-experiment/effFix-benchmark/lxc/null-ptr-5-lxc/src/src/lxc/af_unix.c > /effFix-experiment/effFix-benchmark/lxc/null-ptr-5-lxc/repair/352.patch
[Wed Jan 21 05:14:42 2026][COMMAND]: /opt/infer/infer/bin/infer --pulse-only --pulse-max-disjuncts 100 --jobs 32 --reactive --pulse-fix-mode --pulse-fix-file=src/lxc/af_unix.c --pulse-fix-function=lxc_abstract_unix_send_credential -o /effFix-experiment/effFix-benchmark/lxc/null-ptr-5-lxc/repair/infer-out-single -- make -j4
[Wed Jan 21 05:14:42 2026][COMMAND]: sed -i -e '238s:^:msg.msg_controllen = cmsg->cmsg_len + msg.msg_controllen ;  :' /effFix-experiment/effFix-benchmark/lxc/null-ptr-5-lxc/src/src/lxc/af_unix.c
[Wed Jan 21 05:14:42 2026][COMMAND]: diff -u /effFix-experiment/effFix-benchmark/lxc/null-ptr-5-lxc/repair/af_unix.c.backup /effFix-experiment/effFix-benchmark/lxc/null-ptr-5-lxc/src/src/lxc/af_unix.c > /effFix-experiment/effFix-benchmark/lxc/null-ptr-5-lxc/repair/353.patch
[Wed Jan 21 05:14:42 2026][COMMAND]: /opt/infer/infer/bin/infer --pulse-only --pulse-max-disjuncts 100 --jobs 32 --reactive --pulse-fix-mode --pulse-fix-file=src/lxc/af_unix.c --pulse-fix-function=lxc_abstract_unix_send_credential -o /effFix-experiment/effFix-benchmark/lxc/null-ptr-5-lxc/repair/infer-out-single -- make -j4
[Wed Jan 21 05:14:43 2026][COMMAND]: sed -i -e '238s:$: \& ...->msg_control = cmsg ; :' /effFix-experiment/effFix-benchmark/lxc/null-ptr-5-lxc/src/src/lxc/af_unix.c
[Wed Jan 21 05:14:43 2026][COMMAND]: diff -u /effFix-experiment/effFix-benchmark/lxc/null-ptr-5-lxc/repair/af_unix.c.backup /effFix-experiment/effFix-benchmark/lxc/null-ptr-5-lxc/src/src/lxc/af_unix.c > /effFix-experiment/effFix-benchmark/lxc/null-ptr-5-lxc/repair/354.patch
[Wed Jan 21 05:14:43 2026][COMMAND]: /opt/infer/infer/bin/infer --pulse-only --pulse-max-disjuncts 100 --jobs 32 --reactive --pulse-fix-mode --pulse-fix-file=src/lxc/af_unix.c --pulse-fix-function=lxc_abstract_unix_send_credential -o /effFix-experiment/effFix-benchmark/lxc/null-ptr-5-lxc/repair/infer-out-single -- make -j4
[Wed Jan 21 05:14:43 2026][COMMAND]: sed -i -e '238s:^:free ( cmsg ) ; \& ...->msg_controllen = cmsg->cmsg_len ;  :' /effFix-experiment/effFix-benchmark/lxc/null-ptr-5-lxc/src/src/lxc/af_unix.c
[Wed Jan 21 05:14:43 2026][COMMAND]: diff -u /effFix-experiment/effFix-benchmark/lxc/null-ptr-5-lxc/repair/af_unix.c.backup /effFix-experiment/effFix-benchmark/lxc/null-ptr-5-lxc/src/src/lxc/af_unix.c > /effFix-experiment/effFix-benchmark/lxc/null-ptr-5-lxc/repair/355.patch
[Wed Jan 21 05:14:43 2026][COMMAND]: /opt/infer/infer/bin/infer --pulse-only --pulse-max-disjuncts 100 --jobs 32 --reactive --pulse-fix-mode --pulse-fix-file=src/lxc/af_unix.c --pulse-fix-function=lxc_abstract_unix_send_credential -o /effFix-experiment/effFix-benchmark/lxc/null-ptr-5-lxc/repair/infer-out-single -- make -j4
[Wed Jan 21 05:14:43 2026][COMMAND]: sed -i -e '238s:$: \& ...->msg_controllen = \& ...->msg_controllen / cmsg->cmsg_len ; :' /effFix-experiment/effFix-benchmark/lxc/null-ptr-5-lxc/src/src/lxc/af_unix.c
[Wed Jan 21 05:14:43 2026][COMMAND]: diff -u /effFix-experiment/effFix-benchmark/lxc/null-ptr-5-lxc/repair/af_unix.c.backup /effFix-experiment/effFix-benchmark/lxc/null-ptr-5-lxc/src/src/lxc/af_unix.c > /effFix-experiment/effFix-benchmark/lxc/null-ptr-5-lxc/repair/356.patch
[Wed Jan 21 05:14:43 2026][COMMAND]: /opt/infer/infer/bin/infer --pulse-only --pulse-max-disjuncts 100 --jobs 32 --reactive --pulse-fix-mode --pulse-fix-file=src/lxc/af_unix.c --pulse-fix-function=lxc_abstract_unix_send_credential -o /effFix-experiment/effFix-benchmark/lxc/null-ptr-5-lxc/repair/infer-out-single -- make -j4
[Wed Jan 21 05:14:43 2026][COMMAND]: sed -i -e '238s:$: msg.msg_controllen = cmsg->cmsg_len ; :' /effFix-experiment/effFix-benchmark/lxc/null-ptr-5-lxc/src/src/lxc/af_unix.c
[Wed Jan 21 05:14:43 2026][COMMAND]: diff -u /effFix-experiment/effFix-benchmark/lxc/null-ptr-5-lxc/repair/af_unix.c.backup /effFix-experiment/effFix-benchmark/lxc/null-ptr-5-lxc/src/src/lxc/af_unix.c > /effFix-experiment/effFix-benchmark/lxc/null-ptr-5-lxc/repair/357.patch
[Wed Jan 21 05:14:43 2026][COMMAND]: /opt/infer/infer/bin/infer --pulse-only --pulse-max-disjuncts 100 --jobs 32 --reactive --pulse-fix-mode --pulse-fix-file=src/lxc/af_unix.c --pulse-fix-function=lxc_abstract_unix_send_credential -o /effFix-experiment/effFix-benchmark/lxc/null-ptr-5-lxc/repair/infer-out-single -- make -j4
[Wed Jan 21 05:14:43 2026][COMMAND]: sed -i -e '238s:$: msg.msg_control = malloc ( sizeof ( * cmsg ) ) ; :' /effFix-experiment/effFix-benchmark/lxc/null-ptr-5-lxc/src/src/lxc/af_unix.c
[Wed Jan 21 05:14:43 2026][COMMAND]: diff -u /effFix-experiment/effFix-benchmark/lxc/null-ptr-5-lxc/repair/af_unix.c.backup /effFix-experiment/effFix-benchmark/lxc/null-ptr-5-lxc/src/src/lxc/af_unix.c > /effFix-experiment/effFix-benchmark/lxc/null-ptr-5-lxc/repair/358.patch
[Wed Jan 21 05:14:43 2026][COMMAND]: /opt/infer/infer/bin/infer --pulse-only --pulse-max-disjuncts 100 --jobs 32 --reactive --pulse-fix-mode --pulse-fix-file=src/lxc/af_unix.c --pulse-fix-function=lxc_abstract_unix_send_credential -o /effFix-experiment/effFix-benchmark/lxc/null-ptr-5-lxc/repair/infer-out-single -- make -j4
[Wed Jan 21 05:14:43 2026][COMMAND]: sed -i -e '238s:$: if ( ! ( cmsg->cmsg_len - cmsg->cmsg_len == 0 ) ) { return call to sendmsg; } :' /effFix-experiment/effFix-benchmark/lxc/null-ptr-5-lxc/src/src/lxc/af_unix.c
[Wed Jan 21 05:14:43 2026][COMMAND]: diff -u /effFix-experiment/effFix-benchmark/lxc/null-ptr-5-lxc/repair/af_unix.c.backup /effFix-experiment/effFix-benchmark/lxc/null-ptr-5-lxc/src/src/lxc/af_unix.c > /effFix-experiment/effFix-benchmark/lxc/null-ptr-5-lxc/repair/359.patch
[Wed Jan 21 05:14:43 2026][COMMAND]: /opt/infer/infer/bin/infer --pulse-only --pulse-max-disjuncts 100 --jobs 32 --reactive --pulse-fix-mode --pulse-fix-file=src/lxc/af_unix.c --pulse-fix-function=lxc_abstract_unix_send_credential -o /effFix-experiment/effFix-benchmark/lxc/null-ptr-5-lxc/repair/infer-out-single -- make -j4
[Wed Jan 21 05:14:43 2026][COMMAND]: sed -i -e '238s:^:\& ...->msg_controllen = \& ...->msg_controllen + msg.msg_controllen ;  :' /effFix-experiment/effFix-benchmark/lxc/null-ptr-5-lxc/src/src/lxc/af_unix.c
[Wed Jan 21 05:14:43 2026][COMMAND]: diff -u /effFix-experiment/effFix-benchmark/lxc/null-ptr-5-lxc/repair/af_unix.c.backup /effFix-experiment/effFix-benchmark/lxc/null-ptr-5-lxc/src/src/lxc/af_unix.c > /effFix-experiment/effFix-benchmark/lxc/null-ptr-5-lxc/repair/360.patch
[Wed Jan 21 05:14:43 2026][COMMAND]: /opt/infer/infer/bin/infer --pulse-only --pulse-max-disjuncts 100 --jobs 32 --reactive --pulse-fix-mode --pulse-fix-file=src/lxc/af_unix.c --pulse-fix-function=lxc_abstract_unix_send_credential -o /effFix-experiment/effFix-benchmark/lxc/null-ptr-5-lxc/repair/infer-out-single -- make -j4
[Wed Jan 21 05:14:44 2026][COMMAND]: sed -i -e '238s:$: if ( ! ( cmsg == \& ...->msg_control ) ) { return call to sendmsg; } :' /effFix-experiment/effFix-benchmark/lxc/null-ptr-5-lxc/src/src/lxc/af_unix.c
[Wed Jan 21 05:14:44 2026][COMMAND]: diff -u /effFix-experiment/effFix-benchmark/lxc/null-ptr-5-lxc/repair/af_unix.c.backup /effFix-experiment/effFix-benchmark/lxc/null-ptr-5-lxc/src/src/lxc/af_unix.c > /effFix-experiment/effFix-benchmark/lxc/null-ptr-5-lxc/repair/361.patch
[Wed Jan 21 05:14:44 2026][COMMAND]: /opt/infer/infer/bin/infer --pulse-only --pulse-max-disjuncts 100 --jobs 32 --reactive --pulse-fix-mode --pulse-fix-file=src/lxc/af_unix.c --pulse-fix-function=lxc_abstract_unix_send_credential -o /effFix-experiment/effFix-benchmark/lxc/null-ptr-5-lxc/repair/infer-out-single -- make -j4
[Wed Jan 21 05:14:44 2026][COMMAND]: sed -i -e '238s:$: if ( \& ...->msg_controllen > cmsg->cmsg_len || cmsg->cmsg_len - \& ...->msg_controllen > cmsg->cmsg_len ) { cmsg->cmsg_len = \& ...->msg_controllen + msg.msg_controllen ; msg.msg_controllen = cmsg->cmsg_len * cmsg->cmsg_len ; } :' /effFix-experiment/effFix-benchmark/lxc/null-ptr-5-lxc/src/src/lxc/af_unix.c
[Wed Jan 21 05:14:44 2026][COMMAND]: diff -u /effFix-experiment/effFix-benchmark/lxc/null-ptr-5-lxc/repair/af_unix.c.backup /effFix-experiment/effFix-benchmark/lxc/null-ptr-5-lxc/src/src/lxc/af_unix.c > /effFix-experiment/effFix-benchmark/lxc/null-ptr-5-lxc/repair/362.patch
[Wed Jan 21 05:14:44 2026][COMMAND]: /opt/infer/infer/bin/infer --pulse-only --pulse-max-disjuncts 100 --jobs 32 --reactive --pulse-fix-mode --pulse-fix-file=src/lxc/af_unix.c --pulse-fix-function=lxc_abstract_unix_send_credential -o /effFix-experiment/effFix-benchmark/lxc/null-ptr-5-lxc/repair/infer-out-single -- make -j4
[Wed Jan 21 05:14:44 2026][COMMAND]: sed -i -e '238s:^:return msg.msg_control ;  :' /effFix-experiment/effFix-benchmark/lxc/null-ptr-5-lxc/src/src/lxc/af_unix.c
[Wed Jan 21 05:14:44 2026][COMMAND]: diff -u /effFix-experiment/effFix-benchmark/lxc/null-ptr-5-lxc/repair/af_unix.c.backup /effFix-experiment/effFix-benchmark/lxc/null-ptr-5-lxc/src/src/lxc/af_unix.c > /effFix-experiment/effFix-benchmark/lxc/null-ptr-5-lxc/repair/363.patch
[Wed Jan 21 05:14:44 2026][COMMAND]: /opt/infer/infer/bin/infer --pulse-only --pulse-max-disjuncts 100 --jobs 32 --reactive --pulse-fix-mode --pulse-fix-file=src/lxc/af_unix.c --pulse-fix-function=lxc_abstract_unix_send_credential -o /effFix-experiment/effFix-benchmark/lxc/null-ptr-5-lxc/repair/infer-out-single -- make -j4
[Wed Jan 21 05:14:44 2026][COMMAND]: sed -i -e '238s:^:cmsg = cmsg ;  :' /effFix-experiment/effFix-benchmark/lxc/null-ptr-5-lxc/src/src/lxc/af_unix.c
[Wed Jan 21 05:14:44 2026][COMMAND]: diff -u /effFix-experiment/effFix-benchmark/lxc/null-ptr-5-lxc/repair/af_unix.c.backup /effFix-experiment/effFix-benchmark/lxc/null-ptr-5-lxc/src/src/lxc/af_unix.c > /effFix-experiment/effFix-benchmark/lxc/null-ptr-5-lxc/repair/364.patch
[Wed Jan 21 05:14:44 2026][COMMAND]: /opt/infer/infer/bin/infer --pulse-only --pulse-max-disjuncts 100 --jobs 32 --reactive --pulse-fix-mode --pulse-fix-file=src/lxc/af_unix.c --pulse-fix-function=lxc_abstract_unix_send_credential -o /effFix-experiment/effFix-benchmark/lxc/null-ptr-5-lxc/repair/infer-out-single -- make -j4
[Wed Jan 21 05:14:44 2026][COMMAND]: sed -i -e '238s:$: return NULL ; msg.msg_controllen = \& ...->msg_controllen * cmsg->cmsg_len ; :' /effFix-experiment/effFix-benchmark/lxc/null-ptr-5-lxc/src/src/lxc/af_unix.c
[Wed Jan 21 05:14:44 2026][COMMAND]: diff -u /effFix-experiment/effFix-benchmark/lxc/null-ptr-5-lxc/repair/af_unix.c.backup /effFix-experiment/effFix-benchmark/lxc/null-ptr-5-lxc/src/src/lxc/af_unix.c > /effFix-experiment/effFix-benchmark/lxc/null-ptr-5-lxc/repair/365.patch
[Wed Jan 21 05:14:44 2026][COMMAND]: /opt/infer/infer/bin/infer --pulse-only --pulse-max-disjuncts 100 --jobs 32 --reactive --pulse-fix-mode --pulse-fix-file=src/lxc/af_unix.c --pulse-fix-function=lxc_abstract_unix_send_credential -o /effFix-experiment/effFix-benchmark/lxc/null-ptr-5-lxc/repair/infer-out-single -- make -j4
[Wed Jan 21 05:14:44 2026][COMMAND]: sed -i -e '238s:$: \& ...->msg_controllen = msg.msg_controllen + cmsg->cmsg_len ; :' /effFix-experiment/effFix-benchmark/lxc/null-ptr-5-lxc/src/src/lxc/af_unix.c
[Wed Jan 21 05:14:44 2026][COMMAND]: diff -u /effFix-experiment/effFix-benchmark/lxc/null-ptr-5-lxc/repair/af_unix.c.backup /effFix-experiment/effFix-benchmark/lxc/null-ptr-5-lxc/src/src/lxc/af_unix.c > /effFix-experiment/effFix-benchmark/lxc/null-ptr-5-lxc/repair/366.patch
[Wed Jan 21 05:14:44 2026][COMMAND]: /opt/infer/infer/bin/infer --pulse-only --pulse-max-disjuncts 100 --jobs 32 --reactive --pulse-fix-mode --pulse-fix-file=src/lxc/af_unix.c --pulse-fix-function=lxc_abstract_unix_send_credential -o /effFix-experiment/effFix-benchmark/lxc/null-ptr-5-lxc/repair/infer-out-single -- make -j4
[Wed Jan 21 05:14:44 2026][COMMAND]: sed -i -e '238s:^:if ( ! ( msg.msg_controllen != cmsg->cmsg_len ) ) { return \& ...->msg_control ; } if ( msg.msg_control == NULL ) { return 0; }  :' /effFix-experiment/effFix-benchmark/lxc/null-ptr-5-lxc/src/src/lxc/af_unix.c
[Wed Jan 21 05:14:44 2026][COMMAND]: diff -u /effFix-experiment/effFix-benchmark/lxc/null-ptr-5-lxc/repair/af_unix.c.backup /effFix-experiment/effFix-benchmark/lxc/null-ptr-5-lxc/src/src/lxc/af_unix.c > /effFix-experiment/effFix-benchmark/lxc/null-ptr-5-lxc/repair/367.patch
[Wed Jan 21 05:14:44 2026][COMMAND]: /opt/infer/infer/bin/infer --pulse-only --pulse-max-disjuncts 100 --jobs 32 --reactive --pulse-fix-mode --pulse-fix-file=src/lxc/af_unix.c --pulse-fix-function=lxc_abstract_unix_send_credential -o /effFix-experiment/effFix-benchmark/lxc/null-ptr-5-lxc/repair/infer-out-single -- make -j4
[Wed Jan 21 05:14:44 2026][COMMAND]: sed -i -e '238s:^:cmsg = NULL ;  :' /effFix-experiment/effFix-benchmark/lxc/null-ptr-5-lxc/src/src/lxc/af_unix.c
[Wed Jan 21 05:14:44 2026][COMMAND]: diff -u /effFix-experiment/effFix-benchmark/lxc/null-ptr-5-lxc/repair/af_unix.c.backup /effFix-experiment/effFix-benchmark/lxc/null-ptr-5-lxc/src/src/lxc/af_unix.c > /effFix-experiment/effFix-benchmark/lxc/null-ptr-5-lxc/repair/368.patch
[Wed Jan 21 05:14:44 2026][COMMAND]: /opt/infer/infer/bin/infer --pulse-only --pulse-max-disjuncts 100 --jobs 32 --reactive --pulse-fix-mode --pulse-fix-file=src/lxc/af_unix.c --pulse-fix-function=lxc_abstract_unix_send_credential -o /effFix-experiment/effFix-benchmark/lxc/null-ptr-5-lxc/repair/infer-out-single -- make -j4
[Wed Jan 21 05:14:44 2026][COMMAND]: sed -i -e '238s:^:cmsg->cmsg_len = msg.msg_controllen ;  :' /effFix-experiment/effFix-benchmark/lxc/null-ptr-5-lxc/src/src/lxc/af_unix.c
[Wed Jan 21 05:14:44 2026][COMMAND]: diff -u /effFix-experiment/effFix-benchmark/lxc/null-ptr-5-lxc/repair/af_unix.c.backup /effFix-experiment/effFix-benchmark/lxc/null-ptr-5-lxc/src/src/lxc/af_unix.c > /effFix-experiment/effFix-benchmark/lxc/null-ptr-5-lxc/repair/369.patch
[Wed Jan 21 05:14:44 2026][COMMAND]: /opt/infer/infer/bin/infer --pulse-only --pulse-max-disjuncts 100 --jobs 32 --reactive --pulse-fix-mode --pulse-fix-file=src/lxc/af_unix.c --pulse-fix-function=lxc_abstract_unix_send_credential -o /effFix-experiment/effFix-benchmark/lxc/null-ptr-5-lxc/repair/infer-out-single -- make -j4
[Wed Jan 21 05:14:45 2026][COMMAND]: sed -i -e '238s:$: if ( ! ( \& ...->msg_controllen + msg.msg_controllen < 1 ) ) { \& ...->msg_control = NULL ; return NULL ; } :' /effFix-experiment/effFix-benchmark/lxc/null-ptr-5-lxc/src/src/lxc/af_unix.c
[Wed Jan 21 05:14:45 2026][COMMAND]: diff -u /effFix-experiment/effFix-benchmark/lxc/null-ptr-5-lxc/repair/af_unix.c.backup /effFix-experiment/effFix-benchmark/lxc/null-ptr-5-lxc/src/src/lxc/af_unix.c > /effFix-experiment/effFix-benchmark/lxc/null-ptr-5-lxc/repair/370.patch
[Wed Jan 21 05:14:45 2026][COMMAND]: /opt/infer/infer/bin/infer --pulse-only --pulse-max-disjuncts 100 --jobs 32 --reactive --pulse-fix-mode --pulse-fix-file=src/lxc/af_unix.c --pulse-fix-function=lxc_abstract_unix_send_credential -o /effFix-experiment/effFix-benchmark/lxc/null-ptr-5-lxc/repair/infer-out-single -- make -j4
[Wed Jan 21 05:14:45 2026][COMMAND]: sed -i -e '238s:$: return 0; :' /effFix-experiment/effFix-benchmark/lxc/null-ptr-5-lxc/src/src/lxc/af_unix.c
[Wed Jan 21 05:14:45 2026][COMMAND]: diff -u /effFix-experiment/effFix-benchmark/lxc/null-ptr-5-lxc/repair/af_unix.c.backup /effFix-experiment/effFix-benchmark/lxc/null-ptr-5-lxc/src/src/lxc/af_unix.c > /effFix-experiment/effFix-benchmark/lxc/null-ptr-5-lxc/repair/371.patch
[Wed Jan 21 05:14:45 2026][COMMAND]: /opt/infer/infer/bin/infer --pulse-only --pulse-max-disjuncts 100 --jobs 32 --reactive --pulse-fix-mode --pulse-fix-file=src/lxc/af_unix.c --pulse-fix-function=lxc_abstract_unix_send_credential -o /effFix-experiment/effFix-benchmark/lxc/null-ptr-5-lxc/repair/infer-out-single -- make -j4
[Wed Jan 21 05:14:45 2026][COMMAND]: sed -i -e '238s:^:cmsg->cmsg_len = msg.msg_controllen / cmsg->cmsg_len ;  :' /effFix-experiment/effFix-benchmark/lxc/null-ptr-5-lxc/src/src/lxc/af_unix.c
[Wed Jan 21 05:14:45 2026][COMMAND]: diff -u /effFix-experiment/effFix-benchmark/lxc/null-ptr-5-lxc/repair/af_unix.c.backup /effFix-experiment/effFix-benchmark/lxc/null-ptr-5-lxc/src/src/lxc/af_unix.c > /effFix-experiment/effFix-benchmark/lxc/null-ptr-5-lxc/repair/372.patch
[Wed Jan 21 05:14:45 2026][COMMAND]: /opt/infer/infer/bin/infer --pulse-only --pulse-max-disjuncts 100 --jobs 32 --reactive --pulse-fix-mode --pulse-fix-file=src/lxc/af_unix.c --pulse-fix-function=lxc_abstract_unix_send_credential -o /effFix-experiment/effFix-benchmark/lxc/null-ptr-5-lxc/repair/infer-out-single -- make -j4
[Wed Jan 21 05:14:45 2026][COMMAND]: sed -i -e '238s:^:\& ...->msg_controllen = cmsg->cmsg_len * \& ...->msg_controllen ;  :' /effFix-experiment/effFix-benchmark/lxc/null-ptr-5-lxc/src/src/lxc/af_unix.c
[Wed Jan 21 05:14:45 2026][COMMAND]: diff -u /effFix-experiment/effFix-benchmark/lxc/null-ptr-5-lxc/repair/af_unix.c.backup /effFix-experiment/effFix-benchmark/lxc/null-ptr-5-lxc/src/src/lxc/af_unix.c > /effFix-experiment/effFix-benchmark/lxc/null-ptr-5-lxc/repair/373.patch
[Wed Jan 21 05:14:45 2026][COMMAND]: /opt/infer/infer/bin/infer --pulse-only --pulse-max-disjuncts 100 --jobs 32 --reactive --pulse-fix-mode --pulse-fix-file=src/lxc/af_unix.c --pulse-fix-function=lxc_abstract_unix_send_credential -o /effFix-experiment/effFix-benchmark/lxc/null-ptr-5-lxc/repair/infer-out-single -- make -j4
[Wed Jan 21 05:14:45 2026][COMMAND]: sed -i -e '238s:^:free ( msg.msg_control ) ;  :' /effFix-experiment/effFix-benchmark/lxc/null-ptr-5-lxc/src/src/lxc/af_unix.c
[Wed Jan 21 05:14:45 2026][COMMAND]: diff -u /effFix-experiment/effFix-benchmark/lxc/null-ptr-5-lxc/repair/af_unix.c.backup /effFix-experiment/effFix-benchmark/lxc/null-ptr-5-lxc/src/src/lxc/af_unix.c > /effFix-experiment/effFix-benchmark/lxc/null-ptr-5-lxc/repair/374.patch
[Wed Jan 21 05:14:45 2026][COMMAND]: /opt/infer/infer/bin/infer --pulse-only --pulse-max-disjuncts 100 --jobs 32 --reactive --pulse-fix-mode --pulse-fix-file=src/lxc/af_unix.c --pulse-fix-function=lxc_abstract_unix_send_credential -o /effFix-experiment/effFix-benchmark/lxc/null-ptr-5-lxc/repair/infer-out-single -- make -j4
[Wed Jan 21 05:14:45 2026][COMMAND]: sed -i -e '238s:^:\& ...->msg_controllen = \& ...->msg_controllen ;  :' /effFix-experiment/effFix-benchmark/lxc/null-ptr-5-lxc/src/src/lxc/af_unix.c
[Wed Jan 21 05:14:45 2026][COMMAND]: diff -u /effFix-experiment/effFix-benchmark/lxc/null-ptr-5-lxc/repair/af_unix.c.backup /effFix-experiment/effFix-benchmark/lxc/null-ptr-5-lxc/src/src/lxc/af_unix.c > /effFix-experiment/effFix-benchmark/lxc/null-ptr-5-lxc/repair/375.patch
[Wed Jan 21 05:14:45 2026][COMMAND]: /opt/infer/infer/bin/infer --pulse-only --pulse-max-disjuncts 100 --jobs 32 --reactive --pulse-fix-mode --pulse-fix-file=src/lxc/af_unix.c --pulse-fix-function=lxc_abstract_unix_send_credential -o /effFix-experiment/effFix-benchmark/lxc/null-ptr-5-lxc/repair/infer-out-single -- make -j4
[Wed Jan 21 05:14:45 2026][COMMAND]: sed -i -e '238s:$: cmsg = \& ...->msg_control ; :' /effFix-experiment/effFix-benchmark/lxc/null-ptr-5-lxc/src/src/lxc/af_unix.c
[Wed Jan 21 05:14:45 2026][COMMAND]: diff -u /effFix-experiment/effFix-benchmark/lxc/null-ptr-5-lxc/repair/af_unix.c.backup /effFix-experiment/effFix-benchmark/lxc/null-ptr-5-lxc/src/src/lxc/af_unix.c > /effFix-experiment/effFix-benchmark/lxc/null-ptr-5-lxc/repair/376.patch
[Wed Jan 21 05:14:45 2026][COMMAND]: /opt/infer/infer/bin/infer --pulse-only --pulse-max-disjuncts 100 --jobs 32 --reactive --pulse-fix-mode --pulse-fix-file=src/lxc/af_unix.c --pulse-fix-function=lxc_abstract_unix_send_credential -o /effFix-experiment/effFix-benchmark/lxc/null-ptr-5-lxc/repair/infer-out-single -- make -j4
[Wed Jan 21 05:14:45 2026][COMMAND]: sed -i -e '238s:$: if ( \& ...->msg_controllen - \& ...->msg_controllen != 0 ) { \& ...->msg_controllen = msg.msg_controllen * \& ...->msg_controllen ; } :' /effFix-experiment/effFix-benchmark/lxc/null-ptr-5-lxc/src/src/lxc/af_unix.c
[Wed Jan 21 05:14:45 2026][COMMAND]: diff -u /effFix-experiment/effFix-benchmark/lxc/null-ptr-5-lxc/repair/af_unix.c.backup /effFix-experiment/effFix-benchmark/lxc/null-ptr-5-lxc/src/src/lxc/af_unix.c > /effFix-experiment/effFix-benchmark/lxc/null-ptr-5-lxc/repair/377.patch
[Wed Jan 21 05:14:45 2026][COMMAND]: /opt/infer/infer/bin/infer --pulse-only --pulse-max-disjuncts 100 --jobs 32 --reactive --pulse-fix-mode --pulse-fix-file=src/lxc/af_unix.c --pulse-fix-function=lxc_abstract_unix_send_credential -o /effFix-experiment/effFix-benchmark/lxc/null-ptr-5-lxc/repair/infer-out-single -- make -j4
[Wed Jan 21 05:14:46 2026][COMMAND]: sed -i -e '238s:$: \& ...->msg_controllen = \& ...->msg_controllen + msg.msg_controllen ; if ( msg.msg_control == msg.msg_control \&\& cmsg->cmsg_len >= cmsg->cmsg_len / \& ...->msg_controllen ) { cmsg->cmsg_len = \& ...->msg_controllen ; } :' /effFix-experiment/effFix-benchmark/lxc/null-ptr-5-lxc/src/src/lxc/af_unix.c
[Wed Jan 21 05:14:46 2026][COMMAND]: diff -u /effFix-experiment/effFix-benchmark/lxc/null-ptr-5-lxc/repair/af_unix.c.backup /effFix-experiment/effFix-benchmark/lxc/null-ptr-5-lxc/src/src/lxc/af_unix.c > /effFix-experiment/effFix-benchmark/lxc/null-ptr-5-lxc/repair/378.patch
[Wed Jan 21 05:14:46 2026][COMMAND]: /opt/infer/infer/bin/infer --pulse-only --pulse-max-disjuncts 100 --jobs 32 --reactive --pulse-fix-mode --pulse-fix-file=src/lxc/af_unix.c --pulse-fix-function=lxc_abstract_unix_send_credential -o /effFix-experiment/effFix-benchmark/lxc/null-ptr-5-lxc/repair/infer-out-single -- make -j4
[Wed Jan 21 05:14:46 2026][COMMAND]: sed -i -e '238s:$: msg.msg_control = malloc ( sizeof ( * msg.msg_control ) ) ; \& ...->msg_controllen = cmsg->cmsg_len ; :' /effFix-experiment/effFix-benchmark/lxc/null-ptr-5-lxc/src/src/lxc/af_unix.c
[Wed Jan 21 05:14:46 2026][COMMAND]: diff -u /effFix-experiment/effFix-benchmark/lxc/null-ptr-5-lxc/repair/af_unix.c.backup /effFix-experiment/effFix-benchmark/lxc/null-ptr-5-lxc/src/src/lxc/af_unix.c > /effFix-experiment/effFix-benchmark/lxc/null-ptr-5-lxc/repair/379.patch
[Wed Jan 21 05:14:46 2026][COMMAND]: /opt/infer/infer/bin/infer --pulse-only --pulse-max-disjuncts 100 --jobs 32 --reactive --pulse-fix-mode --pulse-fix-file=src/lxc/af_unix.c --pulse-fix-function=lxc_abstract_unix_send_credential -o /effFix-experiment/effFix-benchmark/lxc/null-ptr-5-lxc/repair/infer-out-single -- make -j4
[Wed Jan 21 05:14:46 2026][COMMAND]: sed -i -e '238s:^:cmsg->cmsg_len = cmsg->cmsg_len ;  :' /effFix-experiment/effFix-benchmark/lxc/null-ptr-5-lxc/src/src/lxc/af_unix.c
[Wed Jan 21 05:14:46 2026][COMMAND]: diff -u /effFix-experiment/effFix-benchmark/lxc/null-ptr-5-lxc/repair/af_unix.c.backup /effFix-experiment/effFix-benchmark/lxc/null-ptr-5-lxc/src/src/lxc/af_unix.c > /effFix-experiment/effFix-benchmark/lxc/null-ptr-5-lxc/repair/380.patch
[Wed Jan 21 05:14:46 2026][COMMAND]: /opt/infer/infer/bin/infer --pulse-only --pulse-max-disjuncts 100 --jobs 32 --reactive --pulse-fix-mode --pulse-fix-file=src/lxc/af_unix.c --pulse-fix-function=lxc_abstract_unix_send_credential -o /effFix-experiment/effFix-benchmark/lxc/null-ptr-5-lxc/repair/infer-out-single -- make -j4
[Wed Jan 21 05:14:46 2026][COMMAND]: sed -i -e '238s:$: \& ...->msg_controllen = \& ...->msg_controllen - msg.msg_controllen ; :' /effFix-experiment/effFix-benchmark/lxc/null-ptr-5-lxc/src/src/lxc/af_unix.c
[Wed Jan 21 05:14:46 2026][COMMAND]: diff -u /effFix-experiment/effFix-benchmark/lxc/null-ptr-5-lxc/repair/af_unix.c.backup /effFix-experiment/effFix-benchmark/lxc/null-ptr-5-lxc/src/src/lxc/af_unix.c > /effFix-experiment/effFix-benchmark/lxc/null-ptr-5-lxc/repair/381.patch
[Wed Jan 21 05:14:46 2026][COMMAND]: /opt/infer/infer/bin/infer --pulse-only --pulse-max-disjuncts 100 --jobs 32 --reactive --pulse-fix-mode --pulse-fix-file=src/lxc/af_unix.c --pulse-fix-function=lxc_abstract_unix_send_credential -o /effFix-experiment/effFix-benchmark/lxc/null-ptr-5-lxc/repair/infer-out-single -- make -j4
[Wed Jan 21 05:14:46 2026][COMMAND]: sed -i -e '238s:$: cmsg->cmsg_len = \& ...->msg_controllen * \& ...->msg_controllen ; :' /effFix-experiment/effFix-benchmark/lxc/null-ptr-5-lxc/src/src/lxc/af_unix.c
[Wed Jan 21 05:14:46 2026][COMMAND]: diff -u /effFix-experiment/effFix-benchmark/lxc/null-ptr-5-lxc/repair/af_unix.c.backup /effFix-experiment/effFix-benchmark/lxc/null-ptr-5-lxc/src/src/lxc/af_unix.c > /effFix-experiment/effFix-benchmark/lxc/null-ptr-5-lxc/repair/382.patch
[Wed Jan 21 05:14:46 2026][COMMAND]: /opt/infer/infer/bin/infer --pulse-only --pulse-max-disjuncts 100 --jobs 32 --reactive --pulse-fix-mode --pulse-fix-file=src/lxc/af_unix.c --pulse-fix-function=lxc_abstract_unix_send_credential -o /effFix-experiment/effFix-benchmark/lxc/null-ptr-5-lxc/repair/infer-out-single -- make -j4
[Wed Jan 21 05:14:47 2026][COMMAND]: sed -i -e '238s:$: free ( \& ...->msg_control ) ; :' /effFix-experiment/effFix-benchmark/lxc/null-ptr-5-lxc/src/src/lxc/af_unix.c
[Wed Jan 21 05:14:47 2026][COMMAND]: diff -u /effFix-experiment/effFix-benchmark/lxc/null-ptr-5-lxc/repair/af_unix.c.backup /effFix-experiment/effFix-benchmark/lxc/null-ptr-5-lxc/src/src/lxc/af_unix.c > /effFix-experiment/effFix-benchmark/lxc/null-ptr-5-lxc/repair/383.patch
[Wed Jan 21 05:14:47 2026][COMMAND]: /opt/infer/infer/bin/infer --pulse-only --pulse-max-disjuncts 100 --jobs 32 --reactive --pulse-fix-mode --pulse-fix-file=src/lxc/af_unix.c --pulse-fix-function=lxc_abstract_unix_send_credential -o /effFix-experiment/effFix-benchmark/lxc/null-ptr-5-lxc/repair/infer-out-single -- make -j4
[Wed Jan 21 05:14:47 2026][COMMAND]: sed -i -e '238s:$: cmsg = malloc ( sizeof ( * cmsg ) ) ; :' /effFix-experiment/effFix-benchmark/lxc/null-ptr-5-lxc/src/src/lxc/af_unix.c
[Wed Jan 21 05:14:47 2026][COMMAND]: diff -u /effFix-experiment/effFix-benchmark/lxc/null-ptr-5-lxc/repair/af_unix.c.backup /effFix-experiment/effFix-benchmark/lxc/null-ptr-5-lxc/src/src/lxc/af_unix.c > /effFix-experiment/effFix-benchmark/lxc/null-ptr-5-lxc/repair/384.patch
[Wed Jan 21 05:14:47 2026][COMMAND]: /opt/infer/infer/bin/infer --pulse-only --pulse-max-disjuncts 100 --jobs 32 --reactive --pulse-fix-mode --pulse-fix-file=src/lxc/af_unix.c --pulse-fix-function=lxc_abstract_unix_send_credential -o /effFix-experiment/effFix-benchmark/lxc/null-ptr-5-lxc/repair/infer-out-single -- make -j4
[Wed Jan 21 05:14:47 2026][COMMAND]: sed -i -e '238s:^:if ( ! ( msg.msg_control != msg.msg_control ) ) { \& ...->msg_controllen = cmsg->cmsg_len - msg.msg_controllen ; }  :' /effFix-experiment/effFix-benchmark/lxc/null-ptr-5-lxc/src/src/lxc/af_unix.c
[Wed Jan 21 05:14:47 2026][COMMAND]: diff -u /effFix-experiment/effFix-benchmark/lxc/null-ptr-5-lxc/repair/af_unix.c.backup /effFix-experiment/effFix-benchmark/lxc/null-ptr-5-lxc/src/src/lxc/af_unix.c > /effFix-experiment/effFix-benchmark/lxc/null-ptr-5-lxc/repair/385.patch
[Wed Jan 21 05:14:47 2026][COMMAND]: /opt/infer/infer/bin/infer --pulse-only --pulse-max-disjuncts 100 --jobs 32 --reactive --pulse-fix-mode --pulse-fix-file=src/lxc/af_unix.c --pulse-fix-function=lxc_abstract_unix_send_credential -o /effFix-experiment/effFix-benchmark/lxc/null-ptr-5-lxc/repair/infer-out-single -- make -j4
[Wed Jan 21 05:14:47 2026][COMMAND]: sed -i -e '238s:^:return NULL ; return NULL ;  :' /effFix-experiment/effFix-benchmark/lxc/null-ptr-5-lxc/src/src/lxc/af_unix.c
[Wed Jan 21 05:14:47 2026][COMMAND]: diff -u /effFix-experiment/effFix-benchmark/lxc/null-ptr-5-lxc/repair/af_unix.c.backup /effFix-experiment/effFix-benchmark/lxc/null-ptr-5-lxc/src/src/lxc/af_unix.c > /effFix-experiment/effFix-benchmark/lxc/null-ptr-5-lxc/repair/386.patch
[Wed Jan 21 05:14:47 2026][COMMAND]: /opt/infer/infer/bin/infer --pulse-only --pulse-max-disjuncts 100 --jobs 32 --reactive --pulse-fix-mode --pulse-fix-file=src/lxc/af_unix.c --pulse-fix-function=lxc_abstract_unix_send_credential -o /effFix-experiment/effFix-benchmark/lxc/null-ptr-5-lxc/repair/infer-out-single -- make -j4
[Wed Jan 21 05:14:47 2026][COMMAND]: sed -i -e '238s:^:\& ...->msg_control = malloc ( sizeof ( * \& ...->msg_control ) ) ; return call to sendmsg;  :' /effFix-experiment/effFix-benchmark/lxc/null-ptr-5-lxc/src/src/lxc/af_unix.c
[Wed Jan 21 05:14:47 2026][COMMAND]: diff -u /effFix-experiment/effFix-benchmark/lxc/null-ptr-5-lxc/repair/af_unix.c.backup /effFix-experiment/effFix-benchmark/lxc/null-ptr-5-lxc/src/src/lxc/af_unix.c > /effFix-experiment/effFix-benchmark/lxc/null-ptr-5-lxc/repair/387.patch
[Wed Jan 21 05:14:47 2026][COMMAND]: /opt/infer/infer/bin/infer --pulse-only --pulse-max-disjuncts 100 --jobs 32 --reactive --pulse-fix-mode --pulse-fix-file=src/lxc/af_unix.c --pulse-fix-function=lxc_abstract_unix_send_credential -o /effFix-experiment/effFix-benchmark/lxc/null-ptr-5-lxc/repair/infer-out-single -- make -j4
[Wed Jan 21 05:14:47 2026][COMMAND]: sed -i -e '238s:^:cmsg->cmsg_len = \& ...->msg_controllen - msg.msg_controllen ;  :' /effFix-experiment/effFix-benchmark/lxc/null-ptr-5-lxc/src/src/lxc/af_unix.c
[Wed Jan 21 05:14:48 2026][COMMAND]: diff -u /effFix-experiment/effFix-benchmark/lxc/null-ptr-5-lxc/repair/af_unix.c.backup /effFix-experiment/effFix-benchmark/lxc/null-ptr-5-lxc/src/src/lxc/af_unix.c > /effFix-experiment/effFix-benchmark/lxc/null-ptr-5-lxc/repair/388.patch
[Wed Jan 21 05:14:48 2026][COMMAND]: /opt/infer/infer/bin/infer --pulse-only --pulse-max-disjuncts 100 --jobs 32 --reactive --pulse-fix-mode --pulse-fix-file=src/lxc/af_unix.c --pulse-fix-function=lxc_abstract_unix_send_credential -o /effFix-experiment/effFix-benchmark/lxc/null-ptr-5-lxc/repair/infer-out-single -- make -j4
[Wed Jan 21 05:14:48 2026][COMMAND]: sed -i -e '238s:^:if ( ! ( \& ...->msg_controllen * \& ...->msg_controllen <= cmsg->cmsg_len + \& ...->msg_controllen ) ) { msg.msg_control = \& ...->msg_control ; }  :' /effFix-experiment/effFix-benchmark/lxc/null-ptr-5-lxc/src/src/lxc/af_unix.c
[Wed Jan 21 05:14:48 2026][COMMAND]: diff -u /effFix-experiment/effFix-benchmark/lxc/null-ptr-5-lxc/repair/af_unix.c.backup /effFix-experiment/effFix-benchmark/lxc/null-ptr-5-lxc/src/src/lxc/af_unix.c > /effFix-experiment/effFix-benchmark/lxc/null-ptr-5-lxc/repair/389.patch
[Wed Jan 21 05:14:48 2026][COMMAND]: /opt/infer/infer/bin/infer --pulse-only --pulse-max-disjuncts 100 --jobs 32 --reactive --pulse-fix-mode --pulse-fix-file=src/lxc/af_unix.c --pulse-fix-function=lxc_abstract_unix_send_credential -o /effFix-experiment/effFix-benchmark/lxc/null-ptr-5-lxc/repair/infer-out-single -- make -j4
[Wed Jan 21 05:14:48 2026][COMMAND]: sed -i -e '238s:^:if ( ! ( msg.msg_controllen > \& ...->msg_controllen * \& ...->msg_controllen ) ) { return call to sendmsg; } return msg.msg_control ;  :' /effFix-experiment/effFix-benchmark/lxc/null-ptr-5-lxc/src/src/lxc/af_unix.c
[Wed Jan 21 05:14:48 2026][COMMAND]: diff -u /effFix-experiment/effFix-benchmark/lxc/null-ptr-5-lxc/repair/af_unix.c.backup /effFix-experiment/effFix-benchmark/lxc/null-ptr-5-lxc/src/src/lxc/af_unix.c > /effFix-experiment/effFix-benchmark/lxc/null-ptr-5-lxc/repair/390.patch
[Wed Jan 21 05:14:48 2026][COMMAND]: /opt/infer/infer/bin/infer --pulse-only --pulse-max-disjuncts 100 --jobs 32 --reactive --pulse-fix-mode --pulse-fix-file=src/lxc/af_unix.c --pulse-fix-function=lxc_abstract_unix_send_credential -o /effFix-experiment/effFix-benchmark/lxc/null-ptr-5-lxc/repair/infer-out-single -- make -j4
[Wed Jan 21 05:14:48 2026][COMMAND]: sed -i -e '238s:$: free ( cmsg ) ; :' /effFix-experiment/effFix-benchmark/lxc/null-ptr-5-lxc/src/src/lxc/af_unix.c
[Wed Jan 21 05:14:48 2026][COMMAND]: diff -u /effFix-experiment/effFix-benchmark/lxc/null-ptr-5-lxc/repair/af_unix.c.backup /effFix-experiment/effFix-benchmark/lxc/null-ptr-5-lxc/src/src/lxc/af_unix.c > /effFix-experiment/effFix-benchmark/lxc/null-ptr-5-lxc/repair/391.patch
[Wed Jan 21 05:14:48 2026][COMMAND]: /opt/infer/infer/bin/infer --pulse-only --pulse-max-disjuncts 100 --jobs 32 --reactive --pulse-fix-mode --pulse-fix-file=src/lxc/af_unix.c --pulse-fix-function=lxc_abstract_unix_send_credential -o /effFix-experiment/effFix-benchmark/lxc/null-ptr-5-lxc/repair/infer-out-single -- make -j4
[Wed Jan 21 05:14:48 2026][COMMAND]: sed -i -e '238s:$: msg.msg_controllen = msg.msg_controllen ; if ( \& ...->msg_controllen + cmsg->cmsg_len <= \& ...->msg_controllen \&\& msg.msg_controllen - msg.msg_controllen > msg.msg_controllen ) { return call to sendmsg; } :' /effFix-experiment/effFix-benchmark/lxc/null-ptr-5-lxc/src/src/lxc/af_unix.c
[Wed Jan 21 05:14:48 2026][COMMAND]: diff -u /effFix-experiment/effFix-benchmark/lxc/null-ptr-5-lxc/repair/af_unix.c.backup /effFix-experiment/effFix-benchmark/lxc/null-ptr-5-lxc/src/src/lxc/af_unix.c > /effFix-experiment/effFix-benchmark/lxc/null-ptr-5-lxc/repair/392.patch
[Wed Jan 21 05:14:48 2026][COMMAND]: /opt/infer/infer/bin/infer --pulse-only --pulse-max-disjuncts 100 --jobs 32 --reactive --pulse-fix-mode --pulse-fix-file=src/lxc/af_unix.c --pulse-fix-function=lxc_abstract_unix_send_credential -o /effFix-experiment/effFix-benchmark/lxc/null-ptr-5-lxc/repair/infer-out-single -- make -j4
[Wed Jan 21 05:14:48 2026][COMMAND]: sed -i -e '238s:$: msg.msg_controllen = msg.msg_controllen - cmsg->cmsg_len ; :' /effFix-experiment/effFix-benchmark/lxc/null-ptr-5-lxc/src/src/lxc/af_unix.c
[Wed Jan 21 05:14:48 2026][COMMAND]: diff -u /effFix-experiment/effFix-benchmark/lxc/null-ptr-5-lxc/repair/af_unix.c.backup /effFix-experiment/effFix-benchmark/lxc/null-ptr-5-lxc/src/src/lxc/af_unix.c > /effFix-experiment/effFix-benchmark/lxc/null-ptr-5-lxc/repair/393.patch
[Wed Jan 21 05:14:48 2026][COMMAND]: /opt/infer/infer/bin/infer --pulse-only --pulse-max-disjuncts 100 --jobs 32 --reactive --pulse-fix-mode --pulse-fix-file=src/lxc/af_unix.c --pulse-fix-function=lxc_abstract_unix_send_credential -o /effFix-experiment/effFix-benchmark/lxc/null-ptr-5-lxc/repair/infer-out-single -- make -j4
[Wed Jan 21 05:14:48 2026][COMMAND]: sed -i -e '238s:$: msg.msg_control = \& ...->msg_control ; :' /effFix-experiment/effFix-benchmark/lxc/null-ptr-5-lxc/src/src/lxc/af_unix.c
[Wed Jan 21 05:14:48 2026][COMMAND]: diff -u /effFix-experiment/effFix-benchmark/lxc/null-ptr-5-lxc/repair/af_unix.c.backup /effFix-experiment/effFix-benchmark/lxc/null-ptr-5-lxc/src/src/lxc/af_unix.c > /effFix-experiment/effFix-benchmark/lxc/null-ptr-5-lxc/repair/394.patch
[Wed Jan 21 05:14:48 2026][COMMAND]: /opt/infer/infer/bin/infer --pulse-only --pulse-max-disjuncts 100 --jobs 32 --reactive --pulse-fix-mode --pulse-fix-file=src/lxc/af_unix.c --pulse-fix-function=lxc_abstract_unix_send_credential -o /effFix-experiment/effFix-benchmark/lxc/null-ptr-5-lxc/repair/infer-out-single -- make -j4
[Wed Jan 21 05:14:48 2026][COMMAND]: sed -i -e '238s:$: if ( cmsg->cmsg_len != cmsg->cmsg_len + \& ...->msg_controllen || cmsg->cmsg_len < 0 ) { return cmsg ; } return call to sendmsg; :' /effFix-experiment/effFix-benchmark/lxc/null-ptr-5-lxc/src/src/lxc/af_unix.c
[Wed Jan 21 05:14:48 2026][COMMAND]: diff -u /effFix-experiment/effFix-benchmark/lxc/null-ptr-5-lxc/repair/af_unix.c.backup /effFix-experiment/effFix-benchmark/lxc/null-ptr-5-lxc/src/src/lxc/af_unix.c > /effFix-experiment/effFix-benchmark/lxc/null-ptr-5-lxc/repair/395.patch
[Wed Jan 21 05:14:48 2026][COMMAND]: /opt/infer/infer/bin/infer --pulse-only --pulse-max-disjuncts 100 --jobs 32 --reactive --pulse-fix-mode --pulse-fix-file=src/lxc/af_unix.c --pulse-fix-function=lxc_abstract_unix_send_credential -o /effFix-experiment/effFix-benchmark/lxc/null-ptr-5-lxc/repair/infer-out-single -- make -j4
[Wed Jan 21 05:14:48 2026][COMMAND]: sed -i -e '238s:^:\& ...->msg_control = malloc ( sizeof ( * cmsg ) ) ;  :' /effFix-experiment/effFix-benchmark/lxc/null-ptr-5-lxc/src/src/lxc/af_unix.c
[Wed Jan 21 05:14:49 2026][COMMAND]: diff -u /effFix-experiment/effFix-benchmark/lxc/null-ptr-5-lxc/repair/af_unix.c.backup /effFix-experiment/effFix-benchmark/lxc/null-ptr-5-lxc/src/src/lxc/af_unix.c > /effFix-experiment/effFix-benchmark/lxc/null-ptr-5-lxc/repair/396.patch
[Wed Jan 21 05:14:49 2026][COMMAND]: /opt/infer/infer/bin/infer --pulse-only --pulse-max-disjuncts 100 --jobs 32 --reactive --pulse-fix-mode --pulse-fix-file=src/lxc/af_unix.c --pulse-fix-function=lxc_abstract_unix_send_credential -o /effFix-experiment/effFix-benchmark/lxc/null-ptr-5-lxc/repair/infer-out-single -- make -j4
[Wed Jan 21 05:14:49 2026][COMMAND]: sed -i -e '238s:$: if ( ! ( cmsg->cmsg_len / cmsg->cmsg_len >= -1 ) ) { cmsg->cmsg_len = cmsg->cmsg_len ; } return 0; :' /effFix-experiment/effFix-benchmark/lxc/null-ptr-5-lxc/src/src/lxc/af_unix.c
[Wed Jan 21 05:14:49 2026][COMMAND]: diff -u /effFix-experiment/effFix-benchmark/lxc/null-ptr-5-lxc/repair/af_unix.c.backup /effFix-experiment/effFix-benchmark/lxc/null-ptr-5-lxc/src/src/lxc/af_unix.c > /effFix-experiment/effFix-benchmark/lxc/null-ptr-5-lxc/repair/397.patch
[Wed Jan 21 05:14:49 2026][COMMAND]: /opt/infer/infer/bin/infer --pulse-only --pulse-max-disjuncts 100 --jobs 32 --reactive --pulse-fix-mode --pulse-fix-file=src/lxc/af_unix.c --pulse-fix-function=lxc_abstract_unix_send_credential -o /effFix-experiment/effFix-benchmark/lxc/null-ptr-5-lxc/repair/infer-out-single -- make -j4
[Wed Jan 21 05:14:49 2026][COMMAND]: sed -i -e '238s:$: msg.msg_controllen = msg.msg_controllen ; :' /effFix-experiment/effFix-benchmark/lxc/null-ptr-5-lxc/src/src/lxc/af_unix.c
[Wed Jan 21 05:14:49 2026][COMMAND]: diff -u /effFix-experiment/effFix-benchmark/lxc/null-ptr-5-lxc/repair/af_unix.c.backup /effFix-experiment/effFix-benchmark/lxc/null-ptr-5-lxc/src/src/lxc/af_unix.c > /effFix-experiment/effFix-benchmark/lxc/null-ptr-5-lxc/repair/398.patch
[Wed Jan 21 05:14:49 2026][COMMAND]: /opt/infer/infer/bin/infer --pulse-only --pulse-max-disjuncts 100 --jobs 32 --reactive --pulse-fix-mode --pulse-fix-file=src/lxc/af_unix.c --pulse-fix-function=lxc_abstract_unix_send_credential -o /effFix-experiment/effFix-benchmark/lxc/null-ptr-5-lxc/repair/infer-out-single -- make -j4
[Wed Jan 21 05:14:49 2026][COMMAND]: sed -i -e '238s:$: msg.msg_control = malloc ( sizeof ( * \& ...->msg_control ) ) ; :' /effFix-experiment/effFix-benchmark/lxc/null-ptr-5-lxc/src/src/lxc/af_unix.c
[Wed Jan 21 05:14:49 2026][COMMAND]: diff -u /effFix-experiment/effFix-benchmark/lxc/null-ptr-5-lxc/repair/af_unix.c.backup /effFix-experiment/effFix-benchmark/lxc/null-ptr-5-lxc/src/src/lxc/af_unix.c > /effFix-experiment/effFix-benchmark/lxc/null-ptr-5-lxc/repair/399.patch
[Wed Jan 21 05:14:49 2026][COMMAND]: /opt/infer/infer/bin/infer --pulse-only --pulse-max-disjuncts 100 --jobs 32 --reactive --pulse-fix-mode --pulse-fix-file=src/lxc/af_unix.c --pulse-fix-function=lxc_abstract_unix_send_credential -o /effFix-experiment/effFix-benchmark/lxc/null-ptr-5-lxc/repair/infer-out-single -- make -j4
[Wed Jan 21 05:14:49 2026][COMMAND]: sed -i -e '238s:^:if ( ! ( \& ...->msg_control == NULL ) ) { cmsg = malloc ( sizeof ( * cmsg ) ) ; }  :' /effFix-experiment/effFix-benchmark/lxc/null-ptr-5-lxc/src/src/lxc/af_unix.c
[Wed Jan 21 05:14:49 2026][COMMAND]: diff -u /effFix-experiment/effFix-benchmark/lxc/null-ptr-5-lxc/repair/af_unix.c.backup /effFix-experiment/effFix-benchmark/lxc/null-ptr-5-lxc/src/src/lxc/af_unix.c > /effFix-experiment/effFix-benchmark/lxc/null-ptr-5-lxc/repair/400.patch
[Wed Jan 21 05:14:49 2026][COMMAND]: /opt/infer/infer/bin/infer --pulse-only --pulse-max-disjuncts 100 --jobs 32 --reactive --pulse-fix-mode --pulse-fix-file=src/lxc/af_unix.c --pulse-fix-function=lxc_abstract_unix_send_credential -o /effFix-experiment/effFix-benchmark/lxc/null-ptr-5-lxc/repair/infer-out-single -- make -j4
[Wed Jan 21 05:14:49 2026][COMMAND]: sed -i -e '238s:^:if ( msg.msg_control != NULL ) { \& ...->msg_control = malloc ( sizeof ( * msg.msg_control ) ) ; }  :' /effFix-experiment/effFix-benchmark/lxc/null-ptr-5-lxc/src/src/lxc/af_unix.c
[Wed Jan 21 05:14:49 2026][COMMAND]: diff -u /effFix-experiment/effFix-benchmark/lxc/null-ptr-5-lxc/repair/af_unix.c.backup /effFix-experiment/effFix-benchmark/lxc/null-ptr-5-lxc/src/src/lxc/af_unix.c > /effFix-experiment/effFix-benchmark/lxc/null-ptr-5-lxc/repair/401.patch
[Wed Jan 21 05:14:49 2026][COMMAND]: /opt/infer/infer/bin/infer --pulse-only --pulse-max-disjuncts 100 --jobs 32 --reactive --pulse-fix-mode --pulse-fix-file=src/lxc/af_unix.c --pulse-fix-function=lxc_abstract_unix_send_credential -o /effFix-experiment/effFix-benchmark/lxc/null-ptr-5-lxc/repair/infer-out-single -- make -j4
[Wed Jan 21 05:14:49 2026][COMMAND]: sed -i -e '238s:^:msg.msg_controllen = \& ...->msg_controllen - \& ...->msg_controllen ;  :' /effFix-experiment/effFix-benchmark/lxc/null-ptr-5-lxc/src/src/lxc/af_unix.c
[Wed Jan 21 05:14:49 2026][COMMAND]: diff -u /effFix-experiment/effFix-benchmark/lxc/null-ptr-5-lxc/repair/af_unix.c.backup /effFix-experiment/effFix-benchmark/lxc/null-ptr-5-lxc/src/src/lxc/af_unix.c > /effFix-experiment/effFix-benchmark/lxc/null-ptr-5-lxc/repair/402.patch
[Wed Jan 21 05:14:49 2026][COMMAND]: /opt/infer/infer/bin/infer --pulse-only --pulse-max-disjuncts 100 --jobs 32 --reactive --pulse-fix-mode --pulse-fix-file=src/lxc/af_unix.c --pulse-fix-function=lxc_abstract_unix_send_credential -o /effFix-experiment/effFix-benchmark/lxc/null-ptr-5-lxc/repair/infer-out-single -- make -j4
[Wed Jan 21 05:14:49 2026][COMMAND]: sed -i -e '238s:^:msg.msg_controllen = msg.msg_controllen ;  :' /effFix-experiment/effFix-benchmark/lxc/null-ptr-5-lxc/src/src/lxc/af_unix.c
[Wed Jan 21 05:14:49 2026][COMMAND]: diff -u /effFix-experiment/effFix-benchmark/lxc/null-ptr-5-lxc/repair/af_unix.c.backup /effFix-experiment/effFix-benchmark/lxc/null-ptr-5-lxc/src/src/lxc/af_unix.c > /effFix-experiment/effFix-benchmark/lxc/null-ptr-5-lxc/repair/403.patch
[Wed Jan 21 05:14:49 2026][COMMAND]: /opt/infer/infer/bin/infer --pulse-only --pulse-max-disjuncts 100 --jobs 32 --reactive --pulse-fix-mode --pulse-fix-file=src/lxc/af_unix.c --pulse-fix-function=lxc_abstract_unix_send_credential -o /effFix-experiment/effFix-benchmark/lxc/null-ptr-5-lxc/repair/infer-out-single -- make -j4
[Wed Jan 21 05:14:49 2026][COMMAND]: sed -i -e '238s:$: \& ...->msg_controllen = cmsg->cmsg_len ; :' /effFix-experiment/effFix-benchmark/lxc/null-ptr-5-lxc/src/src/lxc/af_unix.c
[Wed Jan 21 05:14:49 2026][COMMAND]: diff -u /effFix-experiment/effFix-benchmark/lxc/null-ptr-5-lxc/repair/af_unix.c.backup /effFix-experiment/effFix-benchmark/lxc/null-ptr-5-lxc/src/src/lxc/af_unix.c > /effFix-experiment/effFix-benchmark/lxc/null-ptr-5-lxc/repair/404.patch
[Wed Jan 21 05:14:49 2026][COMMAND]: /opt/infer/infer/bin/infer --pulse-only --pulse-max-disjuncts 100 --jobs 32 --reactive --pulse-fix-mode --pulse-fix-file=src/lxc/af_unix.c --pulse-fix-function=lxc_abstract_unix_send_credential -o /effFix-experiment/effFix-benchmark/lxc/null-ptr-5-lxc/repair/infer-out-single -- make -j4
[Wed Jan 21 05:14:50 2026][COMMAND]: sed -i -e '238s:$: free ( \& ...->msg_control ) ; msg.msg_control = malloc ( sizeof ( * \& ...->msg_control ) ) ; :' /effFix-experiment/effFix-benchmark/lxc/null-ptr-5-lxc/src/src/lxc/af_unix.c
[Wed Jan 21 05:14:50 2026][COMMAND]: diff -u /effFix-experiment/effFix-benchmark/lxc/null-ptr-5-lxc/repair/af_unix.c.backup /effFix-experiment/effFix-benchmark/lxc/null-ptr-5-lxc/src/src/lxc/af_unix.c > /effFix-experiment/effFix-benchmark/lxc/null-ptr-5-lxc/repair/405.patch
[Wed Jan 21 05:14:50 2026][COMMAND]: /opt/infer/infer/bin/infer --pulse-only --pulse-max-disjuncts 100 --jobs 32 --reactive --pulse-fix-mode --pulse-fix-file=src/lxc/af_unix.c --pulse-fix-function=lxc_abstract_unix_send_credential -o /effFix-experiment/effFix-benchmark/lxc/null-ptr-5-lxc/repair/infer-out-single -- make -j4
