[Start] effFix started at 2026-01-21 03:58:35.648707
[Wed Jan 21 03:58:35 2026][INFO]: <function title at 0x7bd3f40b5ee0>
[Wed Jan 21 03:58:35 2026][INFO]: Displaying Configurations
[Wed Jan 21 03:58:35 2026][CONFIGURATION]: src_dir:/efffix-experiment/efffix-benchmark/lxc/null-ptr-20-lxc/src
[Wed Jan 21 03:58:35 2026][CONFIGURATION]: build_command:make -j4
[Wed Jan 21 03:58:35 2026][CONFIGURATION]: clean_command:make clean || true
[Wed Jan 21 03:58:35 2026][CONFIGURATION]: config_command:./autogen.sh && ./configure
[Wed Jan 21 03:58:35 2026][CONFIGURATION]: tag_id:null-ptr-20-lxc
[Wed Jan 21 03:58:35 2026][CONFIGURATION]: bug_type:nullptr_dereference
[Wed Jan 21 03:58:35 2026][CONFIGURATION]: bug_procedure:lxc_abstract_unix_send_credential
[Wed Jan 21 03:58:35 2026][CONFIGURATION]: bug_file:src/lxc/af_unix.c
[Wed Jan 21 03:58:35 2026][CONFIGURATION]: bug_start_line:235
[Wed Jan 21 03:58:35 2026][CONFIGURATION]: bug_end_line:238
[Wed Jan 21 03:58:35 2026][INFO]: Loading dependency tools
[Wed Jan 21 03:58:35 2026][INFO]: Analyzing Program for Repair
[Wed Jan 21 03:58:35 2026][INFO]: Checking whether Infer detected the target bug
[Wed Jan 21 03:58:35 2026][INFO]: Target bug is: NULLPTR_DEREFERENCE, src/lxc/af_unix.c, lxc_abstract_unix_send_credential, 235, 238
[Wed Jan 21 03:58:35 2026][INFO]: Performing fix localization
[Wed Jan 21 03:58:36 2026][COMMAND]: /opt/infer/infer/bin/infer --pulse-only --pulse-max-disjuncts 100 --jobs 32 --reactive --pulse-fix-mode --pulse-fix-file=src/lxc/af_unix.c --pulse-fix-function=lxc_abstract_unix_send_credential -o /effFix-experiment/effFix-benchmark/lxc/null-ptr-20-lxc/repair/infer-out-single -- make -j4
[Wed Jan 21 03:58:36 2026][INFO]: Result from ochiai: [(226, 0.8944271909999159), (221, 0.4472135954999579), (223, 0.4472135954999579), (227, 0.4472135954999579), (228, 0.4472135954999579), (229, 0.4472135954999579), (231, 0.4472135954999579), (232, 0.4472135954999579), (234, 0.4472135954999579), (235, 0.4472135954999579), (237, 0.4472135954999579), (238, 0.4472135954999579), (239, 0.0), (240, 0.0), (241, 0.0), (243, 0.0), (244, 0.0), (246, 0.0), (247, 0.0), (248, 0.0), (249, 0.0), (251, 0.0), (252, 0.0)]
[Wed Jan 21 03:58:36 2026][COMMAND]: codeql pack install
[Wed Jan 21 03:58:40 2026][COMMAND]: codeql database analyze /effFix-experiment/effFix-benchmark/lxc/null-ptr-20-lxc/pre/codeql-db /effFix-experiment/effFix-benchmark/lxc/null-ptr-20-lxc/repair/codeql-queries/loc_between.ql --format=csv --rerun --output=/effFix-experiment/effFix-benchmark/lxc/null-ptr-20-lxc/repair/codeql-res-loc-betweens.csv
[Wed Jan 21 03:59:20 2026][INFO]: Locations allowed (by considering trace start and trace end): {237, 238}
[Wed Jan 21 03:59:20 2026][INFO]: Final locations: [237, 238]
[Wed Jan 21 03:59:20 2026][INFO]: [Timer] Duration for localize: 44.990s
[Wed Jan 21 03:59:20 2026][INFO]: Target bug signature: PatchSignature: [
	DisjunctSignature: label: <AbortProgram, 235, 238>, 
		allocated: frozenset(), 
		deallocated: frozenset(), 
		return_formula: True, 
		formula: True,
	DisjunctSignature: label: <ISLLatentMemoryError, 0, 0>, 
		allocated: frozenset(), 
		deallocated: frozenset(), 
		return_formula: True, 
		formula: True,
	DisjunctSignature: label: <Ok, 0, 0>, 
		allocated: frozenset(), 
		deallocated: frozenset(), 
		return_formula: True, 
		formula: (data = 0),
	DisjunctSignature: label: <Ok, 0, 0>, 
		allocated: frozenset(), 
		deallocated: frozenset(), 
		return_formula: True, 
		formula: (! (data = 0)),
]
[Wed Jan 21 03:59:20 2026][INFO]: [Codeql] Running patch ingredient (return stmts) query
[Wed Jan 21 03:59:20 2026][COMMAND]: codeql database analyze /effFix-experiment/effFix-benchmark/lxc/null-ptr-20-lxc/pre/codeql-db /effFix-experiment/effFix-benchmark/lxc/null-ptr-20-lxc/repair/codeql-queries/return_stmts.ql --format=csv --rerun --output=/effFix-experiment/effFix-benchmark/lxc/null-ptr-20-lxc/repair/codeql-res-return-stmts.csv
[Wed Jan 21 03:59:37 2026][INFO]: Return statements: ['return 0;', 'return call to sendmsg;']
[Wed Jan 21 03:59:37 2026][INFO]: [Timer] Duration for codeql-get-return-stmts: 16.609s
[Wed Jan 21 03:59:37 2026][INFO]: [Codeql] Running patch ingredient (labels) query
[Wed Jan 21 03:59:37 2026][COMMAND]: codeql database analyze /effFix-experiment/effFix-benchmark/lxc/null-ptr-20-lxc/pre/codeql-db /effFix-experiment/effFix-benchmark/lxc/null-ptr-20-lxc/repair/codeql-queries/labels.ql --format=csv --rerun --output=/effFix-experiment/effFix-benchmark/lxc/null-ptr-20-lxc/repair/codeql-res-labels.csv
[Wed Jan 21 03:59:53 2026][INFO]: Labels: []
[Wed Jan 21 03:59:53 2026][INFO]: [Timer] Duration for codeql-get-labels: 15.694s
[Wed Jan 21 03:59:53 2026][INFO]: [Timer] Duration for analysis: 77.459s
[Wed Jan 21 03:59:53 2026][INFO]: Repairing Program at location: 237
[Wed Jan 21 03:59:53 2026][INFO]: Loc 237: Getting patch ingredients at fix location
[Wed Jan 21 03:59:53 2026][INFO]: Loc 237: [Codeql] Running statement boundary query
[Wed Jan 21 03:59:53 2026][COMMAND]: codeql database analyze /effFix-experiment/effFix-benchmark/lxc/null-ptr-20-lxc/pre/codeql-db /effFix-experiment/effFix-benchmark/lxc/null-ptr-20-lxc/repair/codeql-queries/stmt_boundary.ql --format=csv --rerun --output=/effFix-experiment/effFix-benchmark/lxc/null-ptr-20-lxc/repair/codeql-res-stmt-boundary.csv
[Wed Jan 21 04:00:07 2026][INFO]: Statement at fix location ends at line 237
[Wed Jan 21 04:00:07 2026][INFO]: [Timer] Duration for codeql-get-stmt-boundary: 14.838s
[Wed Jan 21 04:00:07 2026][INFO]: Loc 237: [Codeql] Running patch ingredient (variable) query
[Wed Jan 21 04:00:07 2026][COMMAND]: codeql database analyze /effFix-experiment/effFix-benchmark/lxc/null-ptr-20-lxc/pre/codeql-db /effFix-experiment/effFix-benchmark/lxc/null-ptr-20-lxc/repair/codeql-queries/extract_var.ql --format=csv --rerun --output=/effFix-experiment/effFix-benchmark/lxc/null-ptr-20-lxc/repair/codeql-res-ingredient.csv
[Wed Jan 21 04:00:56 2026][INFO]: Loc 237: Pointer variables: ['msg.msg_control', '& ...->msg_control', 'cmsg']
[Wed Jan 21 04:00:56 2026][INFO]: Loc 237: Non-pointer variables: ['& ...->msg_controllen', 'msg.msg_controllen']
[Wed Jan 21 04:00:56 2026][INFO]: [Timer] Duration for codeql-get-ingredients-variables: 48.272s
[Wed Jan 21 04:00:56 2026][INFO]: Loc 237: [Codeql] Running patch ingredient (constants) query
[Wed Jan 21 04:00:56 2026][COMMAND]: codeql database analyze /effFix-experiment/effFix-benchmark/lxc/null-ptr-20-lxc/pre/codeql-db /effFix-experiment/effFix-benchmark/lxc/null-ptr-20-lxc/repair/codeql-queries/consts.ql --format=csv --rerun --output=/effFix-experiment/effFix-benchmark/lxc/null-ptr-20-lxc/repair/codeql-res-consts.csv
[Wed Jan 21 04:01:18 2026][INFO]: Loc 237: Constants: ['0', '-1']
[Wed Jan 21 04:01:18 2026][INFO]: [Timer] Duration for codeql-get-consts: 22.627s
[Wed Jan 21 04:01:18 2026][INFO]: Loc 237: Initializing Patch Generator and Cluster Manager
[Wed Jan 21 04:01:18 2026][INFO]: Loc 237: Entering the main repair loop
[Wed Jan 21 04:01:18 2026][INFO]: Loc 237: Total search space size: 102565925167041104264944118027782191793319508967779696096379285128187070142669922937424272874808318881976653164104978846474127605054019914866060
[Wed Jan 21 04:01:18 2026][COMMAND]: sed -i -e '237s:$: return NULL ; :' /effFix-experiment/effFix-benchmark/lxc/null-ptr-20-lxc/src/src/lxc/af_unix.c
[Wed Jan 21 04:01:18 2026][COMMAND]: diff -u /effFix-experiment/effFix-benchmark/lxc/null-ptr-20-lxc/repair/af_unix.c.backup /effFix-experiment/effFix-benchmark/lxc/null-ptr-20-lxc/src/src/lxc/af_unix.c > /effFix-experiment/effFix-benchmark/lxc/null-ptr-20-lxc/repair/1.patch
[Wed Jan 21 04:01:18 2026][COMMAND]: /opt/infer/infer/bin/infer --pulse-only --pulse-max-disjuncts 100 --jobs 32 --reactive --pulse-fix-mode --pulse-fix-file=src/lxc/af_unix.c --pulse-fix-function=lxc_abstract_unix_send_credential -o /effFix-experiment/effFix-benchmark/lxc/null-ptr-20-lxc/repair/infer-out-single -- make -j4
[Wed Jan 21 04:01:24 2026][INFO]: Adding new patch: INSERT BACK return NULL ;
[Wed Jan 21 04:01:24 2026][INFO]: Created new cluster cluster-L237-0
[Wed Jan 21 04:01:24 2026][INFO]: Cluster signature: PatchSignature: [
	DisjunctSignature: label: <Ok, 0, 0>, 
		allocated: frozenset(), 
		deallocated: frozenset(), 
		return_formula: (return = 0), 
		formula: True,
]
[Wed Jan 21 04:01:24 2026][INFO]: pe_increment: RewardType.SMALL
[Wed Jan 21 04:01:24 2026][INFO]: ppie_increment: RewardType.NO
[Wed Jan 21 04:01:24 2026][INFO]: Adding to Cluster cluster-L237-0
[Wed Jan 21 04:01:24 2026][INFO]: Grammar: :INSERT POS CMD,return POINTER_EXPR ;,POINTER_CONST
[Wed Jan 21 04:01:24 2026][INFO]: plausible count: 0
[Wed Jan 21 04:01:24 2026][INFO]: cumulative repetition: 1
[Wed Jan 21 04:01:24 2026][INFO]: Cluster pe increment: RewardType.SMALL
[Wed Jan 21 04:01:24 2026][INFO]: Cluster ppie increment: RewardType.NO
[Wed Jan 21 04:01:24 2026][INFO]: Prod probability update: NULL : pe: 1.000=>1.000 ; ppie: 1.000=>1.000
[Wed Jan 21 04:01:24 2026][INFO]: Prod probability update: POINTER_CONST : pe: 0.500=>0.550 ; ppie: 0.500=>0.500
[Wed Jan 21 04:01:24 2026][INFO]: Prod probability update: POINTER : pe: 0.500=>0.450 ; ppie: 0.500=>0.500
[Wed Jan 21 04:01:24 2026][INFO]: Prod probability update: return POINTER_EXPR ; : pe: 0.167=>0.250 ; ppie: 0.167=>0.167
[Wed Jan 21 04:01:24 2026][INFO]: Prod probability update: HEAP : pe: 0.167=>0.150 ; ppie: 0.167=>0.167
[Wed Jan 21 04:01:24 2026][INFO]: Prod probability update: ID = ARITH_EXPR ; : pe: 0.167=>0.150 ; ppie: 0.167=>0.167
[Wed Jan 21 04:01:24 2026][INFO]: Prod probability update: EXIT_STMT : pe: 0.167=>0.150 ; ppie: 0.167=>0.167
[Wed Jan 21 04:01:24 2026][INFO]: Prod probability update: if ( BOOL_EXPR ) { CMD } : pe: 0.167=>0.150 ; ppie: 0.167=>0.167
[Wed Jan 21 04:01:24 2026][INFO]: Prod probability update: CMD CMD : pe: 0.167=>0.150 ; ppie: 0.167=>0.167
[Wed Jan 21 04:01:24 2026][INFO]: Prod probability update: BACK : pe: 0.500=>0.500 ; ppie: 0.500=>0.500
[Wed Jan 21 04:01:24 2026][INFO]: Prod probability update: FRONT : pe: 0.500=>0.500 ; ppie: 0.500=>0.500
[Wed Jan 21 04:01:24 2026][INFO]: Prod probability update: INSERT POS CMD : pe: 1.000=>1.000 ; ppie: 1.000=>1.000
[Wed Jan 21 04:01:24 2026][COMMAND]: sed -i -e '237s:^:return \& ...->msg_control ;  :' /effFix-experiment/effFix-benchmark/lxc/null-ptr-20-lxc/src/src/lxc/af_unix.c
[Wed Jan 21 04:01:24 2026][COMMAND]: diff -u /effFix-experiment/effFix-benchmark/lxc/null-ptr-20-lxc/repair/af_unix.c.backup /effFix-experiment/effFix-benchmark/lxc/null-ptr-20-lxc/src/src/lxc/af_unix.c > /effFix-experiment/effFix-benchmark/lxc/null-ptr-20-lxc/repair/2.patch
[Wed Jan 21 04:01:24 2026][COMMAND]: /opt/infer/infer/bin/infer --pulse-only --pulse-max-disjuncts 100 --jobs 32 --reactive --pulse-fix-mode --pulse-fix-file=src/lxc/af_unix.c --pulse-fix-function=lxc_abstract_unix_send_credential -o /effFix-experiment/effFix-benchmark/lxc/null-ptr-20-lxc/repair/infer-out-single -- make -j4
[Wed Jan 21 04:01:25 2026][COMMAND]: sed -i -e '237s:^:if ( ! ( msg.msg_controllen > 0 ) ) { return msg.msg_control ; free ( msg.msg_control ) ; }  :' /effFix-experiment/effFix-benchmark/lxc/null-ptr-20-lxc/src/src/lxc/af_unix.c
[Wed Jan 21 04:01:25 2026][COMMAND]: diff -u /effFix-experiment/effFix-benchmark/lxc/null-ptr-20-lxc/repair/af_unix.c.backup /effFix-experiment/effFix-benchmark/lxc/null-ptr-20-lxc/src/src/lxc/af_unix.c > /effFix-experiment/effFix-benchmark/lxc/null-ptr-20-lxc/repair/3.patch
[Wed Jan 21 04:01:25 2026][COMMAND]: /opt/infer/infer/bin/infer --pulse-only --pulse-max-disjuncts 100 --jobs 32 --reactive --pulse-fix-mode --pulse-fix-file=src/lxc/af_unix.c --pulse-fix-function=lxc_abstract_unix_send_credential -o /effFix-experiment/effFix-benchmark/lxc/null-ptr-20-lxc/repair/infer-out-single -- make -j4
[Wed Jan 21 04:01:31 2026][INFO]: Adding new patch: INSERT FRONT if ( ! ( msg.msg_controllen > 0 ) ) { return msg.msg_control ; free ( msg.msg_control ) ; }
[Wed Jan 21 04:01:31 2026][INFO]: Created new cluster cluster-L237-1
[Wed Jan 21 04:01:31 2026][INFO]: Cluster signature: PatchSignature: [
	DisjunctSignature: label: <AbortProgram, 235, 238>, 
		allocated: frozenset(), 
		deallocated: frozenset(), 
		return_formula: True, 
		formula: True,
	DisjunctSignature: label: <ISLLatentMemoryError, 0, 0>, 
		allocated: frozenset(), 
		deallocated: frozenset(), 
		return_formula: True, 
		formula: True,
	DisjunctSignature: label: <Ok, 0, 0>, 
		allocated: frozenset(), 
		deallocated: frozenset(), 
		return_formula: True, 
		formula: True,
	DisjunctSignature: label: <Ok, 0, 0>, 
		allocated: frozenset(), 
		deallocated: frozenset(), 
		return_formula: True, 
		formula: (data = 0),
	DisjunctSignature: label: <Ok, 0, 0>, 
		allocated: frozenset(), 
		deallocated: frozenset(), 
		return_formula: True, 
		formula: (! (data = 0)),
]
[Wed Jan 21 04:01:31 2026][INFO]: pe_increment: RewardType.NO
[Wed Jan 21 04:01:31 2026][INFO]: ppie_increment: RewardType.NO
[Wed Jan 21 04:01:31 2026][INFO]: Adding to Cluster cluster-L237-1
[Wed Jan 21 04:01:31 2026][INFO]: Grammar: :INSERT POS CMD,if ( BOOL_EXPR ) { CMD },! ( BOOL_EXPR_S ),ARITH_EXPR REL_OP CONST,ID,CMD CMD,return POINTER_EXPR ;,POINTER,HEAP,free ( POINTER ) ;
[Wed Jan 21 04:01:31 2026][INFO]: plausible count: 0
[Wed Jan 21 04:01:31 2026][INFO]: cumulative repetition: 1
[Wed Jan 21 04:01:31 2026][INFO]: Cluster pe increment: RewardType.NO
[Wed Jan 21 04:01:31 2026][INFO]: Cluster ppie increment: RewardType.NO
[Wed Jan 21 04:01:31 2026][INFO]: Prod probability update: msg.msg_control : pe: 0.333=>0.333 ; ppie: 0.333=>0.333
[Wed Jan 21 04:01:31 2026][INFO]: Prod probability update: & ...->msg_control : pe: 0.333=>0.333 ; ppie: 0.333=>0.333
[Wed Jan 21 04:01:31 2026][INFO]: Prod probability update: cmsg : pe: 0.333=>0.333 ; ppie: 0.333=>0.333
[Wed Jan 21 04:01:31 2026][INFO]: Prod probability update: msg.msg_control : pe: 0.333=>0.333 ; ppie: 0.333=>0.333
[Wed Jan 21 04:01:31 2026][INFO]: Prod probability update: & ...->msg_control : pe: 0.333=>0.333 ; ppie: 0.333=>0.333
[Wed Jan 21 04:01:31 2026][INFO]: Prod probability update: cmsg : pe: 0.333=>0.333 ; ppie: 0.333=>0.333
[Wed Jan 21 04:01:31 2026][INFO]: Prod probability update: msg.msg_controllen : pe: 0.500=>0.500 ; ppie: 0.500=>0.500
[Wed Jan 21 04:01:31 2026][INFO]: Prod probability update: & ...->msg_controllen : pe: 0.500=>0.500 ; ppie: 0.500=>0.500
[Wed Jan 21 04:01:31 2026][INFO]: Prod probability update: 0 : pe: 0.500=>0.500 ; ppie: 0.500=>0.500
[Wed Jan 21 04:01:31 2026][INFO]: Prod probability update: -1 : pe: 0.500=>0.500 ; ppie: 0.500=>0.500
[Wed Jan 21 04:01:31 2026][INFO]: Prod probability update: > : pe: 0.167=>0.167 ; ppie: 0.167=>0.167
[Wed Jan 21 04:01:31 2026][INFO]: Prod probability update: < : pe: 0.167=>0.167 ; ppie: 0.167=>0.167
[Wed Jan 21 04:01:31 2026][INFO]: Prod probability update: <= : pe: 0.167=>0.167 ; ppie: 0.167=>0.167
[Wed Jan 21 04:01:31 2026][INFO]: Prod probability update: == : pe: 0.167=>0.167 ; ppie: 0.167=>0.167
[Wed Jan 21 04:01:31 2026][INFO]: Prod probability update: != : pe: 0.167=>0.167 ; ppie: 0.167=>0.167
[Wed Jan 21 04:01:31 2026][INFO]: Prod probability update: >= : pe: 0.167=>0.167 ; ppie: 0.167=>0.167
[Wed Jan 21 04:01:31 2026][INFO]: Prod probability update: POINTER : pe: 0.450=>0.450 ; ppie: 0.500=>0.500
[Wed Jan 21 04:01:31 2026][INFO]: Prod probability update: POINTER_CONST : pe: 0.550=>0.550 ; ppie: 0.500=>0.500
[Wed Jan 21 04:01:31 2026][INFO]: Prod probability update: ID : pe: 0.500=>0.500 ; ppie: 0.500=>0.500
[Wed Jan 21 04:01:31 2026][INFO]: Prod probability update: ID ARITH_OP ID : pe: 0.500=>0.500 ; ppie: 0.500=>0.500
[Wed Jan 21 04:01:31 2026][INFO]: Prod probability update: ! ( BOOL_EXPR_S ) : pe: 0.250=>0.250 ; ppie: 0.250=>0.250
[Wed Jan 21 04:01:31 2026][INFO]: Prod probability update: BOOL_EXPR_S || BOOL_EXPR_S : pe: 0.250=>0.250 ; ppie: 0.250=>0.250
[Wed Jan 21 04:01:31 2026][INFO]: Prod probability update: BOOL_EXPR_S && BOOL_EXPR_S : pe: 0.250=>0.250 ; ppie: 0.250=>0.250
[Wed Jan 21 04:01:31 2026][INFO]: Prod probability update: BOOL_EXPR_S : pe: 0.250=>0.250 ; ppie: 0.250=>0.250
[Wed Jan 21 04:01:31 2026][INFO]: Prod probability update: ARITH_EXPR REL_OP CONST : pe: 0.250=>0.250 ; ppie: 0.250=>0.250
[Wed Jan 21 04:01:31 2026][INFO]: Prod probability update: ARITH_EXPR REL_OP ARITH_EXPR : pe: 0.250=>0.250 ; ppie: 0.250=>0.250
[Wed Jan 21 04:01:31 2026][INFO]: Prod probability update: COND_POINTER POINTER_OP COND_POINTER : pe: 0.250=>0.250 ; ppie: 0.250=>0.250
[Wed Jan 21 04:01:31 2026][INFO]: Prod probability update: COND_POINTER POINTER_OP POINTER_CONST : pe: 0.250=>0.250 ; ppie: 0.250=>0.250
[Wed Jan 21 04:01:31 2026][INFO]: Prod probability update: free ( POINTER ) ; : pe: 0.333=>0.333 ; ppie: 0.333=>0.333
[Wed Jan 21 04:01:31 2026][INFO]: Prod probability update: POINTER = POINTER_EXPR ; : pe: 0.333=>0.333 ; ppie: 0.333=>0.333
[Wed Jan 21 04:01:31 2026][INFO]: Prod probability update: POINTER = malloc ( sizeof ( * POINTER ) ) ; : pe: 0.333=>0.333 ; ppie: 0.333=>0.333
[Wed Jan 21 04:01:31 2026][INFO]: Prod probability update: HEAP : pe: 0.150=>0.150 ; ppie: 0.167=>0.167
[Wed Jan 21 04:01:31 2026][INFO]: Prod probability update: return POINTER_EXPR ; : pe: 0.250=>0.250 ; ppie: 0.167=>0.167
[Wed Jan 21 04:01:31 2026][INFO]: Prod probability update: if ( BOOL_EXPR ) { CMD } : pe: 0.150=>0.150 ; ppie: 0.167=>0.167
[Wed Jan 21 04:01:31 2026][INFO]: Prod probability update: CMD CMD : pe: 0.150=>0.150 ; ppie: 0.167=>0.167
[Wed Jan 21 04:01:31 2026][INFO]: Prod probability update: ID = ARITH_EXPR ; : pe: 0.150=>0.150 ; ppie: 0.167=>0.167
[Wed Jan 21 04:01:31 2026][INFO]: Prod probability update: EXIT_STMT : pe: 0.150=>0.150 ; ppie: 0.167=>0.167
[Wed Jan 21 04:01:31 2026][INFO]: Prod probability update: FRONT : pe: 0.500=>0.500 ; ppie: 0.500=>0.500
[Wed Jan 21 04:01:31 2026][INFO]: Prod probability update: BACK : pe: 0.500=>0.500 ; ppie: 0.500=>0.500
[Wed Jan 21 04:01:31 2026][INFO]: Prod probability update: INSERT POS CMD : pe: 1.000=>1.000 ; ppie: 1.000=>1.000
[Wed Jan 21 04:01:31 2026][COMMAND]: sed -i -e '237s:^:if ( \& ...->msg_controllen < msg.msg_controllen - msg.msg_controllen \&\& \& ...->msg_controllen - \& ...->msg_controllen > 0 ) { return NULL ; }  :' /effFix-experiment/effFix-benchmark/lxc/null-ptr-20-lxc/src/src/lxc/af_unix.c
[Wed Jan 21 04:01:31 2026][COMMAND]: diff -u /effFix-experiment/effFix-benchmark/lxc/null-ptr-20-lxc/repair/af_unix.c.backup /effFix-experiment/effFix-benchmark/lxc/null-ptr-20-lxc/src/src/lxc/af_unix.c > /effFix-experiment/effFix-benchmark/lxc/null-ptr-20-lxc/repair/4.patch
[Wed Jan 21 04:01:31 2026][COMMAND]: /opt/infer/infer/bin/infer --pulse-only --pulse-max-disjuncts 100 --jobs 32 --reactive --pulse-fix-mode --pulse-fix-file=src/lxc/af_unix.c --pulse-fix-function=lxc_abstract_unix_send_credential -o /effFix-experiment/effFix-benchmark/lxc/null-ptr-20-lxc/repair/infer-out-single -- make -j4
[Wed Jan 21 04:01:32 2026][COMMAND]: sed -i -e '237s:$: if ( msg.msg_control == NULL || \& ...->msg_control == \& ...->msg_control ) { free ( cmsg ) ; return msg.msg_control ; } :' /effFix-experiment/effFix-benchmark/lxc/null-ptr-20-lxc/src/src/lxc/af_unix.c
[Wed Jan 21 04:01:32 2026][COMMAND]: diff -u /effFix-experiment/effFix-benchmark/lxc/null-ptr-20-lxc/repair/af_unix.c.backup /effFix-experiment/effFix-benchmark/lxc/null-ptr-20-lxc/src/src/lxc/af_unix.c > /effFix-experiment/effFix-benchmark/lxc/null-ptr-20-lxc/repair/5.patch
[Wed Jan 21 04:01:32 2026][COMMAND]: /opt/infer/infer/bin/infer --pulse-only --pulse-max-disjuncts 100 --jobs 32 --reactive --pulse-fix-mode --pulse-fix-file=src/lxc/af_unix.c --pulse-fix-function=lxc_abstract_unix_send_credential -o /effFix-experiment/effFix-benchmark/lxc/null-ptr-20-lxc/repair/infer-out-single -- make -j4
[Wed Jan 21 04:01:32 2026][COMMAND]: sed -i -e '237s:^:return cmsg ;  :' /effFix-experiment/effFix-benchmark/lxc/null-ptr-20-lxc/src/src/lxc/af_unix.c
[Wed Jan 21 04:01:32 2026][COMMAND]: diff -u /effFix-experiment/effFix-benchmark/lxc/null-ptr-20-lxc/repair/af_unix.c.backup /effFix-experiment/effFix-benchmark/lxc/null-ptr-20-lxc/src/src/lxc/af_unix.c > /effFix-experiment/effFix-benchmark/lxc/null-ptr-20-lxc/repair/6.patch
[Wed Jan 21 04:01:32 2026][COMMAND]: /opt/infer/infer/bin/infer --pulse-only --pulse-max-disjuncts 100 --jobs 32 --reactive --pulse-fix-mode --pulse-fix-file=src/lxc/af_unix.c --pulse-fix-function=lxc_abstract_unix_send_credential -o /effFix-experiment/effFix-benchmark/lxc/null-ptr-20-lxc/repair/infer-out-single -- make -j4
[Wed Jan 21 04:01:32 2026][COMMAND]: sed -i -e '237s:$: if ( \& ...->msg_controllen > msg.msg_controllen * msg.msg_controllen \&\& msg.msg_controllen == msg.msg_controllen - \& ...->msg_controllen ) { \& ...->msg_controllen = \& ...->msg_controllen ; } :' /effFix-experiment/effFix-benchmark/lxc/null-ptr-20-lxc/src/src/lxc/af_unix.c
[Wed Jan 21 04:01:32 2026][COMMAND]: diff -u /effFix-experiment/effFix-benchmark/lxc/null-ptr-20-lxc/repair/af_unix.c.backup /effFix-experiment/effFix-benchmark/lxc/null-ptr-20-lxc/src/src/lxc/af_unix.c > /effFix-experiment/effFix-benchmark/lxc/null-ptr-20-lxc/repair/7.patch
[Wed Jan 21 04:01:32 2026][COMMAND]: /opt/infer/infer/bin/infer --pulse-only --pulse-max-disjuncts 100 --jobs 32 --reactive --pulse-fix-mode --pulse-fix-file=src/lxc/af_unix.c --pulse-fix-function=lxc_abstract_unix_send_credential -o /effFix-experiment/effFix-benchmark/lxc/null-ptr-20-lxc/repair/infer-out-single -- make -j4
[Wed Jan 21 04:01:32 2026][WARNING]: did not generate a new patch
[Wed Jan 21 04:01:32 2026][COMMAND]: sed -i -e '237s:$: msg.msg_control = malloc ( sizeof ( * msg.msg_control ) ) ; :' /effFix-experiment/effFix-benchmark/lxc/null-ptr-20-lxc/src/src/lxc/af_unix.c
[Wed Jan 21 04:01:32 2026][COMMAND]: diff -u /effFix-experiment/effFix-benchmark/lxc/null-ptr-20-lxc/repair/af_unix.c.backup /effFix-experiment/effFix-benchmark/lxc/null-ptr-20-lxc/src/src/lxc/af_unix.c > /effFix-experiment/effFix-benchmark/lxc/null-ptr-20-lxc/repair/8.patch
[Wed Jan 21 04:01:32 2026][COMMAND]: /opt/infer/infer/bin/infer --pulse-only --pulse-max-disjuncts 100 --jobs 32 --reactive --pulse-fix-mode --pulse-fix-file=src/lxc/af_unix.c --pulse-fix-function=lxc_abstract_unix_send_credential -o /effFix-experiment/effFix-benchmark/lxc/null-ptr-20-lxc/repair/infer-out-single -- make -j4
[Wed Jan 21 04:01:32 2026][COMMAND]: sed -i -e '237s:$: return 0; :' /effFix-experiment/effFix-benchmark/lxc/null-ptr-20-lxc/src/src/lxc/af_unix.c
[Wed Jan 21 04:01:32 2026][COMMAND]: diff -u /effFix-experiment/effFix-benchmark/lxc/null-ptr-20-lxc/repair/af_unix.c.backup /effFix-experiment/effFix-benchmark/lxc/null-ptr-20-lxc/src/src/lxc/af_unix.c > /effFix-experiment/effFix-benchmark/lxc/null-ptr-20-lxc/repair/9.patch
[Wed Jan 21 04:01:32 2026][COMMAND]: /opt/infer/infer/bin/infer --pulse-only --pulse-max-disjuncts 100 --jobs 32 --reactive --pulse-fix-mode --pulse-fix-file=src/lxc/af_unix.c --pulse-fix-function=lxc_abstract_unix_send_credential -o /effFix-experiment/effFix-benchmark/lxc/null-ptr-20-lxc/repair/infer-out-single -- make -j4
[Wed Jan 21 04:01:32 2026][COMMAND]: sed -i -e '237s:^:return 0;  :' /effFix-experiment/effFix-benchmark/lxc/null-ptr-20-lxc/src/src/lxc/af_unix.c
[Wed Jan 21 04:01:32 2026][COMMAND]: diff -u /effFix-experiment/effFix-benchmark/lxc/null-ptr-20-lxc/repair/af_unix.c.backup /effFix-experiment/effFix-benchmark/lxc/null-ptr-20-lxc/src/src/lxc/af_unix.c > /effFix-experiment/effFix-benchmark/lxc/null-ptr-20-lxc/repair/10.patch
[Wed Jan 21 04:01:32 2026][COMMAND]: /opt/infer/infer/bin/infer --pulse-only --pulse-max-disjuncts 100 --jobs 32 --reactive --pulse-fix-mode --pulse-fix-file=src/lxc/af_unix.c --pulse-fix-function=lxc_abstract_unix_send_credential -o /effFix-experiment/effFix-benchmark/lxc/null-ptr-20-lxc/repair/infer-out-single -- make -j4
[Wed Jan 21 04:01:32 2026][COMMAND]: sed -i -e '237s:$: if ( cmsg != NULL ) { return call to sendmsg; } :' /effFix-experiment/effFix-benchmark/lxc/null-ptr-20-lxc/src/src/lxc/af_unix.c
[Wed Jan 21 04:01:32 2026][COMMAND]: diff -u /effFix-experiment/effFix-benchmark/lxc/null-ptr-20-lxc/repair/af_unix.c.backup /effFix-experiment/effFix-benchmark/lxc/null-ptr-20-lxc/src/src/lxc/af_unix.c > /effFix-experiment/effFix-benchmark/lxc/null-ptr-20-lxc/repair/11.patch
[Wed Jan 21 04:01:32 2026][COMMAND]: /opt/infer/infer/bin/infer --pulse-only --pulse-max-disjuncts 100 --jobs 32 --reactive --pulse-fix-mode --pulse-fix-file=src/lxc/af_unix.c --pulse-fix-function=lxc_abstract_unix_send_credential -o /effFix-experiment/effFix-benchmark/lxc/null-ptr-20-lxc/repair/infer-out-single -- make -j4
[Wed Jan 21 04:01:32 2026][COMMAND]: sed -i -e '237s:^:msg.msg_controllen = \& ...->msg_controllen - \& ...->msg_controllen ;  :' /effFix-experiment/effFix-benchmark/lxc/null-ptr-20-lxc/src/src/lxc/af_unix.c
[Wed Jan 21 04:01:32 2026][COMMAND]: diff -u /effFix-experiment/effFix-benchmark/lxc/null-ptr-20-lxc/repair/af_unix.c.backup /effFix-experiment/effFix-benchmark/lxc/null-ptr-20-lxc/src/src/lxc/af_unix.c > /effFix-experiment/effFix-benchmark/lxc/null-ptr-20-lxc/repair/12.patch
[Wed Jan 21 04:01:32 2026][COMMAND]: /opt/infer/infer/bin/infer --pulse-only --pulse-max-disjuncts 100 --jobs 32 --reactive --pulse-fix-mode --pulse-fix-file=src/lxc/af_unix.c --pulse-fix-function=lxc_abstract_unix_send_credential -o /effFix-experiment/effFix-benchmark/lxc/null-ptr-20-lxc/repair/infer-out-single -- make -j4
[Wed Jan 21 04:01:32 2026][COMMAND]: sed -i -e '237s:$: msg.msg_controllen = msg.msg_controllen ; :' /effFix-experiment/effFix-benchmark/lxc/null-ptr-20-lxc/src/src/lxc/af_unix.c
[Wed Jan 21 04:01:32 2026][COMMAND]: diff -u /effFix-experiment/effFix-benchmark/lxc/null-ptr-20-lxc/repair/af_unix.c.backup /effFix-experiment/effFix-benchmark/lxc/null-ptr-20-lxc/src/src/lxc/af_unix.c > /effFix-experiment/effFix-benchmark/lxc/null-ptr-20-lxc/repair/13.patch
[Wed Jan 21 04:01:32 2026][COMMAND]: /opt/infer/infer/bin/infer --pulse-only --pulse-max-disjuncts 100 --jobs 32 --reactive --pulse-fix-mode --pulse-fix-file=src/lxc/af_unix.c --pulse-fix-function=lxc_abstract_unix_send_credential -o /effFix-experiment/effFix-benchmark/lxc/null-ptr-20-lxc/repair/infer-out-single -- make -j4
[Wed Jan 21 04:01:32 2026][COMMAND]: sed -i -e '237s:^:\& ...->msg_controllen = \& ...->msg_controllen * \& ...->msg_controllen ; return \& ...->msg_control ;  :' /effFix-experiment/effFix-benchmark/lxc/null-ptr-20-lxc/src/src/lxc/af_unix.c
[Wed Jan 21 04:01:32 2026][COMMAND]: diff -u /effFix-experiment/effFix-benchmark/lxc/null-ptr-20-lxc/repair/af_unix.c.backup /effFix-experiment/effFix-benchmark/lxc/null-ptr-20-lxc/src/src/lxc/af_unix.c > /effFix-experiment/effFix-benchmark/lxc/null-ptr-20-lxc/repair/14.patch
[Wed Jan 21 04:01:32 2026][COMMAND]: /opt/infer/infer/bin/infer --pulse-only --pulse-max-disjuncts 100 --jobs 32 --reactive --pulse-fix-mode --pulse-fix-file=src/lxc/af_unix.c --pulse-fix-function=lxc_abstract_unix_send_credential -o /effFix-experiment/effFix-benchmark/lxc/null-ptr-20-lxc/repair/infer-out-single -- make -j4
[Wed Jan 21 04:01:32 2026][COMMAND]: sed -i -e '237s:^:if ( msg.msg_controllen != \& ...->msg_controllen + msg.msg_controllen \&\& cmsg != NULL ) { \& ...->msg_controllen = msg.msg_controllen * \& ...->msg_controllen ; }  :' /effFix-experiment/effFix-benchmark/lxc/null-ptr-20-lxc/src/src/lxc/af_unix.c
[Wed Jan 21 04:01:32 2026][COMMAND]: diff -u /effFix-experiment/effFix-benchmark/lxc/null-ptr-20-lxc/repair/af_unix.c.backup /effFix-experiment/effFix-benchmark/lxc/null-ptr-20-lxc/src/src/lxc/af_unix.c > /effFix-experiment/effFix-benchmark/lxc/null-ptr-20-lxc/repair/15.patch
[Wed Jan 21 04:01:32 2026][COMMAND]: /opt/infer/infer/bin/infer --pulse-only --pulse-max-disjuncts 100 --jobs 32 --reactive --pulse-fix-mode --pulse-fix-file=src/lxc/af_unix.c --pulse-fix-function=lxc_abstract_unix_send_credential -o /effFix-experiment/effFix-benchmark/lxc/null-ptr-20-lxc/repair/infer-out-single -- make -j4
[Wed Jan 21 04:01:33 2026][COMMAND]: sed -i -e '237s:^:if ( \& ...->msg_control != cmsg \&\& \& ...->msg_controllen / \& ...->msg_controllen == msg.msg_controllen + \& ...->msg_controllen ) { return NULL ; } return NULL ;  :' /effFix-experiment/effFix-benchmark/lxc/null-ptr-20-lxc/src/src/lxc/af_unix.c
[Wed Jan 21 04:01:33 2026][COMMAND]: diff -u /effFix-experiment/effFix-benchmark/lxc/null-ptr-20-lxc/repair/af_unix.c.backup /effFix-experiment/effFix-benchmark/lxc/null-ptr-20-lxc/src/src/lxc/af_unix.c > /effFix-experiment/effFix-benchmark/lxc/null-ptr-20-lxc/repair/16.patch
[Wed Jan 21 04:01:33 2026][COMMAND]: /opt/infer/infer/bin/infer --pulse-only --pulse-max-disjuncts 100 --jobs 32 --reactive --pulse-fix-mode --pulse-fix-file=src/lxc/af_unix.c --pulse-fix-function=lxc_abstract_unix_send_credential -o /effFix-experiment/effFix-benchmark/lxc/null-ptr-20-lxc/repair/infer-out-single -- make -j4
[Wed Jan 21 04:01:33 2026][COMMAND]: sed -i -e '237s:$: return NULL ; msg.msg_controllen = msg.msg_controllen / msg.msg_controllen ; :' /effFix-experiment/effFix-benchmark/lxc/null-ptr-20-lxc/src/src/lxc/af_unix.c
[Wed Jan 21 04:01:33 2026][COMMAND]: diff -u /effFix-experiment/effFix-benchmark/lxc/null-ptr-20-lxc/repair/af_unix.c.backup /effFix-experiment/effFix-benchmark/lxc/null-ptr-20-lxc/src/src/lxc/af_unix.c > /effFix-experiment/effFix-benchmark/lxc/null-ptr-20-lxc/repair/17.patch
[Wed Jan 21 04:01:33 2026][COMMAND]: /opt/infer/infer/bin/infer --pulse-only --pulse-max-disjuncts 100 --jobs 32 --reactive --pulse-fix-mode --pulse-fix-file=src/lxc/af_unix.c --pulse-fix-function=lxc_abstract_unix_send_credential -o /effFix-experiment/effFix-benchmark/lxc/null-ptr-20-lxc/repair/infer-out-single -- make -j4
[Wed Jan 21 04:01:33 2026][COMMAND]: sed -i -e '237s:$: cmsg = NULL ; \& ...->msg_controllen = \& ...->msg_controllen ; :' /effFix-experiment/effFix-benchmark/lxc/null-ptr-20-lxc/src/src/lxc/af_unix.c
[Wed Jan 21 04:01:33 2026][COMMAND]: diff -u /effFix-experiment/effFix-benchmark/lxc/null-ptr-20-lxc/repair/af_unix.c.backup /effFix-experiment/effFix-benchmark/lxc/null-ptr-20-lxc/src/src/lxc/af_unix.c > /effFix-experiment/effFix-benchmark/lxc/null-ptr-20-lxc/repair/18.patch
[Wed Jan 21 04:01:33 2026][COMMAND]: /opt/infer/infer/bin/infer --pulse-only --pulse-max-disjuncts 100 --jobs 32 --reactive --pulse-fix-mode --pulse-fix-file=src/lxc/af_unix.c --pulse-fix-function=lxc_abstract_unix_send_credential -o /effFix-experiment/effFix-benchmark/lxc/null-ptr-20-lxc/repair/infer-out-single -- make -j4
[Wed Jan 21 04:01:33 2026][COMMAND]: sed -i -e '237s:$: if ( ! ( \& ...->msg_control != NULL ) ) { return \& ...->msg_control ; } :' /effFix-experiment/effFix-benchmark/lxc/null-ptr-20-lxc/src/src/lxc/af_unix.c
[Wed Jan 21 04:01:33 2026][COMMAND]: diff -u /effFix-experiment/effFix-benchmark/lxc/null-ptr-20-lxc/repair/af_unix.c.backup /effFix-experiment/effFix-benchmark/lxc/null-ptr-20-lxc/src/src/lxc/af_unix.c > /effFix-experiment/effFix-benchmark/lxc/null-ptr-20-lxc/repair/19.patch
[Wed Jan 21 04:01:33 2026][COMMAND]: /opt/infer/infer/bin/infer --pulse-only --pulse-max-disjuncts 100 --jobs 32 --reactive --pulse-fix-mode --pulse-fix-file=src/lxc/af_unix.c --pulse-fix-function=lxc_abstract_unix_send_credential -o /effFix-experiment/effFix-benchmark/lxc/null-ptr-20-lxc/repair/infer-out-single -- make -j4
[Wed Jan 21 04:01:33 2026][COMMAND]: sed -i -e '237s:^:msg.msg_control = msg.msg_control ;  :' /effFix-experiment/effFix-benchmark/lxc/null-ptr-20-lxc/src/src/lxc/af_unix.c
[Wed Jan 21 04:01:33 2026][COMMAND]: diff -u /effFix-experiment/effFix-benchmark/lxc/null-ptr-20-lxc/repair/af_unix.c.backup /effFix-experiment/effFix-benchmark/lxc/null-ptr-20-lxc/src/src/lxc/af_unix.c > /effFix-experiment/effFix-benchmark/lxc/null-ptr-20-lxc/repair/20.patch
[Wed Jan 21 04:01:33 2026][COMMAND]: /opt/infer/infer/bin/infer --pulse-only --pulse-max-disjuncts 100 --jobs 32 --reactive --pulse-fix-mode --pulse-fix-file=src/lxc/af_unix.c --pulse-fix-function=lxc_abstract_unix_send_credential -o /effFix-experiment/effFix-benchmark/lxc/null-ptr-20-lxc/repair/infer-out-single -- make -j4
[Wed Jan 21 04:01:33 2026][COMMAND]: sed -i -e '237s:^:return NULL ;  :' /effFix-experiment/effFix-benchmark/lxc/null-ptr-20-lxc/src/src/lxc/af_unix.c
[Wed Jan 21 04:01:33 2026][COMMAND]: diff -u /effFix-experiment/effFix-benchmark/lxc/null-ptr-20-lxc/repair/af_unix.c.backup /effFix-experiment/effFix-benchmark/lxc/null-ptr-20-lxc/src/src/lxc/af_unix.c > /effFix-experiment/effFix-benchmark/lxc/null-ptr-20-lxc/repair/21.patch
[Wed Jan 21 04:01:33 2026][COMMAND]: /opt/infer/infer/bin/infer --pulse-only --pulse-max-disjuncts 100 --jobs 32 --reactive --pulse-fix-mode --pulse-fix-file=src/lxc/af_unix.c --pulse-fix-function=lxc_abstract_unix_send_credential -o /effFix-experiment/effFix-benchmark/lxc/null-ptr-20-lxc/repair/infer-out-single -- make -j4
[Wed Jan 21 04:01:33 2026][COMMAND]: sed -i -e '237s:^:return msg.msg_control ;  :' /effFix-experiment/effFix-benchmark/lxc/null-ptr-20-lxc/src/src/lxc/af_unix.c
[Wed Jan 21 04:01:33 2026][COMMAND]: diff -u /effFix-experiment/effFix-benchmark/lxc/null-ptr-20-lxc/repair/af_unix.c.backup /effFix-experiment/effFix-benchmark/lxc/null-ptr-20-lxc/src/src/lxc/af_unix.c > /effFix-experiment/effFix-benchmark/lxc/null-ptr-20-lxc/repair/22.patch
[Wed Jan 21 04:01:33 2026][COMMAND]: /opt/infer/infer/bin/infer --pulse-only --pulse-max-disjuncts 100 --jobs 32 --reactive --pulse-fix-mode --pulse-fix-file=src/lxc/af_unix.c --pulse-fix-function=lxc_abstract_unix_send_credential -o /effFix-experiment/effFix-benchmark/lxc/null-ptr-20-lxc/repair/infer-out-single -- make -j4
[Wed Jan 21 04:01:33 2026][COMMAND]: sed -i -e '237s:^:return call to sendmsg;  :' /effFix-experiment/effFix-benchmark/lxc/null-ptr-20-lxc/src/src/lxc/af_unix.c
[Wed Jan 21 04:01:33 2026][COMMAND]: diff -u /effFix-experiment/effFix-benchmark/lxc/null-ptr-20-lxc/repair/af_unix.c.backup /effFix-experiment/effFix-benchmark/lxc/null-ptr-20-lxc/src/src/lxc/af_unix.c > /effFix-experiment/effFix-benchmark/lxc/null-ptr-20-lxc/repair/23.patch
[Wed Jan 21 04:01:33 2026][COMMAND]: /opt/infer/infer/bin/infer --pulse-only --pulse-max-disjuncts 100 --jobs 32 --reactive --pulse-fix-mode --pulse-fix-file=src/lxc/af_unix.c --pulse-fix-function=lxc_abstract_unix_send_credential -o /effFix-experiment/effFix-benchmark/lxc/null-ptr-20-lxc/repair/infer-out-single -- make -j4
[Wed Jan 21 04:01:33 2026][COMMAND]: sed -i -e '237s:^:cmsg = NULL ;  :' /effFix-experiment/effFix-benchmark/lxc/null-ptr-20-lxc/src/src/lxc/af_unix.c
[Wed Jan 21 04:01:33 2026][COMMAND]: diff -u /effFix-experiment/effFix-benchmark/lxc/null-ptr-20-lxc/repair/af_unix.c.backup /effFix-experiment/effFix-benchmark/lxc/null-ptr-20-lxc/src/src/lxc/af_unix.c > /effFix-experiment/effFix-benchmark/lxc/null-ptr-20-lxc/repair/24.patch
[Wed Jan 21 04:01:33 2026][COMMAND]: /opt/infer/infer/bin/infer --pulse-only --pulse-max-disjuncts 100 --jobs 32 --reactive --pulse-fix-mode --pulse-fix-file=src/lxc/af_unix.c --pulse-fix-function=lxc_abstract_unix_send_credential -o /effFix-experiment/effFix-benchmark/lxc/null-ptr-20-lxc/repair/infer-out-single -- make -j4
[Wed Jan 21 04:01:33 2026][COMMAND]: sed -i -e '237s:$: return cmsg ; :' /effFix-experiment/effFix-benchmark/lxc/null-ptr-20-lxc/src/src/lxc/af_unix.c
[Wed Jan 21 04:01:33 2026][COMMAND]: diff -u /effFix-experiment/effFix-benchmark/lxc/null-ptr-20-lxc/repair/af_unix.c.backup /effFix-experiment/effFix-benchmark/lxc/null-ptr-20-lxc/src/src/lxc/af_unix.c > /effFix-experiment/effFix-benchmark/lxc/null-ptr-20-lxc/repair/25.patch
[Wed Jan 21 04:01:33 2026][COMMAND]: /opt/infer/infer/bin/infer --pulse-only --pulse-max-disjuncts 100 --jobs 32 --reactive --pulse-fix-mode --pulse-fix-file=src/lxc/af_unix.c --pulse-fix-function=lxc_abstract_unix_send_credential -o /effFix-experiment/effFix-benchmark/lxc/null-ptr-20-lxc/repair/infer-out-single -- make -j4
[Wed Jan 21 04:01:33 2026][COMMAND]: sed -i -e '237s:^:\& ...->msg_controllen = \& ...->msg_controllen ;  :' /effFix-experiment/effFix-benchmark/lxc/null-ptr-20-lxc/src/src/lxc/af_unix.c
[Wed Jan 21 04:01:33 2026][COMMAND]: diff -u /effFix-experiment/effFix-benchmark/lxc/null-ptr-20-lxc/repair/af_unix.c.backup /effFix-experiment/effFix-benchmark/lxc/null-ptr-20-lxc/src/src/lxc/af_unix.c > /effFix-experiment/effFix-benchmark/lxc/null-ptr-20-lxc/repair/26.patch
[Wed Jan 21 04:01:33 2026][COMMAND]: /opt/infer/infer/bin/infer --pulse-only --pulse-max-disjuncts 100 --jobs 32 --reactive --pulse-fix-mode --pulse-fix-file=src/lxc/af_unix.c --pulse-fix-function=lxc_abstract_unix_send_credential -o /effFix-experiment/effFix-benchmark/lxc/null-ptr-20-lxc/repair/infer-out-single -- make -j4
[Wed Jan 21 04:01:33 2026][COMMAND]: sed -i -e '237s:$: return \& ...->msg_control ; :' /effFix-experiment/effFix-benchmark/lxc/null-ptr-20-lxc/src/src/lxc/af_unix.c
[Wed Jan 21 04:01:34 2026][COMMAND]: diff -u /effFix-experiment/effFix-benchmark/lxc/null-ptr-20-lxc/repair/af_unix.c.backup /effFix-experiment/effFix-benchmark/lxc/null-ptr-20-lxc/src/src/lxc/af_unix.c > /effFix-experiment/effFix-benchmark/lxc/null-ptr-20-lxc/repair/27.patch
[Wed Jan 21 04:01:34 2026][COMMAND]: /opt/infer/infer/bin/infer --pulse-only --pulse-max-disjuncts 100 --jobs 32 --reactive --pulse-fix-mode --pulse-fix-file=src/lxc/af_unix.c --pulse-fix-function=lxc_abstract_unix_send_credential -o /effFix-experiment/effFix-benchmark/lxc/null-ptr-20-lxc/repair/infer-out-single -- make -j4
[Wed Jan 21 04:01:34 2026][COMMAND]: sed -i -e '237s:^:if ( msg.msg_control == NULL \&\& msg.msg_control == cmsg ) { return call to sendmsg; }  :' /effFix-experiment/effFix-benchmark/lxc/null-ptr-20-lxc/src/src/lxc/af_unix.c
[Wed Jan 21 04:01:34 2026][COMMAND]: diff -u /effFix-experiment/effFix-benchmark/lxc/null-ptr-20-lxc/repair/af_unix.c.backup /effFix-experiment/effFix-benchmark/lxc/null-ptr-20-lxc/src/src/lxc/af_unix.c > /effFix-experiment/effFix-benchmark/lxc/null-ptr-20-lxc/repair/28.patch
[Wed Jan 21 04:01:34 2026][COMMAND]: /opt/infer/infer/bin/infer --pulse-only --pulse-max-disjuncts 100 --jobs 32 --reactive --pulse-fix-mode --pulse-fix-file=src/lxc/af_unix.c --pulse-fix-function=lxc_abstract_unix_send_credential -o /effFix-experiment/effFix-benchmark/lxc/null-ptr-20-lxc/repair/infer-out-single -- make -j4
[Wed Jan 21 04:01:34 2026][COMMAND]: sed -i -e '237s:^:if ( msg.msg_controllen == \& ...->msg_controllen \&\& \& ...->msg_control != NULL ) { msg.msg_controllen = msg.msg_controllen / msg.msg_controllen ; }  :' /effFix-experiment/effFix-benchmark/lxc/null-ptr-20-lxc/src/src/lxc/af_unix.c
[Wed Jan 21 04:01:34 2026][COMMAND]: diff -u /effFix-experiment/effFix-benchmark/lxc/null-ptr-20-lxc/repair/af_unix.c.backup /effFix-experiment/effFix-benchmark/lxc/null-ptr-20-lxc/src/src/lxc/af_unix.c > /effFix-experiment/effFix-benchmark/lxc/null-ptr-20-lxc/repair/29.patch
[Wed Jan 21 04:01:34 2026][COMMAND]: /opt/infer/infer/bin/infer --pulse-only --pulse-max-disjuncts 100 --jobs 32 --reactive --pulse-fix-mode --pulse-fix-file=src/lxc/af_unix.c --pulse-fix-function=lxc_abstract_unix_send_credential -o /effFix-experiment/effFix-benchmark/lxc/null-ptr-20-lxc/repair/infer-out-single -- make -j4
[Wed Jan 21 04:01:34 2026][COMMAND]: sed -i -e '237s:$: return call to sendmsg; :' /effFix-experiment/effFix-benchmark/lxc/null-ptr-20-lxc/src/src/lxc/af_unix.c
[Wed Jan 21 04:01:34 2026][COMMAND]: diff -u /effFix-experiment/effFix-benchmark/lxc/null-ptr-20-lxc/repair/af_unix.c.backup /effFix-experiment/effFix-benchmark/lxc/null-ptr-20-lxc/src/src/lxc/af_unix.c > /effFix-experiment/effFix-benchmark/lxc/null-ptr-20-lxc/repair/30.patch
[Wed Jan 21 04:01:34 2026][COMMAND]: /opt/infer/infer/bin/infer --pulse-only --pulse-max-disjuncts 100 --jobs 32 --reactive --pulse-fix-mode --pulse-fix-file=src/lxc/af_unix.c --pulse-fix-function=lxc_abstract_unix_send_credential -o /effFix-experiment/effFix-benchmark/lxc/null-ptr-20-lxc/repair/infer-out-single -- make -j4
[Wed Jan 21 04:01:34 2026][COMMAND]: sed -i -e '237s:$: return NULL ; return NULL ; :' /effFix-experiment/effFix-benchmark/lxc/null-ptr-20-lxc/src/src/lxc/af_unix.c
[Wed Jan 21 04:01:34 2026][COMMAND]: diff -u /effFix-experiment/effFix-benchmark/lxc/null-ptr-20-lxc/repair/af_unix.c.backup /effFix-experiment/effFix-benchmark/lxc/null-ptr-20-lxc/src/src/lxc/af_unix.c > /effFix-experiment/effFix-benchmark/lxc/null-ptr-20-lxc/repair/31.patch
[Wed Jan 21 04:01:34 2026][COMMAND]: /opt/infer/infer/bin/infer --pulse-only --pulse-max-disjuncts 100 --jobs 32 --reactive --pulse-fix-mode --pulse-fix-file=src/lxc/af_unix.c --pulse-fix-function=lxc_abstract_unix_send_credential -o /effFix-experiment/effFix-benchmark/lxc/null-ptr-20-lxc/repair/infer-out-single -- make -j4
[Wed Jan 21 04:01:34 2026][COMMAND]: sed -i -e '237s:$: if ( \& ...->msg_controllen >= 0 || msg.msg_control != NULL ) { cmsg = malloc ( sizeof ( * cmsg ) ) ; } :' /effFix-experiment/effFix-benchmark/lxc/null-ptr-20-lxc/src/src/lxc/af_unix.c
[Wed Jan 21 04:01:34 2026][COMMAND]: diff -u /effFix-experiment/effFix-benchmark/lxc/null-ptr-20-lxc/repair/af_unix.c.backup /effFix-experiment/effFix-benchmark/lxc/null-ptr-20-lxc/src/src/lxc/af_unix.c > /effFix-experiment/effFix-benchmark/lxc/null-ptr-20-lxc/repair/32.patch
[Wed Jan 21 04:01:34 2026][COMMAND]: /opt/infer/infer/bin/infer --pulse-only --pulse-max-disjuncts 100 --jobs 32 --reactive --pulse-fix-mode --pulse-fix-file=src/lxc/af_unix.c --pulse-fix-function=lxc_abstract_unix_send_credential -o /effFix-experiment/effFix-benchmark/lxc/null-ptr-20-lxc/repair/infer-out-single -- make -j4
[Wed Jan 21 04:01:34 2026][COMMAND]: sed -i -e '237s:$: return msg.msg_control ; :' /effFix-experiment/effFix-benchmark/lxc/null-ptr-20-lxc/src/src/lxc/af_unix.c
[Wed Jan 21 04:01:34 2026][COMMAND]: diff -u /effFix-experiment/effFix-benchmark/lxc/null-ptr-20-lxc/repair/af_unix.c.backup /effFix-experiment/effFix-benchmark/lxc/null-ptr-20-lxc/src/src/lxc/af_unix.c > /effFix-experiment/effFix-benchmark/lxc/null-ptr-20-lxc/repair/33.patch
[Wed Jan 21 04:01:34 2026][COMMAND]: /opt/infer/infer/bin/infer --pulse-only --pulse-max-disjuncts 100 --jobs 32 --reactive --pulse-fix-mode --pulse-fix-file=src/lxc/af_unix.c --pulse-fix-function=lxc_abstract_unix_send_credential -o /effFix-experiment/effFix-benchmark/lxc/null-ptr-20-lxc/repair/infer-out-single -- make -j4
[Wed Jan 21 04:01:34 2026][COMMAND]: sed -i -e '237s:^:free ( \& ...->msg_control ) ;  :' /effFix-experiment/effFix-benchmark/lxc/null-ptr-20-lxc/src/src/lxc/af_unix.c
[Wed Jan 21 04:01:34 2026][COMMAND]: diff -u /effFix-experiment/effFix-benchmark/lxc/null-ptr-20-lxc/repair/af_unix.c.backup /effFix-experiment/effFix-benchmark/lxc/null-ptr-20-lxc/src/src/lxc/af_unix.c > /effFix-experiment/effFix-benchmark/lxc/null-ptr-20-lxc/repair/34.patch
[Wed Jan 21 04:01:34 2026][COMMAND]: /opt/infer/infer/bin/infer --pulse-only --pulse-max-disjuncts 100 --jobs 32 --reactive --pulse-fix-mode --pulse-fix-file=src/lxc/af_unix.c --pulse-fix-function=lxc_abstract_unix_send_credential -o /effFix-experiment/effFix-benchmark/lxc/null-ptr-20-lxc/repair/infer-out-single -- make -j4
[Wed Jan 21 04:01:34 2026][COMMAND]: sed -i -e '237s:^:free ( msg.msg_control ) ; if ( cmsg != \& ...->msg_control ) { return msg.msg_control ; }  :' /effFix-experiment/effFix-benchmark/lxc/null-ptr-20-lxc/src/src/lxc/af_unix.c
[Wed Jan 21 04:01:34 2026][COMMAND]: diff -u /effFix-experiment/effFix-benchmark/lxc/null-ptr-20-lxc/repair/af_unix.c.backup /effFix-experiment/effFix-benchmark/lxc/null-ptr-20-lxc/src/src/lxc/af_unix.c > /effFix-experiment/effFix-benchmark/lxc/null-ptr-20-lxc/repair/35.patch
[Wed Jan 21 04:01:34 2026][COMMAND]: /opt/infer/infer/bin/infer --pulse-only --pulse-max-disjuncts 100 --jobs 32 --reactive --pulse-fix-mode --pulse-fix-file=src/lxc/af_unix.c --pulse-fix-function=lxc_abstract_unix_send_credential -o /effFix-experiment/effFix-benchmark/lxc/null-ptr-20-lxc/repair/infer-out-single -- make -j4
[Wed Jan 21 04:01:34 2026][COMMAND]: sed -i -e '237s:$: if ( msg.msg_controllen == \& ...->msg_controllen + msg.msg_controllen ) { \& ...->msg_controllen = \& ...->msg_controllen ; msg.msg_controllen = \& ...->msg_controllen + \& ...->msg_controllen ; } :' /effFix-experiment/effFix-benchmark/lxc/null-ptr-20-lxc/src/src/lxc/af_unix.c
[Wed Jan 21 04:01:34 2026][COMMAND]: diff -u /effFix-experiment/effFix-benchmark/lxc/null-ptr-20-lxc/repair/af_unix.c.backup /effFix-experiment/effFix-benchmark/lxc/null-ptr-20-lxc/src/src/lxc/af_unix.c > /effFix-experiment/effFix-benchmark/lxc/null-ptr-20-lxc/repair/36.patch
[Wed Jan 21 04:01:34 2026][COMMAND]: /opt/infer/infer/bin/infer --pulse-only --pulse-max-disjuncts 100 --jobs 32 --reactive --pulse-fix-mode --pulse-fix-file=src/lxc/af_unix.c --pulse-fix-function=lxc_abstract_unix_send_credential -o /effFix-experiment/effFix-benchmark/lxc/null-ptr-20-lxc/repair/infer-out-single -- make -j4
[Wed Jan 21 04:01:34 2026][COMMAND]: sed -i -e '237s:^:if ( \& ...->msg_control == NULL ) { return 0; }  :' /effFix-experiment/effFix-benchmark/lxc/null-ptr-20-lxc/src/src/lxc/af_unix.c
[Wed Jan 21 04:01:34 2026][COMMAND]: diff -u /effFix-experiment/effFix-benchmark/lxc/null-ptr-20-lxc/repair/af_unix.c.backup /effFix-experiment/effFix-benchmark/lxc/null-ptr-20-lxc/src/src/lxc/af_unix.c > /effFix-experiment/effFix-benchmark/lxc/null-ptr-20-lxc/repair/37.patch
[Wed Jan 21 04:01:34 2026][COMMAND]: /opt/infer/infer/bin/infer --pulse-only --pulse-max-disjuncts 100 --jobs 32 --reactive --pulse-fix-mode --pulse-fix-file=src/lxc/af_unix.c --pulse-fix-function=lxc_abstract_unix_send_credential -o /effFix-experiment/effFix-benchmark/lxc/null-ptr-20-lxc/repair/infer-out-single -- make -j4
[Wed Jan 21 04:01:34 2026][COMMAND]: sed -i -e '237s:$: if ( \& ...->msg_controllen * msg.msg_controllen >= 0 ) { cmsg = malloc ( sizeof ( * \& ...->msg_control ) ) ; } :' /effFix-experiment/effFix-benchmark/lxc/null-ptr-20-lxc/src/src/lxc/af_unix.c
[Wed Jan 21 04:01:34 2026][COMMAND]: diff -u /effFix-experiment/effFix-benchmark/lxc/null-ptr-20-lxc/repair/af_unix.c.backup /effFix-experiment/effFix-benchmark/lxc/null-ptr-20-lxc/src/src/lxc/af_unix.c > /effFix-experiment/effFix-benchmark/lxc/null-ptr-20-lxc/repair/38.patch
[Wed Jan 21 04:01:34 2026][COMMAND]: /opt/infer/infer/bin/infer --pulse-only --pulse-max-disjuncts 100 --jobs 32 --reactive --pulse-fix-mode --pulse-fix-file=src/lxc/af_unix.c --pulse-fix-function=lxc_abstract_unix_send_credential -o /effFix-experiment/effFix-benchmark/lxc/null-ptr-20-lxc/repair/infer-out-single -- make -j4
[Wed Jan 21 04:01:35 2026][COMMAND]: sed -i -e '237s:$: if ( msg.msg_controllen < -1 ) { return NULL ; } :' /effFix-experiment/effFix-benchmark/lxc/null-ptr-20-lxc/src/src/lxc/af_unix.c
[Wed Jan 21 04:01:35 2026][COMMAND]: diff -u /effFix-experiment/effFix-benchmark/lxc/null-ptr-20-lxc/repair/af_unix.c.backup /effFix-experiment/effFix-benchmark/lxc/null-ptr-20-lxc/src/src/lxc/af_unix.c > /effFix-experiment/effFix-benchmark/lxc/null-ptr-20-lxc/repair/39.patch
[Wed Jan 21 04:01:35 2026][COMMAND]: /opt/infer/infer/bin/infer --pulse-only --pulse-max-disjuncts 100 --jobs 32 --reactive --pulse-fix-mode --pulse-fix-file=src/lxc/af_unix.c --pulse-fix-function=lxc_abstract_unix_send_credential -o /effFix-experiment/effFix-benchmark/lxc/null-ptr-20-lxc/repair/infer-out-single -- make -j4
[Wed Jan 21 04:01:35 2026][COMMAND]: sed -i -e '237s:^:msg.msg_control = malloc ( sizeof ( * \& ...->msg_control ) ) ;  :' /effFix-experiment/effFix-benchmark/lxc/null-ptr-20-lxc/src/src/lxc/af_unix.c
[Wed Jan 21 04:01:35 2026][COMMAND]: diff -u /effFix-experiment/effFix-benchmark/lxc/null-ptr-20-lxc/repair/af_unix.c.backup /effFix-experiment/effFix-benchmark/lxc/null-ptr-20-lxc/src/src/lxc/af_unix.c > /effFix-experiment/effFix-benchmark/lxc/null-ptr-20-lxc/repair/40.patch
[Wed Jan 21 04:01:35 2026][COMMAND]: /opt/infer/infer/bin/infer --pulse-only --pulse-max-disjuncts 100 --jobs 32 --reactive --pulse-fix-mode --pulse-fix-file=src/lxc/af_unix.c --pulse-fix-function=lxc_abstract_unix_send_credential -o /effFix-experiment/effFix-benchmark/lxc/null-ptr-20-lxc/repair/infer-out-single -- make -j4
[Wed Jan 21 04:01:35 2026][COMMAND]: sed -i -e '237s:$: if ( cmsg != msg.msg_control || cmsg != cmsg ) { cmsg = NULL ; } msg.msg_control = NULL ; :' /effFix-experiment/effFix-benchmark/lxc/null-ptr-20-lxc/src/src/lxc/af_unix.c
[Wed Jan 21 04:01:35 2026][COMMAND]: diff -u /effFix-experiment/effFix-benchmark/lxc/null-ptr-20-lxc/repair/af_unix.c.backup /effFix-experiment/effFix-benchmark/lxc/null-ptr-20-lxc/src/src/lxc/af_unix.c > /effFix-experiment/effFix-benchmark/lxc/null-ptr-20-lxc/repair/41.patch
[Wed Jan 21 04:01:35 2026][COMMAND]: /opt/infer/infer/bin/infer --pulse-only --pulse-max-disjuncts 100 --jobs 32 --reactive --pulse-fix-mode --pulse-fix-file=src/lxc/af_unix.c --pulse-fix-function=lxc_abstract_unix_send_credential -o /effFix-experiment/effFix-benchmark/lxc/null-ptr-20-lxc/repair/infer-out-single -- make -j4
[Wed Jan 21 04:01:35 2026][COMMAND]: sed -i -e '237s:^:if ( \& ...->msg_controllen == 0 ) { cmsg = malloc ( sizeof ( * msg.msg_control ) ) ; }  :' /effFix-experiment/effFix-benchmark/lxc/null-ptr-20-lxc/src/src/lxc/af_unix.c
[Wed Jan 21 04:01:35 2026][COMMAND]: diff -u /effFix-experiment/effFix-benchmark/lxc/null-ptr-20-lxc/repair/af_unix.c.backup /effFix-experiment/effFix-benchmark/lxc/null-ptr-20-lxc/src/src/lxc/af_unix.c > /effFix-experiment/effFix-benchmark/lxc/null-ptr-20-lxc/repair/42.patch
[Wed Jan 21 04:01:35 2026][COMMAND]: /opt/infer/infer/bin/infer --pulse-only --pulse-max-disjuncts 100 --jobs 32 --reactive --pulse-fix-mode --pulse-fix-file=src/lxc/af_unix.c --pulse-fix-function=lxc_abstract_unix_send_credential -o /effFix-experiment/effFix-benchmark/lxc/null-ptr-20-lxc/repair/infer-out-single -- make -j4
[Wed Jan 21 04:01:35 2026][COMMAND]: sed -i -e '237s:$: free ( cmsg ) ; :' /effFix-experiment/effFix-benchmark/lxc/null-ptr-20-lxc/src/src/lxc/af_unix.c
[Wed Jan 21 04:01:35 2026][COMMAND]: diff -u /effFix-experiment/effFix-benchmark/lxc/null-ptr-20-lxc/repair/af_unix.c.backup /effFix-experiment/effFix-benchmark/lxc/null-ptr-20-lxc/src/src/lxc/af_unix.c > /effFix-experiment/effFix-benchmark/lxc/null-ptr-20-lxc/repair/43.patch
[Wed Jan 21 04:01:35 2026][COMMAND]: /opt/infer/infer/bin/infer --pulse-only --pulse-max-disjuncts 100 --jobs 32 --reactive --pulse-fix-mode --pulse-fix-file=src/lxc/af_unix.c --pulse-fix-function=lxc_abstract_unix_send_credential -o /effFix-experiment/effFix-benchmark/lxc/null-ptr-20-lxc/repair/infer-out-single -- make -j4
[Wed Jan 21 04:01:35 2026][COMMAND]: sed -i -e '237s:^:if ( msg.msg_controllen - \& ...->msg_controllen >= -1 ) { return NULL ; }  :' /effFix-experiment/effFix-benchmark/lxc/null-ptr-20-lxc/src/src/lxc/af_unix.c
[Wed Jan 21 04:01:35 2026][COMMAND]: diff -u /effFix-experiment/effFix-benchmark/lxc/null-ptr-20-lxc/repair/af_unix.c.backup /effFix-experiment/effFix-benchmark/lxc/null-ptr-20-lxc/src/src/lxc/af_unix.c > /effFix-experiment/effFix-benchmark/lxc/null-ptr-20-lxc/repair/44.patch
[Wed Jan 21 04:01:35 2026][COMMAND]: /opt/infer/infer/bin/infer --pulse-only --pulse-max-disjuncts 100 --jobs 32 --reactive --pulse-fix-mode --pulse-fix-file=src/lxc/af_unix.c --pulse-fix-function=lxc_abstract_unix_send_credential -o /effFix-experiment/effFix-benchmark/lxc/null-ptr-20-lxc/repair/infer-out-single -- make -j4
[Wed Jan 21 04:01:35 2026][COMMAND]: sed -i -e '237s:^:if ( \& ...->msg_control != NULL \&\& cmsg != NULL ) { return call to sendmsg; }  :' /effFix-experiment/effFix-benchmark/lxc/null-ptr-20-lxc/src/src/lxc/af_unix.c
[Wed Jan 21 04:01:35 2026][COMMAND]: diff -u /effFix-experiment/effFix-benchmark/lxc/null-ptr-20-lxc/repair/af_unix.c.backup /effFix-experiment/effFix-benchmark/lxc/null-ptr-20-lxc/src/src/lxc/af_unix.c > /effFix-experiment/effFix-benchmark/lxc/null-ptr-20-lxc/repair/45.patch
[Wed Jan 21 04:01:35 2026][COMMAND]: /opt/infer/infer/bin/infer --pulse-only --pulse-max-disjuncts 100 --jobs 32 --reactive --pulse-fix-mode --pulse-fix-file=src/lxc/af_unix.c --pulse-fix-function=lxc_abstract_unix_send_credential -o /effFix-experiment/effFix-benchmark/lxc/null-ptr-20-lxc/repair/infer-out-single -- make -j4
[Wed Jan 21 04:01:35 2026][COMMAND]: sed -i -e '237s:^:msg.msg_controllen = \& ...->msg_controllen ;  :' /effFix-experiment/effFix-benchmark/lxc/null-ptr-20-lxc/src/src/lxc/af_unix.c
[Wed Jan 21 04:01:35 2026][COMMAND]: diff -u /effFix-experiment/effFix-benchmark/lxc/null-ptr-20-lxc/repair/af_unix.c.backup /effFix-experiment/effFix-benchmark/lxc/null-ptr-20-lxc/src/src/lxc/af_unix.c > /effFix-experiment/effFix-benchmark/lxc/null-ptr-20-lxc/repair/46.patch
[Wed Jan 21 04:01:35 2026][COMMAND]: /opt/infer/infer/bin/infer --pulse-only --pulse-max-disjuncts 100 --jobs 32 --reactive --pulse-fix-mode --pulse-fix-file=src/lxc/af_unix.c --pulse-fix-function=lxc_abstract_unix_send_credential -o /effFix-experiment/effFix-benchmark/lxc/null-ptr-20-lxc/repair/infer-out-single -- make -j4
[Wed Jan 21 04:01:35 2026][COMMAND]: sed -i -e '237s:^:return 0; \& ...->msg_control = malloc ( sizeof ( * cmsg ) ) ;  :' /effFix-experiment/effFix-benchmark/lxc/null-ptr-20-lxc/src/src/lxc/af_unix.c
[Wed Jan 21 04:01:35 2026][COMMAND]: diff -u /effFix-experiment/effFix-benchmark/lxc/null-ptr-20-lxc/repair/af_unix.c.backup /effFix-experiment/effFix-benchmark/lxc/null-ptr-20-lxc/src/src/lxc/af_unix.c > /effFix-experiment/effFix-benchmark/lxc/null-ptr-20-lxc/repair/47.patch
[Wed Jan 21 04:01:35 2026][COMMAND]: /opt/infer/infer/bin/infer --pulse-only --pulse-max-disjuncts 100 --jobs 32 --reactive --pulse-fix-mode --pulse-fix-file=src/lxc/af_unix.c --pulse-fix-function=lxc_abstract_unix_send_credential -o /effFix-experiment/effFix-benchmark/lxc/null-ptr-20-lxc/repair/infer-out-single -- make -j4
[Wed Jan 21 04:01:35 2026][COMMAND]: sed -i -e '237s:$: free ( msg.msg_control ) ; :' /effFix-experiment/effFix-benchmark/lxc/null-ptr-20-lxc/src/src/lxc/af_unix.c
[Wed Jan 21 04:01:35 2026][COMMAND]: diff -u /effFix-experiment/effFix-benchmark/lxc/null-ptr-20-lxc/repair/af_unix.c.backup /effFix-experiment/effFix-benchmark/lxc/null-ptr-20-lxc/src/src/lxc/af_unix.c > /effFix-experiment/effFix-benchmark/lxc/null-ptr-20-lxc/repair/48.patch
[Wed Jan 21 04:01:35 2026][COMMAND]: /opt/infer/infer/bin/infer --pulse-only --pulse-max-disjuncts 100 --jobs 32 --reactive --pulse-fix-mode --pulse-fix-file=src/lxc/af_unix.c --pulse-fix-function=lxc_abstract_unix_send_credential -o /effFix-experiment/effFix-benchmark/lxc/null-ptr-20-lxc/repair/infer-out-single -- make -j4
[Wed Jan 21 04:01:35 2026][COMMAND]: sed -i -e '237s:$: if ( ! ( msg.msg_control == NULL ) ) { return call to sendmsg; } :' /effFix-experiment/effFix-benchmark/lxc/null-ptr-20-lxc/src/src/lxc/af_unix.c
[Wed Jan 21 04:01:36 2026][COMMAND]: diff -u /effFix-experiment/effFix-benchmark/lxc/null-ptr-20-lxc/repair/af_unix.c.backup /effFix-experiment/effFix-benchmark/lxc/null-ptr-20-lxc/src/src/lxc/af_unix.c > /effFix-experiment/effFix-benchmark/lxc/null-ptr-20-lxc/repair/49.patch
[Wed Jan 21 04:01:36 2026][COMMAND]: /opt/infer/infer/bin/infer --pulse-only --pulse-max-disjuncts 100 --jobs 32 --reactive --pulse-fix-mode --pulse-fix-file=src/lxc/af_unix.c --pulse-fix-function=lxc_abstract_unix_send_credential -o /effFix-experiment/effFix-benchmark/lxc/null-ptr-20-lxc/repair/infer-out-single -- make -j4
[Wed Jan 21 04:01:36 2026][COMMAND]: sed -i -e '237s:$: \& ...->msg_controllen = \& ...->msg_controllen - msg.msg_controllen ; :' /effFix-experiment/effFix-benchmark/lxc/null-ptr-20-lxc/src/src/lxc/af_unix.c
[Wed Jan 21 04:01:36 2026][COMMAND]: diff -u /effFix-experiment/effFix-benchmark/lxc/null-ptr-20-lxc/repair/af_unix.c.backup /effFix-experiment/effFix-benchmark/lxc/null-ptr-20-lxc/src/src/lxc/af_unix.c > /effFix-experiment/effFix-benchmark/lxc/null-ptr-20-lxc/repair/50.patch
[Wed Jan 21 04:01:36 2026][COMMAND]: /opt/infer/infer/bin/infer --pulse-only --pulse-max-disjuncts 100 --jobs 32 --reactive --pulse-fix-mode --pulse-fix-file=src/lxc/af_unix.c --pulse-fix-function=lxc_abstract_unix_send_credential -o /effFix-experiment/effFix-benchmark/lxc/null-ptr-20-lxc/repair/infer-out-single -- make -j4
[Wed Jan 21 04:01:36 2026][COMMAND]: sed -i -e '237s:$: return NULL ; return call to sendmsg; :' /effFix-experiment/effFix-benchmark/lxc/null-ptr-20-lxc/src/src/lxc/af_unix.c
[Wed Jan 21 04:01:36 2026][COMMAND]: diff -u /effFix-experiment/effFix-benchmark/lxc/null-ptr-20-lxc/repair/af_unix.c.backup /effFix-experiment/effFix-benchmark/lxc/null-ptr-20-lxc/src/src/lxc/af_unix.c > /effFix-experiment/effFix-benchmark/lxc/null-ptr-20-lxc/repair/51.patch
[Wed Jan 21 04:01:36 2026][COMMAND]: /opt/infer/infer/bin/infer --pulse-only --pulse-max-disjuncts 100 --jobs 32 --reactive --pulse-fix-mode --pulse-fix-file=src/lxc/af_unix.c --pulse-fix-function=lxc_abstract_unix_send_credential -o /effFix-experiment/effFix-benchmark/lxc/null-ptr-20-lxc/repair/infer-out-single -- make -j4
[Wed Jan 21 04:01:36 2026][COMMAND]: sed -i -e '237s:^:\& ...->msg_controllen = msg.msg_controllen ;  :' /effFix-experiment/effFix-benchmark/lxc/null-ptr-20-lxc/src/src/lxc/af_unix.c
[Wed Jan 21 04:01:36 2026][COMMAND]: diff -u /effFix-experiment/effFix-benchmark/lxc/null-ptr-20-lxc/repair/af_unix.c.backup /effFix-experiment/effFix-benchmark/lxc/null-ptr-20-lxc/src/src/lxc/af_unix.c > /effFix-experiment/effFix-benchmark/lxc/null-ptr-20-lxc/repair/52.patch
[Wed Jan 21 04:01:36 2026][COMMAND]: /opt/infer/infer/bin/infer --pulse-only --pulse-max-disjuncts 100 --jobs 32 --reactive --pulse-fix-mode --pulse-fix-file=src/lxc/af_unix.c --pulse-fix-function=lxc_abstract_unix_send_credential -o /effFix-experiment/effFix-benchmark/lxc/null-ptr-20-lxc/repair/infer-out-single -- make -j4
[Wed Jan 21 04:01:36 2026][COMMAND]: sed -i -e '237s:$: \& ...->msg_controllen = msg.msg_controllen ; :' /effFix-experiment/effFix-benchmark/lxc/null-ptr-20-lxc/src/src/lxc/af_unix.c
[Wed Jan 21 04:01:36 2026][COMMAND]: diff -u /effFix-experiment/effFix-benchmark/lxc/null-ptr-20-lxc/repair/af_unix.c.backup /effFix-experiment/effFix-benchmark/lxc/null-ptr-20-lxc/src/src/lxc/af_unix.c > /effFix-experiment/effFix-benchmark/lxc/null-ptr-20-lxc/repair/53.patch
[Wed Jan 21 04:01:36 2026][COMMAND]: /opt/infer/infer/bin/infer --pulse-only --pulse-max-disjuncts 100 --jobs 32 --reactive --pulse-fix-mode --pulse-fix-file=src/lxc/af_unix.c --pulse-fix-function=lxc_abstract_unix_send_credential -o /effFix-experiment/effFix-benchmark/lxc/null-ptr-20-lxc/repair/infer-out-single -- make -j4
[Wed Jan 21 04:01:36 2026][COMMAND]: sed -i -e '237s:^:msg.msg_controllen = \& ...->msg_controllen - msg.msg_controllen ;  :' /effFix-experiment/effFix-benchmark/lxc/null-ptr-20-lxc/src/src/lxc/af_unix.c
[Wed Jan 21 04:01:36 2026][COMMAND]: diff -u /effFix-experiment/effFix-benchmark/lxc/null-ptr-20-lxc/repair/af_unix.c.backup /effFix-experiment/effFix-benchmark/lxc/null-ptr-20-lxc/src/src/lxc/af_unix.c > /effFix-experiment/effFix-benchmark/lxc/null-ptr-20-lxc/repair/54.patch
[Wed Jan 21 04:01:36 2026][COMMAND]: /opt/infer/infer/bin/infer --pulse-only --pulse-max-disjuncts 100 --jobs 32 --reactive --pulse-fix-mode --pulse-fix-file=src/lxc/af_unix.c --pulse-fix-function=lxc_abstract_unix_send_credential -o /effFix-experiment/effFix-benchmark/lxc/null-ptr-20-lxc/repair/infer-out-single -- make -j4
[Wed Jan 21 04:01:36 2026][COMMAND]: sed -i -e '237s:^:if ( \& ...->msg_control == NULL || msg.msg_controllen / \& ...->msg_controllen > msg.msg_controllen ) { msg.msg_control = malloc ( sizeof ( * msg.msg_control ) ) ; }  :' /effFix-experiment/effFix-benchmark/lxc/null-ptr-20-lxc/src/src/lxc/af_unix.c
[Wed Jan 21 04:01:36 2026][COMMAND]: diff -u /effFix-experiment/effFix-benchmark/lxc/null-ptr-20-lxc/repair/af_unix.c.backup /effFix-experiment/effFix-benchmark/lxc/null-ptr-20-lxc/src/src/lxc/af_unix.c > /effFix-experiment/effFix-benchmark/lxc/null-ptr-20-lxc/repair/55.patch
[Wed Jan 21 04:01:36 2026][COMMAND]: /opt/infer/infer/bin/infer --pulse-only --pulse-max-disjuncts 100 --jobs 32 --reactive --pulse-fix-mode --pulse-fix-file=src/lxc/af_unix.c --pulse-fix-function=lxc_abstract_unix_send_credential -o /effFix-experiment/effFix-benchmark/lxc/null-ptr-20-lxc/repair/infer-out-single -- make -j4
[Wed Jan 21 04:01:36 2026][COMMAND]: sed -i -e '237s:$: return call to sendmsg; free ( cmsg ) ; :' /effFix-experiment/effFix-benchmark/lxc/null-ptr-20-lxc/src/src/lxc/af_unix.c
[Wed Jan 21 04:01:36 2026][COMMAND]: diff -u /effFix-experiment/effFix-benchmark/lxc/null-ptr-20-lxc/repair/af_unix.c.backup /effFix-experiment/effFix-benchmark/lxc/null-ptr-20-lxc/src/src/lxc/af_unix.c > /effFix-experiment/effFix-benchmark/lxc/null-ptr-20-lxc/repair/56.patch
[Wed Jan 21 04:01:36 2026][COMMAND]: /opt/infer/infer/bin/infer --pulse-only --pulse-max-disjuncts 100 --jobs 32 --reactive --pulse-fix-mode --pulse-fix-file=src/lxc/af_unix.c --pulse-fix-function=lxc_abstract_unix_send_credential -o /effFix-experiment/effFix-benchmark/lxc/null-ptr-20-lxc/repair/infer-out-single -- make -j4
[Wed Jan 21 04:01:36 2026][COMMAND]: sed -i -e '237s:$: msg.msg_control = \& ...->msg_control ; :' /effFix-experiment/effFix-benchmark/lxc/null-ptr-20-lxc/src/src/lxc/af_unix.c
[Wed Jan 21 04:01:36 2026][COMMAND]: diff -u /effFix-experiment/effFix-benchmark/lxc/null-ptr-20-lxc/repair/af_unix.c.backup /effFix-experiment/effFix-benchmark/lxc/null-ptr-20-lxc/src/src/lxc/af_unix.c > /effFix-experiment/effFix-benchmark/lxc/null-ptr-20-lxc/repair/57.patch
[Wed Jan 21 04:01:36 2026][COMMAND]: /opt/infer/infer/bin/infer --pulse-only --pulse-max-disjuncts 100 --jobs 32 --reactive --pulse-fix-mode --pulse-fix-file=src/lxc/af_unix.c --pulse-fix-function=lxc_abstract_unix_send_credential -o /effFix-experiment/effFix-benchmark/lxc/null-ptr-20-lxc/repair/infer-out-single -- make -j4
[Wed Jan 21 04:01:36 2026][COMMAND]: sed -i -e '237s:$: msg.msg_control = NULL ; :' /effFix-experiment/effFix-benchmark/lxc/null-ptr-20-lxc/src/src/lxc/af_unix.c
[Wed Jan 21 04:01:36 2026][COMMAND]: diff -u /effFix-experiment/effFix-benchmark/lxc/null-ptr-20-lxc/repair/af_unix.c.backup /effFix-experiment/effFix-benchmark/lxc/null-ptr-20-lxc/src/src/lxc/af_unix.c > /effFix-experiment/effFix-benchmark/lxc/null-ptr-20-lxc/repair/58.patch
[Wed Jan 21 04:01:36 2026][COMMAND]: /opt/infer/infer/bin/infer --pulse-only --pulse-max-disjuncts 100 --jobs 32 --reactive --pulse-fix-mode --pulse-fix-file=src/lxc/af_unix.c --pulse-fix-function=lxc_abstract_unix_send_credential -o /effFix-experiment/effFix-benchmark/lxc/null-ptr-20-lxc/repair/infer-out-single -- make -j4
[Wed Jan 21 04:01:36 2026][COMMAND]: sed -i -e '237s:^:\& ...->msg_controllen = msg.msg_controllen + \& ...->msg_controllen ; return NULL ;  :' /effFix-experiment/effFix-benchmark/lxc/null-ptr-20-lxc/src/src/lxc/af_unix.c
[Wed Jan 21 04:01:36 2026][COMMAND]: diff -u /effFix-experiment/effFix-benchmark/lxc/null-ptr-20-lxc/repair/af_unix.c.backup /effFix-experiment/effFix-benchmark/lxc/null-ptr-20-lxc/src/src/lxc/af_unix.c > /effFix-experiment/effFix-benchmark/lxc/null-ptr-20-lxc/repair/59.patch
[Wed Jan 21 04:01:36 2026][COMMAND]: /opt/infer/infer/bin/infer --pulse-only --pulse-max-disjuncts 100 --jobs 32 --reactive --pulse-fix-mode --pulse-fix-file=src/lxc/af_unix.c --pulse-fix-function=lxc_abstract_unix_send_credential -o /effFix-experiment/effFix-benchmark/lxc/null-ptr-20-lxc/repair/infer-out-single -- make -j4
[Wed Jan 21 04:01:36 2026][COMMAND]: sed -i -e '237s:$: return \& ...->msg_control ; return NULL ; :' /effFix-experiment/effFix-benchmark/lxc/null-ptr-20-lxc/src/src/lxc/af_unix.c
[Wed Jan 21 04:01:37 2026][COMMAND]: diff -u /effFix-experiment/effFix-benchmark/lxc/null-ptr-20-lxc/repair/af_unix.c.backup /effFix-experiment/effFix-benchmark/lxc/null-ptr-20-lxc/src/src/lxc/af_unix.c > /effFix-experiment/effFix-benchmark/lxc/null-ptr-20-lxc/repair/60.patch
[Wed Jan 21 04:01:37 2026][COMMAND]: /opt/infer/infer/bin/infer --pulse-only --pulse-max-disjuncts 100 --jobs 32 --reactive --pulse-fix-mode --pulse-fix-file=src/lxc/af_unix.c --pulse-fix-function=lxc_abstract_unix_send_credential -o /effFix-experiment/effFix-benchmark/lxc/null-ptr-20-lxc/repair/infer-out-single -- make -j4
[Wed Jan 21 04:01:37 2026][COMMAND]: sed -i -e '237s:$: msg.msg_controllen = \& ...->msg_controllen * msg.msg_controllen ; :' /effFix-experiment/effFix-benchmark/lxc/null-ptr-20-lxc/src/src/lxc/af_unix.c
[Wed Jan 21 04:01:37 2026][COMMAND]: diff -u /effFix-experiment/effFix-benchmark/lxc/null-ptr-20-lxc/repair/af_unix.c.backup /effFix-experiment/effFix-benchmark/lxc/null-ptr-20-lxc/src/src/lxc/af_unix.c > /effFix-experiment/effFix-benchmark/lxc/null-ptr-20-lxc/repair/61.patch
[Wed Jan 21 04:01:37 2026][COMMAND]: /opt/infer/infer/bin/infer --pulse-only --pulse-max-disjuncts 100 --jobs 32 --reactive --pulse-fix-mode --pulse-fix-file=src/lxc/af_unix.c --pulse-fix-function=lxc_abstract_unix_send_credential -o /effFix-experiment/effFix-benchmark/lxc/null-ptr-20-lxc/repair/infer-out-single -- make -j4
[Wed Jan 21 04:01:37 2026][COMMAND]: sed -i -e '237s:^:\& ...->msg_control = malloc ( sizeof ( * msg.msg_control ) ) ;  :' /effFix-experiment/effFix-benchmark/lxc/null-ptr-20-lxc/src/src/lxc/af_unix.c
[Wed Jan 21 04:01:37 2026][COMMAND]: diff -u /effFix-experiment/effFix-benchmark/lxc/null-ptr-20-lxc/repair/af_unix.c.backup /effFix-experiment/effFix-benchmark/lxc/null-ptr-20-lxc/src/src/lxc/af_unix.c > /effFix-experiment/effFix-benchmark/lxc/null-ptr-20-lxc/repair/62.patch
[Wed Jan 21 04:01:37 2026][COMMAND]: /opt/infer/infer/bin/infer --pulse-only --pulse-max-disjuncts 100 --jobs 32 --reactive --pulse-fix-mode --pulse-fix-file=src/lxc/af_unix.c --pulse-fix-function=lxc_abstract_unix_send_credential -o /effFix-experiment/effFix-benchmark/lxc/null-ptr-20-lxc/repair/infer-out-single -- make -j4
[Wed Jan 21 04:01:37 2026][COMMAND]: sed -i -e '237s:^:free ( \& ...->msg_control ) ; if ( \& ...->msg_control == msg.msg_control || msg.msg_controllen / msg.msg_controllen <= msg.msg_controllen ) { free ( cmsg ) ; }  :' /effFix-experiment/effFix-benchmark/lxc/null-ptr-20-lxc/src/src/lxc/af_unix.c
[Wed Jan 21 04:01:37 2026][COMMAND]: diff -u /effFix-experiment/effFix-benchmark/lxc/null-ptr-20-lxc/repair/af_unix.c.backup /effFix-experiment/effFix-benchmark/lxc/null-ptr-20-lxc/src/src/lxc/af_unix.c > /effFix-experiment/effFix-benchmark/lxc/null-ptr-20-lxc/repair/63.patch
[Wed Jan 21 04:01:37 2026][COMMAND]: /opt/infer/infer/bin/infer --pulse-only --pulse-max-disjuncts 100 --jobs 32 --reactive --pulse-fix-mode --pulse-fix-file=src/lxc/af_unix.c --pulse-fix-function=lxc_abstract_unix_send_credential -o /effFix-experiment/effFix-benchmark/lxc/null-ptr-20-lxc/repair/infer-out-single -- make -j4
[Wed Jan 21 04:01:37 2026][COMMAND]: sed -i -e '237s:^:msg.msg_controllen = msg.msg_controllen * \& ...->msg_controllen ;  :' /effFix-experiment/effFix-benchmark/lxc/null-ptr-20-lxc/src/src/lxc/af_unix.c
[Wed Jan 21 04:01:37 2026][COMMAND]: diff -u /effFix-experiment/effFix-benchmark/lxc/null-ptr-20-lxc/repair/af_unix.c.backup /effFix-experiment/effFix-benchmark/lxc/null-ptr-20-lxc/src/src/lxc/af_unix.c > /effFix-experiment/effFix-benchmark/lxc/null-ptr-20-lxc/repair/64.patch
[Wed Jan 21 04:01:37 2026][COMMAND]: /opt/infer/infer/bin/infer --pulse-only --pulse-max-disjuncts 100 --jobs 32 --reactive --pulse-fix-mode --pulse-fix-file=src/lxc/af_unix.c --pulse-fix-function=lxc_abstract_unix_send_credential -o /effFix-experiment/effFix-benchmark/lxc/null-ptr-20-lxc/repair/infer-out-single -- make -j4
[Wed Jan 21 04:01:37 2026][COMMAND]: sed -i -e '237s:$: if ( \& ...->msg_control != \& ...->msg_control ) { free ( cmsg ) ; } :' /effFix-experiment/effFix-benchmark/lxc/null-ptr-20-lxc/src/src/lxc/af_unix.c
[Wed Jan 21 04:01:37 2026][COMMAND]: diff -u /effFix-experiment/effFix-benchmark/lxc/null-ptr-20-lxc/repair/af_unix.c.backup /effFix-experiment/effFix-benchmark/lxc/null-ptr-20-lxc/src/src/lxc/af_unix.c > /effFix-experiment/effFix-benchmark/lxc/null-ptr-20-lxc/repair/65.patch
[Wed Jan 21 04:01:37 2026][COMMAND]: /opt/infer/infer/bin/infer --pulse-only --pulse-max-disjuncts 100 --jobs 32 --reactive --pulse-fix-mode --pulse-fix-file=src/lxc/af_unix.c --pulse-fix-function=lxc_abstract_unix_send_credential -o /effFix-experiment/effFix-benchmark/lxc/null-ptr-20-lxc/repair/infer-out-single -- make -j4
[Wed Jan 21 04:01:37 2026][COMMAND]: sed -i -e '237s:^:if ( \& ...->msg_controllen != 0 \&\& msg.msg_controllen >= -1 ) { return NULL ; }  :' /effFix-experiment/effFix-benchmark/lxc/null-ptr-20-lxc/src/src/lxc/af_unix.c
[Wed Jan 21 04:01:37 2026][COMMAND]: diff -u /effFix-experiment/effFix-benchmark/lxc/null-ptr-20-lxc/repair/af_unix.c.backup /effFix-experiment/effFix-benchmark/lxc/null-ptr-20-lxc/src/src/lxc/af_unix.c > /effFix-experiment/effFix-benchmark/lxc/null-ptr-20-lxc/repair/66.patch
[Wed Jan 21 04:01:37 2026][COMMAND]: /opt/infer/infer/bin/infer --pulse-only --pulse-max-disjuncts 100 --jobs 32 --reactive --pulse-fix-mode --pulse-fix-file=src/lxc/af_unix.c --pulse-fix-function=lxc_abstract_unix_send_credential -o /effFix-experiment/effFix-benchmark/lxc/null-ptr-20-lxc/repair/infer-out-single -- make -j4
[Wed Jan 21 04:01:37 2026][COMMAND]: sed -i -e '237s:^:if ( ! ( \& ...->msg_controllen / \& ...->msg_controllen < 0 ) ) { return call to sendmsg; }  :' /effFix-experiment/effFix-benchmark/lxc/null-ptr-20-lxc/src/src/lxc/af_unix.c
[Wed Jan 21 04:01:37 2026][COMMAND]: diff -u /effFix-experiment/effFix-benchmark/lxc/null-ptr-20-lxc/repair/af_unix.c.backup /effFix-experiment/effFix-benchmark/lxc/null-ptr-20-lxc/src/src/lxc/af_unix.c > /effFix-experiment/effFix-benchmark/lxc/null-ptr-20-lxc/repair/67.patch
[Wed Jan 21 04:01:37 2026][COMMAND]: /opt/infer/infer/bin/infer --pulse-only --pulse-max-disjuncts 100 --jobs 32 --reactive --pulse-fix-mode --pulse-fix-file=src/lxc/af_unix.c --pulse-fix-function=lxc_abstract_unix_send_credential -o /effFix-experiment/effFix-benchmark/lxc/null-ptr-20-lxc/repair/infer-out-single -- make -j4
[Wed Jan 21 04:01:37 2026][COMMAND]: sed -i -e '237s:$: cmsg = malloc ( sizeof ( * \& ...->msg_control ) ) ; :' /effFix-experiment/effFix-benchmark/lxc/null-ptr-20-lxc/src/src/lxc/af_unix.c
[Wed Jan 21 04:01:37 2026][COMMAND]: diff -u /effFix-experiment/effFix-benchmark/lxc/null-ptr-20-lxc/repair/af_unix.c.backup /effFix-experiment/effFix-benchmark/lxc/null-ptr-20-lxc/src/src/lxc/af_unix.c > /effFix-experiment/effFix-benchmark/lxc/null-ptr-20-lxc/repair/68.patch
[Wed Jan 21 04:01:37 2026][COMMAND]: /opt/infer/infer/bin/infer --pulse-only --pulse-max-disjuncts 100 --jobs 32 --reactive --pulse-fix-mode --pulse-fix-file=src/lxc/af_unix.c --pulse-fix-function=lxc_abstract_unix_send_credential -o /effFix-experiment/effFix-benchmark/lxc/null-ptr-20-lxc/repair/infer-out-single -- make -j4
[Wed Jan 21 04:01:37 2026][COMMAND]: sed -i -e '237s:$: msg.msg_control = malloc ( sizeof ( * cmsg ) ) ; :' /effFix-experiment/effFix-benchmark/lxc/null-ptr-20-lxc/src/src/lxc/af_unix.c
[Wed Jan 21 04:01:37 2026][COMMAND]: diff -u /effFix-experiment/effFix-benchmark/lxc/null-ptr-20-lxc/repair/af_unix.c.backup /effFix-experiment/effFix-benchmark/lxc/null-ptr-20-lxc/src/src/lxc/af_unix.c > /effFix-experiment/effFix-benchmark/lxc/null-ptr-20-lxc/repair/69.patch
[Wed Jan 21 04:01:37 2026][COMMAND]: /opt/infer/infer/bin/infer --pulse-only --pulse-max-disjuncts 100 --jobs 32 --reactive --pulse-fix-mode --pulse-fix-file=src/lxc/af_unix.c --pulse-fix-function=lxc_abstract_unix_send_credential -o /effFix-experiment/effFix-benchmark/lxc/null-ptr-20-lxc/repair/infer-out-single -- make -j4
[Wed Jan 21 04:01:37 2026][COMMAND]: sed -i -e '237s:^:msg.msg_controllen = msg.msg_controllen / \& ...->msg_controllen ;  :' /effFix-experiment/effFix-benchmark/lxc/null-ptr-20-lxc/src/src/lxc/af_unix.c
[Wed Jan 21 04:01:37 2026][COMMAND]: diff -u /effFix-experiment/effFix-benchmark/lxc/null-ptr-20-lxc/repair/af_unix.c.backup /effFix-experiment/effFix-benchmark/lxc/null-ptr-20-lxc/src/src/lxc/af_unix.c > /effFix-experiment/effFix-benchmark/lxc/null-ptr-20-lxc/repair/70.patch
[Wed Jan 21 04:01:37 2026][COMMAND]: /opt/infer/infer/bin/infer --pulse-only --pulse-max-disjuncts 100 --jobs 32 --reactive --pulse-fix-mode --pulse-fix-file=src/lxc/af_unix.c --pulse-fix-function=lxc_abstract_unix_send_credential -o /effFix-experiment/effFix-benchmark/lxc/null-ptr-20-lxc/repair/infer-out-single -- make -j4
[Wed Jan 21 04:01:37 2026][COMMAND]: sed -i -e '237s:$: if ( \& ...->msg_control == cmsg || \& ...->msg_controllen != 0 ) { return msg.msg_control ; } :' /effFix-experiment/effFix-benchmark/lxc/null-ptr-20-lxc/src/src/lxc/af_unix.c
[Wed Jan 21 04:01:37 2026][COMMAND]: diff -u /effFix-experiment/effFix-benchmark/lxc/null-ptr-20-lxc/repair/af_unix.c.backup /effFix-experiment/effFix-benchmark/lxc/null-ptr-20-lxc/src/src/lxc/af_unix.c > /effFix-experiment/effFix-benchmark/lxc/null-ptr-20-lxc/repair/71.patch
[Wed Jan 21 04:01:37 2026][COMMAND]: /opt/infer/infer/bin/infer --pulse-only --pulse-max-disjuncts 100 --jobs 32 --reactive --pulse-fix-mode --pulse-fix-file=src/lxc/af_unix.c --pulse-fix-function=lxc_abstract_unix_send_credential -o /effFix-experiment/effFix-benchmark/lxc/null-ptr-20-lxc/repair/infer-out-single -- make -j4
[Wed Jan 21 04:01:38 2026][COMMAND]: sed -i -e '237s:$: \& ...->msg_controllen = \& ...->msg_controllen + msg.msg_controllen ; :' /effFix-experiment/effFix-benchmark/lxc/null-ptr-20-lxc/src/src/lxc/af_unix.c
[Wed Jan 21 04:01:38 2026][COMMAND]: diff -u /effFix-experiment/effFix-benchmark/lxc/null-ptr-20-lxc/repair/af_unix.c.backup /effFix-experiment/effFix-benchmark/lxc/null-ptr-20-lxc/src/src/lxc/af_unix.c > /effFix-experiment/effFix-benchmark/lxc/null-ptr-20-lxc/repair/72.patch
[Wed Jan 21 04:01:38 2026][COMMAND]: /opt/infer/infer/bin/infer --pulse-only --pulse-max-disjuncts 100 --jobs 32 --reactive --pulse-fix-mode --pulse-fix-file=src/lxc/af_unix.c --pulse-fix-function=lxc_abstract_unix_send_credential -o /effFix-experiment/effFix-benchmark/lxc/null-ptr-20-lxc/repair/infer-out-single -- make -j4
[Wed Jan 21 04:01:38 2026][COMMAND]: sed -i -e '237s:$: if ( \& ...->msg_control == NULL ) { return 0; } :' /effFix-experiment/effFix-benchmark/lxc/null-ptr-20-lxc/src/src/lxc/af_unix.c
[Wed Jan 21 04:01:38 2026][COMMAND]: diff -u /effFix-experiment/effFix-benchmark/lxc/null-ptr-20-lxc/repair/af_unix.c.backup /effFix-experiment/effFix-benchmark/lxc/null-ptr-20-lxc/src/src/lxc/af_unix.c > /effFix-experiment/effFix-benchmark/lxc/null-ptr-20-lxc/repair/73.patch
[Wed Jan 21 04:01:38 2026][COMMAND]: /opt/infer/infer/bin/infer --pulse-only --pulse-max-disjuncts 100 --jobs 32 --reactive --pulse-fix-mode --pulse-fix-file=src/lxc/af_unix.c --pulse-fix-function=lxc_abstract_unix_send_credential -o /effFix-experiment/effFix-benchmark/lxc/null-ptr-20-lxc/repair/infer-out-single -- make -j4
[Wed Jan 21 04:01:38 2026][COMMAND]: sed -i -e '237s:^:msg.msg_controllen = msg.msg_controllen - msg.msg_controllen ;  :' /effFix-experiment/effFix-benchmark/lxc/null-ptr-20-lxc/src/src/lxc/af_unix.c
[Wed Jan 21 04:01:38 2026][COMMAND]: diff -u /effFix-experiment/effFix-benchmark/lxc/null-ptr-20-lxc/repair/af_unix.c.backup /effFix-experiment/effFix-benchmark/lxc/null-ptr-20-lxc/src/src/lxc/af_unix.c > /effFix-experiment/effFix-benchmark/lxc/null-ptr-20-lxc/repair/74.patch
[Wed Jan 21 04:01:38 2026][COMMAND]: /opt/infer/infer/bin/infer --pulse-only --pulse-max-disjuncts 100 --jobs 32 --reactive --pulse-fix-mode --pulse-fix-file=src/lxc/af_unix.c --pulse-fix-function=lxc_abstract_unix_send_credential -o /effFix-experiment/effFix-benchmark/lxc/null-ptr-20-lxc/repair/infer-out-single -- make -j4
[Wed Jan 21 04:01:38 2026][COMMAND]: sed -i -e '237s:$: return 0; return \& ...->msg_control ; :' /effFix-experiment/effFix-benchmark/lxc/null-ptr-20-lxc/src/src/lxc/af_unix.c
[Wed Jan 21 04:01:38 2026][COMMAND]: diff -u /effFix-experiment/effFix-benchmark/lxc/null-ptr-20-lxc/repair/af_unix.c.backup /effFix-experiment/effFix-benchmark/lxc/null-ptr-20-lxc/src/src/lxc/af_unix.c > /effFix-experiment/effFix-benchmark/lxc/null-ptr-20-lxc/repair/75.patch
[Wed Jan 21 04:01:38 2026][COMMAND]: /opt/infer/infer/bin/infer --pulse-only --pulse-max-disjuncts 100 --jobs 32 --reactive --pulse-fix-mode --pulse-fix-file=src/lxc/af_unix.c --pulse-fix-function=lxc_abstract_unix_send_credential -o /effFix-experiment/effFix-benchmark/lxc/null-ptr-20-lxc/repair/infer-out-single -- make -j4
[Wed Jan 21 04:01:38 2026][COMMAND]: sed -i -e '237s:$: \& ...->msg_control = malloc ( sizeof ( * msg.msg_control ) ) ; :' /effFix-experiment/effFix-benchmark/lxc/null-ptr-20-lxc/src/src/lxc/af_unix.c
[Wed Jan 21 04:01:38 2026][COMMAND]: diff -u /effFix-experiment/effFix-benchmark/lxc/null-ptr-20-lxc/repair/af_unix.c.backup /effFix-experiment/effFix-benchmark/lxc/null-ptr-20-lxc/src/src/lxc/af_unix.c > /effFix-experiment/effFix-benchmark/lxc/null-ptr-20-lxc/repair/76.patch
[Wed Jan 21 04:01:38 2026][COMMAND]: /opt/infer/infer/bin/infer --pulse-only --pulse-max-disjuncts 100 --jobs 32 --reactive --pulse-fix-mode --pulse-fix-file=src/lxc/af_unix.c --pulse-fix-function=lxc_abstract_unix_send_credential -o /effFix-experiment/effFix-benchmark/lxc/null-ptr-20-lxc/repair/infer-out-single -- make -j4
[Wed Jan 21 04:01:38 2026][COMMAND]: sed -i -e '237s:^:cmsg = malloc ( sizeof ( * cmsg ) ) ;  :' /effFix-experiment/effFix-benchmark/lxc/null-ptr-20-lxc/src/src/lxc/af_unix.c
[Wed Jan 21 04:01:38 2026][COMMAND]: diff -u /effFix-experiment/effFix-benchmark/lxc/null-ptr-20-lxc/repair/af_unix.c.backup /effFix-experiment/effFix-benchmark/lxc/null-ptr-20-lxc/src/src/lxc/af_unix.c > /effFix-experiment/effFix-benchmark/lxc/null-ptr-20-lxc/repair/77.patch
[Wed Jan 21 04:01:38 2026][COMMAND]: /opt/infer/infer/bin/infer --pulse-only --pulse-max-disjuncts 100 --jobs 32 --reactive --pulse-fix-mode --pulse-fix-file=src/lxc/af_unix.c --pulse-fix-function=lxc_abstract_unix_send_credential -o /effFix-experiment/effFix-benchmark/lxc/null-ptr-20-lxc/repair/infer-out-single -- make -j4
[Wed Jan 21 04:01:38 2026][COMMAND]: sed -i -e '237s:$: return msg.msg_control ; return 0; :' /effFix-experiment/effFix-benchmark/lxc/null-ptr-20-lxc/src/src/lxc/af_unix.c
[Wed Jan 21 04:01:38 2026][COMMAND]: diff -u /effFix-experiment/effFix-benchmark/lxc/null-ptr-20-lxc/repair/af_unix.c.backup /effFix-experiment/effFix-benchmark/lxc/null-ptr-20-lxc/src/src/lxc/af_unix.c > /effFix-experiment/effFix-benchmark/lxc/null-ptr-20-lxc/repair/78.patch
[Wed Jan 21 04:01:38 2026][COMMAND]: /opt/infer/infer/bin/infer --pulse-only --pulse-max-disjuncts 100 --jobs 32 --reactive --pulse-fix-mode --pulse-fix-file=src/lxc/af_unix.c --pulse-fix-function=lxc_abstract_unix_send_credential -o /effFix-experiment/effFix-benchmark/lxc/null-ptr-20-lxc/repair/infer-out-single -- make -j4
[Wed Jan 21 04:01:38 2026][COMMAND]: sed -i -e '237s:$: \& ...->msg_controllen = msg.msg_controllen * msg.msg_controllen ; :' /effFix-experiment/effFix-benchmark/lxc/null-ptr-20-lxc/src/src/lxc/af_unix.c
[Wed Jan 21 04:01:38 2026][COMMAND]: diff -u /effFix-experiment/effFix-benchmark/lxc/null-ptr-20-lxc/repair/af_unix.c.backup /effFix-experiment/effFix-benchmark/lxc/null-ptr-20-lxc/src/src/lxc/af_unix.c > /effFix-experiment/effFix-benchmark/lxc/null-ptr-20-lxc/repair/79.patch
[Wed Jan 21 04:01:38 2026][COMMAND]: /opt/infer/infer/bin/infer --pulse-only --pulse-max-disjuncts 100 --jobs 32 --reactive --pulse-fix-mode --pulse-fix-file=src/lxc/af_unix.c --pulse-fix-function=lxc_abstract_unix_send_credential -o /effFix-experiment/effFix-benchmark/lxc/null-ptr-20-lxc/repair/infer-out-single -- make -j4
[Wed Jan 21 04:01:38 2026][COMMAND]: sed -i -e '237s:^:msg.msg_controllen = msg.msg_controllen * msg.msg_controllen ;  :' /effFix-experiment/effFix-benchmark/lxc/null-ptr-20-lxc/src/src/lxc/af_unix.c
[Wed Jan 21 04:01:38 2026][COMMAND]: diff -u /effFix-experiment/effFix-benchmark/lxc/null-ptr-20-lxc/repair/af_unix.c.backup /effFix-experiment/effFix-benchmark/lxc/null-ptr-20-lxc/src/src/lxc/af_unix.c > /effFix-experiment/effFix-benchmark/lxc/null-ptr-20-lxc/repair/80.patch
[Wed Jan 21 04:01:38 2026][COMMAND]: /opt/infer/infer/bin/infer --pulse-only --pulse-max-disjuncts 100 --jobs 32 --reactive --pulse-fix-mode --pulse-fix-file=src/lxc/af_unix.c --pulse-fix-function=lxc_abstract_unix_send_credential -o /effFix-experiment/effFix-benchmark/lxc/null-ptr-20-lxc/repair/infer-out-single -- make -j4
[Wed Jan 21 04:01:38 2026][COMMAND]: sed -i -e '237s:$: \& ...->msg_control = NULL ; :' /effFix-experiment/effFix-benchmark/lxc/null-ptr-20-lxc/src/src/lxc/af_unix.c
[Wed Jan 21 04:01:38 2026][COMMAND]: diff -u /effFix-experiment/effFix-benchmark/lxc/null-ptr-20-lxc/repair/af_unix.c.backup /effFix-experiment/effFix-benchmark/lxc/null-ptr-20-lxc/src/src/lxc/af_unix.c > /effFix-experiment/effFix-benchmark/lxc/null-ptr-20-lxc/repair/81.patch
[Wed Jan 21 04:01:38 2026][COMMAND]: /opt/infer/infer/bin/infer --pulse-only --pulse-max-disjuncts 100 --jobs 32 --reactive --pulse-fix-mode --pulse-fix-file=src/lxc/af_unix.c --pulse-fix-function=lxc_abstract_unix_send_credential -o /effFix-experiment/effFix-benchmark/lxc/null-ptr-20-lxc/repair/infer-out-single -- make -j4
[Wed Jan 21 04:01:38 2026][COMMAND]: sed -i -e '237s:^:cmsg = malloc ( sizeof ( * \& ...->msg_control ) ) ;  :' /effFix-experiment/effFix-benchmark/lxc/null-ptr-20-lxc/src/src/lxc/af_unix.c
[Wed Jan 21 04:01:38 2026][COMMAND]: diff -u /effFix-experiment/effFix-benchmark/lxc/null-ptr-20-lxc/repair/af_unix.c.backup /effFix-experiment/effFix-benchmark/lxc/null-ptr-20-lxc/src/src/lxc/af_unix.c > /effFix-experiment/effFix-benchmark/lxc/null-ptr-20-lxc/repair/82.patch
[Wed Jan 21 04:01:38 2026][COMMAND]: /opt/infer/infer/bin/infer --pulse-only --pulse-max-disjuncts 100 --jobs 32 --reactive --pulse-fix-mode --pulse-fix-file=src/lxc/af_unix.c --pulse-fix-function=lxc_abstract_unix_send_credential -o /effFix-experiment/effFix-benchmark/lxc/null-ptr-20-lxc/repair/infer-out-single -- make -j4
[Wed Jan 21 04:01:39 2026][COMMAND]: sed -i -e '237s:^:if ( ! ( msg.msg_controllen - msg.msg_controllen < -1 ) ) { return 0; return NULL ; }  :' /effFix-experiment/effFix-benchmark/lxc/null-ptr-20-lxc/src/src/lxc/af_unix.c
[Wed Jan 21 04:01:39 2026][COMMAND]: diff -u /effFix-experiment/effFix-benchmark/lxc/null-ptr-20-lxc/repair/af_unix.c.backup /effFix-experiment/effFix-benchmark/lxc/null-ptr-20-lxc/src/src/lxc/af_unix.c > /effFix-experiment/effFix-benchmark/lxc/null-ptr-20-lxc/repair/83.patch
[Wed Jan 21 04:01:39 2026][COMMAND]: /opt/infer/infer/bin/infer --pulse-only --pulse-max-disjuncts 100 --jobs 32 --reactive --pulse-fix-mode --pulse-fix-file=src/lxc/af_unix.c --pulse-fix-function=lxc_abstract_unix_send_credential -o /effFix-experiment/effFix-benchmark/lxc/null-ptr-20-lxc/repair/infer-out-single -- make -j4
[Wed Jan 21 04:01:39 2026][COMMAND]: sed -i -e '237s:^:if ( msg.msg_control != NULL || msg.msg_control != NULL ) { free ( cmsg ) ; }  :' /effFix-experiment/effFix-benchmark/lxc/null-ptr-20-lxc/src/src/lxc/af_unix.c
[Wed Jan 21 04:01:39 2026][COMMAND]: diff -u /effFix-experiment/effFix-benchmark/lxc/null-ptr-20-lxc/repair/af_unix.c.backup /effFix-experiment/effFix-benchmark/lxc/null-ptr-20-lxc/src/src/lxc/af_unix.c > /effFix-experiment/effFix-benchmark/lxc/null-ptr-20-lxc/repair/84.patch
[Wed Jan 21 04:01:39 2026][COMMAND]: /opt/infer/infer/bin/infer --pulse-only --pulse-max-disjuncts 100 --jobs 32 --reactive --pulse-fix-mode --pulse-fix-file=src/lxc/af_unix.c --pulse-fix-function=lxc_abstract_unix_send_credential -o /effFix-experiment/effFix-benchmark/lxc/null-ptr-20-lxc/repair/infer-out-single -- make -j4
[Wed Jan 21 04:01:39 2026][COMMAND]: sed -i -e '237s:^:if ( \& ...->msg_controllen >= -1 ) { return call to sendmsg; }  :' /effFix-experiment/effFix-benchmark/lxc/null-ptr-20-lxc/src/src/lxc/af_unix.c
[Wed Jan 21 04:01:39 2026][COMMAND]: diff -u /effFix-experiment/effFix-benchmark/lxc/null-ptr-20-lxc/repair/af_unix.c.backup /effFix-experiment/effFix-benchmark/lxc/null-ptr-20-lxc/src/src/lxc/af_unix.c > /effFix-experiment/effFix-benchmark/lxc/null-ptr-20-lxc/repair/85.patch
[Wed Jan 21 04:01:39 2026][COMMAND]: /opt/infer/infer/bin/infer --pulse-only --pulse-max-disjuncts 100 --jobs 32 --reactive --pulse-fix-mode --pulse-fix-file=src/lxc/af_unix.c --pulse-fix-function=lxc_abstract_unix_send_credential -o /effFix-experiment/effFix-benchmark/lxc/null-ptr-20-lxc/repair/infer-out-single -- make -j4
[Wed Jan 21 04:01:39 2026][COMMAND]: sed -i -e '237s:^:if ( msg.msg_controllen / \& ...->msg_controllen == -1 ) { \& ...->msg_control = NULL ; }  :' /effFix-experiment/effFix-benchmark/lxc/null-ptr-20-lxc/src/src/lxc/af_unix.c
[Wed Jan 21 04:01:39 2026][COMMAND]: diff -u /effFix-experiment/effFix-benchmark/lxc/null-ptr-20-lxc/repair/af_unix.c.backup /effFix-experiment/effFix-benchmark/lxc/null-ptr-20-lxc/src/src/lxc/af_unix.c > /effFix-experiment/effFix-benchmark/lxc/null-ptr-20-lxc/repair/86.patch
[Wed Jan 21 04:01:39 2026][COMMAND]: /opt/infer/infer/bin/infer --pulse-only --pulse-max-disjuncts 100 --jobs 32 --reactive --pulse-fix-mode --pulse-fix-file=src/lxc/af_unix.c --pulse-fix-function=lxc_abstract_unix_send_credential -o /effFix-experiment/effFix-benchmark/lxc/null-ptr-20-lxc/repair/infer-out-single -- make -j4
[Wed Jan 21 04:01:39 2026][COMMAND]: sed -i -e '237s:^:free ( msg.msg_control ) ;  :' /effFix-experiment/effFix-benchmark/lxc/null-ptr-20-lxc/src/src/lxc/af_unix.c
[Wed Jan 21 04:01:39 2026][COMMAND]: diff -u /effFix-experiment/effFix-benchmark/lxc/null-ptr-20-lxc/repair/af_unix.c.backup /effFix-experiment/effFix-benchmark/lxc/null-ptr-20-lxc/src/src/lxc/af_unix.c > /effFix-experiment/effFix-benchmark/lxc/null-ptr-20-lxc/repair/87.patch
[Wed Jan 21 04:01:39 2026][COMMAND]: /opt/infer/infer/bin/infer --pulse-only --pulse-max-disjuncts 100 --jobs 32 --reactive --pulse-fix-mode --pulse-fix-file=src/lxc/af_unix.c --pulse-fix-function=lxc_abstract_unix_send_credential -o /effFix-experiment/effFix-benchmark/lxc/null-ptr-20-lxc/repair/infer-out-single -- make -j4
[Wed Jan 21 04:01:39 2026][COMMAND]: sed -i -e '237s:^:\& ...->msg_controllen = msg.msg_controllen / msg.msg_controllen ;  :' /effFix-experiment/effFix-benchmark/lxc/null-ptr-20-lxc/src/src/lxc/af_unix.c
[Wed Jan 21 04:01:39 2026][COMMAND]: diff -u /effFix-experiment/effFix-benchmark/lxc/null-ptr-20-lxc/repair/af_unix.c.backup /effFix-experiment/effFix-benchmark/lxc/null-ptr-20-lxc/src/src/lxc/af_unix.c > /effFix-experiment/effFix-benchmark/lxc/null-ptr-20-lxc/repair/88.patch
[Wed Jan 21 04:01:39 2026][COMMAND]: /opt/infer/infer/bin/infer --pulse-only --pulse-max-disjuncts 100 --jobs 32 --reactive --pulse-fix-mode --pulse-fix-file=src/lxc/af_unix.c --pulse-fix-function=lxc_abstract_unix_send_credential -o /effFix-experiment/effFix-benchmark/lxc/null-ptr-20-lxc/repair/infer-out-single -- make -j4
[Wed Jan 21 04:01:39 2026][COMMAND]: sed -i -e '237s:^:free ( cmsg ) ;  :' /effFix-experiment/effFix-benchmark/lxc/null-ptr-20-lxc/src/src/lxc/af_unix.c
[Wed Jan 21 04:01:39 2026][COMMAND]: diff -u /effFix-experiment/effFix-benchmark/lxc/null-ptr-20-lxc/repair/af_unix.c.backup /effFix-experiment/effFix-benchmark/lxc/null-ptr-20-lxc/src/src/lxc/af_unix.c > /effFix-experiment/effFix-benchmark/lxc/null-ptr-20-lxc/repair/89.patch
[Wed Jan 21 04:01:39 2026][COMMAND]: /opt/infer/infer/bin/infer --pulse-only --pulse-max-disjuncts 100 --jobs 32 --reactive --pulse-fix-mode --pulse-fix-file=src/lxc/af_unix.c --pulse-fix-function=lxc_abstract_unix_send_credential -o /effFix-experiment/effFix-benchmark/lxc/null-ptr-20-lxc/repair/infer-out-single -- make -j4
[Wed Jan 21 04:01:39 2026][COMMAND]: sed -i -e '237s:^:\& ...->msg_controllen = msg.msg_controllen / \& ...->msg_controllen ; return \& ...->msg_control ;  :' /effFix-experiment/effFix-benchmark/lxc/null-ptr-20-lxc/src/src/lxc/af_unix.c
[Wed Jan 21 04:01:39 2026][COMMAND]: diff -u /effFix-experiment/effFix-benchmark/lxc/null-ptr-20-lxc/repair/af_unix.c.backup /effFix-experiment/effFix-benchmark/lxc/null-ptr-20-lxc/src/src/lxc/af_unix.c > /effFix-experiment/effFix-benchmark/lxc/null-ptr-20-lxc/repair/90.patch
[Wed Jan 21 04:01:39 2026][COMMAND]: /opt/infer/infer/bin/infer --pulse-only --pulse-max-disjuncts 100 --jobs 32 --reactive --pulse-fix-mode --pulse-fix-file=src/lxc/af_unix.c --pulse-fix-function=lxc_abstract_unix_send_credential -o /effFix-experiment/effFix-benchmark/lxc/null-ptr-20-lxc/repair/infer-out-single -- make -j4
[Wed Jan 21 04:01:39 2026][COMMAND]: sed -i -e '237s:^:\& ...->msg_controllen = msg.msg_controllen * \& ...->msg_controllen ;  :' /effFix-experiment/effFix-benchmark/lxc/null-ptr-20-lxc/src/src/lxc/af_unix.c
[Wed Jan 21 04:01:39 2026][COMMAND]: diff -u /effFix-experiment/effFix-benchmark/lxc/null-ptr-20-lxc/repair/af_unix.c.backup /effFix-experiment/effFix-benchmark/lxc/null-ptr-20-lxc/src/src/lxc/af_unix.c > /effFix-experiment/effFix-benchmark/lxc/null-ptr-20-lxc/repair/91.patch
[Wed Jan 21 04:01:39 2026][COMMAND]: /opt/infer/infer/bin/infer --pulse-only --pulse-max-disjuncts 100 --jobs 32 --reactive --pulse-fix-mode --pulse-fix-file=src/lxc/af_unix.c --pulse-fix-function=lxc_abstract_unix_send_credential -o /effFix-experiment/effFix-benchmark/lxc/null-ptr-20-lxc/repair/infer-out-single -- make -j4
[Wed Jan 21 04:01:39 2026][COMMAND]: sed -i -e '237s:^:if ( \& ...->msg_control != cmsg \&\& \& ...->msg_controllen + msg.msg_controllen != \& ...->msg_controllen + \& ...->msg_controllen ) { return NULL ; }  :' /effFix-experiment/effFix-benchmark/lxc/null-ptr-20-lxc/src/src/lxc/af_unix.c
[Wed Jan 21 04:01:39 2026][COMMAND]: diff -u /effFix-experiment/effFix-benchmark/lxc/null-ptr-20-lxc/repair/af_unix.c.backup /effFix-experiment/effFix-benchmark/lxc/null-ptr-20-lxc/src/src/lxc/af_unix.c > /effFix-experiment/effFix-benchmark/lxc/null-ptr-20-lxc/repair/92.patch
[Wed Jan 21 04:01:39 2026][COMMAND]: /opt/infer/infer/bin/infer --pulse-only --pulse-max-disjuncts 100 --jobs 32 --reactive --pulse-fix-mode --pulse-fix-file=src/lxc/af_unix.c --pulse-fix-function=lxc_abstract_unix_send_credential -o /effFix-experiment/effFix-benchmark/lxc/null-ptr-20-lxc/repair/infer-out-single -- make -j4
[Wed Jan 21 04:01:39 2026][COMMAND]: sed -i -e '237s:$: if ( msg.msg_control == NULL \&\& \& ...->msg_control == NULL ) { return NULL ; } :' /effFix-experiment/effFix-benchmark/lxc/null-ptr-20-lxc/src/src/lxc/af_unix.c
[Wed Jan 21 04:01:39 2026][COMMAND]: diff -u /effFix-experiment/effFix-benchmark/lxc/null-ptr-20-lxc/repair/af_unix.c.backup /effFix-experiment/effFix-benchmark/lxc/null-ptr-20-lxc/src/src/lxc/af_unix.c > /effFix-experiment/effFix-benchmark/lxc/null-ptr-20-lxc/repair/93.patch
[Wed Jan 21 04:01:39 2026][COMMAND]: /opt/infer/infer/bin/infer --pulse-only --pulse-max-disjuncts 100 --jobs 32 --reactive --pulse-fix-mode --pulse-fix-file=src/lxc/af_unix.c --pulse-fix-function=lxc_abstract_unix_send_credential -o /effFix-experiment/effFix-benchmark/lxc/null-ptr-20-lxc/repair/infer-out-single -- make -j4
[Wed Jan 21 04:01:39 2026][COMMAND]: sed -i -e '237s:^:cmsg = msg.msg_control ;  :' /effFix-experiment/effFix-benchmark/lxc/null-ptr-20-lxc/src/src/lxc/af_unix.c
[Wed Jan 21 04:01:39 2026][COMMAND]: diff -u /effFix-experiment/effFix-benchmark/lxc/null-ptr-20-lxc/repair/af_unix.c.backup /effFix-experiment/effFix-benchmark/lxc/null-ptr-20-lxc/src/src/lxc/af_unix.c > /effFix-experiment/effFix-benchmark/lxc/null-ptr-20-lxc/repair/94.patch
[Wed Jan 21 04:01:39 2026][COMMAND]: /opt/infer/infer/bin/infer --pulse-only --pulse-max-disjuncts 100 --jobs 32 --reactive --pulse-fix-mode --pulse-fix-file=src/lxc/af_unix.c --pulse-fix-function=lxc_abstract_unix_send_credential -o /effFix-experiment/effFix-benchmark/lxc/null-ptr-20-lxc/repair/infer-out-single -- make -j4
[Wed Jan 21 04:01:40 2026][COMMAND]: sed -i -e '237s:^:msg.msg_control = NULL ;  :' /effFix-experiment/effFix-benchmark/lxc/null-ptr-20-lxc/src/src/lxc/af_unix.c
[Wed Jan 21 04:01:40 2026][COMMAND]: diff -u /effFix-experiment/effFix-benchmark/lxc/null-ptr-20-lxc/repair/af_unix.c.backup /effFix-experiment/effFix-benchmark/lxc/null-ptr-20-lxc/src/src/lxc/af_unix.c > /effFix-experiment/effFix-benchmark/lxc/null-ptr-20-lxc/repair/95.patch
[Wed Jan 21 04:01:40 2026][COMMAND]: /opt/infer/infer/bin/infer --pulse-only --pulse-max-disjuncts 100 --jobs 32 --reactive --pulse-fix-mode --pulse-fix-file=src/lxc/af_unix.c --pulse-fix-function=lxc_abstract_unix_send_credential -o /effFix-experiment/effFix-benchmark/lxc/null-ptr-20-lxc/repair/infer-out-single -- make -j4
[Wed Jan 21 04:01:40 2026][COMMAND]: sed -i -e '237s:^:\& ...->msg_controllen = msg.msg_controllen * msg.msg_controllen ; return NULL ;  :' /effFix-experiment/effFix-benchmark/lxc/null-ptr-20-lxc/src/src/lxc/af_unix.c
[Wed Jan 21 04:01:40 2026][COMMAND]: diff -u /effFix-experiment/effFix-benchmark/lxc/null-ptr-20-lxc/repair/af_unix.c.backup /effFix-experiment/effFix-benchmark/lxc/null-ptr-20-lxc/src/src/lxc/af_unix.c > /effFix-experiment/effFix-benchmark/lxc/null-ptr-20-lxc/repair/96.patch
[Wed Jan 21 04:01:40 2026][COMMAND]: /opt/infer/infer/bin/infer --pulse-only --pulse-max-disjuncts 100 --jobs 32 --reactive --pulse-fix-mode --pulse-fix-file=src/lxc/af_unix.c --pulse-fix-function=lxc_abstract_unix_send_credential -o /effFix-experiment/effFix-benchmark/lxc/null-ptr-20-lxc/repair/infer-out-single -- make -j4
[Wed Jan 21 04:01:40 2026][COMMAND]: sed -i -e '237s:$: msg.msg_controllen = msg.msg_controllen * \& ...->msg_controllen ; return NULL ; :' /effFix-experiment/effFix-benchmark/lxc/null-ptr-20-lxc/src/src/lxc/af_unix.c
[Wed Jan 21 04:01:40 2026][COMMAND]: diff -u /effFix-experiment/effFix-benchmark/lxc/null-ptr-20-lxc/repair/af_unix.c.backup /effFix-experiment/effFix-benchmark/lxc/null-ptr-20-lxc/src/src/lxc/af_unix.c > /effFix-experiment/effFix-benchmark/lxc/null-ptr-20-lxc/repair/97.patch
[Wed Jan 21 04:01:40 2026][COMMAND]: /opt/infer/infer/bin/infer --pulse-only --pulse-max-disjuncts 100 --jobs 32 --reactive --pulse-fix-mode --pulse-fix-file=src/lxc/af_unix.c --pulse-fix-function=lxc_abstract_unix_send_credential -o /effFix-experiment/effFix-benchmark/lxc/null-ptr-20-lxc/repair/infer-out-single -- make -j4
[Wed Jan 21 04:01:40 2026][COMMAND]: sed -i -e '237s:^:msg.msg_control = cmsg ;  :' /effFix-experiment/effFix-benchmark/lxc/null-ptr-20-lxc/src/src/lxc/af_unix.c
[Wed Jan 21 04:01:40 2026][COMMAND]: diff -u /effFix-experiment/effFix-benchmark/lxc/null-ptr-20-lxc/repair/af_unix.c.backup /effFix-experiment/effFix-benchmark/lxc/null-ptr-20-lxc/src/src/lxc/af_unix.c > /effFix-experiment/effFix-benchmark/lxc/null-ptr-20-lxc/repair/98.patch
[Wed Jan 21 04:01:40 2026][COMMAND]: /opt/infer/infer/bin/infer --pulse-only --pulse-max-disjuncts 100 --jobs 32 --reactive --pulse-fix-mode --pulse-fix-file=src/lxc/af_unix.c --pulse-fix-function=lxc_abstract_unix_send_credential -o /effFix-experiment/effFix-benchmark/lxc/null-ptr-20-lxc/repair/infer-out-single -- make -j4
[Wed Jan 21 04:01:40 2026][COMMAND]: sed -i -e '237s:$: \& ...->msg_control = malloc ( sizeof ( * \& ...->msg_control ) ) ; :' /effFix-experiment/effFix-benchmark/lxc/null-ptr-20-lxc/src/src/lxc/af_unix.c
[Wed Jan 21 04:01:40 2026][COMMAND]: diff -u /effFix-experiment/effFix-benchmark/lxc/null-ptr-20-lxc/repair/af_unix.c.backup /effFix-experiment/effFix-benchmark/lxc/null-ptr-20-lxc/src/src/lxc/af_unix.c > /effFix-experiment/effFix-benchmark/lxc/null-ptr-20-lxc/repair/99.patch
[Wed Jan 21 04:01:40 2026][COMMAND]: /opt/infer/infer/bin/infer --pulse-only --pulse-max-disjuncts 100 --jobs 32 --reactive --pulse-fix-mode --pulse-fix-file=src/lxc/af_unix.c --pulse-fix-function=lxc_abstract_unix_send_credential -o /effFix-experiment/effFix-benchmark/lxc/null-ptr-20-lxc/repair/infer-out-single -- make -j4
[Wed Jan 21 04:01:40 2026][COMMAND]: sed -i -e '237s:^:return NULL ; if ( \& ...->msg_control == cmsg \&\& \& ...->msg_controllen + \& ...->msg_controllen != \& ...->msg_controllen ) { free ( msg.msg_control ) ; }  :' /effFix-experiment/effFix-benchmark/lxc/null-ptr-20-lxc/src/src/lxc/af_unix.c
[Wed Jan 21 04:01:40 2026][COMMAND]: diff -u /effFix-experiment/effFix-benchmark/lxc/null-ptr-20-lxc/repair/af_unix.c.backup /effFix-experiment/effFix-benchmark/lxc/null-ptr-20-lxc/src/src/lxc/af_unix.c > /effFix-experiment/effFix-benchmark/lxc/null-ptr-20-lxc/repair/100.patch
[Wed Jan 21 04:01:40 2026][COMMAND]: /opt/infer/infer/bin/infer --pulse-only --pulse-max-disjuncts 100 --jobs 32 --reactive --pulse-fix-mode --pulse-fix-file=src/lxc/af_unix.c --pulse-fix-function=lxc_abstract_unix_send_credential -o /effFix-experiment/effFix-benchmark/lxc/null-ptr-20-lxc/repair/infer-out-single -- make -j4
[Wed Jan 21 04:01:40 2026][COMMAND]: sed -i -e '237s:$: if ( \& ...->msg_control != cmsg \&\& msg.msg_controllen / \& ...->msg_controllen >= -1 ) { return NULL ; } :' /effFix-experiment/effFix-benchmark/lxc/null-ptr-20-lxc/src/src/lxc/af_unix.c
[Wed Jan 21 04:01:40 2026][COMMAND]: diff -u /effFix-experiment/effFix-benchmark/lxc/null-ptr-20-lxc/repair/af_unix.c.backup /effFix-experiment/effFix-benchmark/lxc/null-ptr-20-lxc/src/src/lxc/af_unix.c > /effFix-experiment/effFix-benchmark/lxc/null-ptr-20-lxc/repair/101.patch
[Wed Jan 21 04:01:40 2026][COMMAND]: /opt/infer/infer/bin/infer --pulse-only --pulse-max-disjuncts 100 --jobs 32 --reactive --pulse-fix-mode --pulse-fix-file=src/lxc/af_unix.c --pulse-fix-function=lxc_abstract_unix_send_credential -o /effFix-experiment/effFix-benchmark/lxc/null-ptr-20-lxc/repair/infer-out-single -- make -j4
[Wed Jan 21 04:01:40 2026][COMMAND]: sed -i -e '237s:^:\& ...->msg_control = malloc ( sizeof ( * cmsg ) ) ; \& ...->msg_controllen = msg.msg_controllen / msg.msg_controllen ;  :' /effFix-experiment/effFix-benchmark/lxc/null-ptr-20-lxc/src/src/lxc/af_unix.c
[Wed Jan 21 04:01:40 2026][COMMAND]: diff -u /effFix-experiment/effFix-benchmark/lxc/null-ptr-20-lxc/repair/af_unix.c.backup /effFix-experiment/effFix-benchmark/lxc/null-ptr-20-lxc/src/src/lxc/af_unix.c > /effFix-experiment/effFix-benchmark/lxc/null-ptr-20-lxc/repair/102.patch
[Wed Jan 21 04:01:40 2026][COMMAND]: /opt/infer/infer/bin/infer --pulse-only --pulse-max-disjuncts 100 --jobs 32 --reactive --pulse-fix-mode --pulse-fix-file=src/lxc/af_unix.c --pulse-fix-function=lxc_abstract_unix_send_credential -o /effFix-experiment/effFix-benchmark/lxc/null-ptr-20-lxc/repair/infer-out-single -- make -j4
[Wed Jan 21 04:01:40 2026][COMMAND]: sed -i -e '237s:$: return NULL ; msg.msg_controllen = msg.msg_controllen ; :' /effFix-experiment/effFix-benchmark/lxc/null-ptr-20-lxc/src/src/lxc/af_unix.c
[Wed Jan 21 04:01:40 2026][COMMAND]: diff -u /effFix-experiment/effFix-benchmark/lxc/null-ptr-20-lxc/repair/af_unix.c.backup /effFix-experiment/effFix-benchmark/lxc/null-ptr-20-lxc/src/src/lxc/af_unix.c > /effFix-experiment/effFix-benchmark/lxc/null-ptr-20-lxc/repair/103.patch
[Wed Jan 21 04:01:40 2026][COMMAND]: /opt/infer/infer/bin/infer --pulse-only --pulse-max-disjuncts 100 --jobs 32 --reactive --pulse-fix-mode --pulse-fix-file=src/lxc/af_unix.c --pulse-fix-function=lxc_abstract_unix_send_credential -o /effFix-experiment/effFix-benchmark/lxc/null-ptr-20-lxc/repair/infer-out-single -- make -j4
[Wed Jan 21 04:01:40 2026][COMMAND]: sed -i -e '237s:^:if ( msg.msg_controllen * msg.msg_controllen > 0 ) { \& ...->msg_controllen = msg.msg_controllen ; }  :' /effFix-experiment/effFix-benchmark/lxc/null-ptr-20-lxc/src/src/lxc/af_unix.c
[Wed Jan 21 04:01:40 2026][COMMAND]: diff -u /effFix-experiment/effFix-benchmark/lxc/null-ptr-20-lxc/repair/af_unix.c.backup /effFix-experiment/effFix-benchmark/lxc/null-ptr-20-lxc/src/src/lxc/af_unix.c > /effFix-experiment/effFix-benchmark/lxc/null-ptr-20-lxc/repair/104.patch
[Wed Jan 21 04:01:40 2026][COMMAND]: /opt/infer/infer/bin/infer --pulse-only --pulse-max-disjuncts 100 --jobs 32 --reactive --pulse-fix-mode --pulse-fix-file=src/lxc/af_unix.c --pulse-fix-function=lxc_abstract_unix_send_credential -o /effFix-experiment/effFix-benchmark/lxc/null-ptr-20-lxc/repair/infer-out-single -- make -j4
[Wed Jan 21 04:01:40 2026][COMMAND]: sed -i -e '237s:$: if ( cmsg != msg.msg_control \&\& \& ...->msg_control == NULL ) { return NULL ; } return \& ...->msg_control ; :' /effFix-experiment/effFix-benchmark/lxc/null-ptr-20-lxc/src/src/lxc/af_unix.c
[Wed Jan 21 04:01:40 2026][COMMAND]: diff -u /effFix-experiment/effFix-benchmark/lxc/null-ptr-20-lxc/repair/af_unix.c.backup /effFix-experiment/effFix-benchmark/lxc/null-ptr-20-lxc/src/src/lxc/af_unix.c > /effFix-experiment/effFix-benchmark/lxc/null-ptr-20-lxc/repair/105.patch
[Wed Jan 21 04:01:40 2026][COMMAND]: /opt/infer/infer/bin/infer --pulse-only --pulse-max-disjuncts 100 --jobs 32 --reactive --pulse-fix-mode --pulse-fix-file=src/lxc/af_unix.c --pulse-fix-function=lxc_abstract_unix_send_credential -o /effFix-experiment/effFix-benchmark/lxc/null-ptr-20-lxc/repair/infer-out-single -- make -j4
[Wed Jan 21 04:01:41 2026][COMMAND]: sed -i -e '237s:^:if ( \& ...->msg_controllen > -1 ) { return NULL ; }  :' /effFix-experiment/effFix-benchmark/lxc/null-ptr-20-lxc/src/src/lxc/af_unix.c
[Wed Jan 21 04:01:41 2026][COMMAND]: diff -u /effFix-experiment/effFix-benchmark/lxc/null-ptr-20-lxc/repair/af_unix.c.backup /effFix-experiment/effFix-benchmark/lxc/null-ptr-20-lxc/src/src/lxc/af_unix.c > /effFix-experiment/effFix-benchmark/lxc/null-ptr-20-lxc/repair/106.patch
[Wed Jan 21 04:01:41 2026][COMMAND]: /opt/infer/infer/bin/infer --pulse-only --pulse-max-disjuncts 100 --jobs 32 --reactive --pulse-fix-mode --pulse-fix-file=src/lxc/af_unix.c --pulse-fix-function=lxc_abstract_unix_send_credential -o /effFix-experiment/effFix-benchmark/lxc/null-ptr-20-lxc/repair/infer-out-single -- make -j4
[Wed Jan 21 04:01:41 2026][COMMAND]: sed -i -e '237s:$: \& ...->msg_controllen = \& ...->msg_controllen * msg.msg_controllen ; :' /effFix-experiment/effFix-benchmark/lxc/null-ptr-20-lxc/src/src/lxc/af_unix.c
[Wed Jan 21 04:01:41 2026][COMMAND]: diff -u /effFix-experiment/effFix-benchmark/lxc/null-ptr-20-lxc/repair/af_unix.c.backup /effFix-experiment/effFix-benchmark/lxc/null-ptr-20-lxc/src/src/lxc/af_unix.c > /effFix-experiment/effFix-benchmark/lxc/null-ptr-20-lxc/repair/107.patch
[Wed Jan 21 04:01:41 2026][COMMAND]: /opt/infer/infer/bin/infer --pulse-only --pulse-max-disjuncts 100 --jobs 32 --reactive --pulse-fix-mode --pulse-fix-file=src/lxc/af_unix.c --pulse-fix-function=lxc_abstract_unix_send_credential -o /effFix-experiment/effFix-benchmark/lxc/null-ptr-20-lxc/repair/infer-out-single -- make -j4
[Wed Jan 21 04:01:41 2026][COMMAND]: sed -i -e '237s:$: \& ...->msg_controllen = \& ...->msg_controllen ; :' /effFix-experiment/effFix-benchmark/lxc/null-ptr-20-lxc/src/src/lxc/af_unix.c
[Wed Jan 21 04:01:41 2026][COMMAND]: diff -u /effFix-experiment/effFix-benchmark/lxc/null-ptr-20-lxc/repair/af_unix.c.backup /effFix-experiment/effFix-benchmark/lxc/null-ptr-20-lxc/src/src/lxc/af_unix.c > /effFix-experiment/effFix-benchmark/lxc/null-ptr-20-lxc/repair/108.patch
[Wed Jan 21 04:01:41 2026][COMMAND]: /opt/infer/infer/bin/infer --pulse-only --pulse-max-disjuncts 100 --jobs 32 --reactive --pulse-fix-mode --pulse-fix-file=src/lxc/af_unix.c --pulse-fix-function=lxc_abstract_unix_send_credential -o /effFix-experiment/effFix-benchmark/lxc/null-ptr-20-lxc/repair/infer-out-single -- make -j4
[Wed Jan 21 04:01:41 2026][COMMAND]: sed -i -e '237s:$: msg.msg_controllen = msg.msg_controllen - \& ...->msg_controllen ; :' /effFix-experiment/effFix-benchmark/lxc/null-ptr-20-lxc/src/src/lxc/af_unix.c
[Wed Jan 21 04:01:41 2026][COMMAND]: diff -u /effFix-experiment/effFix-benchmark/lxc/null-ptr-20-lxc/repair/af_unix.c.backup /effFix-experiment/effFix-benchmark/lxc/null-ptr-20-lxc/src/src/lxc/af_unix.c > /effFix-experiment/effFix-benchmark/lxc/null-ptr-20-lxc/repair/109.patch
[Wed Jan 21 04:01:41 2026][COMMAND]: /opt/infer/infer/bin/infer --pulse-only --pulse-max-disjuncts 100 --jobs 32 --reactive --pulse-fix-mode --pulse-fix-file=src/lxc/af_unix.c --pulse-fix-function=lxc_abstract_unix_send_credential -o /effFix-experiment/effFix-benchmark/lxc/null-ptr-20-lxc/repair/infer-out-single -- make -j4
[Wed Jan 21 04:01:41 2026][COMMAND]: sed -i -e '237s:$: \& ...->msg_controllen = \& ...->msg_controllen - \& ...->msg_controllen ; :' /effFix-experiment/effFix-benchmark/lxc/null-ptr-20-lxc/src/src/lxc/af_unix.c
[Wed Jan 21 04:01:41 2026][COMMAND]: diff -u /effFix-experiment/effFix-benchmark/lxc/null-ptr-20-lxc/repair/af_unix.c.backup /effFix-experiment/effFix-benchmark/lxc/null-ptr-20-lxc/src/src/lxc/af_unix.c > /effFix-experiment/effFix-benchmark/lxc/null-ptr-20-lxc/repair/110.patch
[Wed Jan 21 04:01:41 2026][COMMAND]: /opt/infer/infer/bin/infer --pulse-only --pulse-max-disjuncts 100 --jobs 32 --reactive --pulse-fix-mode --pulse-fix-file=src/lxc/af_unix.c --pulse-fix-function=lxc_abstract_unix_send_credential -o /effFix-experiment/effFix-benchmark/lxc/null-ptr-20-lxc/repair/infer-out-single -- make -j4
[Wed Jan 21 04:01:41 2026][COMMAND]: sed -i -e '237s:$: if ( msg.msg_control == \& ...->msg_control ) { msg.msg_controllen = msg.msg_controllen ; } :' /effFix-experiment/effFix-benchmark/lxc/null-ptr-20-lxc/src/src/lxc/af_unix.c
[Wed Jan 21 04:01:41 2026][COMMAND]: diff -u /effFix-experiment/effFix-benchmark/lxc/null-ptr-20-lxc/repair/af_unix.c.backup /effFix-experiment/effFix-benchmark/lxc/null-ptr-20-lxc/src/src/lxc/af_unix.c > /effFix-experiment/effFix-benchmark/lxc/null-ptr-20-lxc/repair/111.patch
[Wed Jan 21 04:01:41 2026][COMMAND]: /opt/infer/infer/bin/infer --pulse-only --pulse-max-disjuncts 100 --jobs 32 --reactive --pulse-fix-mode --pulse-fix-file=src/lxc/af_unix.c --pulse-fix-function=lxc_abstract_unix_send_credential -o /effFix-experiment/effFix-benchmark/lxc/null-ptr-20-lxc/repair/infer-out-single -- make -j4
[Wed Jan 21 04:01:41 2026][COMMAND]: sed -i -e '237s:$: cmsg = NULL ; :' /effFix-experiment/effFix-benchmark/lxc/null-ptr-20-lxc/src/src/lxc/af_unix.c
[Wed Jan 21 04:01:41 2026][COMMAND]: diff -u /effFix-experiment/effFix-benchmark/lxc/null-ptr-20-lxc/repair/af_unix.c.backup /effFix-experiment/effFix-benchmark/lxc/null-ptr-20-lxc/src/src/lxc/af_unix.c > /effFix-experiment/effFix-benchmark/lxc/null-ptr-20-lxc/repair/112.patch
[Wed Jan 21 04:01:41 2026][COMMAND]: /opt/infer/infer/bin/infer --pulse-only --pulse-max-disjuncts 100 --jobs 32 --reactive --pulse-fix-mode --pulse-fix-file=src/lxc/af_unix.c --pulse-fix-function=lxc_abstract_unix_send_credential -o /effFix-experiment/effFix-benchmark/lxc/null-ptr-20-lxc/repair/infer-out-single -- make -j4
[Wed Jan 21 04:01:41 2026][COMMAND]: sed -i -e '237s:^:msg.msg_controllen = msg.msg_controllen ;  :' /effFix-experiment/effFix-benchmark/lxc/null-ptr-20-lxc/src/src/lxc/af_unix.c
[Wed Jan 21 04:01:41 2026][COMMAND]: diff -u /effFix-experiment/effFix-benchmark/lxc/null-ptr-20-lxc/repair/af_unix.c.backup /effFix-experiment/effFix-benchmark/lxc/null-ptr-20-lxc/src/src/lxc/af_unix.c > /effFix-experiment/effFix-benchmark/lxc/null-ptr-20-lxc/repair/113.patch
[Wed Jan 21 04:01:41 2026][COMMAND]: /opt/infer/infer/bin/infer --pulse-only --pulse-max-disjuncts 100 --jobs 32 --reactive --pulse-fix-mode --pulse-fix-file=src/lxc/af_unix.c --pulse-fix-function=lxc_abstract_unix_send_credential -o /effFix-experiment/effFix-benchmark/lxc/null-ptr-20-lxc/repair/infer-out-single -- make -j4
[Wed Jan 21 04:01:41 2026][COMMAND]: sed -i -e '237s:^:if ( msg.msg_controllen + \& ...->msg_controllen <= 0 || \& ...->msg_controllen <= 0 ) { \& ...->msg_control = NULL ; }  :' /effFix-experiment/effFix-benchmark/lxc/null-ptr-20-lxc/src/src/lxc/af_unix.c
[Wed Jan 21 04:01:41 2026][COMMAND]: diff -u /effFix-experiment/effFix-benchmark/lxc/null-ptr-20-lxc/repair/af_unix.c.backup /effFix-experiment/effFix-benchmark/lxc/null-ptr-20-lxc/src/src/lxc/af_unix.c > /effFix-experiment/effFix-benchmark/lxc/null-ptr-20-lxc/repair/114.patch
[Wed Jan 21 04:01:41 2026][COMMAND]: /opt/infer/infer/bin/infer --pulse-only --pulse-max-disjuncts 100 --jobs 32 --reactive --pulse-fix-mode --pulse-fix-file=src/lxc/af_unix.c --pulse-fix-function=lxc_abstract_unix_send_credential -o /effFix-experiment/effFix-benchmark/lxc/null-ptr-20-lxc/repair/infer-out-single -- make -j4
[Wed Jan 21 04:01:41 2026][COMMAND]: sed -i -e '237s:$: \& ...->msg_control = malloc ( sizeof ( * msg.msg_control ) ) ; return NULL ; :' /effFix-experiment/effFix-benchmark/lxc/null-ptr-20-lxc/src/src/lxc/af_unix.c
[Wed Jan 21 04:01:41 2026][COMMAND]: diff -u /effFix-experiment/effFix-benchmark/lxc/null-ptr-20-lxc/repair/af_unix.c.backup /effFix-experiment/effFix-benchmark/lxc/null-ptr-20-lxc/src/src/lxc/af_unix.c > /effFix-experiment/effFix-benchmark/lxc/null-ptr-20-lxc/repair/115.patch
[Wed Jan 21 04:01:41 2026][COMMAND]: /opt/infer/infer/bin/infer --pulse-only --pulse-max-disjuncts 100 --jobs 32 --reactive --pulse-fix-mode --pulse-fix-file=src/lxc/af_unix.c --pulse-fix-function=lxc_abstract_unix_send_credential -o /effFix-experiment/effFix-benchmark/lxc/null-ptr-20-lxc/repair/infer-out-single -- make -j4
[Wed Jan 21 04:01:41 2026][COMMAND]: sed -i -e '237s:$: msg.msg_controllen = msg.msg_controllen * msg.msg_controllen ; :' /effFix-experiment/effFix-benchmark/lxc/null-ptr-20-lxc/src/src/lxc/af_unix.c
[Wed Jan 21 04:01:42 2026][COMMAND]: diff -u /effFix-experiment/effFix-benchmark/lxc/null-ptr-20-lxc/repair/af_unix.c.backup /effFix-experiment/effFix-benchmark/lxc/null-ptr-20-lxc/src/src/lxc/af_unix.c > /effFix-experiment/effFix-benchmark/lxc/null-ptr-20-lxc/repair/116.patch
[Wed Jan 21 04:01:42 2026][COMMAND]: /opt/infer/infer/bin/infer --pulse-only --pulse-max-disjuncts 100 --jobs 32 --reactive --pulse-fix-mode --pulse-fix-file=src/lxc/af_unix.c --pulse-fix-function=lxc_abstract_unix_send_credential -o /effFix-experiment/effFix-benchmark/lxc/null-ptr-20-lxc/repair/infer-out-single -- make -j4
[Wed Jan 21 04:01:42 2026][COMMAND]: sed -i -e '237s:^:\& ...->msg_controllen = \& ...->msg_controllen * msg.msg_controllen ; return NULL ;  :' /effFix-experiment/effFix-benchmark/lxc/null-ptr-20-lxc/src/src/lxc/af_unix.c
[Wed Jan 21 04:01:42 2026][COMMAND]: diff -u /effFix-experiment/effFix-benchmark/lxc/null-ptr-20-lxc/repair/af_unix.c.backup /effFix-experiment/effFix-benchmark/lxc/null-ptr-20-lxc/src/src/lxc/af_unix.c > /effFix-experiment/effFix-benchmark/lxc/null-ptr-20-lxc/repair/117.patch
[Wed Jan 21 04:01:42 2026][COMMAND]: /opt/infer/infer/bin/infer --pulse-only --pulse-max-disjuncts 100 --jobs 32 --reactive --pulse-fix-mode --pulse-fix-file=src/lxc/af_unix.c --pulse-fix-function=lxc_abstract_unix_send_credential -o /effFix-experiment/effFix-benchmark/lxc/null-ptr-20-lxc/repair/infer-out-single -- make -j4
[Wed Jan 21 04:01:42 2026][COMMAND]: sed -i -e '237s:$: msg.msg_control = malloc ( sizeof ( * \& ...->msg_control ) ) ; :' /effFix-experiment/effFix-benchmark/lxc/null-ptr-20-lxc/src/src/lxc/af_unix.c
[Wed Jan 21 04:01:42 2026][COMMAND]: diff -u /effFix-experiment/effFix-benchmark/lxc/null-ptr-20-lxc/repair/af_unix.c.backup /effFix-experiment/effFix-benchmark/lxc/null-ptr-20-lxc/src/src/lxc/af_unix.c > /effFix-experiment/effFix-benchmark/lxc/null-ptr-20-lxc/repair/118.patch
[Wed Jan 21 04:01:42 2026][COMMAND]: /opt/infer/infer/bin/infer --pulse-only --pulse-max-disjuncts 100 --jobs 32 --reactive --pulse-fix-mode --pulse-fix-file=src/lxc/af_unix.c --pulse-fix-function=lxc_abstract_unix_send_credential -o /effFix-experiment/effFix-benchmark/lxc/null-ptr-20-lxc/repair/infer-out-single -- make -j4
[Wed Jan 21 04:01:42 2026][COMMAND]: sed -i -e '237s:$: msg.msg_controllen = \& ...->msg_controllen ; :' /effFix-experiment/effFix-benchmark/lxc/null-ptr-20-lxc/src/src/lxc/af_unix.c
[Wed Jan 21 04:01:42 2026][COMMAND]: diff -u /effFix-experiment/effFix-benchmark/lxc/null-ptr-20-lxc/repair/af_unix.c.backup /effFix-experiment/effFix-benchmark/lxc/null-ptr-20-lxc/src/src/lxc/af_unix.c > /effFix-experiment/effFix-benchmark/lxc/null-ptr-20-lxc/repair/119.patch
[Wed Jan 21 04:01:42 2026][COMMAND]: /opt/infer/infer/bin/infer --pulse-only --pulse-max-disjuncts 100 --jobs 32 --reactive --pulse-fix-mode --pulse-fix-file=src/lxc/af_unix.c --pulse-fix-function=lxc_abstract_unix_send_credential -o /effFix-experiment/effFix-benchmark/lxc/null-ptr-20-lxc/repair/infer-out-single -- make -j4
[Wed Jan 21 04:01:42 2026][COMMAND]: sed -i -e '237s:$: if ( \& ...->msg_control == cmsg ) { return call to sendmsg; } :' /effFix-experiment/effFix-benchmark/lxc/null-ptr-20-lxc/src/src/lxc/af_unix.c
[Wed Jan 21 04:01:42 2026][COMMAND]: diff -u /effFix-experiment/effFix-benchmark/lxc/null-ptr-20-lxc/repair/af_unix.c.backup /effFix-experiment/effFix-benchmark/lxc/null-ptr-20-lxc/src/src/lxc/af_unix.c > /effFix-experiment/effFix-benchmark/lxc/null-ptr-20-lxc/repair/120.patch
[Wed Jan 21 04:01:42 2026][COMMAND]: /opt/infer/infer/bin/infer --pulse-only --pulse-max-disjuncts 100 --jobs 32 --reactive --pulse-fix-mode --pulse-fix-file=src/lxc/af_unix.c --pulse-fix-function=lxc_abstract_unix_send_credential -o /effFix-experiment/effFix-benchmark/lxc/null-ptr-20-lxc/repair/infer-out-single -- make -j4
[Wed Jan 21 04:01:42 2026][COMMAND]: sed -i -e '237s:^:if ( msg.msg_control == msg.msg_control ) { msg.msg_controllen = msg.msg_controllen - \& ...->msg_controllen ; return call to sendmsg; }  :' /effFix-experiment/effFix-benchmark/lxc/null-ptr-20-lxc/src/src/lxc/af_unix.c
[Wed Jan 21 04:01:42 2026][COMMAND]: diff -u /effFix-experiment/effFix-benchmark/lxc/null-ptr-20-lxc/repair/af_unix.c.backup /effFix-experiment/effFix-benchmark/lxc/null-ptr-20-lxc/src/src/lxc/af_unix.c > /effFix-experiment/effFix-benchmark/lxc/null-ptr-20-lxc/repair/121.patch
[Wed Jan 21 04:01:42 2026][COMMAND]: /opt/infer/infer/bin/infer --pulse-only --pulse-max-disjuncts 100 --jobs 32 --reactive --pulse-fix-mode --pulse-fix-file=src/lxc/af_unix.c --pulse-fix-function=lxc_abstract_unix_send_credential -o /effFix-experiment/effFix-benchmark/lxc/null-ptr-20-lxc/repair/infer-out-single -- make -j4
[Wed Jan 21 04:01:42 2026][COMMAND]: sed -i -e '237s:$: if ( \& ...->msg_control == NULL ) { \& ...->msg_control = malloc ( sizeof ( * cmsg ) ) ; } :' /effFix-experiment/effFix-benchmark/lxc/null-ptr-20-lxc/src/src/lxc/af_unix.c
[Wed Jan 21 04:01:42 2026][COMMAND]: diff -u /effFix-experiment/effFix-benchmark/lxc/null-ptr-20-lxc/repair/af_unix.c.backup /effFix-experiment/effFix-benchmark/lxc/null-ptr-20-lxc/src/src/lxc/af_unix.c > /effFix-experiment/effFix-benchmark/lxc/null-ptr-20-lxc/repair/122.patch
[Wed Jan 21 04:01:42 2026][COMMAND]: /opt/infer/infer/bin/infer --pulse-only --pulse-max-disjuncts 100 --jobs 32 --reactive --pulse-fix-mode --pulse-fix-file=src/lxc/af_unix.c --pulse-fix-function=lxc_abstract_unix_send_credential -o /effFix-experiment/effFix-benchmark/lxc/null-ptr-20-lxc/repair/infer-out-single -- make -j4
[Wed Jan 21 04:01:42 2026][COMMAND]: sed -i -e '237s:^:\& ...->msg_control = NULL ;  :' /effFix-experiment/effFix-benchmark/lxc/null-ptr-20-lxc/src/src/lxc/af_unix.c
[Wed Jan 21 04:01:42 2026][COMMAND]: diff -u /effFix-experiment/effFix-benchmark/lxc/null-ptr-20-lxc/repair/af_unix.c.backup /effFix-experiment/effFix-benchmark/lxc/null-ptr-20-lxc/src/src/lxc/af_unix.c > /effFix-experiment/effFix-benchmark/lxc/null-ptr-20-lxc/repair/123.patch
[Wed Jan 21 04:01:42 2026][COMMAND]: /opt/infer/infer/bin/infer --pulse-only --pulse-max-disjuncts 100 --jobs 32 --reactive --pulse-fix-mode --pulse-fix-file=src/lxc/af_unix.c --pulse-fix-function=lxc_abstract_unix_send_credential -o /effFix-experiment/effFix-benchmark/lxc/null-ptr-20-lxc/repair/infer-out-single -- make -j4
[Wed Jan 21 04:01:42 2026][COMMAND]: sed -i -e '237s:^:if ( msg.msg_controllen < -1 || \& ...->msg_controllen <= -1 ) { return 0; }  :' /effFix-experiment/effFix-benchmark/lxc/null-ptr-20-lxc/src/src/lxc/af_unix.c
[Wed Jan 21 04:01:42 2026][COMMAND]: diff -u /effFix-experiment/effFix-benchmark/lxc/null-ptr-20-lxc/repair/af_unix.c.backup /effFix-experiment/effFix-benchmark/lxc/null-ptr-20-lxc/src/src/lxc/af_unix.c > /effFix-experiment/effFix-benchmark/lxc/null-ptr-20-lxc/repair/124.patch
[Wed Jan 21 04:01:42 2026][COMMAND]: /opt/infer/infer/bin/infer --pulse-only --pulse-max-disjuncts 100 --jobs 32 --reactive --pulse-fix-mode --pulse-fix-file=src/lxc/af_unix.c --pulse-fix-function=lxc_abstract_unix_send_credential -o /effFix-experiment/effFix-benchmark/lxc/null-ptr-20-lxc/repair/infer-out-single -- make -j4
[Wed Jan 21 04:01:42 2026][COMMAND]: sed -i -e '237s:$: free ( \& ...->msg_control ) ; :' /effFix-experiment/effFix-benchmark/lxc/null-ptr-20-lxc/src/src/lxc/af_unix.c
[Wed Jan 21 04:01:42 2026][COMMAND]: diff -u /effFix-experiment/effFix-benchmark/lxc/null-ptr-20-lxc/repair/af_unix.c.backup /effFix-experiment/effFix-benchmark/lxc/null-ptr-20-lxc/src/src/lxc/af_unix.c > /effFix-experiment/effFix-benchmark/lxc/null-ptr-20-lxc/repair/125.patch
[Wed Jan 21 04:01:42 2026][COMMAND]: /opt/infer/infer/bin/infer --pulse-only --pulse-max-disjuncts 100 --jobs 32 --reactive --pulse-fix-mode --pulse-fix-file=src/lxc/af_unix.c --pulse-fix-function=lxc_abstract_unix_send_credential -o /effFix-experiment/effFix-benchmark/lxc/null-ptr-20-lxc/repair/infer-out-single -- make -j4
[Wed Jan 21 04:01:42 2026][COMMAND]: sed -i -e '237s:$: return NULL ; return cmsg ; :' /effFix-experiment/effFix-benchmark/lxc/null-ptr-20-lxc/src/src/lxc/af_unix.c
[Wed Jan 21 04:01:42 2026][COMMAND]: diff -u /effFix-experiment/effFix-benchmark/lxc/null-ptr-20-lxc/repair/af_unix.c.backup /effFix-experiment/effFix-benchmark/lxc/null-ptr-20-lxc/src/src/lxc/af_unix.c > /effFix-experiment/effFix-benchmark/lxc/null-ptr-20-lxc/repair/126.patch
[Wed Jan 21 04:01:42 2026][COMMAND]: /opt/infer/infer/bin/infer --pulse-only --pulse-max-disjuncts 100 --jobs 32 --reactive --pulse-fix-mode --pulse-fix-file=src/lxc/af_unix.c --pulse-fix-function=lxc_abstract_unix_send_credential -o /effFix-experiment/effFix-benchmark/lxc/null-ptr-20-lxc/repair/infer-out-single -- make -j4
[Wed Jan 21 04:01:42 2026][COMMAND]: sed -i -e '237s:^:if ( \& ...->msg_controllen >= -1 ) { cmsg = malloc ( sizeof ( * msg.msg_control ) ) ; }  :' /effFix-experiment/effFix-benchmark/lxc/null-ptr-20-lxc/src/src/lxc/af_unix.c
[Wed Jan 21 04:01:43 2026][COMMAND]: diff -u /effFix-experiment/effFix-benchmark/lxc/null-ptr-20-lxc/repair/af_unix.c.backup /effFix-experiment/effFix-benchmark/lxc/null-ptr-20-lxc/src/src/lxc/af_unix.c > /effFix-experiment/effFix-benchmark/lxc/null-ptr-20-lxc/repair/127.patch
[Wed Jan 21 04:01:43 2026][COMMAND]: /opt/infer/infer/bin/infer --pulse-only --pulse-max-disjuncts 100 --jobs 32 --reactive --pulse-fix-mode --pulse-fix-file=src/lxc/af_unix.c --pulse-fix-function=lxc_abstract_unix_send_credential -o /effFix-experiment/effFix-benchmark/lxc/null-ptr-20-lxc/repair/infer-out-single -- make -j4
[Wed Jan 21 04:01:43 2026][COMMAND]: sed -i -e '237s:^:if ( ! ( msg.msg_controllen * msg.msg_controllen < 0 ) ) { return call to sendmsg; }  :' /effFix-experiment/effFix-benchmark/lxc/null-ptr-20-lxc/src/src/lxc/af_unix.c
[Wed Jan 21 04:01:43 2026][COMMAND]: diff -u /effFix-experiment/effFix-benchmark/lxc/null-ptr-20-lxc/repair/af_unix.c.backup /effFix-experiment/effFix-benchmark/lxc/null-ptr-20-lxc/src/src/lxc/af_unix.c > /effFix-experiment/effFix-benchmark/lxc/null-ptr-20-lxc/repair/128.patch
[Wed Jan 21 04:01:43 2026][COMMAND]: /opt/infer/infer/bin/infer --pulse-only --pulse-max-disjuncts 100 --jobs 32 --reactive --pulse-fix-mode --pulse-fix-file=src/lxc/af_unix.c --pulse-fix-function=lxc_abstract_unix_send_credential -o /effFix-experiment/effFix-benchmark/lxc/null-ptr-20-lxc/repair/infer-out-single -- make -j4
[Wed Jan 21 04:01:43 2026][COMMAND]: sed -i -e '237s:$: return call to sendmsg; return NULL ; :' /effFix-experiment/effFix-benchmark/lxc/null-ptr-20-lxc/src/src/lxc/af_unix.c
[Wed Jan 21 04:01:43 2026][COMMAND]: diff -u /effFix-experiment/effFix-benchmark/lxc/null-ptr-20-lxc/repair/af_unix.c.backup /effFix-experiment/effFix-benchmark/lxc/null-ptr-20-lxc/src/src/lxc/af_unix.c > /effFix-experiment/effFix-benchmark/lxc/null-ptr-20-lxc/repair/129.patch
[Wed Jan 21 04:01:43 2026][COMMAND]: /opt/infer/infer/bin/infer --pulse-only --pulse-max-disjuncts 100 --jobs 32 --reactive --pulse-fix-mode --pulse-fix-file=src/lxc/af_unix.c --pulse-fix-function=lxc_abstract_unix_send_credential -o /effFix-experiment/effFix-benchmark/lxc/null-ptr-20-lxc/repair/infer-out-single -- make -j4
[Wed Jan 21 04:01:43 2026][COMMAND]: sed -i -e '237s:^:\& ...->msg_controllen = \& ...->msg_controllen / \& ...->msg_controllen ;  :' /effFix-experiment/effFix-benchmark/lxc/null-ptr-20-lxc/src/src/lxc/af_unix.c
[Wed Jan 21 04:01:43 2026][COMMAND]: diff -u /effFix-experiment/effFix-benchmark/lxc/null-ptr-20-lxc/repair/af_unix.c.backup /effFix-experiment/effFix-benchmark/lxc/null-ptr-20-lxc/src/src/lxc/af_unix.c > /effFix-experiment/effFix-benchmark/lxc/null-ptr-20-lxc/repair/130.patch
[Wed Jan 21 04:01:43 2026][COMMAND]: /opt/infer/infer/bin/infer --pulse-only --pulse-max-disjuncts 100 --jobs 32 --reactive --pulse-fix-mode --pulse-fix-file=src/lxc/af_unix.c --pulse-fix-function=lxc_abstract_unix_send_credential -o /effFix-experiment/effFix-benchmark/lxc/null-ptr-20-lxc/repair/infer-out-single -- make -j4
[Wed Jan 21 04:01:43 2026][COMMAND]: sed -i -e '237s:^:\& ...->msg_controllen = \& ...->msg_controllen * \& ...->msg_controllen ;  :' /effFix-experiment/effFix-benchmark/lxc/null-ptr-20-lxc/src/src/lxc/af_unix.c
[Wed Jan 21 04:01:43 2026][COMMAND]: diff -u /effFix-experiment/effFix-benchmark/lxc/null-ptr-20-lxc/repair/af_unix.c.backup /effFix-experiment/effFix-benchmark/lxc/null-ptr-20-lxc/src/src/lxc/af_unix.c > /effFix-experiment/effFix-benchmark/lxc/null-ptr-20-lxc/repair/131.patch
[Wed Jan 21 04:01:43 2026][COMMAND]: /opt/infer/infer/bin/infer --pulse-only --pulse-max-disjuncts 100 --jobs 32 --reactive --pulse-fix-mode --pulse-fix-file=src/lxc/af_unix.c --pulse-fix-function=lxc_abstract_unix_send_credential -o /effFix-experiment/effFix-benchmark/lxc/null-ptr-20-lxc/repair/infer-out-single -- make -j4
[Wed Jan 21 04:01:43 2026][COMMAND]: sed -i -e '237s:^:if ( cmsg != NULL || \& ...->msg_controllen < 0 ) { return 0; }  :' /effFix-experiment/effFix-benchmark/lxc/null-ptr-20-lxc/src/src/lxc/af_unix.c
[Wed Jan 21 04:01:43 2026][COMMAND]: diff -u /effFix-experiment/effFix-benchmark/lxc/null-ptr-20-lxc/repair/af_unix.c.backup /effFix-experiment/effFix-benchmark/lxc/null-ptr-20-lxc/src/src/lxc/af_unix.c > /effFix-experiment/effFix-benchmark/lxc/null-ptr-20-lxc/repair/132.patch
[Wed Jan 21 04:01:43 2026][COMMAND]: /opt/infer/infer/bin/infer --pulse-only --pulse-max-disjuncts 100 --jobs 32 --reactive --pulse-fix-mode --pulse-fix-file=src/lxc/af_unix.c --pulse-fix-function=lxc_abstract_unix_send_credential -o /effFix-experiment/effFix-benchmark/lxc/null-ptr-20-lxc/repair/infer-out-single -- make -j4
[Wed Jan 21 04:01:43 2026][COMMAND]: sed -i -e '237s:$: if ( cmsg == \& ...->msg_control ) { return NULL ; } :' /effFix-experiment/effFix-benchmark/lxc/null-ptr-20-lxc/src/src/lxc/af_unix.c
[Wed Jan 21 04:01:43 2026][COMMAND]: diff -u /effFix-experiment/effFix-benchmark/lxc/null-ptr-20-lxc/repair/af_unix.c.backup /effFix-experiment/effFix-benchmark/lxc/null-ptr-20-lxc/src/src/lxc/af_unix.c > /effFix-experiment/effFix-benchmark/lxc/null-ptr-20-lxc/repair/133.patch
[Wed Jan 21 04:01:43 2026][COMMAND]: /opt/infer/infer/bin/infer --pulse-only --pulse-max-disjuncts 100 --jobs 32 --reactive --pulse-fix-mode --pulse-fix-file=src/lxc/af_unix.c --pulse-fix-function=lxc_abstract_unix_send_credential -o /effFix-experiment/effFix-benchmark/lxc/null-ptr-20-lxc/repair/infer-out-single -- make -j4
[Wed Jan 21 04:01:43 2026][COMMAND]: sed -i -e '237s:^:if ( \& ...->msg_control == msg.msg_control \&\& msg.msg_control == \& ...->msg_control ) { return 0; }  :' /effFix-experiment/effFix-benchmark/lxc/null-ptr-20-lxc/src/src/lxc/af_unix.c
[Wed Jan 21 04:01:43 2026][COMMAND]: diff -u /effFix-experiment/effFix-benchmark/lxc/null-ptr-20-lxc/repair/af_unix.c.backup /effFix-experiment/effFix-benchmark/lxc/null-ptr-20-lxc/src/src/lxc/af_unix.c > /effFix-experiment/effFix-benchmark/lxc/null-ptr-20-lxc/repair/134.patch
[Wed Jan 21 04:01:43 2026][COMMAND]: /opt/infer/infer/bin/infer --pulse-only --pulse-max-disjuncts 100 --jobs 32 --reactive --pulse-fix-mode --pulse-fix-file=src/lxc/af_unix.c --pulse-fix-function=lxc_abstract_unix_send_credential -o /effFix-experiment/effFix-benchmark/lxc/null-ptr-20-lxc/repair/infer-out-single -- make -j4
[Wed Jan 21 04:01:43 2026][COMMAND]: sed -i -e '237s:$: if ( msg.msg_controllen * msg.msg_controllen >= 0 \&\& cmsg == \& ...->msg_control ) { msg.msg_controllen = \& ...->msg_controllen + msg.msg_controllen ; } :' /effFix-experiment/effFix-benchmark/lxc/null-ptr-20-lxc/src/src/lxc/af_unix.c
[Wed Jan 21 04:01:43 2026][COMMAND]: diff -u /effFix-experiment/effFix-benchmark/lxc/null-ptr-20-lxc/repair/af_unix.c.backup /effFix-experiment/effFix-benchmark/lxc/null-ptr-20-lxc/src/src/lxc/af_unix.c > /effFix-experiment/effFix-benchmark/lxc/null-ptr-20-lxc/repair/135.patch
[Wed Jan 21 04:01:43 2026][COMMAND]: /opt/infer/infer/bin/infer --pulse-only --pulse-max-disjuncts 100 --jobs 32 --reactive --pulse-fix-mode --pulse-fix-file=src/lxc/af_unix.c --pulse-fix-function=lxc_abstract_unix_send_credential -o /effFix-experiment/effFix-benchmark/lxc/null-ptr-20-lxc/repair/infer-out-single -- make -j4
[Wed Jan 21 04:01:43 2026][COMMAND]: sed -i -e '237s:$: if ( ! ( msg.msg_controllen * \& ...->msg_controllen >= \& ...->msg_controllen ) ) { return NULL ; } :' /effFix-experiment/effFix-benchmark/lxc/null-ptr-20-lxc/src/src/lxc/af_unix.c
[Wed Jan 21 04:01:43 2026][COMMAND]: diff -u /effFix-experiment/effFix-benchmark/lxc/null-ptr-20-lxc/repair/af_unix.c.backup /effFix-experiment/effFix-benchmark/lxc/null-ptr-20-lxc/src/src/lxc/af_unix.c > /effFix-experiment/effFix-benchmark/lxc/null-ptr-20-lxc/repair/136.patch
[Wed Jan 21 04:01:43 2026][COMMAND]: /opt/infer/infer/bin/infer --pulse-only --pulse-max-disjuncts 100 --jobs 32 --reactive --pulse-fix-mode --pulse-fix-file=src/lxc/af_unix.c --pulse-fix-function=lxc_abstract_unix_send_credential -o /effFix-experiment/effFix-benchmark/lxc/null-ptr-20-lxc/repair/infer-out-single -- make -j4
[Wed Jan 21 04:01:43 2026][COMMAND]: sed -i -e '237s:$: cmsg = cmsg ; :' /effFix-experiment/effFix-benchmark/lxc/null-ptr-20-lxc/src/src/lxc/af_unix.c
[Wed Jan 21 04:01:43 2026][COMMAND]: diff -u /effFix-experiment/effFix-benchmark/lxc/null-ptr-20-lxc/repair/af_unix.c.backup /effFix-experiment/effFix-benchmark/lxc/null-ptr-20-lxc/src/src/lxc/af_unix.c > /effFix-experiment/effFix-benchmark/lxc/null-ptr-20-lxc/repair/137.patch
[Wed Jan 21 04:01:43 2026][COMMAND]: /opt/infer/infer/bin/infer --pulse-only --pulse-max-disjuncts 100 --jobs 32 --reactive --pulse-fix-mode --pulse-fix-file=src/lxc/af_unix.c --pulse-fix-function=lxc_abstract_unix_send_credential -o /effFix-experiment/effFix-benchmark/lxc/null-ptr-20-lxc/repair/infer-out-single -- make -j4
[Wed Jan 21 04:01:44 2026][COMMAND]: sed -i -e '237s:^:msg.msg_controllen = msg.msg_controllen / msg.msg_controllen ;  :' /effFix-experiment/effFix-benchmark/lxc/null-ptr-20-lxc/src/src/lxc/af_unix.c
[Wed Jan 21 04:01:44 2026][COMMAND]: diff -u /effFix-experiment/effFix-benchmark/lxc/null-ptr-20-lxc/repair/af_unix.c.backup /effFix-experiment/effFix-benchmark/lxc/null-ptr-20-lxc/src/src/lxc/af_unix.c > /effFix-experiment/effFix-benchmark/lxc/null-ptr-20-lxc/repair/138.patch
[Wed Jan 21 04:01:44 2026][COMMAND]: /opt/infer/infer/bin/infer --pulse-only --pulse-max-disjuncts 100 --jobs 32 --reactive --pulse-fix-mode --pulse-fix-file=src/lxc/af_unix.c --pulse-fix-function=lxc_abstract_unix_send_credential -o /effFix-experiment/effFix-benchmark/lxc/null-ptr-20-lxc/repair/infer-out-single -- make -j4
[Wed Jan 21 04:01:44 2026][COMMAND]: sed -i -e '237s:^:if ( cmsg == \& ...->msg_control || \& ...->msg_control != \& ...->msg_control ) { return NULL ; }  :' /effFix-experiment/effFix-benchmark/lxc/null-ptr-20-lxc/src/src/lxc/af_unix.c
[Wed Jan 21 04:01:44 2026][COMMAND]: diff -u /effFix-experiment/effFix-benchmark/lxc/null-ptr-20-lxc/repair/af_unix.c.backup /effFix-experiment/effFix-benchmark/lxc/null-ptr-20-lxc/src/src/lxc/af_unix.c > /effFix-experiment/effFix-benchmark/lxc/null-ptr-20-lxc/repair/139.patch
[Wed Jan 21 04:01:44 2026][COMMAND]: /opt/infer/infer/bin/infer --pulse-only --pulse-max-disjuncts 100 --jobs 32 --reactive --pulse-fix-mode --pulse-fix-file=src/lxc/af_unix.c --pulse-fix-function=lxc_abstract_unix_send_credential -o /effFix-experiment/effFix-benchmark/lxc/null-ptr-20-lxc/repair/infer-out-single -- make -j4
[Wed Jan 21 04:01:44 2026][COMMAND]: sed -i -e '237s:$: if ( cmsg == msg.msg_control \&\& cmsg == msg.msg_control ) { return call to sendmsg; } :' /effFix-experiment/effFix-benchmark/lxc/null-ptr-20-lxc/src/src/lxc/af_unix.c
[Wed Jan 21 04:01:44 2026][COMMAND]: diff -u /effFix-experiment/effFix-benchmark/lxc/null-ptr-20-lxc/repair/af_unix.c.backup /effFix-experiment/effFix-benchmark/lxc/null-ptr-20-lxc/src/src/lxc/af_unix.c > /effFix-experiment/effFix-benchmark/lxc/null-ptr-20-lxc/repair/140.patch
[Wed Jan 21 04:01:44 2026][COMMAND]: /opt/infer/infer/bin/infer --pulse-only --pulse-max-disjuncts 100 --jobs 32 --reactive --pulse-fix-mode --pulse-fix-file=src/lxc/af_unix.c --pulse-fix-function=lxc_abstract_unix_send_credential -o /effFix-experiment/effFix-benchmark/lxc/null-ptr-20-lxc/repair/infer-out-single -- make -j4
[Wed Jan 21 04:01:44 2026][COMMAND]: sed -i -e '237s:$: \& ...->msg_control = msg.msg_control ; :' /effFix-experiment/effFix-benchmark/lxc/null-ptr-20-lxc/src/src/lxc/af_unix.c
[Wed Jan 21 04:01:44 2026][COMMAND]: diff -u /effFix-experiment/effFix-benchmark/lxc/null-ptr-20-lxc/repair/af_unix.c.backup /effFix-experiment/effFix-benchmark/lxc/null-ptr-20-lxc/src/src/lxc/af_unix.c > /effFix-experiment/effFix-benchmark/lxc/null-ptr-20-lxc/repair/141.patch
[Wed Jan 21 04:01:44 2026][COMMAND]: /opt/infer/infer/bin/infer --pulse-only --pulse-max-disjuncts 100 --jobs 32 --reactive --pulse-fix-mode --pulse-fix-file=src/lxc/af_unix.c --pulse-fix-function=lxc_abstract_unix_send_credential -o /effFix-experiment/effFix-benchmark/lxc/null-ptr-20-lxc/repair/infer-out-single -- make -j4
[Wed Jan 21 04:01:44 2026][INFO]: Loc 237: Ending repair loop since time budget is exceeded
[Wed Jan 21 04:01:44 2026][INFO]: Loc 237: Repair loop finished
[Wed Jan 21 04:01:44 2026][INFO]: Repairing Program at location: 238
[Wed Jan 21 04:01:44 2026][INFO]: Loc 238: Getting patch ingredients at fix location
[Wed Jan 21 04:01:44 2026][INFO]: Loc 238: [Codeql] Running statement boundary query
[Wed Jan 21 04:01:44 2026][COMMAND]: codeql database analyze /effFix-experiment/effFix-benchmark/lxc/null-ptr-20-lxc/pre/codeql-db /effFix-experiment/effFix-benchmark/lxc/null-ptr-20-lxc/repair/codeql-queries/stmt_boundary.ql --format=csv --rerun --output=/effFix-experiment/effFix-benchmark/lxc/null-ptr-20-lxc/repair/codeql-res-stmt-boundary.csv
[Wed Jan 21 04:01:58 2026][INFO]: Statement at fix location ends at line 238
[Wed Jan 21 04:01:58 2026][INFO]: [Timer] Duration for codeql-get-stmt-boundary: 14.016s
[Wed Jan 21 04:01:58 2026][INFO]: Loc 238: [Codeql] Running patch ingredient (variable) query
[Wed Jan 21 04:01:58 2026][COMMAND]: codeql database analyze /effFix-experiment/effFix-benchmark/lxc/null-ptr-20-lxc/pre/codeql-db /effFix-experiment/effFix-benchmark/lxc/null-ptr-20-lxc/repair/codeql-queries/extract_var.ql --format=csv --rerun --output=/effFix-experiment/effFix-benchmark/lxc/null-ptr-20-lxc/repair/codeql-res-ingredient.csv
[Wed Jan 21 04:02:40 2026][INFO]: Loc 238: Pointer variables: ['msg.msg_control', '& ...->msg_control', 'cmsg']
[Wed Jan 21 04:02:40 2026][INFO]: Loc 238: Non-pointer variables: ['& ...->msg_controllen', 'msg.msg_controllen', 'cmsg->cmsg_len']
[Wed Jan 21 04:02:40 2026][INFO]: [Timer] Duration for codeql-get-ingredients-variables: 41.931s
[Wed Jan 21 04:02:40 2026][INFO]: Loc 238: [Codeql] Running patch ingredient (constants) query
[Wed Jan 21 04:02:40 2026][COMMAND]: codeql database analyze /effFix-experiment/effFix-benchmark/lxc/null-ptr-20-lxc/pre/codeql-db /effFix-experiment/effFix-benchmark/lxc/null-ptr-20-lxc/repair/codeql-queries/consts.ql --format=csv --rerun --output=/effFix-experiment/effFix-benchmark/lxc/null-ptr-20-lxc/repair/codeql-res-consts.csv
[Wed Jan 21 04:03:03 2026][INFO]: Loc 238: Constants: ['0', '-1', '1']
[Wed Jan 21 04:03:03 2026][INFO]: [Timer] Duration for codeql-get-consts: 22.997s
[Wed Jan 21 04:03:03 2026][INFO]: Loc 238: Initializing Patch Generator and Cluster Manager
[Wed Jan 21 04:03:03 2026][INFO]: Loc 238: Entering the main repair loop
[Wed Jan 21 04:03:03 2026][INFO]: Loc 238: Total search space size: 861132200499442452838883500105957745884219390945428548859394345958714207510033433828449447421813405887370084649629765994427224617624686191187239833432750258269169151454253574923258824
[Wed Jan 21 04:03:03 2026][WARNING]: did not generate a new patch
[Wed Jan 21 04:03:03 2026][COMMAND]: sed -i -e '238s:^:cmsg = malloc ( sizeof ( * msg.msg_control ) ) ;  :' /effFix-experiment/effFix-benchmark/lxc/null-ptr-20-lxc/src/src/lxc/af_unix.c
[Wed Jan 21 04:03:03 2026][COMMAND]: diff -u /effFix-experiment/effFix-benchmark/lxc/null-ptr-20-lxc/repair/af_unix.c.backup /effFix-experiment/effFix-benchmark/lxc/null-ptr-20-lxc/src/src/lxc/af_unix.c > /effFix-experiment/effFix-benchmark/lxc/null-ptr-20-lxc/repair/142.patch
[Wed Jan 21 04:03:03 2026][COMMAND]: /opt/infer/infer/bin/infer --pulse-only --pulse-max-disjuncts 100 --jobs 32 --reactive --pulse-fix-mode --pulse-fix-file=src/lxc/af_unix.c --pulse-fix-function=lxc_abstract_unix_send_credential -o /effFix-experiment/effFix-benchmark/lxc/null-ptr-20-lxc/repair/infer-out-single -- make -j4
[Wed Jan 21 04:03:03 2026][COMMAND]: sed -i -e '238s:^:free ( cmsg ) ;  :' /effFix-experiment/effFix-benchmark/lxc/null-ptr-20-lxc/src/src/lxc/af_unix.c
[Wed Jan 21 04:03:03 2026][COMMAND]: diff -u /effFix-experiment/effFix-benchmark/lxc/null-ptr-20-lxc/repair/af_unix.c.backup /effFix-experiment/effFix-benchmark/lxc/null-ptr-20-lxc/src/src/lxc/af_unix.c > /effFix-experiment/effFix-benchmark/lxc/null-ptr-20-lxc/repair/143.patch
[Wed Jan 21 04:03:03 2026][COMMAND]: /opt/infer/infer/bin/infer --pulse-only --pulse-max-disjuncts 100 --jobs 32 --reactive --pulse-fix-mode --pulse-fix-file=src/lxc/af_unix.c --pulse-fix-function=lxc_abstract_unix_send_credential -o /effFix-experiment/effFix-benchmark/lxc/null-ptr-20-lxc/repair/infer-out-single -- make -j4
[Wed Jan 21 04:03:03 2026][COMMAND]: sed -i -e '238s:^:msg.msg_controllen = \& ...->msg_controllen ;  :' /effFix-experiment/effFix-benchmark/lxc/null-ptr-20-lxc/src/src/lxc/af_unix.c
[Wed Jan 21 04:03:03 2026][COMMAND]: diff -u /effFix-experiment/effFix-benchmark/lxc/null-ptr-20-lxc/repair/af_unix.c.backup /effFix-experiment/effFix-benchmark/lxc/null-ptr-20-lxc/src/src/lxc/af_unix.c > /effFix-experiment/effFix-benchmark/lxc/null-ptr-20-lxc/repair/144.patch
[Wed Jan 21 04:03:03 2026][COMMAND]: /opt/infer/infer/bin/infer --pulse-only --pulse-max-disjuncts 100 --jobs 32 --reactive --pulse-fix-mode --pulse-fix-file=src/lxc/af_unix.c --pulse-fix-function=lxc_abstract_unix_send_credential -o /effFix-experiment/effFix-benchmark/lxc/null-ptr-20-lxc/repair/infer-out-single -- make -j4
[Wed Jan 21 04:03:03 2026][COMMAND]: sed -i -e '238s:$: \& ...->msg_controllen = \& ...->msg_controllen ; :' /effFix-experiment/effFix-benchmark/lxc/null-ptr-20-lxc/src/src/lxc/af_unix.c
[Wed Jan 21 04:03:03 2026][COMMAND]: diff -u /effFix-experiment/effFix-benchmark/lxc/null-ptr-20-lxc/repair/af_unix.c.backup /effFix-experiment/effFix-benchmark/lxc/null-ptr-20-lxc/src/src/lxc/af_unix.c > /effFix-experiment/effFix-benchmark/lxc/null-ptr-20-lxc/repair/145.patch
[Wed Jan 21 04:03:03 2026][COMMAND]: /opt/infer/infer/bin/infer --pulse-only --pulse-max-disjuncts 100 --jobs 32 --reactive --pulse-fix-mode --pulse-fix-file=src/lxc/af_unix.c --pulse-fix-function=lxc_abstract_unix_send_credential -o /effFix-experiment/effFix-benchmark/lxc/null-ptr-20-lxc/repair/infer-out-single -- make -j4
[Wed Jan 21 04:03:03 2026][COMMAND]: sed -i -e '238s:$: cmsg = malloc ( sizeof ( * msg.msg_control ) ) ; :' /effFix-experiment/effFix-benchmark/lxc/null-ptr-20-lxc/src/src/lxc/af_unix.c
[Wed Jan 21 04:03:03 2026][COMMAND]: diff -u /effFix-experiment/effFix-benchmark/lxc/null-ptr-20-lxc/repair/af_unix.c.backup /effFix-experiment/effFix-benchmark/lxc/null-ptr-20-lxc/src/src/lxc/af_unix.c > /effFix-experiment/effFix-benchmark/lxc/null-ptr-20-lxc/repair/146.patch
[Wed Jan 21 04:03:03 2026][COMMAND]: /opt/infer/infer/bin/infer --pulse-only --pulse-max-disjuncts 100 --jobs 32 --reactive --pulse-fix-mode --pulse-fix-file=src/lxc/af_unix.c --pulse-fix-function=lxc_abstract_unix_send_credential -o /effFix-experiment/effFix-benchmark/lxc/null-ptr-20-lxc/repair/infer-out-single -- make -j4
[Wed Jan 21 04:03:03 2026][COMMAND]: sed -i -e '238s:$: return call to sendmsg; :' /effFix-experiment/effFix-benchmark/lxc/null-ptr-20-lxc/src/src/lxc/af_unix.c
[Wed Jan 21 04:03:03 2026][COMMAND]: diff -u /effFix-experiment/effFix-benchmark/lxc/null-ptr-20-lxc/repair/af_unix.c.backup /effFix-experiment/effFix-benchmark/lxc/null-ptr-20-lxc/src/src/lxc/af_unix.c > /effFix-experiment/effFix-benchmark/lxc/null-ptr-20-lxc/repair/147.patch
[Wed Jan 21 04:03:03 2026][COMMAND]: /opt/infer/infer/bin/infer --pulse-only --pulse-max-disjuncts 100 --jobs 32 --reactive --pulse-fix-mode --pulse-fix-file=src/lxc/af_unix.c --pulse-fix-function=lxc_abstract_unix_send_credential -o /effFix-experiment/effFix-benchmark/lxc/null-ptr-20-lxc/repair/infer-out-single -- make -j4
[Wed Jan 21 04:03:03 2026][COMMAND]: sed -i -e '238s:$: \& ...->msg_controllen = msg.msg_controllen ; cmsg->cmsg_len = msg.msg_controllen ; :' /effFix-experiment/effFix-benchmark/lxc/null-ptr-20-lxc/src/src/lxc/af_unix.c
[Wed Jan 21 04:03:03 2026][COMMAND]: diff -u /effFix-experiment/effFix-benchmark/lxc/null-ptr-20-lxc/repair/af_unix.c.backup /effFix-experiment/effFix-benchmark/lxc/null-ptr-20-lxc/src/src/lxc/af_unix.c > /effFix-experiment/effFix-benchmark/lxc/null-ptr-20-lxc/repair/148.patch
[Wed Jan 21 04:03:03 2026][COMMAND]: /opt/infer/infer/bin/infer --pulse-only --pulse-max-disjuncts 100 --jobs 32 --reactive --pulse-fix-mode --pulse-fix-file=src/lxc/af_unix.c --pulse-fix-function=lxc_abstract_unix_send_credential -o /effFix-experiment/effFix-benchmark/lxc/null-ptr-20-lxc/repair/infer-out-single -- make -j4
[Wed Jan 21 04:03:03 2026][COMMAND]: sed -i -e '238s:^:cmsg->cmsg_len = \& ...->msg_controllen - cmsg->cmsg_len ; return call to sendmsg;  :' /effFix-experiment/effFix-benchmark/lxc/null-ptr-20-lxc/src/src/lxc/af_unix.c
[Wed Jan 21 04:03:03 2026][COMMAND]: diff -u /effFix-experiment/effFix-benchmark/lxc/null-ptr-20-lxc/repair/af_unix.c.backup /effFix-experiment/effFix-benchmark/lxc/null-ptr-20-lxc/src/src/lxc/af_unix.c > /effFix-experiment/effFix-benchmark/lxc/null-ptr-20-lxc/repair/149.patch
[Wed Jan 21 04:03:04 2026][COMMAND]: /opt/infer/infer/bin/infer --pulse-only --pulse-max-disjuncts 100 --jobs 32 --reactive --pulse-fix-mode --pulse-fix-file=src/lxc/af_unix.c --pulse-fix-function=lxc_abstract_unix_send_credential -o /effFix-experiment/effFix-benchmark/lxc/null-ptr-20-lxc/repair/infer-out-single -- make -j4
[Wed Jan 21 04:03:04 2026][COMMAND]: sed -i -e '238s:^:free ( \& ...->msg_control ) ;  :' /effFix-experiment/effFix-benchmark/lxc/null-ptr-20-lxc/src/src/lxc/af_unix.c
[Wed Jan 21 04:03:04 2026][COMMAND]: diff -u /effFix-experiment/effFix-benchmark/lxc/null-ptr-20-lxc/repair/af_unix.c.backup /effFix-experiment/effFix-benchmark/lxc/null-ptr-20-lxc/src/src/lxc/af_unix.c > /effFix-experiment/effFix-benchmark/lxc/null-ptr-20-lxc/repair/150.patch
[Wed Jan 21 04:03:04 2026][COMMAND]: /opt/infer/infer/bin/infer --pulse-only --pulse-max-disjuncts 100 --jobs 32 --reactive --pulse-fix-mode --pulse-fix-file=src/lxc/af_unix.c --pulse-fix-function=lxc_abstract_unix_send_credential -o /effFix-experiment/effFix-benchmark/lxc/null-ptr-20-lxc/repair/infer-out-single -- make -j4
[Wed Jan 21 04:03:04 2026][COMMAND]: sed -i -e '238s:^:free ( \& ...->msg_control ) ; return NULL ;  :' /effFix-experiment/effFix-benchmark/lxc/null-ptr-20-lxc/src/src/lxc/af_unix.c
[Wed Jan 21 04:03:04 2026][COMMAND]: diff -u /effFix-experiment/effFix-benchmark/lxc/null-ptr-20-lxc/repair/af_unix.c.backup /effFix-experiment/effFix-benchmark/lxc/null-ptr-20-lxc/src/src/lxc/af_unix.c > /effFix-experiment/effFix-benchmark/lxc/null-ptr-20-lxc/repair/151.patch
[Wed Jan 21 04:03:04 2026][COMMAND]: /opt/infer/infer/bin/infer --pulse-only --pulse-max-disjuncts 100 --jobs 32 --reactive --pulse-fix-mode --pulse-fix-file=src/lxc/af_unix.c --pulse-fix-function=lxc_abstract_unix_send_credential -o /effFix-experiment/effFix-benchmark/lxc/null-ptr-20-lxc/repair/infer-out-single -- make -j4
[Wed Jan 21 04:03:04 2026][COMMAND]: sed -i -e '238s:^:\& ...->msg_control = malloc ( sizeof ( * \& ...->msg_control ) ) ;  :' /effFix-experiment/effFix-benchmark/lxc/null-ptr-20-lxc/src/src/lxc/af_unix.c
[Wed Jan 21 04:03:04 2026][COMMAND]: diff -u /effFix-experiment/effFix-benchmark/lxc/null-ptr-20-lxc/repair/af_unix.c.backup /effFix-experiment/effFix-benchmark/lxc/null-ptr-20-lxc/src/src/lxc/af_unix.c > /effFix-experiment/effFix-benchmark/lxc/null-ptr-20-lxc/repair/152.patch
[Wed Jan 21 04:03:04 2026][COMMAND]: /opt/infer/infer/bin/infer --pulse-only --pulse-max-disjuncts 100 --jobs 32 --reactive --pulse-fix-mode --pulse-fix-file=src/lxc/af_unix.c --pulse-fix-function=lxc_abstract_unix_send_credential -o /effFix-experiment/effFix-benchmark/lxc/null-ptr-20-lxc/repair/infer-out-single -- make -j4
[Wed Jan 21 04:03:04 2026][COMMAND]: sed -i -e '238s:$: free ( cmsg ) ; :' /effFix-experiment/effFix-benchmark/lxc/null-ptr-20-lxc/src/src/lxc/af_unix.c
[Wed Jan 21 04:03:04 2026][COMMAND]: diff -u /effFix-experiment/effFix-benchmark/lxc/null-ptr-20-lxc/repair/af_unix.c.backup /effFix-experiment/effFix-benchmark/lxc/null-ptr-20-lxc/src/src/lxc/af_unix.c > /effFix-experiment/effFix-benchmark/lxc/null-ptr-20-lxc/repair/153.patch
[Wed Jan 21 04:03:04 2026][COMMAND]: /opt/infer/infer/bin/infer --pulse-only --pulse-max-disjuncts 100 --jobs 32 --reactive --pulse-fix-mode --pulse-fix-file=src/lxc/af_unix.c --pulse-fix-function=lxc_abstract_unix_send_credential -o /effFix-experiment/effFix-benchmark/lxc/null-ptr-20-lxc/repair/infer-out-single -- make -j4
[Wed Jan 21 04:03:04 2026][COMMAND]: sed -i -e '238s:$: return 0; :' /effFix-experiment/effFix-benchmark/lxc/null-ptr-20-lxc/src/src/lxc/af_unix.c
[Wed Jan 21 04:03:04 2026][COMMAND]: diff -u /effFix-experiment/effFix-benchmark/lxc/null-ptr-20-lxc/repair/af_unix.c.backup /effFix-experiment/effFix-benchmark/lxc/null-ptr-20-lxc/src/src/lxc/af_unix.c > /effFix-experiment/effFix-benchmark/lxc/null-ptr-20-lxc/repair/154.patch
[Wed Jan 21 04:03:04 2026][COMMAND]: /opt/infer/infer/bin/infer --pulse-only --pulse-max-disjuncts 100 --jobs 32 --reactive --pulse-fix-mode --pulse-fix-file=src/lxc/af_unix.c --pulse-fix-function=lxc_abstract_unix_send_credential -o /effFix-experiment/effFix-benchmark/lxc/null-ptr-20-lxc/repair/infer-out-single -- make -j4
[Wed Jan 21 04:03:04 2026][COMMAND]: sed -i -e '238s:^:return msg.msg_control ;  :' /effFix-experiment/effFix-benchmark/lxc/null-ptr-20-lxc/src/src/lxc/af_unix.c
[Wed Jan 21 04:03:04 2026][COMMAND]: diff -u /effFix-experiment/effFix-benchmark/lxc/null-ptr-20-lxc/repair/af_unix.c.backup /effFix-experiment/effFix-benchmark/lxc/null-ptr-20-lxc/src/src/lxc/af_unix.c > /effFix-experiment/effFix-benchmark/lxc/null-ptr-20-lxc/repair/155.patch
[Wed Jan 21 04:03:04 2026][COMMAND]: /opt/infer/infer/bin/infer --pulse-only --pulse-max-disjuncts 100 --jobs 32 --reactive --pulse-fix-mode --pulse-fix-file=src/lxc/af_unix.c --pulse-fix-function=lxc_abstract_unix_send_credential -o /effFix-experiment/effFix-benchmark/lxc/null-ptr-20-lxc/repair/infer-out-single -- make -j4
[Wed Jan 21 04:03:04 2026][COMMAND]: sed -i -e '238s:^:cmsg->cmsg_len = cmsg->cmsg_len * cmsg->cmsg_len ; return NULL ;  :' /effFix-experiment/effFix-benchmark/lxc/null-ptr-20-lxc/src/src/lxc/af_unix.c
[Wed Jan 21 04:03:04 2026][COMMAND]: diff -u /effFix-experiment/effFix-benchmark/lxc/null-ptr-20-lxc/repair/af_unix.c.backup /effFix-experiment/effFix-benchmark/lxc/null-ptr-20-lxc/src/src/lxc/af_unix.c > /effFix-experiment/effFix-benchmark/lxc/null-ptr-20-lxc/repair/156.patch
[Wed Jan 21 04:03:04 2026][COMMAND]: /opt/infer/infer/bin/infer --pulse-only --pulse-max-disjuncts 100 --jobs 32 --reactive --pulse-fix-mode --pulse-fix-file=src/lxc/af_unix.c --pulse-fix-function=lxc_abstract_unix_send_credential -o /effFix-experiment/effFix-benchmark/lxc/null-ptr-20-lxc/repair/infer-out-single -- make -j4
[Wed Jan 21 04:03:04 2026][COMMAND]: sed -i -e '238s:$: return cmsg ; :' /effFix-experiment/effFix-benchmark/lxc/null-ptr-20-lxc/src/src/lxc/af_unix.c
[Wed Jan 21 04:03:04 2026][COMMAND]: diff -u /effFix-experiment/effFix-benchmark/lxc/null-ptr-20-lxc/repair/af_unix.c.backup /effFix-experiment/effFix-benchmark/lxc/null-ptr-20-lxc/src/src/lxc/af_unix.c > /effFix-experiment/effFix-benchmark/lxc/null-ptr-20-lxc/repair/157.patch
[Wed Jan 21 04:03:04 2026][COMMAND]: /opt/infer/infer/bin/infer --pulse-only --pulse-max-disjuncts 100 --jobs 32 --reactive --pulse-fix-mode --pulse-fix-file=src/lxc/af_unix.c --pulse-fix-function=lxc_abstract_unix_send_credential -o /effFix-experiment/effFix-benchmark/lxc/null-ptr-20-lxc/repair/infer-out-single -- make -j4
[Wed Jan 21 04:03:04 2026][COMMAND]: sed -i -e '238s:^:if ( msg.msg_controllen <= \& ...->msg_controllen * \& ...->msg_controllen \&\& \& ...->msg_control == NULL ) { msg.msg_controllen = \& ...->msg_controllen ; }  :' /effFix-experiment/effFix-benchmark/lxc/null-ptr-20-lxc/src/src/lxc/af_unix.c
[Wed Jan 21 04:03:04 2026][COMMAND]: diff -u /effFix-experiment/effFix-benchmark/lxc/null-ptr-20-lxc/repair/af_unix.c.backup /effFix-experiment/effFix-benchmark/lxc/null-ptr-20-lxc/src/src/lxc/af_unix.c > /effFix-experiment/effFix-benchmark/lxc/null-ptr-20-lxc/repair/158.patch
[Wed Jan 21 04:03:04 2026][COMMAND]: /opt/infer/infer/bin/infer --pulse-only --pulse-max-disjuncts 100 --jobs 32 --reactive --pulse-fix-mode --pulse-fix-file=src/lxc/af_unix.c --pulse-fix-function=lxc_abstract_unix_send_credential -o /effFix-experiment/effFix-benchmark/lxc/null-ptr-20-lxc/repair/infer-out-single -- make -j4
[Wed Jan 21 04:03:04 2026][COMMAND]: sed -i -e '238s:$: if ( ! ( \& ...->msg_controllen - \& ...->msg_controllen > msg.msg_controllen - msg.msg_controllen ) ) { return 0; } :' /effFix-experiment/effFix-benchmark/lxc/null-ptr-20-lxc/src/src/lxc/af_unix.c
[Wed Jan 21 04:03:04 2026][COMMAND]: diff -u /effFix-experiment/effFix-benchmark/lxc/null-ptr-20-lxc/repair/af_unix.c.backup /effFix-experiment/effFix-benchmark/lxc/null-ptr-20-lxc/src/src/lxc/af_unix.c > /effFix-experiment/effFix-benchmark/lxc/null-ptr-20-lxc/repair/159.patch
[Wed Jan 21 04:03:04 2026][COMMAND]: /opt/infer/infer/bin/infer --pulse-only --pulse-max-disjuncts 100 --jobs 32 --reactive --pulse-fix-mode --pulse-fix-file=src/lxc/af_unix.c --pulse-fix-function=lxc_abstract_unix_send_credential -o /effFix-experiment/effFix-benchmark/lxc/null-ptr-20-lxc/repair/infer-out-single -- make -j4
[Wed Jan 21 04:03:04 2026][COMMAND]: sed -i -e '238s:$: \& ...->msg_control = \& ...->msg_control ; free ( cmsg ) ; :' /effFix-experiment/effFix-benchmark/lxc/null-ptr-20-lxc/src/src/lxc/af_unix.c
[Wed Jan 21 04:03:04 2026][COMMAND]: diff -u /effFix-experiment/effFix-benchmark/lxc/null-ptr-20-lxc/repair/af_unix.c.backup /effFix-experiment/effFix-benchmark/lxc/null-ptr-20-lxc/src/src/lxc/af_unix.c > /effFix-experiment/effFix-benchmark/lxc/null-ptr-20-lxc/repair/160.patch
[Wed Jan 21 04:03:04 2026][COMMAND]: /opt/infer/infer/bin/infer --pulse-only --pulse-max-disjuncts 100 --jobs 32 --reactive --pulse-fix-mode --pulse-fix-file=src/lxc/af_unix.c --pulse-fix-function=lxc_abstract_unix_send_credential -o /effFix-experiment/effFix-benchmark/lxc/null-ptr-20-lxc/repair/infer-out-single -- make -j4
[Wed Jan 21 04:03:04 2026][COMMAND]: sed -i -e '238s:$: if ( cmsg == NULL ) { return 0; } :' /effFix-experiment/effFix-benchmark/lxc/null-ptr-20-lxc/src/src/lxc/af_unix.c
[Wed Jan 21 04:03:05 2026][COMMAND]: diff -u /effFix-experiment/effFix-benchmark/lxc/null-ptr-20-lxc/repair/af_unix.c.backup /effFix-experiment/effFix-benchmark/lxc/null-ptr-20-lxc/src/src/lxc/af_unix.c > /effFix-experiment/effFix-benchmark/lxc/null-ptr-20-lxc/repair/161.patch
[Wed Jan 21 04:03:05 2026][COMMAND]: /opt/infer/infer/bin/infer --pulse-only --pulse-max-disjuncts 100 --jobs 32 --reactive --pulse-fix-mode --pulse-fix-file=src/lxc/af_unix.c --pulse-fix-function=lxc_abstract_unix_send_credential -o /effFix-experiment/effFix-benchmark/lxc/null-ptr-20-lxc/repair/infer-out-single -- make -j4
[Wed Jan 21 04:03:05 2026][COMMAND]: sed -i -e '238s:$: free ( \& ...->msg_control ) ; :' /effFix-experiment/effFix-benchmark/lxc/null-ptr-20-lxc/src/src/lxc/af_unix.c
[Wed Jan 21 04:03:05 2026][COMMAND]: diff -u /effFix-experiment/effFix-benchmark/lxc/null-ptr-20-lxc/repair/af_unix.c.backup /effFix-experiment/effFix-benchmark/lxc/null-ptr-20-lxc/src/src/lxc/af_unix.c > /effFix-experiment/effFix-benchmark/lxc/null-ptr-20-lxc/repair/162.patch
[Wed Jan 21 04:03:05 2026][COMMAND]: /opt/infer/infer/bin/infer --pulse-only --pulse-max-disjuncts 100 --jobs 32 --reactive --pulse-fix-mode --pulse-fix-file=src/lxc/af_unix.c --pulse-fix-function=lxc_abstract_unix_send_credential -o /effFix-experiment/effFix-benchmark/lxc/null-ptr-20-lxc/repair/infer-out-single -- make -j4
[Wed Jan 21 04:03:05 2026][COMMAND]: sed -i -e '238s:^:return NULL ; cmsg = \& ...->msg_control ;  :' /effFix-experiment/effFix-benchmark/lxc/null-ptr-20-lxc/src/src/lxc/af_unix.c
[Wed Jan 21 04:03:05 2026][COMMAND]: diff -u /effFix-experiment/effFix-benchmark/lxc/null-ptr-20-lxc/repair/af_unix.c.backup /effFix-experiment/effFix-benchmark/lxc/null-ptr-20-lxc/src/src/lxc/af_unix.c > /effFix-experiment/effFix-benchmark/lxc/null-ptr-20-lxc/repair/163.patch
[Wed Jan 21 04:03:05 2026][COMMAND]: /opt/infer/infer/bin/infer --pulse-only --pulse-max-disjuncts 100 --jobs 32 --reactive --pulse-fix-mode --pulse-fix-file=src/lxc/af_unix.c --pulse-fix-function=lxc_abstract_unix_send_credential -o /effFix-experiment/effFix-benchmark/lxc/null-ptr-20-lxc/repair/infer-out-single -- make -j4
[Wed Jan 21 04:03:05 2026][COMMAND]: sed -i -e '238s:^:msg.msg_controllen = cmsg->cmsg_len / cmsg->cmsg_len ;  :' /effFix-experiment/effFix-benchmark/lxc/null-ptr-20-lxc/src/src/lxc/af_unix.c
[Wed Jan 21 04:03:05 2026][COMMAND]: diff -u /effFix-experiment/effFix-benchmark/lxc/null-ptr-20-lxc/repair/af_unix.c.backup /effFix-experiment/effFix-benchmark/lxc/null-ptr-20-lxc/src/src/lxc/af_unix.c > /effFix-experiment/effFix-benchmark/lxc/null-ptr-20-lxc/repair/164.patch
[Wed Jan 21 04:03:05 2026][COMMAND]: /opt/infer/infer/bin/infer --pulse-only --pulse-max-disjuncts 100 --jobs 32 --reactive --pulse-fix-mode --pulse-fix-file=src/lxc/af_unix.c --pulse-fix-function=lxc_abstract_unix_send_credential -o /effFix-experiment/effFix-benchmark/lxc/null-ptr-20-lxc/repair/infer-out-single -- make -j4
[Wed Jan 21 04:03:05 2026][COMMAND]: sed -i -e '238s:^:return NULL ;  :' /effFix-experiment/effFix-benchmark/lxc/null-ptr-20-lxc/src/src/lxc/af_unix.c
[Wed Jan 21 04:03:05 2026][COMMAND]: diff -u /effFix-experiment/effFix-benchmark/lxc/null-ptr-20-lxc/repair/af_unix.c.backup /effFix-experiment/effFix-benchmark/lxc/null-ptr-20-lxc/src/src/lxc/af_unix.c > /effFix-experiment/effFix-benchmark/lxc/null-ptr-20-lxc/repair/165.patch
[Wed Jan 21 04:03:05 2026][COMMAND]: /opt/infer/infer/bin/infer --pulse-only --pulse-max-disjuncts 100 --jobs 32 --reactive --pulse-fix-mode --pulse-fix-file=src/lxc/af_unix.c --pulse-fix-function=lxc_abstract_unix_send_credential -o /effFix-experiment/effFix-benchmark/lxc/null-ptr-20-lxc/repair/infer-out-single -- make -j4
[Wed Jan 21 04:03:05 2026][COMMAND]: sed -i -e '238s:$: \& ...->msg_control = msg.msg_control ; return NULL ; :' /effFix-experiment/effFix-benchmark/lxc/null-ptr-20-lxc/src/src/lxc/af_unix.c
[Wed Jan 21 04:03:05 2026][COMMAND]: diff -u /effFix-experiment/effFix-benchmark/lxc/null-ptr-20-lxc/repair/af_unix.c.backup /effFix-experiment/effFix-benchmark/lxc/null-ptr-20-lxc/src/src/lxc/af_unix.c > /effFix-experiment/effFix-benchmark/lxc/null-ptr-20-lxc/repair/166.patch
[Wed Jan 21 04:03:05 2026][COMMAND]: /opt/infer/infer/bin/infer --pulse-only --pulse-max-disjuncts 100 --jobs 32 --reactive --pulse-fix-mode --pulse-fix-file=src/lxc/af_unix.c --pulse-fix-function=lxc_abstract_unix_send_credential -o /effFix-experiment/effFix-benchmark/lxc/null-ptr-20-lxc/repair/infer-out-single -- make -j4
[Wed Jan 21 04:03:05 2026][COMMAND]: sed -i -e '238s:$: return call to sendmsg; return NULL ; :' /effFix-experiment/effFix-benchmark/lxc/null-ptr-20-lxc/src/src/lxc/af_unix.c
[Wed Jan 21 04:03:05 2026][COMMAND]: diff -u /effFix-experiment/effFix-benchmark/lxc/null-ptr-20-lxc/repair/af_unix.c.backup /effFix-experiment/effFix-benchmark/lxc/null-ptr-20-lxc/src/src/lxc/af_unix.c > /effFix-experiment/effFix-benchmark/lxc/null-ptr-20-lxc/repair/167.patch
[Wed Jan 21 04:03:05 2026][COMMAND]: /opt/infer/infer/bin/infer --pulse-only --pulse-max-disjuncts 100 --jobs 32 --reactive --pulse-fix-mode --pulse-fix-file=src/lxc/af_unix.c --pulse-fix-function=lxc_abstract_unix_send_credential -o /effFix-experiment/effFix-benchmark/lxc/null-ptr-20-lxc/repair/infer-out-single -- make -j4
[Wed Jan 21 04:03:05 2026][COMMAND]: sed -i -e '238s:^:\& ...->msg_controllen = cmsg->cmsg_len * msg.msg_controllen ;  :' /effFix-experiment/effFix-benchmark/lxc/null-ptr-20-lxc/src/src/lxc/af_unix.c
[Wed Jan 21 04:03:05 2026][COMMAND]: diff -u /effFix-experiment/effFix-benchmark/lxc/null-ptr-20-lxc/repair/af_unix.c.backup /effFix-experiment/effFix-benchmark/lxc/null-ptr-20-lxc/src/src/lxc/af_unix.c > /effFix-experiment/effFix-benchmark/lxc/null-ptr-20-lxc/repair/168.patch
[Wed Jan 21 04:03:05 2026][COMMAND]: /opt/infer/infer/bin/infer --pulse-only --pulse-max-disjuncts 100 --jobs 32 --reactive --pulse-fix-mode --pulse-fix-file=src/lxc/af_unix.c --pulse-fix-function=lxc_abstract_unix_send_credential -o /effFix-experiment/effFix-benchmark/lxc/null-ptr-20-lxc/repair/infer-out-single -- make -j4
[Wed Jan 21 04:03:05 2026][COMMAND]: sed -i -e '238s:^:return call to sendmsg;  :' /effFix-experiment/effFix-benchmark/lxc/null-ptr-20-lxc/src/src/lxc/af_unix.c
[Wed Jan 21 04:03:05 2026][COMMAND]: diff -u /effFix-experiment/effFix-benchmark/lxc/null-ptr-20-lxc/repair/af_unix.c.backup /effFix-experiment/effFix-benchmark/lxc/null-ptr-20-lxc/src/src/lxc/af_unix.c > /effFix-experiment/effFix-benchmark/lxc/null-ptr-20-lxc/repair/169.patch
[Wed Jan 21 04:03:05 2026][COMMAND]: /opt/infer/infer/bin/infer --pulse-only --pulse-max-disjuncts 100 --jobs 32 --reactive --pulse-fix-mode --pulse-fix-file=src/lxc/af_unix.c --pulse-fix-function=lxc_abstract_unix_send_credential -o /effFix-experiment/effFix-benchmark/lxc/null-ptr-20-lxc/repair/infer-out-single -- make -j4
[Wed Jan 21 04:03:05 2026][COMMAND]: sed -i -e '238s:$: msg.msg_control = malloc ( sizeof ( * cmsg ) ) ; :' /effFix-experiment/effFix-benchmark/lxc/null-ptr-20-lxc/src/src/lxc/af_unix.c
[Wed Jan 21 04:03:05 2026][COMMAND]: diff -u /effFix-experiment/effFix-benchmark/lxc/null-ptr-20-lxc/repair/af_unix.c.backup /effFix-experiment/effFix-benchmark/lxc/null-ptr-20-lxc/src/src/lxc/af_unix.c > /effFix-experiment/effFix-benchmark/lxc/null-ptr-20-lxc/repair/170.patch
[Wed Jan 21 04:03:05 2026][COMMAND]: /opt/infer/infer/bin/infer --pulse-only --pulse-max-disjuncts 100 --jobs 32 --reactive --pulse-fix-mode --pulse-fix-file=src/lxc/af_unix.c --pulse-fix-function=lxc_abstract_unix_send_credential -o /effFix-experiment/effFix-benchmark/lxc/null-ptr-20-lxc/repair/infer-out-single -- make -j4
[Wed Jan 21 04:03:05 2026][COMMAND]: sed -i -e '238s:^:if ( ! ( msg.msg_control == msg.msg_control ) ) { return NULL ; }  :' /effFix-experiment/effFix-benchmark/lxc/null-ptr-20-lxc/src/src/lxc/af_unix.c
[Wed Jan 21 04:03:05 2026][COMMAND]: diff -u /effFix-experiment/effFix-benchmark/lxc/null-ptr-20-lxc/repair/af_unix.c.backup /effFix-experiment/effFix-benchmark/lxc/null-ptr-20-lxc/src/src/lxc/af_unix.c > /effFix-experiment/effFix-benchmark/lxc/null-ptr-20-lxc/repair/171.patch
[Wed Jan 21 04:03:05 2026][COMMAND]: /opt/infer/infer/bin/infer --pulse-only --pulse-max-disjuncts 100 --jobs 32 --reactive --pulse-fix-mode --pulse-fix-file=src/lxc/af_unix.c --pulse-fix-function=lxc_abstract_unix_send_credential -o /effFix-experiment/effFix-benchmark/lxc/null-ptr-20-lxc/repair/infer-out-single -- make -j4
[Wed Jan 21 04:03:05 2026][COMMAND]: sed -i -e '238s:^:cmsg->cmsg_len = msg.msg_controllen + \& ...->msg_controllen ;  :' /effFix-experiment/effFix-benchmark/lxc/null-ptr-20-lxc/src/src/lxc/af_unix.c
[Wed Jan 21 04:03:05 2026][COMMAND]: diff -u /effFix-experiment/effFix-benchmark/lxc/null-ptr-20-lxc/repair/af_unix.c.backup /effFix-experiment/effFix-benchmark/lxc/null-ptr-20-lxc/src/src/lxc/af_unix.c > /effFix-experiment/effFix-benchmark/lxc/null-ptr-20-lxc/repair/172.patch
[Wed Jan 21 04:03:06 2026][COMMAND]: /opt/infer/infer/bin/infer --pulse-only --pulse-max-disjuncts 100 --jobs 32 --reactive --pulse-fix-mode --pulse-fix-file=src/lxc/af_unix.c --pulse-fix-function=lxc_abstract_unix_send_credential -o /effFix-experiment/effFix-benchmark/lxc/null-ptr-20-lxc/repair/infer-out-single -- make -j4
[Wed Jan 21 04:03:06 2026][COMMAND]: sed -i -e '238s:^:if ( msg.msg_control != NULL \&\& \& ...->msg_control != NULL ) { free ( cmsg ) ; return call to sendmsg; }  :' /effFix-experiment/effFix-benchmark/lxc/null-ptr-20-lxc/src/src/lxc/af_unix.c
[Wed Jan 21 04:03:06 2026][COMMAND]: diff -u /effFix-experiment/effFix-benchmark/lxc/null-ptr-20-lxc/repair/af_unix.c.backup /effFix-experiment/effFix-benchmark/lxc/null-ptr-20-lxc/src/src/lxc/af_unix.c > /effFix-experiment/effFix-benchmark/lxc/null-ptr-20-lxc/repair/173.patch
[Wed Jan 21 04:03:06 2026][COMMAND]: /opt/infer/infer/bin/infer --pulse-only --pulse-max-disjuncts 100 --jobs 32 --reactive --pulse-fix-mode --pulse-fix-file=src/lxc/af_unix.c --pulse-fix-function=lxc_abstract_unix_send_credential -o /effFix-experiment/effFix-benchmark/lxc/null-ptr-20-lxc/repair/infer-out-single -- make -j4
[Wed Jan 21 04:03:06 2026][COMMAND]: sed -i -e '238s:^:if ( msg.msg_control == NULL ) { return call to sendmsg; }  :' /effFix-experiment/effFix-benchmark/lxc/null-ptr-20-lxc/src/src/lxc/af_unix.c
[Wed Jan 21 04:03:06 2026][COMMAND]: diff -u /effFix-experiment/effFix-benchmark/lxc/null-ptr-20-lxc/repair/af_unix.c.backup /effFix-experiment/effFix-benchmark/lxc/null-ptr-20-lxc/src/src/lxc/af_unix.c > /effFix-experiment/effFix-benchmark/lxc/null-ptr-20-lxc/repair/174.patch
[Wed Jan 21 04:03:06 2026][COMMAND]: /opt/infer/infer/bin/infer --pulse-only --pulse-max-disjuncts 100 --jobs 32 --reactive --pulse-fix-mode --pulse-fix-file=src/lxc/af_unix.c --pulse-fix-function=lxc_abstract_unix_send_credential -o /effFix-experiment/effFix-benchmark/lxc/null-ptr-20-lxc/repair/infer-out-single -- make -j4
[Wed Jan 21 04:03:06 2026][COMMAND]: sed -i -e '238s:$: if ( \& ...->msg_controllen < \& ...->msg_controllen ) { return NULL ; } :' /effFix-experiment/effFix-benchmark/lxc/null-ptr-20-lxc/src/src/lxc/af_unix.c
[Wed Jan 21 04:03:06 2026][COMMAND]: diff -u /effFix-experiment/effFix-benchmark/lxc/null-ptr-20-lxc/repair/af_unix.c.backup /effFix-experiment/effFix-benchmark/lxc/null-ptr-20-lxc/src/src/lxc/af_unix.c > /effFix-experiment/effFix-benchmark/lxc/null-ptr-20-lxc/repair/175.patch
[Wed Jan 21 04:03:06 2026][COMMAND]: /opt/infer/infer/bin/infer --pulse-only --pulse-max-disjuncts 100 --jobs 32 --reactive --pulse-fix-mode --pulse-fix-file=src/lxc/af_unix.c --pulse-fix-function=lxc_abstract_unix_send_credential -o /effFix-experiment/effFix-benchmark/lxc/null-ptr-20-lxc/repair/infer-out-single -- make -j4
[Wed Jan 21 04:03:06 2026][COMMAND]: sed -i -e '238s:$: return NULL ; :' /effFix-experiment/effFix-benchmark/lxc/null-ptr-20-lxc/src/src/lxc/af_unix.c
[Wed Jan 21 04:03:06 2026][COMMAND]: diff -u /effFix-experiment/effFix-benchmark/lxc/null-ptr-20-lxc/repair/af_unix.c.backup /effFix-experiment/effFix-benchmark/lxc/null-ptr-20-lxc/src/src/lxc/af_unix.c > /effFix-experiment/effFix-benchmark/lxc/null-ptr-20-lxc/repair/176.patch
[Wed Jan 21 04:03:06 2026][COMMAND]: /opt/infer/infer/bin/infer --pulse-only --pulse-max-disjuncts 100 --jobs 32 --reactive --pulse-fix-mode --pulse-fix-file=src/lxc/af_unix.c --pulse-fix-function=lxc_abstract_unix_send_credential -o /effFix-experiment/effFix-benchmark/lxc/null-ptr-20-lxc/repair/infer-out-single -- make -j4
[Wed Jan 21 04:03:06 2026][COMMAND]: sed -i -e '238s:$: if ( msg.msg_controllen != 0 ) { \& ...->msg_controllen = \& ...->msg_controllen ; } :' /effFix-experiment/effFix-benchmark/lxc/null-ptr-20-lxc/src/src/lxc/af_unix.c
[Wed Jan 21 04:03:06 2026][COMMAND]: diff -u /effFix-experiment/effFix-benchmark/lxc/null-ptr-20-lxc/repair/af_unix.c.backup /effFix-experiment/effFix-benchmark/lxc/null-ptr-20-lxc/src/src/lxc/af_unix.c > /effFix-experiment/effFix-benchmark/lxc/null-ptr-20-lxc/repair/177.patch
[Wed Jan 21 04:03:06 2026][COMMAND]: /opt/infer/infer/bin/infer --pulse-only --pulse-max-disjuncts 100 --jobs 32 --reactive --pulse-fix-mode --pulse-fix-file=src/lxc/af_unix.c --pulse-fix-function=lxc_abstract_unix_send_credential -o /effFix-experiment/effFix-benchmark/lxc/null-ptr-20-lxc/repair/infer-out-single -- make -j4
[Wed Jan 21 04:03:06 2026][COMMAND]: sed -i -e '238s:$: cmsg->cmsg_len = \& ...->msg_controllen ; :' /effFix-experiment/effFix-benchmark/lxc/null-ptr-20-lxc/src/src/lxc/af_unix.c
[Wed Jan 21 04:03:06 2026][COMMAND]: diff -u /effFix-experiment/effFix-benchmark/lxc/null-ptr-20-lxc/repair/af_unix.c.backup /effFix-experiment/effFix-benchmark/lxc/null-ptr-20-lxc/src/src/lxc/af_unix.c > /effFix-experiment/effFix-benchmark/lxc/null-ptr-20-lxc/repair/178.patch
[Wed Jan 21 04:03:06 2026][COMMAND]: /opt/infer/infer/bin/infer --pulse-only --pulse-max-disjuncts 100 --jobs 32 --reactive --pulse-fix-mode --pulse-fix-file=src/lxc/af_unix.c --pulse-fix-function=lxc_abstract_unix_send_credential -o /effFix-experiment/effFix-benchmark/lxc/null-ptr-20-lxc/repair/infer-out-single -- make -j4
[Wed Jan 21 04:03:06 2026][COMMAND]: sed -i -e '238s:$: msg.msg_controllen = msg.msg_controllen * msg.msg_controllen ; :' /effFix-experiment/effFix-benchmark/lxc/null-ptr-20-lxc/src/src/lxc/af_unix.c
[Wed Jan 21 04:03:06 2026][COMMAND]: diff -u /effFix-experiment/effFix-benchmark/lxc/null-ptr-20-lxc/repair/af_unix.c.backup /effFix-experiment/effFix-benchmark/lxc/null-ptr-20-lxc/src/src/lxc/af_unix.c > /effFix-experiment/effFix-benchmark/lxc/null-ptr-20-lxc/repair/179.patch
[Wed Jan 21 04:03:06 2026][COMMAND]: /opt/infer/infer/bin/infer --pulse-only --pulse-max-disjuncts 100 --jobs 32 --reactive --pulse-fix-mode --pulse-fix-file=src/lxc/af_unix.c --pulse-fix-function=lxc_abstract_unix_send_credential -o /effFix-experiment/effFix-benchmark/lxc/null-ptr-20-lxc/repair/infer-out-single -- make -j4
[Wed Jan 21 04:03:06 2026][COMMAND]: sed -i -e '238s:$: return msg.msg_control ; return call to sendmsg; :' /effFix-experiment/effFix-benchmark/lxc/null-ptr-20-lxc/src/src/lxc/af_unix.c
[Wed Jan 21 04:03:06 2026][COMMAND]: diff -u /effFix-experiment/effFix-benchmark/lxc/null-ptr-20-lxc/repair/af_unix.c.backup /effFix-experiment/effFix-benchmark/lxc/null-ptr-20-lxc/src/src/lxc/af_unix.c > /effFix-experiment/effFix-benchmark/lxc/null-ptr-20-lxc/repair/180.patch
[Wed Jan 21 04:03:06 2026][COMMAND]: /opt/infer/infer/bin/infer --pulse-only --pulse-max-disjuncts 100 --jobs 32 --reactive --pulse-fix-mode --pulse-fix-file=src/lxc/af_unix.c --pulse-fix-function=lxc_abstract_unix_send_credential -o /effFix-experiment/effFix-benchmark/lxc/null-ptr-20-lxc/repair/infer-out-single -- make -j4
[Wed Jan 21 04:03:06 2026][COMMAND]: sed -i -e '238s:^:if ( msg.msg_control != NULL || \& ...->msg_control == cmsg ) { return call to sendmsg; }  :' /effFix-experiment/effFix-benchmark/lxc/null-ptr-20-lxc/src/src/lxc/af_unix.c
[Wed Jan 21 04:03:06 2026][COMMAND]: diff -u /effFix-experiment/effFix-benchmark/lxc/null-ptr-20-lxc/repair/af_unix.c.backup /effFix-experiment/effFix-benchmark/lxc/null-ptr-20-lxc/src/src/lxc/af_unix.c > /effFix-experiment/effFix-benchmark/lxc/null-ptr-20-lxc/repair/181.patch
[Wed Jan 21 04:03:06 2026][COMMAND]: /opt/infer/infer/bin/infer --pulse-only --pulse-max-disjuncts 100 --jobs 32 --reactive --pulse-fix-mode --pulse-fix-file=src/lxc/af_unix.c --pulse-fix-function=lxc_abstract_unix_send_credential -o /effFix-experiment/effFix-benchmark/lxc/null-ptr-20-lxc/repair/infer-out-single -- make -j4
[Wed Jan 21 04:03:06 2026][COMMAND]: sed -i -e '238s:^:msg.msg_controllen = msg.msg_controllen - cmsg->cmsg_len ; return 0;  :' /effFix-experiment/effFix-benchmark/lxc/null-ptr-20-lxc/src/src/lxc/af_unix.c
[Wed Jan 21 04:03:06 2026][COMMAND]: diff -u /effFix-experiment/effFix-benchmark/lxc/null-ptr-20-lxc/repair/af_unix.c.backup /effFix-experiment/effFix-benchmark/lxc/null-ptr-20-lxc/src/src/lxc/af_unix.c > /effFix-experiment/effFix-benchmark/lxc/null-ptr-20-lxc/repair/182.patch
[Wed Jan 21 04:03:06 2026][COMMAND]: /opt/infer/infer/bin/infer --pulse-only --pulse-max-disjuncts 100 --jobs 32 --reactive --pulse-fix-mode --pulse-fix-file=src/lxc/af_unix.c --pulse-fix-function=lxc_abstract_unix_send_credential -o /effFix-experiment/effFix-benchmark/lxc/null-ptr-20-lxc/repair/infer-out-single -- make -j4
[Wed Jan 21 04:03:07 2026][COMMAND]: sed -i -e '238s:^:return 0;  :' /effFix-experiment/effFix-benchmark/lxc/null-ptr-20-lxc/src/src/lxc/af_unix.c
[Wed Jan 21 04:03:07 2026][COMMAND]: diff -u /effFix-experiment/effFix-benchmark/lxc/null-ptr-20-lxc/repair/af_unix.c.backup /effFix-experiment/effFix-benchmark/lxc/null-ptr-20-lxc/src/src/lxc/af_unix.c > /effFix-experiment/effFix-benchmark/lxc/null-ptr-20-lxc/repair/183.patch
[Wed Jan 21 04:03:07 2026][COMMAND]: /opt/infer/infer/bin/infer --pulse-only --pulse-max-disjuncts 100 --jobs 32 --reactive --pulse-fix-mode --pulse-fix-file=src/lxc/af_unix.c --pulse-fix-function=lxc_abstract_unix_send_credential -o /effFix-experiment/effFix-benchmark/lxc/null-ptr-20-lxc/repair/infer-out-single -- make -j4
[Wed Jan 21 04:03:07 2026][COMMAND]: sed -i -e '238s:$: \& ...->msg_control = cmsg ; :' /effFix-experiment/effFix-benchmark/lxc/null-ptr-20-lxc/src/src/lxc/af_unix.c
[Wed Jan 21 04:03:07 2026][COMMAND]: diff -u /effFix-experiment/effFix-benchmark/lxc/null-ptr-20-lxc/repair/af_unix.c.backup /effFix-experiment/effFix-benchmark/lxc/null-ptr-20-lxc/src/src/lxc/af_unix.c > /effFix-experiment/effFix-benchmark/lxc/null-ptr-20-lxc/repair/184.patch
[Wed Jan 21 04:03:07 2026][COMMAND]: /opt/infer/infer/bin/infer --pulse-only --pulse-max-disjuncts 100 --jobs 32 --reactive --pulse-fix-mode --pulse-fix-file=src/lxc/af_unix.c --pulse-fix-function=lxc_abstract_unix_send_credential -o /effFix-experiment/effFix-benchmark/lxc/null-ptr-20-lxc/repair/infer-out-single -- make -j4
[Wed Jan 21 04:03:07 2026][COMMAND]: sed -i -e '238s:^:msg.msg_controllen = msg.msg_controllen * \& ...->msg_controllen ; return NULL ;  :' /effFix-experiment/effFix-benchmark/lxc/null-ptr-20-lxc/src/src/lxc/af_unix.c
[Wed Jan 21 04:03:07 2026][COMMAND]: diff -u /effFix-experiment/effFix-benchmark/lxc/null-ptr-20-lxc/repair/af_unix.c.backup /effFix-experiment/effFix-benchmark/lxc/null-ptr-20-lxc/src/src/lxc/af_unix.c > /effFix-experiment/effFix-benchmark/lxc/null-ptr-20-lxc/repair/185.patch
[Wed Jan 21 04:03:07 2026][COMMAND]: /opt/infer/infer/bin/infer --pulse-only --pulse-max-disjuncts 100 --jobs 32 --reactive --pulse-fix-mode --pulse-fix-file=src/lxc/af_unix.c --pulse-fix-function=lxc_abstract_unix_send_credential -o /effFix-experiment/effFix-benchmark/lxc/null-ptr-20-lxc/repair/infer-out-single -- make -j4
[Wed Jan 21 04:03:07 2026][COMMAND]: sed -i -e '238s:^:if ( cmsg == \& ...->msg_control || msg.msg_controllen - msg.msg_controllen == msg.msg_controllen * msg.msg_controllen ) { return 0; }  :' /effFix-experiment/effFix-benchmark/lxc/null-ptr-20-lxc/src/src/lxc/af_unix.c
[Wed Jan 21 04:03:07 2026][COMMAND]: diff -u /effFix-experiment/effFix-benchmark/lxc/null-ptr-20-lxc/repair/af_unix.c.backup /effFix-experiment/effFix-benchmark/lxc/null-ptr-20-lxc/src/src/lxc/af_unix.c > /effFix-experiment/effFix-benchmark/lxc/null-ptr-20-lxc/repair/186.patch
[Wed Jan 21 04:03:07 2026][COMMAND]: /opt/infer/infer/bin/infer --pulse-only --pulse-max-disjuncts 100 --jobs 32 --reactive --pulse-fix-mode --pulse-fix-file=src/lxc/af_unix.c --pulse-fix-function=lxc_abstract_unix_send_credential -o /effFix-experiment/effFix-benchmark/lxc/null-ptr-20-lxc/repair/infer-out-single -- make -j4
[Wed Jan 21 04:03:07 2026][COMMAND]: sed -i -e '238s:^:\& ...->msg_control = NULL ;  :' /effFix-experiment/effFix-benchmark/lxc/null-ptr-20-lxc/src/src/lxc/af_unix.c
[Wed Jan 21 04:03:07 2026][COMMAND]: diff -u /effFix-experiment/effFix-benchmark/lxc/null-ptr-20-lxc/repair/af_unix.c.backup /effFix-experiment/effFix-benchmark/lxc/null-ptr-20-lxc/src/src/lxc/af_unix.c > /effFix-experiment/effFix-benchmark/lxc/null-ptr-20-lxc/repair/187.patch
[Wed Jan 21 04:03:07 2026][COMMAND]: /opt/infer/infer/bin/infer --pulse-only --pulse-max-disjuncts 100 --jobs 32 --reactive --pulse-fix-mode --pulse-fix-file=src/lxc/af_unix.c --pulse-fix-function=lxc_abstract_unix_send_credential -o /effFix-experiment/effFix-benchmark/lxc/null-ptr-20-lxc/repair/infer-out-single -- make -j4
[Wed Jan 21 04:03:07 2026][COMMAND]: sed -i -e '238s:^:if ( ! ( \& ...->msg_controllen * cmsg->cmsg_len != -1 ) ) { free ( cmsg ) ; }  :' /effFix-experiment/effFix-benchmark/lxc/null-ptr-20-lxc/src/src/lxc/af_unix.c
[Wed Jan 21 04:03:07 2026][COMMAND]: diff -u /effFix-experiment/effFix-benchmark/lxc/null-ptr-20-lxc/repair/af_unix.c.backup /effFix-experiment/effFix-benchmark/lxc/null-ptr-20-lxc/src/src/lxc/af_unix.c > /effFix-experiment/effFix-benchmark/lxc/null-ptr-20-lxc/repair/188.patch
[Wed Jan 21 04:03:07 2026][COMMAND]: /opt/infer/infer/bin/infer --pulse-only --pulse-max-disjuncts 100 --jobs 32 --reactive --pulse-fix-mode --pulse-fix-file=src/lxc/af_unix.c --pulse-fix-function=lxc_abstract_unix_send_credential -o /effFix-experiment/effFix-benchmark/lxc/null-ptr-20-lxc/repair/infer-out-single -- make -j4
[Wed Jan 21 04:03:07 2026][COMMAND]: sed -i -e '238s:$: if ( ! ( msg.msg_control == msg.msg_control ) ) { \& ...->msg_control = malloc ( sizeof ( * msg.msg_control ) ) ; } :' /effFix-experiment/effFix-benchmark/lxc/null-ptr-20-lxc/src/src/lxc/af_unix.c
[Wed Jan 21 04:03:07 2026][COMMAND]: diff -u /effFix-experiment/effFix-benchmark/lxc/null-ptr-20-lxc/repair/af_unix.c.backup /effFix-experiment/effFix-benchmark/lxc/null-ptr-20-lxc/src/src/lxc/af_unix.c > /effFix-experiment/effFix-benchmark/lxc/null-ptr-20-lxc/repair/189.patch
[Wed Jan 21 04:03:07 2026][COMMAND]: /opt/infer/infer/bin/infer --pulse-only --pulse-max-disjuncts 100 --jobs 32 --reactive --pulse-fix-mode --pulse-fix-file=src/lxc/af_unix.c --pulse-fix-function=lxc_abstract_unix_send_credential -o /effFix-experiment/effFix-benchmark/lxc/null-ptr-20-lxc/repair/infer-out-single -- make -j4
[Wed Jan 21 04:03:07 2026][COMMAND]: sed -i -e '238s:^:\& ...->msg_controllen = msg.msg_controllen + msg.msg_controllen ;  :' /effFix-experiment/effFix-benchmark/lxc/null-ptr-20-lxc/src/src/lxc/af_unix.c
[Wed Jan 21 04:03:07 2026][COMMAND]: diff -u /effFix-experiment/effFix-benchmark/lxc/null-ptr-20-lxc/repair/af_unix.c.backup /effFix-experiment/effFix-benchmark/lxc/null-ptr-20-lxc/src/src/lxc/af_unix.c > /effFix-experiment/effFix-benchmark/lxc/null-ptr-20-lxc/repair/190.patch
[Wed Jan 21 04:03:07 2026][COMMAND]: /opt/infer/infer/bin/infer --pulse-only --pulse-max-disjuncts 100 --jobs 32 --reactive --pulse-fix-mode --pulse-fix-file=src/lxc/af_unix.c --pulse-fix-function=lxc_abstract_unix_send_credential -o /effFix-experiment/effFix-benchmark/lxc/null-ptr-20-lxc/repair/infer-out-single -- make -j4
[Wed Jan 21 04:03:07 2026][COMMAND]: sed -i -e '238s:^:\& ...->msg_controllen = \& ...->msg_controllen + msg.msg_controllen ;  :' /effFix-experiment/effFix-benchmark/lxc/null-ptr-20-lxc/src/src/lxc/af_unix.c
[Wed Jan 21 04:03:07 2026][COMMAND]: diff -u /effFix-experiment/effFix-benchmark/lxc/null-ptr-20-lxc/repair/af_unix.c.backup /effFix-experiment/effFix-benchmark/lxc/null-ptr-20-lxc/src/src/lxc/af_unix.c > /effFix-experiment/effFix-benchmark/lxc/null-ptr-20-lxc/repair/191.patch
[Wed Jan 21 04:03:07 2026][COMMAND]: /opt/infer/infer/bin/infer --pulse-only --pulse-max-disjuncts 100 --jobs 32 --reactive --pulse-fix-mode --pulse-fix-file=src/lxc/af_unix.c --pulse-fix-function=lxc_abstract_unix_send_credential -o /effFix-experiment/effFix-benchmark/lxc/null-ptr-20-lxc/repair/infer-out-single -- make -j4
[Wed Jan 21 04:03:07 2026][COMMAND]: sed -i -e '238s:^:cmsg = malloc ( sizeof ( * \& ...->msg_control ) ) ;  :' /effFix-experiment/effFix-benchmark/lxc/null-ptr-20-lxc/src/src/lxc/af_unix.c
[Wed Jan 21 04:03:07 2026][COMMAND]: diff -u /effFix-experiment/effFix-benchmark/lxc/null-ptr-20-lxc/repair/af_unix.c.backup /effFix-experiment/effFix-benchmark/lxc/null-ptr-20-lxc/src/src/lxc/af_unix.c > /effFix-experiment/effFix-benchmark/lxc/null-ptr-20-lxc/repair/192.patch
[Wed Jan 21 04:03:07 2026][COMMAND]: /opt/infer/infer/bin/infer --pulse-only --pulse-max-disjuncts 100 --jobs 32 --reactive --pulse-fix-mode --pulse-fix-file=src/lxc/af_unix.c --pulse-fix-function=lxc_abstract_unix_send_credential -o /effFix-experiment/effFix-benchmark/lxc/null-ptr-20-lxc/repair/infer-out-single -- make -j4
[Wed Jan 21 04:03:07 2026][COMMAND]: sed -i -e '238s:^:return cmsg ; cmsg->cmsg_len = msg.msg_controllen ;  :' /effFix-experiment/effFix-benchmark/lxc/null-ptr-20-lxc/src/src/lxc/af_unix.c
[Wed Jan 21 04:03:07 2026][COMMAND]: diff -u /effFix-experiment/effFix-benchmark/lxc/null-ptr-20-lxc/repair/af_unix.c.backup /effFix-experiment/effFix-benchmark/lxc/null-ptr-20-lxc/src/src/lxc/af_unix.c > /effFix-experiment/effFix-benchmark/lxc/null-ptr-20-lxc/repair/193.patch
[Wed Jan 21 04:03:07 2026][COMMAND]: /opt/infer/infer/bin/infer --pulse-only --pulse-max-disjuncts 100 --jobs 32 --reactive --pulse-fix-mode --pulse-fix-file=src/lxc/af_unix.c --pulse-fix-function=lxc_abstract_unix_send_credential -o /effFix-experiment/effFix-benchmark/lxc/null-ptr-20-lxc/repair/infer-out-single -- make -j4
[Wed Jan 21 04:03:08 2026][COMMAND]: sed -i -e '238s:^:return \& ...->msg_control ;  :' /effFix-experiment/effFix-benchmark/lxc/null-ptr-20-lxc/src/src/lxc/af_unix.c
[Wed Jan 21 04:03:08 2026][COMMAND]: diff -u /effFix-experiment/effFix-benchmark/lxc/null-ptr-20-lxc/repair/af_unix.c.backup /effFix-experiment/effFix-benchmark/lxc/null-ptr-20-lxc/src/src/lxc/af_unix.c > /effFix-experiment/effFix-benchmark/lxc/null-ptr-20-lxc/repair/194.patch
[Wed Jan 21 04:03:08 2026][COMMAND]: /opt/infer/infer/bin/infer --pulse-only --pulse-max-disjuncts 100 --jobs 32 --reactive --pulse-fix-mode --pulse-fix-file=src/lxc/af_unix.c --pulse-fix-function=lxc_abstract_unix_send_credential -o /effFix-experiment/effFix-benchmark/lxc/null-ptr-20-lxc/repair/infer-out-single -- make -j4
[Wed Jan 21 04:03:08 2026][COMMAND]: sed -i -e '238s:^:if ( msg.msg_controllen <= -1 || cmsg->cmsg_len + cmsg->cmsg_len < 1 ) { return NULL ; }  :' /effFix-experiment/effFix-benchmark/lxc/null-ptr-20-lxc/src/src/lxc/af_unix.c
[Wed Jan 21 04:03:08 2026][COMMAND]: diff -u /effFix-experiment/effFix-benchmark/lxc/null-ptr-20-lxc/repair/af_unix.c.backup /effFix-experiment/effFix-benchmark/lxc/null-ptr-20-lxc/src/src/lxc/af_unix.c > /effFix-experiment/effFix-benchmark/lxc/null-ptr-20-lxc/repair/195.patch
[Wed Jan 21 04:03:08 2026][COMMAND]: /opt/infer/infer/bin/infer --pulse-only --pulse-max-disjuncts 100 --jobs 32 --reactive --pulse-fix-mode --pulse-fix-file=src/lxc/af_unix.c --pulse-fix-function=lxc_abstract_unix_send_credential -o /effFix-experiment/effFix-benchmark/lxc/null-ptr-20-lxc/repair/infer-out-single -- make -j4
[Wed Jan 21 04:03:08 2026][COMMAND]: sed -i -e '238s:$: cmsg->cmsg_len = msg.msg_controllen ; :' /effFix-experiment/effFix-benchmark/lxc/null-ptr-20-lxc/src/src/lxc/af_unix.c
[Wed Jan 21 04:03:08 2026][COMMAND]: diff -u /effFix-experiment/effFix-benchmark/lxc/null-ptr-20-lxc/repair/af_unix.c.backup /effFix-experiment/effFix-benchmark/lxc/null-ptr-20-lxc/src/src/lxc/af_unix.c > /effFix-experiment/effFix-benchmark/lxc/null-ptr-20-lxc/repair/196.patch
[Wed Jan 21 04:03:08 2026][COMMAND]: /opt/infer/infer/bin/infer --pulse-only --pulse-max-disjuncts 100 --jobs 32 --reactive --pulse-fix-mode --pulse-fix-file=src/lxc/af_unix.c --pulse-fix-function=lxc_abstract_unix_send_credential -o /effFix-experiment/effFix-benchmark/lxc/null-ptr-20-lxc/repair/infer-out-single -- make -j4
[Wed Jan 21 04:03:08 2026][COMMAND]: sed -i -e '238s:$: if ( \& ...->msg_control != cmsg \&\& cmsg == NULL ) { cmsg = malloc ( sizeof ( * msg.msg_control ) ) ; return NULL ; } :' /effFix-experiment/effFix-benchmark/lxc/null-ptr-20-lxc/src/src/lxc/af_unix.c
[Wed Jan 21 04:03:08 2026][COMMAND]: diff -u /effFix-experiment/effFix-benchmark/lxc/null-ptr-20-lxc/repair/af_unix.c.backup /effFix-experiment/effFix-benchmark/lxc/null-ptr-20-lxc/src/src/lxc/af_unix.c > /effFix-experiment/effFix-benchmark/lxc/null-ptr-20-lxc/repair/197.patch
[Wed Jan 21 04:03:08 2026][COMMAND]: /opt/infer/infer/bin/infer --pulse-only --pulse-max-disjuncts 100 --jobs 32 --reactive --pulse-fix-mode --pulse-fix-file=src/lxc/af_unix.c --pulse-fix-function=lxc_abstract_unix_send_credential -o /effFix-experiment/effFix-benchmark/lxc/null-ptr-20-lxc/repair/infer-out-single -- make -j4
[Wed Jan 21 04:03:08 2026][COMMAND]: sed -i -e '238s:^:if ( cmsg->cmsg_len >= msg.msg_controllen || cmsg->cmsg_len + msg.msg_controllen != 0 ) { \& ...->msg_controllen = msg.msg_controllen * \& ...->msg_controllen ; }  :' /effFix-experiment/effFix-benchmark/lxc/null-ptr-20-lxc/src/src/lxc/af_unix.c
[Wed Jan 21 04:03:08 2026][COMMAND]: diff -u /effFix-experiment/effFix-benchmark/lxc/null-ptr-20-lxc/repair/af_unix.c.backup /effFix-experiment/effFix-benchmark/lxc/null-ptr-20-lxc/src/src/lxc/af_unix.c > /effFix-experiment/effFix-benchmark/lxc/null-ptr-20-lxc/repair/198.patch
[Wed Jan 21 04:03:08 2026][COMMAND]: /opt/infer/infer/bin/infer --pulse-only --pulse-max-disjuncts 100 --jobs 32 --reactive --pulse-fix-mode --pulse-fix-file=src/lxc/af_unix.c --pulse-fix-function=lxc_abstract_unix_send_credential -o /effFix-experiment/effFix-benchmark/lxc/null-ptr-20-lxc/repair/infer-out-single -- make -j4
[Wed Jan 21 04:03:08 2026][COMMAND]: sed -i -e '238s:^:msg.msg_controllen = cmsg->cmsg_len ;  :' /effFix-experiment/effFix-benchmark/lxc/null-ptr-20-lxc/src/src/lxc/af_unix.c
[Wed Jan 21 04:03:08 2026][COMMAND]: diff -u /effFix-experiment/effFix-benchmark/lxc/null-ptr-20-lxc/repair/af_unix.c.backup /effFix-experiment/effFix-benchmark/lxc/null-ptr-20-lxc/src/src/lxc/af_unix.c > /effFix-experiment/effFix-benchmark/lxc/null-ptr-20-lxc/repair/199.patch
[Wed Jan 21 04:03:08 2026][COMMAND]: /opt/infer/infer/bin/infer --pulse-only --pulse-max-disjuncts 100 --jobs 32 --reactive --pulse-fix-mode --pulse-fix-file=src/lxc/af_unix.c --pulse-fix-function=lxc_abstract_unix_send_credential -o /effFix-experiment/effFix-benchmark/lxc/null-ptr-20-lxc/repair/infer-out-single -- make -j4
[Wed Jan 21 04:03:08 2026][COMMAND]: sed -i -e '238s:$: \& ...->msg_control = malloc ( sizeof ( * \& ...->msg_control ) ) ; :' /effFix-experiment/effFix-benchmark/lxc/null-ptr-20-lxc/src/src/lxc/af_unix.c
[Wed Jan 21 04:03:08 2026][COMMAND]: diff -u /effFix-experiment/effFix-benchmark/lxc/null-ptr-20-lxc/repair/af_unix.c.backup /effFix-experiment/effFix-benchmark/lxc/null-ptr-20-lxc/src/src/lxc/af_unix.c > /effFix-experiment/effFix-benchmark/lxc/null-ptr-20-lxc/repair/200.patch
[Wed Jan 21 04:03:08 2026][COMMAND]: /opt/infer/infer/bin/infer --pulse-only --pulse-max-disjuncts 100 --jobs 32 --reactive --pulse-fix-mode --pulse-fix-file=src/lxc/af_unix.c --pulse-fix-function=lxc_abstract_unix_send_credential -o /effFix-experiment/effFix-benchmark/lxc/null-ptr-20-lxc/repair/infer-out-single -- make -j4
[Wed Jan 21 04:03:08 2026][COMMAND]: sed -i -e '238s:$: if ( ! ( \& ...->msg_control != NULL ) ) { return call to sendmsg; } :' /effFix-experiment/effFix-benchmark/lxc/null-ptr-20-lxc/src/src/lxc/af_unix.c
[Wed Jan 21 04:03:08 2026][COMMAND]: diff -u /effFix-experiment/effFix-benchmark/lxc/null-ptr-20-lxc/repair/af_unix.c.backup /effFix-experiment/effFix-benchmark/lxc/null-ptr-20-lxc/src/src/lxc/af_unix.c > /effFix-experiment/effFix-benchmark/lxc/null-ptr-20-lxc/repair/201.patch
[Wed Jan 21 04:03:08 2026][COMMAND]: /opt/infer/infer/bin/infer --pulse-only --pulse-max-disjuncts 100 --jobs 32 --reactive --pulse-fix-mode --pulse-fix-file=src/lxc/af_unix.c --pulse-fix-function=lxc_abstract_unix_send_credential -o /effFix-experiment/effFix-benchmark/lxc/null-ptr-20-lxc/repair/infer-out-single -- make -j4
[Wed Jan 21 04:03:08 2026][COMMAND]: sed -i -e '238s:$: if ( ! ( msg.msg_controllen - \& ...->msg_controllen != 0 ) ) { return \& ...->msg_control ; } :' /effFix-experiment/effFix-benchmark/lxc/null-ptr-20-lxc/src/src/lxc/af_unix.c
[Wed Jan 21 04:03:08 2026][COMMAND]: diff -u /effFix-experiment/effFix-benchmark/lxc/null-ptr-20-lxc/repair/af_unix.c.backup /effFix-experiment/effFix-benchmark/lxc/null-ptr-20-lxc/src/src/lxc/af_unix.c > /effFix-experiment/effFix-benchmark/lxc/null-ptr-20-lxc/repair/202.patch
[Wed Jan 21 04:03:08 2026][COMMAND]: /opt/infer/infer/bin/infer --pulse-only --pulse-max-disjuncts 100 --jobs 32 --reactive --pulse-fix-mode --pulse-fix-file=src/lxc/af_unix.c --pulse-fix-function=lxc_abstract_unix_send_credential -o /effFix-experiment/effFix-benchmark/lxc/null-ptr-20-lxc/repair/infer-out-single -- make -j4
[Wed Jan 21 04:03:08 2026][COMMAND]: sed -i -e '238s:$: msg.msg_control = cmsg ; :' /effFix-experiment/effFix-benchmark/lxc/null-ptr-20-lxc/src/src/lxc/af_unix.c
[Wed Jan 21 04:03:08 2026][COMMAND]: diff -u /effFix-experiment/effFix-benchmark/lxc/null-ptr-20-lxc/repair/af_unix.c.backup /effFix-experiment/effFix-benchmark/lxc/null-ptr-20-lxc/src/src/lxc/af_unix.c > /effFix-experiment/effFix-benchmark/lxc/null-ptr-20-lxc/repair/203.patch
[Wed Jan 21 04:03:08 2026][COMMAND]: /opt/infer/infer/bin/infer --pulse-only --pulse-max-disjuncts 100 --jobs 32 --reactive --pulse-fix-mode --pulse-fix-file=src/lxc/af_unix.c --pulse-fix-function=lxc_abstract_unix_send_credential -o /effFix-experiment/effFix-benchmark/lxc/null-ptr-20-lxc/repair/infer-out-single -- make -j4
[Wed Jan 21 04:03:08 2026][COMMAND]: sed -i -e '238s:^:\& ...->msg_controllen = msg.msg_controllen ;  :' /effFix-experiment/effFix-benchmark/lxc/null-ptr-20-lxc/src/src/lxc/af_unix.c
[Wed Jan 21 04:03:08 2026][COMMAND]: diff -u /effFix-experiment/effFix-benchmark/lxc/null-ptr-20-lxc/repair/af_unix.c.backup /effFix-experiment/effFix-benchmark/lxc/null-ptr-20-lxc/src/src/lxc/af_unix.c > /effFix-experiment/effFix-benchmark/lxc/null-ptr-20-lxc/repair/204.patch
[Wed Jan 21 04:03:08 2026][COMMAND]: /opt/infer/infer/bin/infer --pulse-only --pulse-max-disjuncts 100 --jobs 32 --reactive --pulse-fix-mode --pulse-fix-file=src/lxc/af_unix.c --pulse-fix-function=lxc_abstract_unix_send_credential -o /effFix-experiment/effFix-benchmark/lxc/null-ptr-20-lxc/repair/infer-out-single -- make -j4
[Wed Jan 21 04:03:08 2026][COMMAND]: sed -i -e '238s:$: \& ...->msg_control = NULL ; :' /effFix-experiment/effFix-benchmark/lxc/null-ptr-20-lxc/src/src/lxc/af_unix.c
[Wed Jan 21 04:03:08 2026][COMMAND]: diff -u /effFix-experiment/effFix-benchmark/lxc/null-ptr-20-lxc/repair/af_unix.c.backup /effFix-experiment/effFix-benchmark/lxc/null-ptr-20-lxc/src/src/lxc/af_unix.c > /effFix-experiment/effFix-benchmark/lxc/null-ptr-20-lxc/repair/205.patch
[Wed Jan 21 04:03:08 2026][COMMAND]: /opt/infer/infer/bin/infer --pulse-only --pulse-max-disjuncts 100 --jobs 32 --reactive --pulse-fix-mode --pulse-fix-file=src/lxc/af_unix.c --pulse-fix-function=lxc_abstract_unix_send_credential -o /effFix-experiment/effFix-benchmark/lxc/null-ptr-20-lxc/repair/infer-out-single -- make -j4
[Wed Jan 21 04:03:09 2026][COMMAND]: sed -i -e '238s:^:cmsg->cmsg_len = \& ...->msg_controllen * msg.msg_controllen ;  :' /effFix-experiment/effFix-benchmark/lxc/null-ptr-20-lxc/src/src/lxc/af_unix.c
[Wed Jan 21 04:03:09 2026][COMMAND]: diff -u /effFix-experiment/effFix-benchmark/lxc/null-ptr-20-lxc/repair/af_unix.c.backup /effFix-experiment/effFix-benchmark/lxc/null-ptr-20-lxc/src/src/lxc/af_unix.c > /effFix-experiment/effFix-benchmark/lxc/null-ptr-20-lxc/repair/206.patch
[Wed Jan 21 04:03:09 2026][COMMAND]: /opt/infer/infer/bin/infer --pulse-only --pulse-max-disjuncts 100 --jobs 32 --reactive --pulse-fix-mode --pulse-fix-file=src/lxc/af_unix.c --pulse-fix-function=lxc_abstract_unix_send_credential -o /effFix-experiment/effFix-benchmark/lxc/null-ptr-20-lxc/repair/infer-out-single -- make -j4
[Wed Jan 21 04:03:09 2026][COMMAND]: sed -i -e '238s:^:return msg.msg_control ; return \& ...->msg_control ;  :' /effFix-experiment/effFix-benchmark/lxc/null-ptr-20-lxc/src/src/lxc/af_unix.c
[Wed Jan 21 04:03:09 2026][COMMAND]: diff -u /effFix-experiment/effFix-benchmark/lxc/null-ptr-20-lxc/repair/af_unix.c.backup /effFix-experiment/effFix-benchmark/lxc/null-ptr-20-lxc/src/src/lxc/af_unix.c > /effFix-experiment/effFix-benchmark/lxc/null-ptr-20-lxc/repair/207.patch
[Wed Jan 21 04:03:09 2026][COMMAND]: /opt/infer/infer/bin/infer --pulse-only --pulse-max-disjuncts 100 --jobs 32 --reactive --pulse-fix-mode --pulse-fix-file=src/lxc/af_unix.c --pulse-fix-function=lxc_abstract_unix_send_credential -o /effFix-experiment/effFix-benchmark/lxc/null-ptr-20-lxc/repair/infer-out-single -- make -j4
[Wed Jan 21 04:03:09 2026][COMMAND]: sed -i -e '238s:$: free ( msg.msg_control ) ; :' /effFix-experiment/effFix-benchmark/lxc/null-ptr-20-lxc/src/src/lxc/af_unix.c
[Wed Jan 21 04:03:09 2026][COMMAND]: diff -u /effFix-experiment/effFix-benchmark/lxc/null-ptr-20-lxc/repair/af_unix.c.backup /effFix-experiment/effFix-benchmark/lxc/null-ptr-20-lxc/src/src/lxc/af_unix.c > /effFix-experiment/effFix-benchmark/lxc/null-ptr-20-lxc/repair/208.patch
[Wed Jan 21 04:03:09 2026][COMMAND]: /opt/infer/infer/bin/infer --pulse-only --pulse-max-disjuncts 100 --jobs 32 --reactive --pulse-fix-mode --pulse-fix-file=src/lxc/af_unix.c --pulse-fix-function=lxc_abstract_unix_send_credential -o /effFix-experiment/effFix-benchmark/lxc/null-ptr-20-lxc/repair/infer-out-single -- make -j4
[Wed Jan 21 04:03:09 2026][COMMAND]: sed -i -e '238s:$: return NULL ; \& ...->msg_controllen = cmsg->cmsg_len ; :' /effFix-experiment/effFix-benchmark/lxc/null-ptr-20-lxc/src/src/lxc/af_unix.c
[Wed Jan 21 04:03:09 2026][COMMAND]: diff -u /effFix-experiment/effFix-benchmark/lxc/null-ptr-20-lxc/repair/af_unix.c.backup /effFix-experiment/effFix-benchmark/lxc/null-ptr-20-lxc/src/src/lxc/af_unix.c > /effFix-experiment/effFix-benchmark/lxc/null-ptr-20-lxc/repair/209.patch
[Wed Jan 21 04:03:09 2026][COMMAND]: /opt/infer/infer/bin/infer --pulse-only --pulse-max-disjuncts 100 --jobs 32 --reactive --pulse-fix-mode --pulse-fix-file=src/lxc/af_unix.c --pulse-fix-function=lxc_abstract_unix_send_credential -o /effFix-experiment/effFix-benchmark/lxc/null-ptr-20-lxc/repair/infer-out-single -- make -j4
[Wed Jan 21 04:03:09 2026][COMMAND]: sed -i -e '238s:$: return \& ...->msg_control ; :' /effFix-experiment/effFix-benchmark/lxc/null-ptr-20-lxc/src/src/lxc/af_unix.c
[Wed Jan 21 04:03:09 2026][COMMAND]: diff -u /effFix-experiment/effFix-benchmark/lxc/null-ptr-20-lxc/repair/af_unix.c.backup /effFix-experiment/effFix-benchmark/lxc/null-ptr-20-lxc/src/src/lxc/af_unix.c > /effFix-experiment/effFix-benchmark/lxc/null-ptr-20-lxc/repair/210.patch
[Wed Jan 21 04:03:09 2026][COMMAND]: /opt/infer/infer/bin/infer --pulse-only --pulse-max-disjuncts 100 --jobs 32 --reactive --pulse-fix-mode --pulse-fix-file=src/lxc/af_unix.c --pulse-fix-function=lxc_abstract_unix_send_credential -o /effFix-experiment/effFix-benchmark/lxc/null-ptr-20-lxc/repair/infer-out-single -- make -j4
[Wed Jan 21 04:03:09 2026][COMMAND]: sed -i -e '238s:$: if ( cmsg->cmsg_len + msg.msg_controllen > -1 \&\& \& ...->msg_controllen + msg.msg_controllen < 1 ) { msg.msg_control = malloc ( sizeof ( * \& ...->msg_control ) ) ; } return msg.msg_control ; :' /effFix-experiment/effFix-benchmark/lxc/null-ptr-20-lxc/src/src/lxc/af_unix.c
[Wed Jan 21 04:03:09 2026][COMMAND]: diff -u /effFix-experiment/effFix-benchmark/lxc/null-ptr-20-lxc/repair/af_unix.c.backup /effFix-experiment/effFix-benchmark/lxc/null-ptr-20-lxc/src/src/lxc/af_unix.c > /effFix-experiment/effFix-benchmark/lxc/null-ptr-20-lxc/repair/211.patch
[Wed Jan 21 04:03:09 2026][COMMAND]: /opt/infer/infer/bin/infer --pulse-only --pulse-max-disjuncts 100 --jobs 32 --reactive --pulse-fix-mode --pulse-fix-file=src/lxc/af_unix.c --pulse-fix-function=lxc_abstract_unix_send_credential -o /effFix-experiment/effFix-benchmark/lxc/null-ptr-20-lxc/repair/infer-out-single -- make -j4
[Wed Jan 21 04:03:09 2026][COMMAND]: sed -i -e '238s:^:\& ...->msg_controllen = cmsg->cmsg_len ;  :' /effFix-experiment/effFix-benchmark/lxc/null-ptr-20-lxc/src/src/lxc/af_unix.c
[Wed Jan 21 04:03:09 2026][COMMAND]: diff -u /effFix-experiment/effFix-benchmark/lxc/null-ptr-20-lxc/repair/af_unix.c.backup /effFix-experiment/effFix-benchmark/lxc/null-ptr-20-lxc/src/src/lxc/af_unix.c > /effFix-experiment/effFix-benchmark/lxc/null-ptr-20-lxc/repair/212.patch
[Wed Jan 21 04:03:09 2026][COMMAND]: /opt/infer/infer/bin/infer --pulse-only --pulse-max-disjuncts 100 --jobs 32 --reactive --pulse-fix-mode --pulse-fix-file=src/lxc/af_unix.c --pulse-fix-function=lxc_abstract_unix_send_credential -o /effFix-experiment/effFix-benchmark/lxc/null-ptr-20-lxc/repair/infer-out-single -- make -j4
[Wed Jan 21 04:03:09 2026][COMMAND]: sed -i -e '238s:^:cmsg->cmsg_len = cmsg->cmsg_len * msg.msg_controllen ;  :' /effFix-experiment/effFix-benchmark/lxc/null-ptr-20-lxc/src/src/lxc/af_unix.c
[Wed Jan 21 04:03:09 2026][COMMAND]: diff -u /effFix-experiment/effFix-benchmark/lxc/null-ptr-20-lxc/repair/af_unix.c.backup /effFix-experiment/effFix-benchmark/lxc/null-ptr-20-lxc/src/src/lxc/af_unix.c > /effFix-experiment/effFix-benchmark/lxc/null-ptr-20-lxc/repair/213.patch
[Wed Jan 21 04:03:09 2026][COMMAND]: /opt/infer/infer/bin/infer --pulse-only --pulse-max-disjuncts 100 --jobs 32 --reactive --pulse-fix-mode --pulse-fix-file=src/lxc/af_unix.c --pulse-fix-function=lxc_abstract_unix_send_credential -o /effFix-experiment/effFix-benchmark/lxc/null-ptr-20-lxc/repair/infer-out-single -- make -j4
[Wed Jan 21 04:03:09 2026][COMMAND]: sed -i -e '238s:$: return msg.msg_control ; :' /effFix-experiment/effFix-benchmark/lxc/null-ptr-20-lxc/src/src/lxc/af_unix.c
[Wed Jan 21 04:03:09 2026][COMMAND]: diff -u /effFix-experiment/effFix-benchmark/lxc/null-ptr-20-lxc/repair/af_unix.c.backup /effFix-experiment/effFix-benchmark/lxc/null-ptr-20-lxc/src/src/lxc/af_unix.c > /effFix-experiment/effFix-benchmark/lxc/null-ptr-20-lxc/repair/214.patch
[Wed Jan 21 04:03:09 2026][COMMAND]: /opt/infer/infer/bin/infer --pulse-only --pulse-max-disjuncts 100 --jobs 32 --reactive --pulse-fix-mode --pulse-fix-file=src/lxc/af_unix.c --pulse-fix-function=lxc_abstract_unix_send_credential -o /effFix-experiment/effFix-benchmark/lxc/null-ptr-20-lxc/repair/infer-out-single -- make -j4
[Wed Jan 21 04:03:09 2026][COMMAND]: sed -i -e '238s:^:if ( \& ...->msg_control == \& ...->msg_control || msg.msg_controllen >= \& ...->msg_controllen + msg.msg_controllen ) { msg.msg_controllen = \& ...->msg_controllen ; }  :' /effFix-experiment/effFix-benchmark/lxc/null-ptr-20-lxc/src/src/lxc/af_unix.c
[Wed Jan 21 04:03:09 2026][COMMAND]: diff -u /effFix-experiment/effFix-benchmark/lxc/null-ptr-20-lxc/repair/af_unix.c.backup /effFix-experiment/effFix-benchmark/lxc/null-ptr-20-lxc/src/src/lxc/af_unix.c > /effFix-experiment/effFix-benchmark/lxc/null-ptr-20-lxc/repair/215.patch
[Wed Jan 21 04:03:09 2026][COMMAND]: /opt/infer/infer/bin/infer --pulse-only --pulse-max-disjuncts 100 --jobs 32 --reactive --pulse-fix-mode --pulse-fix-file=src/lxc/af_unix.c --pulse-fix-function=lxc_abstract_unix_send_credential -o /effFix-experiment/effFix-benchmark/lxc/null-ptr-20-lxc/repair/infer-out-single -- make -j4
[Wed Jan 21 04:03:10 2026][COMMAND]: sed -i -e '238s:^:return cmsg ;  :' /effFix-experiment/effFix-benchmark/lxc/null-ptr-20-lxc/src/src/lxc/af_unix.c
[Wed Jan 21 04:03:10 2026][COMMAND]: diff -u /effFix-experiment/effFix-benchmark/lxc/null-ptr-20-lxc/repair/af_unix.c.backup /effFix-experiment/effFix-benchmark/lxc/null-ptr-20-lxc/src/src/lxc/af_unix.c > /effFix-experiment/effFix-benchmark/lxc/null-ptr-20-lxc/repair/216.patch
[Wed Jan 21 04:03:10 2026][COMMAND]: /opt/infer/infer/bin/infer --pulse-only --pulse-max-disjuncts 100 --jobs 32 --reactive --pulse-fix-mode --pulse-fix-file=src/lxc/af_unix.c --pulse-fix-function=lxc_abstract_unix_send_credential -o /effFix-experiment/effFix-benchmark/lxc/null-ptr-20-lxc/repair/infer-out-single -- make -j4
[Wed Jan 21 04:03:10 2026][COMMAND]: sed -i -e '238s:$: \& ...->msg_controllen = msg.msg_controllen ; :' /effFix-experiment/effFix-benchmark/lxc/null-ptr-20-lxc/src/src/lxc/af_unix.c
[Wed Jan 21 04:03:10 2026][COMMAND]: diff -u /effFix-experiment/effFix-benchmark/lxc/null-ptr-20-lxc/repair/af_unix.c.backup /effFix-experiment/effFix-benchmark/lxc/null-ptr-20-lxc/src/src/lxc/af_unix.c > /effFix-experiment/effFix-benchmark/lxc/null-ptr-20-lxc/repair/217.patch
[Wed Jan 21 04:03:10 2026][COMMAND]: /opt/infer/infer/bin/infer --pulse-only --pulse-max-disjuncts 100 --jobs 32 --reactive --pulse-fix-mode --pulse-fix-file=src/lxc/af_unix.c --pulse-fix-function=lxc_abstract_unix_send_credential -o /effFix-experiment/effFix-benchmark/lxc/null-ptr-20-lxc/repair/infer-out-single -- make -j4
[Wed Jan 21 04:03:10 2026][COMMAND]: sed -i -e '238s:^:if ( cmsg != msg.msg_control || \& ...->msg_controllen != 0 ) { msg.msg_controllen = \& ...->msg_controllen ; }  :' /effFix-experiment/effFix-benchmark/lxc/null-ptr-20-lxc/src/src/lxc/af_unix.c
[Wed Jan 21 04:03:10 2026][COMMAND]: diff -u /effFix-experiment/effFix-benchmark/lxc/null-ptr-20-lxc/repair/af_unix.c.backup /effFix-experiment/effFix-benchmark/lxc/null-ptr-20-lxc/src/src/lxc/af_unix.c > /effFix-experiment/effFix-benchmark/lxc/null-ptr-20-lxc/repair/218.patch
[Wed Jan 21 04:03:10 2026][COMMAND]: /opt/infer/infer/bin/infer --pulse-only --pulse-max-disjuncts 100 --jobs 32 --reactive --pulse-fix-mode --pulse-fix-file=src/lxc/af_unix.c --pulse-fix-function=lxc_abstract_unix_send_credential -o /effFix-experiment/effFix-benchmark/lxc/null-ptr-20-lxc/repair/infer-out-single -- make -j4
[Wed Jan 21 04:03:10 2026][COMMAND]: sed -i -e '238s:$: msg.msg_control = malloc ( sizeof ( * msg.msg_control ) ) ; :' /effFix-experiment/effFix-benchmark/lxc/null-ptr-20-lxc/src/src/lxc/af_unix.c
[Wed Jan 21 04:03:10 2026][COMMAND]: diff -u /effFix-experiment/effFix-benchmark/lxc/null-ptr-20-lxc/repair/af_unix.c.backup /effFix-experiment/effFix-benchmark/lxc/null-ptr-20-lxc/src/src/lxc/af_unix.c > /effFix-experiment/effFix-benchmark/lxc/null-ptr-20-lxc/repair/219.patch
[Wed Jan 21 04:03:10 2026][COMMAND]: /opt/infer/infer/bin/infer --pulse-only --pulse-max-disjuncts 100 --jobs 32 --reactive --pulse-fix-mode --pulse-fix-file=src/lxc/af_unix.c --pulse-fix-function=lxc_abstract_unix_send_credential -o /effFix-experiment/effFix-benchmark/lxc/null-ptr-20-lxc/repair/infer-out-single -- make -j4
[Wed Jan 21 04:03:10 2026][COMMAND]: sed -i -e '238s:$: msg.msg_control = NULL ; :' /effFix-experiment/effFix-benchmark/lxc/null-ptr-20-lxc/src/src/lxc/af_unix.c
[Wed Jan 21 04:03:10 2026][COMMAND]: diff -u /effFix-experiment/effFix-benchmark/lxc/null-ptr-20-lxc/repair/af_unix.c.backup /effFix-experiment/effFix-benchmark/lxc/null-ptr-20-lxc/src/src/lxc/af_unix.c > /effFix-experiment/effFix-benchmark/lxc/null-ptr-20-lxc/repair/220.patch
[Wed Jan 21 04:03:10 2026][COMMAND]: /opt/infer/infer/bin/infer --pulse-only --pulse-max-disjuncts 100 --jobs 32 --reactive --pulse-fix-mode --pulse-fix-file=src/lxc/af_unix.c --pulse-fix-function=lxc_abstract_unix_send_credential -o /effFix-experiment/effFix-benchmark/lxc/null-ptr-20-lxc/repair/infer-out-single -- make -j4
[Wed Jan 21 04:03:10 2026][COMMAND]: sed -i -e '238s:^:return 0; free ( msg.msg_control ) ;  :' /effFix-experiment/effFix-benchmark/lxc/null-ptr-20-lxc/src/src/lxc/af_unix.c
[Wed Jan 21 04:03:10 2026][COMMAND]: diff -u /effFix-experiment/effFix-benchmark/lxc/null-ptr-20-lxc/repair/af_unix.c.backup /effFix-experiment/effFix-benchmark/lxc/null-ptr-20-lxc/src/src/lxc/af_unix.c > /effFix-experiment/effFix-benchmark/lxc/null-ptr-20-lxc/repair/221.patch
[Wed Jan 21 04:03:10 2026][COMMAND]: /opt/infer/infer/bin/infer --pulse-only --pulse-max-disjuncts 100 --jobs 32 --reactive --pulse-fix-mode --pulse-fix-file=src/lxc/af_unix.c --pulse-fix-function=lxc_abstract_unix_send_credential -o /effFix-experiment/effFix-benchmark/lxc/null-ptr-20-lxc/repair/infer-out-single -- make -j4
[Wed Jan 21 04:03:10 2026][COMMAND]: sed -i -e '238s:$: if ( msg.msg_control == \& ...->msg_control \&\& cmsg == \& ...->msg_control ) { return NULL ; } return cmsg ; :' /effFix-experiment/effFix-benchmark/lxc/null-ptr-20-lxc/src/src/lxc/af_unix.c
[Wed Jan 21 04:03:10 2026][COMMAND]: diff -u /effFix-experiment/effFix-benchmark/lxc/null-ptr-20-lxc/repair/af_unix.c.backup /effFix-experiment/effFix-benchmark/lxc/null-ptr-20-lxc/src/src/lxc/af_unix.c > /effFix-experiment/effFix-benchmark/lxc/null-ptr-20-lxc/repair/222.patch
[Wed Jan 21 04:03:10 2026][COMMAND]: /opt/infer/infer/bin/infer --pulse-only --pulse-max-disjuncts 100 --jobs 32 --reactive --pulse-fix-mode --pulse-fix-file=src/lxc/af_unix.c --pulse-fix-function=lxc_abstract_unix_send_credential -o /effFix-experiment/effFix-benchmark/lxc/null-ptr-20-lxc/repair/infer-out-single -- make -j4
[Wed Jan 21 04:03:10 2026][COMMAND]: sed -i -e '238s:^:if ( msg.msg_controllen == cmsg->cmsg_len \&\& cmsg != NULL ) { \& ...->msg_control = \& ...->msg_control ; }  :' /effFix-experiment/effFix-benchmark/lxc/null-ptr-20-lxc/src/src/lxc/af_unix.c
[Wed Jan 21 04:03:10 2026][COMMAND]: diff -u /effFix-experiment/effFix-benchmark/lxc/null-ptr-20-lxc/repair/af_unix.c.backup /effFix-experiment/effFix-benchmark/lxc/null-ptr-20-lxc/src/src/lxc/af_unix.c > /effFix-experiment/effFix-benchmark/lxc/null-ptr-20-lxc/repair/223.patch
[Wed Jan 21 04:03:10 2026][COMMAND]: /opt/infer/infer/bin/infer --pulse-only --pulse-max-disjuncts 100 --jobs 32 --reactive --pulse-fix-mode --pulse-fix-file=src/lxc/af_unix.c --pulse-fix-function=lxc_abstract_unix_send_credential -o /effFix-experiment/effFix-benchmark/lxc/null-ptr-20-lxc/repair/infer-out-single -- make -j4
[Wed Jan 21 04:03:10 2026][COMMAND]: sed -i -e '238s:$: cmsg = malloc ( sizeof ( * \& ...->msg_control ) ) ; return call to sendmsg; :' /effFix-experiment/effFix-benchmark/lxc/null-ptr-20-lxc/src/src/lxc/af_unix.c
[Wed Jan 21 04:03:10 2026][COMMAND]: diff -u /effFix-experiment/effFix-benchmark/lxc/null-ptr-20-lxc/repair/af_unix.c.backup /effFix-experiment/effFix-benchmark/lxc/null-ptr-20-lxc/src/src/lxc/af_unix.c > /effFix-experiment/effFix-benchmark/lxc/null-ptr-20-lxc/repair/224.patch
[Wed Jan 21 04:03:10 2026][COMMAND]: /opt/infer/infer/bin/infer --pulse-only --pulse-max-disjuncts 100 --jobs 32 --reactive --pulse-fix-mode --pulse-fix-file=src/lxc/af_unix.c --pulse-fix-function=lxc_abstract_unix_send_credential -o /effFix-experiment/effFix-benchmark/lxc/null-ptr-20-lxc/repair/infer-out-single -- make -j4
[Wed Jan 21 04:03:10 2026][COMMAND]: sed -i -e '238s:$: if ( cmsg->cmsg_len == cmsg->cmsg_len * msg.msg_controllen || msg.msg_control != \& ...->msg_control ) { return NULL ; } msg.msg_controllen = msg.msg_controllen - \& ...->msg_controllen ; :' /effFix-experiment/effFix-benchmark/lxc/null-ptr-20-lxc/src/src/lxc/af_unix.c
[Wed Jan 21 04:03:10 2026][COMMAND]: diff -u /effFix-experiment/effFix-benchmark/lxc/null-ptr-20-lxc/repair/af_unix.c.backup /effFix-experiment/effFix-benchmark/lxc/null-ptr-20-lxc/src/src/lxc/af_unix.c > /effFix-experiment/effFix-benchmark/lxc/null-ptr-20-lxc/repair/225.patch
[Wed Jan 21 04:03:10 2026][COMMAND]: /opt/infer/infer/bin/infer --pulse-only --pulse-max-disjuncts 100 --jobs 32 --reactive --pulse-fix-mode --pulse-fix-file=src/lxc/af_unix.c --pulse-fix-function=lxc_abstract_unix_send_credential -o /effFix-experiment/effFix-benchmark/lxc/null-ptr-20-lxc/repair/infer-out-single -- make -j4
[Wed Jan 21 04:03:10 2026][COMMAND]: sed -i -e '238s:^:msg.msg_control = malloc ( sizeof ( * cmsg ) ) ;  :' /effFix-experiment/effFix-benchmark/lxc/null-ptr-20-lxc/src/src/lxc/af_unix.c
[Wed Jan 21 04:03:11 2026][COMMAND]: diff -u /effFix-experiment/effFix-benchmark/lxc/null-ptr-20-lxc/repair/af_unix.c.backup /effFix-experiment/effFix-benchmark/lxc/null-ptr-20-lxc/src/src/lxc/af_unix.c > /effFix-experiment/effFix-benchmark/lxc/null-ptr-20-lxc/repair/226.patch
[Wed Jan 21 04:03:11 2026][COMMAND]: /opt/infer/infer/bin/infer --pulse-only --pulse-max-disjuncts 100 --jobs 32 --reactive --pulse-fix-mode --pulse-fix-file=src/lxc/af_unix.c --pulse-fix-function=lxc_abstract_unix_send_credential -o /effFix-experiment/effFix-benchmark/lxc/null-ptr-20-lxc/repair/infer-out-single -- make -j4
[Wed Jan 21 04:03:11 2026][COMMAND]: sed -i -e '238s:$: \& ...->msg_controllen = msg.msg_controllen - \& ...->msg_controllen ; :' /effFix-experiment/effFix-benchmark/lxc/null-ptr-20-lxc/src/src/lxc/af_unix.c
[Wed Jan 21 04:03:11 2026][COMMAND]: diff -u /effFix-experiment/effFix-benchmark/lxc/null-ptr-20-lxc/repair/af_unix.c.backup /effFix-experiment/effFix-benchmark/lxc/null-ptr-20-lxc/src/src/lxc/af_unix.c > /effFix-experiment/effFix-benchmark/lxc/null-ptr-20-lxc/repair/227.patch
[Wed Jan 21 04:03:11 2026][COMMAND]: /opt/infer/infer/bin/infer --pulse-only --pulse-max-disjuncts 100 --jobs 32 --reactive --pulse-fix-mode --pulse-fix-file=src/lxc/af_unix.c --pulse-fix-function=lxc_abstract_unix_send_credential -o /effFix-experiment/effFix-benchmark/lxc/null-ptr-20-lxc/repair/infer-out-single -- make -j4
[Wed Jan 21 04:03:11 2026][COMMAND]: sed -i -e '238s:^:cmsg->cmsg_len = \& ...->msg_controllen * \& ...->msg_controllen ; return call to sendmsg;  :' /effFix-experiment/effFix-benchmark/lxc/null-ptr-20-lxc/src/src/lxc/af_unix.c
[Wed Jan 21 04:03:11 2026][COMMAND]: diff -u /effFix-experiment/effFix-benchmark/lxc/null-ptr-20-lxc/repair/af_unix.c.backup /effFix-experiment/effFix-benchmark/lxc/null-ptr-20-lxc/src/src/lxc/af_unix.c > /effFix-experiment/effFix-benchmark/lxc/null-ptr-20-lxc/repair/228.patch
[Wed Jan 21 04:03:11 2026][COMMAND]: /opt/infer/infer/bin/infer --pulse-only --pulse-max-disjuncts 100 --jobs 32 --reactive --pulse-fix-mode --pulse-fix-file=src/lxc/af_unix.c --pulse-fix-function=lxc_abstract_unix_send_credential -o /effFix-experiment/effFix-benchmark/lxc/null-ptr-20-lxc/repair/infer-out-single -- make -j4
[Wed Jan 21 04:03:11 2026][COMMAND]: sed -i -e '238s:$: cmsg->cmsg_len = msg.msg_controllen * cmsg->cmsg_len ; :' /effFix-experiment/effFix-benchmark/lxc/null-ptr-20-lxc/src/src/lxc/af_unix.c
[Wed Jan 21 04:03:11 2026][COMMAND]: diff -u /effFix-experiment/effFix-benchmark/lxc/null-ptr-20-lxc/repair/af_unix.c.backup /effFix-experiment/effFix-benchmark/lxc/null-ptr-20-lxc/src/src/lxc/af_unix.c > /effFix-experiment/effFix-benchmark/lxc/null-ptr-20-lxc/repair/229.patch
[Wed Jan 21 04:03:11 2026][COMMAND]: /opt/infer/infer/bin/infer --pulse-only --pulse-max-disjuncts 100 --jobs 32 --reactive --pulse-fix-mode --pulse-fix-file=src/lxc/af_unix.c --pulse-fix-function=lxc_abstract_unix_send_credential -o /effFix-experiment/effFix-benchmark/lxc/null-ptr-20-lxc/repair/infer-out-single -- make -j4
[Wed Jan 21 04:03:11 2026][COMMAND]: sed -i -e '238s:$: \& ...->msg_controllen = cmsg->cmsg_len ; :' /effFix-experiment/effFix-benchmark/lxc/null-ptr-20-lxc/src/src/lxc/af_unix.c
[Wed Jan 21 04:03:11 2026][COMMAND]: diff -u /effFix-experiment/effFix-benchmark/lxc/null-ptr-20-lxc/repair/af_unix.c.backup /effFix-experiment/effFix-benchmark/lxc/null-ptr-20-lxc/src/src/lxc/af_unix.c > /effFix-experiment/effFix-benchmark/lxc/null-ptr-20-lxc/repair/230.patch
[Wed Jan 21 04:03:11 2026][COMMAND]: /opt/infer/infer/bin/infer --pulse-only --pulse-max-disjuncts 100 --jobs 32 --reactive --pulse-fix-mode --pulse-fix-file=src/lxc/af_unix.c --pulse-fix-function=lxc_abstract_unix_send_credential -o /effFix-experiment/effFix-benchmark/lxc/null-ptr-20-lxc/repair/infer-out-single -- make -j4
[Wed Jan 21 04:03:11 2026][COMMAND]: sed -i -e '238s:^:if ( msg.msg_control != msg.msg_control || \& ...->msg_controllen < \& ...->msg_controllen ) { cmsg->cmsg_len = cmsg->cmsg_len ; }  :' /effFix-experiment/effFix-benchmark/lxc/null-ptr-20-lxc/src/src/lxc/af_unix.c
[Wed Jan 21 04:03:11 2026][COMMAND]: diff -u /effFix-experiment/effFix-benchmark/lxc/null-ptr-20-lxc/repair/af_unix.c.backup /effFix-experiment/effFix-benchmark/lxc/null-ptr-20-lxc/src/src/lxc/af_unix.c > /effFix-experiment/effFix-benchmark/lxc/null-ptr-20-lxc/repair/231.patch
[Wed Jan 21 04:03:11 2026][COMMAND]: /opt/infer/infer/bin/infer --pulse-only --pulse-max-disjuncts 100 --jobs 32 --reactive --pulse-fix-mode --pulse-fix-file=src/lxc/af_unix.c --pulse-fix-function=lxc_abstract_unix_send_credential -o /effFix-experiment/effFix-benchmark/lxc/null-ptr-20-lxc/repair/infer-out-single -- make -j4
[Wed Jan 21 04:03:11 2026][COMMAND]: sed -i -e '238s:^:return call to sendmsg; free ( \& ...->msg_control ) ;  :' /effFix-experiment/effFix-benchmark/lxc/null-ptr-20-lxc/src/src/lxc/af_unix.c
[Wed Jan 21 04:03:11 2026][COMMAND]: diff -u /effFix-experiment/effFix-benchmark/lxc/null-ptr-20-lxc/repair/af_unix.c.backup /effFix-experiment/effFix-benchmark/lxc/null-ptr-20-lxc/src/src/lxc/af_unix.c > /effFix-experiment/effFix-benchmark/lxc/null-ptr-20-lxc/repair/232.patch
[Wed Jan 21 04:03:11 2026][COMMAND]: /opt/infer/infer/bin/infer --pulse-only --pulse-max-disjuncts 100 --jobs 32 --reactive --pulse-fix-mode --pulse-fix-file=src/lxc/af_unix.c --pulse-fix-function=lxc_abstract_unix_send_credential -o /effFix-experiment/effFix-benchmark/lxc/null-ptr-20-lxc/repair/infer-out-single -- make -j4
[Wed Jan 21 04:03:11 2026][COMMAND]: sed -i -e '238s:^:if ( msg.msg_controllen + cmsg->cmsg_len <= cmsg->cmsg_len \&\& \& ...->msg_controllen / \& ...->msg_controllen <= cmsg->cmsg_len ) { return 0; } return msg.msg_control ;  :' /effFix-experiment/effFix-benchmark/lxc/null-ptr-20-lxc/src/src/lxc/af_unix.c
[Wed Jan 21 04:03:11 2026][COMMAND]: diff -u /effFix-experiment/effFix-benchmark/lxc/null-ptr-20-lxc/repair/af_unix.c.backup /effFix-experiment/effFix-benchmark/lxc/null-ptr-20-lxc/src/src/lxc/af_unix.c > /effFix-experiment/effFix-benchmark/lxc/null-ptr-20-lxc/repair/233.patch
[Wed Jan 21 04:03:11 2026][COMMAND]: /opt/infer/infer/bin/infer --pulse-only --pulse-max-disjuncts 100 --jobs 32 --reactive --pulse-fix-mode --pulse-fix-file=src/lxc/af_unix.c --pulse-fix-function=lxc_abstract_unix_send_credential -o /effFix-experiment/effFix-benchmark/lxc/null-ptr-20-lxc/repair/infer-out-single -- make -j4
[Wed Jan 21 04:03:11 2026][COMMAND]: sed -i -e '238s:$: cmsg = NULL ; :' /effFix-experiment/effFix-benchmark/lxc/null-ptr-20-lxc/src/src/lxc/af_unix.c
[Wed Jan 21 04:03:11 2026][COMMAND]: diff -u /effFix-experiment/effFix-benchmark/lxc/null-ptr-20-lxc/repair/af_unix.c.backup /effFix-experiment/effFix-benchmark/lxc/null-ptr-20-lxc/src/src/lxc/af_unix.c > /effFix-experiment/effFix-benchmark/lxc/null-ptr-20-lxc/repair/234.patch
[Wed Jan 21 04:03:11 2026][COMMAND]: /opt/infer/infer/bin/infer --pulse-only --pulse-max-disjuncts 100 --jobs 32 --reactive --pulse-fix-mode --pulse-fix-file=src/lxc/af_unix.c --pulse-fix-function=lxc_abstract_unix_send_credential -o /effFix-experiment/effFix-benchmark/lxc/null-ptr-20-lxc/repair/infer-out-single -- make -j4
[Wed Jan 21 04:03:11 2026][COMMAND]: sed -i -e '238s:^:msg.msg_controllen = cmsg->cmsg_len - \& ...->msg_controllen ;  :' /effFix-experiment/effFix-benchmark/lxc/null-ptr-20-lxc/src/src/lxc/af_unix.c
[Wed Jan 21 04:03:11 2026][COMMAND]: diff -u /effFix-experiment/effFix-benchmark/lxc/null-ptr-20-lxc/repair/af_unix.c.backup /effFix-experiment/effFix-benchmark/lxc/null-ptr-20-lxc/src/src/lxc/af_unix.c > /effFix-experiment/effFix-benchmark/lxc/null-ptr-20-lxc/repair/235.patch
[Wed Jan 21 04:03:11 2026][COMMAND]: /opt/infer/infer/bin/infer --pulse-only --pulse-max-disjuncts 100 --jobs 32 --reactive --pulse-fix-mode --pulse-fix-file=src/lxc/af_unix.c --pulse-fix-function=lxc_abstract_unix_send_credential -o /effFix-experiment/effFix-benchmark/lxc/null-ptr-20-lxc/repair/infer-out-single -- make -j4
[Wed Jan 21 04:03:11 2026][COMMAND]: sed -i -e '238s:^:cmsg = msg.msg_control ;  :' /effFix-experiment/effFix-benchmark/lxc/null-ptr-20-lxc/src/src/lxc/af_unix.c
[Wed Jan 21 04:03:11 2026][COMMAND]: diff -u /effFix-experiment/effFix-benchmark/lxc/null-ptr-20-lxc/repair/af_unix.c.backup /effFix-experiment/effFix-benchmark/lxc/null-ptr-20-lxc/src/src/lxc/af_unix.c > /effFix-experiment/effFix-benchmark/lxc/null-ptr-20-lxc/repair/236.patch
[Wed Jan 21 04:03:11 2026][COMMAND]: /opt/infer/infer/bin/infer --pulse-only --pulse-max-disjuncts 100 --jobs 32 --reactive --pulse-fix-mode --pulse-fix-file=src/lxc/af_unix.c --pulse-fix-function=lxc_abstract_unix_send_credential -o /effFix-experiment/effFix-benchmark/lxc/null-ptr-20-lxc/repair/infer-out-single -- make -j4
[Wed Jan 21 04:03:11 2026][COMMAND]: sed -i -e '238s:$: return msg.msg_control ; if ( msg.msg_control == msg.msg_control \&\& msg.msg_controllen + \& ...->msg_controllen >= 0 ) { cmsg->cmsg_len = \& ...->msg_controllen * \& ...->msg_controllen ; } :' /effFix-experiment/effFix-benchmark/lxc/null-ptr-20-lxc/src/src/lxc/af_unix.c
[Wed Jan 21 04:03:11 2026][COMMAND]: diff -u /effFix-experiment/effFix-benchmark/lxc/null-ptr-20-lxc/repair/af_unix.c.backup /effFix-experiment/effFix-benchmark/lxc/null-ptr-20-lxc/src/src/lxc/af_unix.c > /effFix-experiment/effFix-benchmark/lxc/null-ptr-20-lxc/repair/237.patch
[Wed Jan 21 04:03:12 2026][COMMAND]: /opt/infer/infer/bin/infer --pulse-only --pulse-max-disjuncts 100 --jobs 32 --reactive --pulse-fix-mode --pulse-fix-file=src/lxc/af_unix.c --pulse-fix-function=lxc_abstract_unix_send_credential -o /effFix-experiment/effFix-benchmark/lxc/null-ptr-20-lxc/repair/infer-out-single -- make -j4
[Wed Jan 21 04:03:12 2026][COMMAND]: sed -i -e '238s:$: cmsg->cmsg_len = cmsg->cmsg_len ; return NULL ; :' /effFix-experiment/effFix-benchmark/lxc/null-ptr-20-lxc/src/src/lxc/af_unix.c
[Wed Jan 21 04:03:12 2026][COMMAND]: diff -u /effFix-experiment/effFix-benchmark/lxc/null-ptr-20-lxc/repair/af_unix.c.backup /effFix-experiment/effFix-benchmark/lxc/null-ptr-20-lxc/src/src/lxc/af_unix.c > /effFix-experiment/effFix-benchmark/lxc/null-ptr-20-lxc/repair/238.patch
[Wed Jan 21 04:03:12 2026][COMMAND]: /opt/infer/infer/bin/infer --pulse-only --pulse-max-disjuncts 100 --jobs 32 --reactive --pulse-fix-mode --pulse-fix-file=src/lxc/af_unix.c --pulse-fix-function=lxc_abstract_unix_send_credential -o /effFix-experiment/effFix-benchmark/lxc/null-ptr-20-lxc/repair/infer-out-single -- make -j4
[Wed Jan 21 04:03:12 2026][COMMAND]: sed -i -e '238s:$: if ( msg.msg_control == cmsg || cmsg != cmsg ) { free ( \& ...->msg_control ) ; } :' /effFix-experiment/effFix-benchmark/lxc/null-ptr-20-lxc/src/src/lxc/af_unix.c
[Wed Jan 21 04:03:12 2026][COMMAND]: diff -u /effFix-experiment/effFix-benchmark/lxc/null-ptr-20-lxc/repair/af_unix.c.backup /effFix-experiment/effFix-benchmark/lxc/null-ptr-20-lxc/src/src/lxc/af_unix.c > /effFix-experiment/effFix-benchmark/lxc/null-ptr-20-lxc/repair/239.patch
[Wed Jan 21 04:03:12 2026][COMMAND]: /opt/infer/infer/bin/infer --pulse-only --pulse-max-disjuncts 100 --jobs 32 --reactive --pulse-fix-mode --pulse-fix-file=src/lxc/af_unix.c --pulse-fix-function=lxc_abstract_unix_send_credential -o /effFix-experiment/effFix-benchmark/lxc/null-ptr-20-lxc/repair/infer-out-single -- make -j4
[Wed Jan 21 04:03:12 2026][COMMAND]: sed -i -e '238s:$: if ( \& ...->msg_controllen / msg.msg_controllen > msg.msg_controllen \&\& msg.msg_control == cmsg ) { \& ...->msg_control = malloc ( sizeof ( * \& ...->msg_control ) ) ; } :' /effFix-experiment/effFix-benchmark/lxc/null-ptr-20-lxc/src/src/lxc/af_unix.c
[Wed Jan 21 04:03:12 2026][COMMAND]: diff -u /effFix-experiment/effFix-benchmark/lxc/null-ptr-20-lxc/repair/af_unix.c.backup /effFix-experiment/effFix-benchmark/lxc/null-ptr-20-lxc/src/src/lxc/af_unix.c > /effFix-experiment/effFix-benchmark/lxc/null-ptr-20-lxc/repair/240.patch
[Wed Jan 21 04:03:12 2026][COMMAND]: /opt/infer/infer/bin/infer --pulse-only --pulse-max-disjuncts 100 --jobs 32 --reactive --pulse-fix-mode --pulse-fix-file=src/lxc/af_unix.c --pulse-fix-function=lxc_abstract_unix_send_credential -o /effFix-experiment/effFix-benchmark/lxc/null-ptr-20-lxc/repair/infer-out-single -- make -j4
[Wed Jan 21 04:03:12 2026][COMMAND]: sed -i -e '238s:^:if ( msg.msg_controllen * cmsg->cmsg_len <= 1 || cmsg->cmsg_len >= \& ...->msg_controllen ) { return cmsg ; }  :' /effFix-experiment/effFix-benchmark/lxc/null-ptr-20-lxc/src/src/lxc/af_unix.c
[Wed Jan 21 04:03:12 2026][COMMAND]: diff -u /effFix-experiment/effFix-benchmark/lxc/null-ptr-20-lxc/repair/af_unix.c.backup /effFix-experiment/effFix-benchmark/lxc/null-ptr-20-lxc/src/src/lxc/af_unix.c > /effFix-experiment/effFix-benchmark/lxc/null-ptr-20-lxc/repair/241.patch
[Wed Jan 21 04:03:12 2026][COMMAND]: /opt/infer/infer/bin/infer --pulse-only --pulse-max-disjuncts 100 --jobs 32 --reactive --pulse-fix-mode --pulse-fix-file=src/lxc/af_unix.c --pulse-fix-function=lxc_abstract_unix_send_credential -o /effFix-experiment/effFix-benchmark/lxc/null-ptr-20-lxc/repair/infer-out-single -- make -j4
[Wed Jan 21 04:03:12 2026][COMMAND]: sed -i -e '238s:^:msg.msg_controllen = \& ...->msg_controllen - \& ...->msg_controllen ;  :' /effFix-experiment/effFix-benchmark/lxc/null-ptr-20-lxc/src/src/lxc/af_unix.c
[Wed Jan 21 04:03:12 2026][COMMAND]: diff -u /effFix-experiment/effFix-benchmark/lxc/null-ptr-20-lxc/repair/af_unix.c.backup /effFix-experiment/effFix-benchmark/lxc/null-ptr-20-lxc/src/src/lxc/af_unix.c > /effFix-experiment/effFix-benchmark/lxc/null-ptr-20-lxc/repair/242.patch
[Wed Jan 21 04:03:12 2026][COMMAND]: /opt/infer/infer/bin/infer --pulse-only --pulse-max-disjuncts 100 --jobs 32 --reactive --pulse-fix-mode --pulse-fix-file=src/lxc/af_unix.c --pulse-fix-function=lxc_abstract_unix_send_credential -o /effFix-experiment/effFix-benchmark/lxc/null-ptr-20-lxc/repair/infer-out-single -- make -j4
[Wed Jan 21 04:03:12 2026][COMMAND]: sed -i -e '238s:$: if ( msg.msg_controllen + msg.msg_controllen > 0 \&\& \& ...->msg_controllen <= cmsg->cmsg_len ) { return NULL ; } :' /effFix-experiment/effFix-benchmark/lxc/null-ptr-20-lxc/src/src/lxc/af_unix.c
[Wed Jan 21 04:03:12 2026][COMMAND]: diff -u /effFix-experiment/effFix-benchmark/lxc/null-ptr-20-lxc/repair/af_unix.c.backup /effFix-experiment/effFix-benchmark/lxc/null-ptr-20-lxc/src/src/lxc/af_unix.c > /effFix-experiment/effFix-benchmark/lxc/null-ptr-20-lxc/repair/243.patch
[Wed Jan 21 04:03:12 2026][COMMAND]: /opt/infer/infer/bin/infer --pulse-only --pulse-max-disjuncts 100 --jobs 32 --reactive --pulse-fix-mode --pulse-fix-file=src/lxc/af_unix.c --pulse-fix-function=lxc_abstract_unix_send_credential -o /effFix-experiment/effFix-benchmark/lxc/null-ptr-20-lxc/repair/infer-out-single -- make -j4
[Wed Jan 21 04:03:12 2026][COMMAND]: sed -i -e '238s:^:if ( cmsg->cmsg_len - cmsg->cmsg_len < msg.msg_controllen || \& ...->msg_control != msg.msg_control ) { return 0; }  :' /effFix-experiment/effFix-benchmark/lxc/null-ptr-20-lxc/src/src/lxc/af_unix.c
[Wed Jan 21 04:03:12 2026][COMMAND]: diff -u /effFix-experiment/effFix-benchmark/lxc/null-ptr-20-lxc/repair/af_unix.c.backup /effFix-experiment/effFix-benchmark/lxc/null-ptr-20-lxc/src/src/lxc/af_unix.c > /effFix-experiment/effFix-benchmark/lxc/null-ptr-20-lxc/repair/244.patch
[Wed Jan 21 04:03:12 2026][COMMAND]: /opt/infer/infer/bin/infer --pulse-only --pulse-max-disjuncts 100 --jobs 32 --reactive --pulse-fix-mode --pulse-fix-file=src/lxc/af_unix.c --pulse-fix-function=lxc_abstract_unix_send_credential -o /effFix-experiment/effFix-benchmark/lxc/null-ptr-20-lxc/repair/infer-out-single -- make -j4
[Wed Jan 21 04:03:13 2026][COMMAND]: sed -i -e '238s:^:msg.msg_control = malloc ( sizeof ( * msg.msg_control ) ) ; msg.msg_controllen = cmsg->cmsg_len / msg.msg_controllen ;  :' /effFix-experiment/effFix-benchmark/lxc/null-ptr-20-lxc/src/src/lxc/af_unix.c
[Wed Jan 21 04:03:13 2026][COMMAND]: diff -u /effFix-experiment/effFix-benchmark/lxc/null-ptr-20-lxc/repair/af_unix.c.backup /effFix-experiment/effFix-benchmark/lxc/null-ptr-20-lxc/src/src/lxc/af_unix.c > /effFix-experiment/effFix-benchmark/lxc/null-ptr-20-lxc/repair/245.patch
[Wed Jan 21 04:03:13 2026][COMMAND]: /opt/infer/infer/bin/infer --pulse-only --pulse-max-disjuncts 100 --jobs 32 --reactive --pulse-fix-mode --pulse-fix-file=src/lxc/af_unix.c --pulse-fix-function=lxc_abstract_unix_send_credential -o /effFix-experiment/effFix-benchmark/lxc/null-ptr-20-lxc/repair/infer-out-single -- make -j4
[Wed Jan 21 04:03:13 2026][COMMAND]: sed -i -e '238s:^:return 0; return call to sendmsg;  :' /effFix-experiment/effFix-benchmark/lxc/null-ptr-20-lxc/src/src/lxc/af_unix.c
[Wed Jan 21 04:03:13 2026][COMMAND]: diff -u /effFix-experiment/effFix-benchmark/lxc/null-ptr-20-lxc/repair/af_unix.c.backup /effFix-experiment/effFix-benchmark/lxc/null-ptr-20-lxc/src/src/lxc/af_unix.c > /effFix-experiment/effFix-benchmark/lxc/null-ptr-20-lxc/repair/246.patch
[Wed Jan 21 04:03:13 2026][COMMAND]: /opt/infer/infer/bin/infer --pulse-only --pulse-max-disjuncts 100 --jobs 32 --reactive --pulse-fix-mode --pulse-fix-file=src/lxc/af_unix.c --pulse-fix-function=lxc_abstract_unix_send_credential -o /effFix-experiment/effFix-benchmark/lxc/null-ptr-20-lxc/repair/infer-out-single -- make -j4
[Wed Jan 21 04:03:13 2026][COMMAND]: sed -i -e '238s:$: if ( msg.msg_control != cmsg ) { return 0; } :' /effFix-experiment/effFix-benchmark/lxc/null-ptr-20-lxc/src/src/lxc/af_unix.c
[Wed Jan 21 04:03:13 2026][COMMAND]: diff -u /effFix-experiment/effFix-benchmark/lxc/null-ptr-20-lxc/repair/af_unix.c.backup /effFix-experiment/effFix-benchmark/lxc/null-ptr-20-lxc/src/src/lxc/af_unix.c > /effFix-experiment/effFix-benchmark/lxc/null-ptr-20-lxc/repair/247.patch
[Wed Jan 21 04:03:13 2026][COMMAND]: /opt/infer/infer/bin/infer --pulse-only --pulse-max-disjuncts 100 --jobs 32 --reactive --pulse-fix-mode --pulse-fix-file=src/lxc/af_unix.c --pulse-fix-function=lxc_abstract_unix_send_credential -o /effFix-experiment/effFix-benchmark/lxc/null-ptr-20-lxc/repair/infer-out-single -- make -j4
[Wed Jan 21 04:03:13 2026][COMMAND]: sed -i -e '238s:^:if ( msg.msg_control != \& ...->msg_control ) { free ( \& ...->msg_control ) ; }  :' /effFix-experiment/effFix-benchmark/lxc/null-ptr-20-lxc/src/src/lxc/af_unix.c
[Wed Jan 21 04:03:13 2026][COMMAND]: diff -u /effFix-experiment/effFix-benchmark/lxc/null-ptr-20-lxc/repair/af_unix.c.backup /effFix-experiment/effFix-benchmark/lxc/null-ptr-20-lxc/src/src/lxc/af_unix.c > /effFix-experiment/effFix-benchmark/lxc/null-ptr-20-lxc/repair/248.patch
[Wed Jan 21 04:03:13 2026][COMMAND]: /opt/infer/infer/bin/infer --pulse-only --pulse-max-disjuncts 100 --jobs 32 --reactive --pulse-fix-mode --pulse-fix-file=src/lxc/af_unix.c --pulse-fix-function=lxc_abstract_unix_send_credential -o /effFix-experiment/effFix-benchmark/lxc/null-ptr-20-lxc/repair/infer-out-single -- make -j4
[Wed Jan 21 04:03:13 2026][COMMAND]: sed -i -e '238s:$: if ( msg.msg_control != cmsg \&\& msg.msg_controllen - msg.msg_controllen >= 0 ) { return \& ...->msg_control ; } :' /effFix-experiment/effFix-benchmark/lxc/null-ptr-20-lxc/src/src/lxc/af_unix.c
[Wed Jan 21 04:03:13 2026][COMMAND]: diff -u /effFix-experiment/effFix-benchmark/lxc/null-ptr-20-lxc/repair/af_unix.c.backup /effFix-experiment/effFix-benchmark/lxc/null-ptr-20-lxc/src/src/lxc/af_unix.c > /effFix-experiment/effFix-benchmark/lxc/null-ptr-20-lxc/repair/249.patch
[Wed Jan 21 04:03:13 2026][COMMAND]: /opt/infer/infer/bin/infer --pulse-only --pulse-max-disjuncts 100 --jobs 32 --reactive --pulse-fix-mode --pulse-fix-file=src/lxc/af_unix.c --pulse-fix-function=lxc_abstract_unix_send_credential -o /effFix-experiment/effFix-benchmark/lxc/null-ptr-20-lxc/repair/infer-out-single -- make -j4
[Wed Jan 21 04:03:13 2026][COMMAND]: sed -i -e '238s:^:\& ...->msg_controllen = \& ...->msg_controllen ;  :' /effFix-experiment/effFix-benchmark/lxc/null-ptr-20-lxc/src/src/lxc/af_unix.c
[Wed Jan 21 04:03:13 2026][COMMAND]: diff -u /effFix-experiment/effFix-benchmark/lxc/null-ptr-20-lxc/repair/af_unix.c.backup /effFix-experiment/effFix-benchmark/lxc/null-ptr-20-lxc/src/src/lxc/af_unix.c > /effFix-experiment/effFix-benchmark/lxc/null-ptr-20-lxc/repair/250.patch
[Wed Jan 21 04:03:13 2026][COMMAND]: /opt/infer/infer/bin/infer --pulse-only --pulse-max-disjuncts 100 --jobs 32 --reactive --pulse-fix-mode --pulse-fix-file=src/lxc/af_unix.c --pulse-fix-function=lxc_abstract_unix_send_credential -o /effFix-experiment/effFix-benchmark/lxc/null-ptr-20-lxc/repair/infer-out-single -- make -j4
[Wed Jan 21 04:03:13 2026][COMMAND]: sed -i -e '238s:$: if ( cmsg != NULL \&\& msg.msg_control != msg.msg_control ) { return 0; } :' /effFix-experiment/effFix-benchmark/lxc/null-ptr-20-lxc/src/src/lxc/af_unix.c
[Wed Jan 21 04:03:13 2026][COMMAND]: diff -u /effFix-experiment/effFix-benchmark/lxc/null-ptr-20-lxc/repair/af_unix.c.backup /effFix-experiment/effFix-benchmark/lxc/null-ptr-20-lxc/src/src/lxc/af_unix.c > /effFix-experiment/effFix-benchmark/lxc/null-ptr-20-lxc/repair/251.patch
[Wed Jan 21 04:03:13 2026][COMMAND]: /opt/infer/infer/bin/infer --pulse-only --pulse-max-disjuncts 100 --jobs 32 --reactive --pulse-fix-mode --pulse-fix-file=src/lxc/af_unix.c --pulse-fix-function=lxc_abstract_unix_send_credential -o /effFix-experiment/effFix-benchmark/lxc/null-ptr-20-lxc/repair/infer-out-single -- make -j4
[Wed Jan 21 04:03:14 2026][COMMAND]: sed -i -e '238s:$: \& ...->msg_control = malloc ( sizeof ( * msg.msg_control ) ) ; :' /effFix-experiment/effFix-benchmark/lxc/null-ptr-20-lxc/src/src/lxc/af_unix.c
[Wed Jan 21 04:03:14 2026][COMMAND]: diff -u /effFix-experiment/effFix-benchmark/lxc/null-ptr-20-lxc/repair/af_unix.c.backup /effFix-experiment/effFix-benchmark/lxc/null-ptr-20-lxc/src/src/lxc/af_unix.c > /effFix-experiment/effFix-benchmark/lxc/null-ptr-20-lxc/repair/252.patch
[Wed Jan 21 04:03:14 2026][COMMAND]: /opt/infer/infer/bin/infer --pulse-only --pulse-max-disjuncts 100 --jobs 32 --reactive --pulse-fix-mode --pulse-fix-file=src/lxc/af_unix.c --pulse-fix-function=lxc_abstract_unix_send_credential -o /effFix-experiment/effFix-benchmark/lxc/null-ptr-20-lxc/repair/infer-out-single -- make -j4
[Wed Jan 21 04:03:14 2026][COMMAND]: sed -i -e '238s:$: if ( ! ( \& ...->msg_control == msg.msg_control ) ) { cmsg = malloc ( sizeof ( * \& ...->msg_control ) ) ; } :' /effFix-experiment/effFix-benchmark/lxc/null-ptr-20-lxc/src/src/lxc/af_unix.c
[Wed Jan 21 04:03:14 2026][COMMAND]: diff -u /effFix-experiment/effFix-benchmark/lxc/null-ptr-20-lxc/repair/af_unix.c.backup /effFix-experiment/effFix-benchmark/lxc/null-ptr-20-lxc/src/src/lxc/af_unix.c > /effFix-experiment/effFix-benchmark/lxc/null-ptr-20-lxc/repair/253.patch
[Wed Jan 21 04:03:14 2026][COMMAND]: /opt/infer/infer/bin/infer --pulse-only --pulse-max-disjuncts 100 --jobs 32 --reactive --pulse-fix-mode --pulse-fix-file=src/lxc/af_unix.c --pulse-fix-function=lxc_abstract_unix_send_credential -o /effFix-experiment/effFix-benchmark/lxc/null-ptr-20-lxc/repair/infer-out-single -- make -j4
[Wed Jan 21 04:03:14 2026][COMMAND]: sed -i -e '238s:$: if ( ! ( cmsg != cmsg ) ) { return call to sendmsg; } :' /effFix-experiment/effFix-benchmark/lxc/null-ptr-20-lxc/src/src/lxc/af_unix.c
[Wed Jan 21 04:03:14 2026][COMMAND]: diff -u /effFix-experiment/effFix-benchmark/lxc/null-ptr-20-lxc/repair/af_unix.c.backup /effFix-experiment/effFix-benchmark/lxc/null-ptr-20-lxc/src/src/lxc/af_unix.c > /effFix-experiment/effFix-benchmark/lxc/null-ptr-20-lxc/repair/254.patch
[Wed Jan 21 04:03:14 2026][COMMAND]: /opt/infer/infer/bin/infer --pulse-only --pulse-max-disjuncts 100 --jobs 32 --reactive --pulse-fix-mode --pulse-fix-file=src/lxc/af_unix.c --pulse-fix-function=lxc_abstract_unix_send_credential -o /effFix-experiment/effFix-benchmark/lxc/null-ptr-20-lxc/repair/infer-out-single -- make -j4
[Wed Jan 21 04:03:15 2026][COMMAND]: sed -i -e '238s:^:cmsg->cmsg_len = msg.msg_controllen ;  :' /effFix-experiment/effFix-benchmark/lxc/null-ptr-20-lxc/src/src/lxc/af_unix.c
[Wed Jan 21 04:03:15 2026][COMMAND]: diff -u /effFix-experiment/effFix-benchmark/lxc/null-ptr-20-lxc/repair/af_unix.c.backup /effFix-experiment/effFix-benchmark/lxc/null-ptr-20-lxc/src/src/lxc/af_unix.c > /effFix-experiment/effFix-benchmark/lxc/null-ptr-20-lxc/repair/255.patch
[Wed Jan 21 04:03:15 2026][COMMAND]: /opt/infer/infer/bin/infer --pulse-only --pulse-max-disjuncts 100 --jobs 32 --reactive --pulse-fix-mode --pulse-fix-file=src/lxc/af_unix.c --pulse-fix-function=lxc_abstract_unix_send_credential -o /effFix-experiment/effFix-benchmark/lxc/null-ptr-20-lxc/repair/infer-out-single -- make -j4
[Wed Jan 21 04:03:15 2026][COMMAND]: sed -i -e '238s:$: msg.msg_controllen = cmsg->cmsg_len ; :' /effFix-experiment/effFix-benchmark/lxc/null-ptr-20-lxc/src/src/lxc/af_unix.c
[Wed Jan 21 04:03:15 2026][COMMAND]: diff -u /effFix-experiment/effFix-benchmark/lxc/null-ptr-20-lxc/repair/af_unix.c.backup /effFix-experiment/effFix-benchmark/lxc/null-ptr-20-lxc/src/src/lxc/af_unix.c > /effFix-experiment/effFix-benchmark/lxc/null-ptr-20-lxc/repair/256.patch
[Wed Jan 21 04:03:15 2026][COMMAND]: /opt/infer/infer/bin/infer --pulse-only --pulse-max-disjuncts 100 --jobs 32 --reactive --pulse-fix-mode --pulse-fix-file=src/lxc/af_unix.c --pulse-fix-function=lxc_abstract_unix_send_credential -o /effFix-experiment/effFix-benchmark/lxc/null-ptr-20-lxc/repair/infer-out-single -- make -j4
[Wed Jan 21 04:03:15 2026][COMMAND]: sed -i -e '238s:^:if ( msg.msg_controllen + msg.msg_controllen != 1 ) { cmsg->cmsg_len = \& ...->msg_controllen ; }  :' /effFix-experiment/effFix-benchmark/lxc/null-ptr-20-lxc/src/src/lxc/af_unix.c
[Wed Jan 21 04:03:15 2026][COMMAND]: diff -u /effFix-experiment/effFix-benchmark/lxc/null-ptr-20-lxc/repair/af_unix.c.backup /effFix-experiment/effFix-benchmark/lxc/null-ptr-20-lxc/src/src/lxc/af_unix.c > /effFix-experiment/effFix-benchmark/lxc/null-ptr-20-lxc/repair/257.patch
[Wed Jan 21 04:03:15 2026][COMMAND]: /opt/infer/infer/bin/infer --pulse-only --pulse-max-disjuncts 100 --jobs 32 --reactive --pulse-fix-mode --pulse-fix-file=src/lxc/af_unix.c --pulse-fix-function=lxc_abstract_unix_send_credential -o /effFix-experiment/effFix-benchmark/lxc/null-ptr-20-lxc/repair/infer-out-single -- make -j4
[Wed Jan 21 04:03:15 2026][COMMAND]: sed -i -e '238s:^:if ( msg.msg_control != \& ...->msg_control ) { return 0; }  :' /effFix-experiment/effFix-benchmark/lxc/null-ptr-20-lxc/src/src/lxc/af_unix.c
[Wed Jan 21 04:03:15 2026][COMMAND]: diff -u /effFix-experiment/effFix-benchmark/lxc/null-ptr-20-lxc/repair/af_unix.c.backup /effFix-experiment/effFix-benchmark/lxc/null-ptr-20-lxc/src/src/lxc/af_unix.c > /effFix-experiment/effFix-benchmark/lxc/null-ptr-20-lxc/repair/258.patch
[Wed Jan 21 04:03:15 2026][COMMAND]: /opt/infer/infer/bin/infer --pulse-only --pulse-max-disjuncts 100 --jobs 32 --reactive --pulse-fix-mode --pulse-fix-file=src/lxc/af_unix.c --pulse-fix-function=lxc_abstract_unix_send_credential -o /effFix-experiment/effFix-benchmark/lxc/null-ptr-20-lxc/repair/infer-out-single -- make -j4
[Wed Jan 21 04:03:15 2026][COMMAND]: sed -i -e '238s:$: \& ...->msg_controllen = \& ...->msg_controllen - \& ...->msg_controllen ; :' /effFix-experiment/effFix-benchmark/lxc/null-ptr-20-lxc/src/src/lxc/af_unix.c
[Wed Jan 21 04:03:15 2026][COMMAND]: diff -u /effFix-experiment/effFix-benchmark/lxc/null-ptr-20-lxc/repair/af_unix.c.backup /effFix-experiment/effFix-benchmark/lxc/null-ptr-20-lxc/src/src/lxc/af_unix.c > /effFix-experiment/effFix-benchmark/lxc/null-ptr-20-lxc/repair/259.patch
[Wed Jan 21 04:03:15 2026][COMMAND]: /opt/infer/infer/bin/infer --pulse-only --pulse-max-disjuncts 100 --jobs 32 --reactive --pulse-fix-mode --pulse-fix-file=src/lxc/af_unix.c --pulse-fix-function=lxc_abstract_unix_send_credential -o /effFix-experiment/effFix-benchmark/lxc/null-ptr-20-lxc/repair/infer-out-single -- make -j4
[Wed Jan 21 04:03:15 2026][COMMAND]: sed -i -e '238s:^:return call to sendmsg; return NULL ;  :' /effFix-experiment/effFix-benchmark/lxc/null-ptr-20-lxc/src/src/lxc/af_unix.c
[Wed Jan 21 04:03:15 2026][COMMAND]: diff -u /effFix-experiment/effFix-benchmark/lxc/null-ptr-20-lxc/repair/af_unix.c.backup /effFix-experiment/effFix-benchmark/lxc/null-ptr-20-lxc/src/src/lxc/af_unix.c > /effFix-experiment/effFix-benchmark/lxc/null-ptr-20-lxc/repair/260.patch
[Wed Jan 21 04:03:15 2026][COMMAND]: /opt/infer/infer/bin/infer --pulse-only --pulse-max-disjuncts 100 --jobs 32 --reactive --pulse-fix-mode --pulse-fix-file=src/lxc/af_unix.c --pulse-fix-function=lxc_abstract_unix_send_credential -o /effFix-experiment/effFix-benchmark/lxc/null-ptr-20-lxc/repair/infer-out-single -- make -j4
[Wed Jan 21 04:03:15 2026][COMMAND]: sed -i -e '238s:^:free ( msg.msg_control ) ;  :' /effFix-experiment/effFix-benchmark/lxc/null-ptr-20-lxc/src/src/lxc/af_unix.c
[Wed Jan 21 04:03:15 2026][COMMAND]: diff -u /effFix-experiment/effFix-benchmark/lxc/null-ptr-20-lxc/repair/af_unix.c.backup /effFix-experiment/effFix-benchmark/lxc/null-ptr-20-lxc/src/src/lxc/af_unix.c > /effFix-experiment/effFix-benchmark/lxc/null-ptr-20-lxc/repair/261.patch
[Wed Jan 21 04:03:15 2026][COMMAND]: /opt/infer/infer/bin/infer --pulse-only --pulse-max-disjuncts 100 --jobs 32 --reactive --pulse-fix-mode --pulse-fix-file=src/lxc/af_unix.c --pulse-fix-function=lxc_abstract_unix_send_credential -o /effFix-experiment/effFix-benchmark/lxc/null-ptr-20-lxc/repair/infer-out-single -- make -j4
[Wed Jan 21 04:03:15 2026][COMMAND]: sed -i -e '238s:^:free ( msg.msg_control ) ; cmsg = msg.msg_control ;  :' /effFix-experiment/effFix-benchmark/lxc/null-ptr-20-lxc/src/src/lxc/af_unix.c
[Wed Jan 21 04:03:15 2026][COMMAND]: diff -u /effFix-experiment/effFix-benchmark/lxc/null-ptr-20-lxc/repair/af_unix.c.backup /effFix-experiment/effFix-benchmark/lxc/null-ptr-20-lxc/src/src/lxc/af_unix.c > /effFix-experiment/effFix-benchmark/lxc/null-ptr-20-lxc/repair/262.patch
[Wed Jan 21 04:03:15 2026][COMMAND]: /opt/infer/infer/bin/infer --pulse-only --pulse-max-disjuncts 100 --jobs 32 --reactive --pulse-fix-mode --pulse-fix-file=src/lxc/af_unix.c --pulse-fix-function=lxc_abstract_unix_send_credential -o /effFix-experiment/effFix-benchmark/lxc/null-ptr-20-lxc/repair/infer-out-single -- make -j4
[Wed Jan 21 04:03:15 2026][COMMAND]: sed -i -e '238s:$: if ( ! ( msg.msg_control != msg.msg_control ) ) { return NULL ; } :' /effFix-experiment/effFix-benchmark/lxc/null-ptr-20-lxc/src/src/lxc/af_unix.c
[Wed Jan 21 04:03:15 2026][COMMAND]: diff -u /effFix-experiment/effFix-benchmark/lxc/null-ptr-20-lxc/repair/af_unix.c.backup /effFix-experiment/effFix-benchmark/lxc/null-ptr-20-lxc/src/src/lxc/af_unix.c > /effFix-experiment/effFix-benchmark/lxc/null-ptr-20-lxc/repair/263.patch
[Wed Jan 21 04:03:15 2026][COMMAND]: /opt/infer/infer/bin/infer --pulse-only --pulse-max-disjuncts 100 --jobs 32 --reactive --pulse-fix-mode --pulse-fix-file=src/lxc/af_unix.c --pulse-fix-function=lxc_abstract_unix_send_credential -o /effFix-experiment/effFix-benchmark/lxc/null-ptr-20-lxc/repair/infer-out-single -- make -j4
[Wed Jan 21 04:03:15 2026][COMMAND]: sed -i -e '238s:^:if ( cmsg->cmsg_len + msg.msg_controllen <= msg.msg_controllen ) { return NULL ; }  :' /effFix-experiment/effFix-benchmark/lxc/null-ptr-20-lxc/src/src/lxc/af_unix.c
[Wed Jan 21 04:03:15 2026][COMMAND]: diff -u /effFix-experiment/effFix-benchmark/lxc/null-ptr-20-lxc/repair/af_unix.c.backup /effFix-experiment/effFix-benchmark/lxc/null-ptr-20-lxc/src/src/lxc/af_unix.c > /effFix-experiment/effFix-benchmark/lxc/null-ptr-20-lxc/repair/264.patch
[Wed Jan 21 04:03:15 2026][COMMAND]: /opt/infer/infer/bin/infer --pulse-only --pulse-max-disjuncts 100 --jobs 32 --reactive --pulse-fix-mode --pulse-fix-file=src/lxc/af_unix.c --pulse-fix-function=lxc_abstract_unix_send_credential -o /effFix-experiment/effFix-benchmark/lxc/null-ptr-20-lxc/repair/infer-out-single -- make -j4
[Wed Jan 21 04:03:15 2026][COMMAND]: sed -i -e '238s:^:if ( msg.msg_control == msg.msg_control \&\& \& ...->msg_controllen * \& ...->msg_controllen >= 1 ) { return 0; }  :' /effFix-experiment/effFix-benchmark/lxc/null-ptr-20-lxc/src/src/lxc/af_unix.c
[Wed Jan 21 04:03:15 2026][COMMAND]: diff -u /effFix-experiment/effFix-benchmark/lxc/null-ptr-20-lxc/repair/af_unix.c.backup /effFix-experiment/effFix-benchmark/lxc/null-ptr-20-lxc/src/src/lxc/af_unix.c > /effFix-experiment/effFix-benchmark/lxc/null-ptr-20-lxc/repair/265.patch
[Wed Jan 21 04:03:15 2026][COMMAND]: /opt/infer/infer/bin/infer --pulse-only --pulse-max-disjuncts 100 --jobs 32 --reactive --pulse-fix-mode --pulse-fix-file=src/lxc/af_unix.c --pulse-fix-function=lxc_abstract_unix_send_credential -o /effFix-experiment/effFix-benchmark/lxc/null-ptr-20-lxc/repair/infer-out-single -- make -j4
[Wed Jan 21 04:03:16 2026][COMMAND]: sed -i -e '238s:^:\& ...->msg_controllen = msg.msg_controllen / msg.msg_controllen ;  :' /effFix-experiment/effFix-benchmark/lxc/null-ptr-20-lxc/src/src/lxc/af_unix.c
[Wed Jan 21 04:03:16 2026][COMMAND]: diff -u /effFix-experiment/effFix-benchmark/lxc/null-ptr-20-lxc/repair/af_unix.c.backup /effFix-experiment/effFix-benchmark/lxc/null-ptr-20-lxc/src/src/lxc/af_unix.c > /effFix-experiment/effFix-benchmark/lxc/null-ptr-20-lxc/repair/266.patch
[Wed Jan 21 04:03:16 2026][COMMAND]: /opt/infer/infer/bin/infer --pulse-only --pulse-max-disjuncts 100 --jobs 32 --reactive --pulse-fix-mode --pulse-fix-file=src/lxc/af_unix.c --pulse-fix-function=lxc_abstract_unix_send_credential -o /effFix-experiment/effFix-benchmark/lxc/null-ptr-20-lxc/repair/infer-out-single -- make -j4
[Wed Jan 21 04:03:16 2026][COMMAND]: sed -i -e '238s:$: if ( ! ( \& ...->msg_controllen * msg.msg_controllen != 0 ) ) { msg.msg_control = malloc ( sizeof ( * msg.msg_control ) ) ; } :' /effFix-experiment/effFix-benchmark/lxc/null-ptr-20-lxc/src/src/lxc/af_unix.c
[Wed Jan 21 04:03:16 2026][COMMAND]: diff -u /effFix-experiment/effFix-benchmark/lxc/null-ptr-20-lxc/repair/af_unix.c.backup /effFix-experiment/effFix-benchmark/lxc/null-ptr-20-lxc/src/src/lxc/af_unix.c > /effFix-experiment/effFix-benchmark/lxc/null-ptr-20-lxc/repair/267.patch
[Wed Jan 21 04:03:16 2026][COMMAND]: /opt/infer/infer/bin/infer --pulse-only --pulse-max-disjuncts 100 --jobs 32 --reactive --pulse-fix-mode --pulse-fix-file=src/lxc/af_unix.c --pulse-fix-function=lxc_abstract_unix_send_credential -o /effFix-experiment/effFix-benchmark/lxc/null-ptr-20-lxc/repair/infer-out-single -- make -j4
[Wed Jan 21 04:03:16 2026][COMMAND]: sed -i -e '238s:$: cmsg->cmsg_len = cmsg->cmsg_len ; :' /effFix-experiment/effFix-benchmark/lxc/null-ptr-20-lxc/src/src/lxc/af_unix.c
[Wed Jan 21 04:03:16 2026][COMMAND]: diff -u /effFix-experiment/effFix-benchmark/lxc/null-ptr-20-lxc/repair/af_unix.c.backup /effFix-experiment/effFix-benchmark/lxc/null-ptr-20-lxc/src/src/lxc/af_unix.c > /effFix-experiment/effFix-benchmark/lxc/null-ptr-20-lxc/repair/268.patch
[Wed Jan 21 04:03:16 2026][COMMAND]: /opt/infer/infer/bin/infer --pulse-only --pulse-max-disjuncts 100 --jobs 32 --reactive --pulse-fix-mode --pulse-fix-file=src/lxc/af_unix.c --pulse-fix-function=lxc_abstract_unix_send_credential -o /effFix-experiment/effFix-benchmark/lxc/null-ptr-20-lxc/repair/infer-out-single -- make -j4
[Wed Jan 21 04:03:16 2026][COMMAND]: sed -i -e '238s:$: if ( cmsg == \& ...->msg_control || \& ...->msg_control != NULL ) { return call to sendmsg; } :' /effFix-experiment/effFix-benchmark/lxc/null-ptr-20-lxc/src/src/lxc/af_unix.c
[Wed Jan 21 04:03:16 2026][COMMAND]: diff -u /effFix-experiment/effFix-benchmark/lxc/null-ptr-20-lxc/repair/af_unix.c.backup /effFix-experiment/effFix-benchmark/lxc/null-ptr-20-lxc/src/src/lxc/af_unix.c > /effFix-experiment/effFix-benchmark/lxc/null-ptr-20-lxc/repair/269.patch
[Wed Jan 21 04:03:16 2026][COMMAND]: /opt/infer/infer/bin/infer --pulse-only --pulse-max-disjuncts 100 --jobs 32 --reactive --pulse-fix-mode --pulse-fix-file=src/lxc/af_unix.c --pulse-fix-function=lxc_abstract_unix_send_credential -o /effFix-experiment/effFix-benchmark/lxc/null-ptr-20-lxc/repair/infer-out-single -- make -j4
[Wed Jan 21 04:03:16 2026][COMMAND]: sed -i -e '238s:$: if ( ! ( cmsg != NULL ) ) { msg.msg_controllen = \& ...->msg_controllen * \& ...->msg_controllen ; } :' /effFix-experiment/effFix-benchmark/lxc/null-ptr-20-lxc/src/src/lxc/af_unix.c
[Wed Jan 21 04:03:16 2026][COMMAND]: diff -u /effFix-experiment/effFix-benchmark/lxc/null-ptr-20-lxc/repair/af_unix.c.backup /effFix-experiment/effFix-benchmark/lxc/null-ptr-20-lxc/src/src/lxc/af_unix.c > /effFix-experiment/effFix-benchmark/lxc/null-ptr-20-lxc/repair/270.patch
[Wed Jan 21 04:03:16 2026][COMMAND]: /opt/infer/infer/bin/infer --pulse-only --pulse-max-disjuncts 100 --jobs 32 --reactive --pulse-fix-mode --pulse-fix-file=src/lxc/af_unix.c --pulse-fix-function=lxc_abstract_unix_send_credential -o /effFix-experiment/effFix-benchmark/lxc/null-ptr-20-lxc/repair/infer-out-single -- make -j4
[Wed Jan 21 04:03:16 2026][COMMAND]: sed -i -e '238s:^:cmsg->cmsg_len = \& ...->msg_controllen / cmsg->cmsg_len ;  :' /effFix-experiment/effFix-benchmark/lxc/null-ptr-20-lxc/src/src/lxc/af_unix.c
[Wed Jan 21 04:03:16 2026][COMMAND]: diff -u /effFix-experiment/effFix-benchmark/lxc/null-ptr-20-lxc/repair/af_unix.c.backup /effFix-experiment/effFix-benchmark/lxc/null-ptr-20-lxc/src/src/lxc/af_unix.c > /effFix-experiment/effFix-benchmark/lxc/null-ptr-20-lxc/repair/271.patch
[Wed Jan 21 04:03:16 2026][COMMAND]: /opt/infer/infer/bin/infer --pulse-only --pulse-max-disjuncts 100 --jobs 32 --reactive --pulse-fix-mode --pulse-fix-file=src/lxc/af_unix.c --pulse-fix-function=lxc_abstract_unix_send_credential -o /effFix-experiment/effFix-benchmark/lxc/null-ptr-20-lxc/repair/infer-out-single -- make -j4
[Wed Jan 21 04:03:16 2026][COMMAND]: sed -i -e '238s:^:msg.msg_controllen = \& ...->msg_controllen - cmsg->cmsg_len ;  :' /effFix-experiment/effFix-benchmark/lxc/null-ptr-20-lxc/src/src/lxc/af_unix.c
[Wed Jan 21 04:03:16 2026][COMMAND]: diff -u /effFix-experiment/effFix-benchmark/lxc/null-ptr-20-lxc/repair/af_unix.c.backup /effFix-experiment/effFix-benchmark/lxc/null-ptr-20-lxc/src/src/lxc/af_unix.c > /effFix-experiment/effFix-benchmark/lxc/null-ptr-20-lxc/repair/272.patch
[Wed Jan 21 04:03:16 2026][COMMAND]: /opt/infer/infer/bin/infer --pulse-only --pulse-max-disjuncts 100 --jobs 32 --reactive --pulse-fix-mode --pulse-fix-file=src/lxc/af_unix.c --pulse-fix-function=lxc_abstract_unix_send_credential -o /effFix-experiment/effFix-benchmark/lxc/null-ptr-20-lxc/repair/infer-out-single -- make -j4
[Wed Jan 21 04:03:16 2026][COMMAND]: sed -i -e '238s:^:msg.msg_controllen = msg.msg_controllen - msg.msg_controllen ;  :' /effFix-experiment/effFix-benchmark/lxc/null-ptr-20-lxc/src/src/lxc/af_unix.c
[Wed Jan 21 04:03:16 2026][COMMAND]: diff -u /effFix-experiment/effFix-benchmark/lxc/null-ptr-20-lxc/repair/af_unix.c.backup /effFix-experiment/effFix-benchmark/lxc/null-ptr-20-lxc/src/src/lxc/af_unix.c > /effFix-experiment/effFix-benchmark/lxc/null-ptr-20-lxc/repair/273.patch
[Wed Jan 21 04:03:16 2026][COMMAND]: /opt/infer/infer/bin/infer --pulse-only --pulse-max-disjuncts 100 --jobs 32 --reactive --pulse-fix-mode --pulse-fix-file=src/lxc/af_unix.c --pulse-fix-function=lxc_abstract_unix_send_credential -o /effFix-experiment/effFix-benchmark/lxc/null-ptr-20-lxc/repair/infer-out-single -- make -j4
[Wed Jan 21 04:03:16 2026][COMMAND]: sed -i -e '238s:^:if ( cmsg->cmsg_len + cmsg->cmsg_len != \& ...->msg_controllen ) { return 0; } cmsg->cmsg_len = cmsg->cmsg_len * cmsg->cmsg_len ;  :' /effFix-experiment/effFix-benchmark/lxc/null-ptr-20-lxc/src/src/lxc/af_unix.c
[Wed Jan 21 04:03:16 2026][COMMAND]: diff -u /effFix-experiment/effFix-benchmark/lxc/null-ptr-20-lxc/repair/af_unix.c.backup /effFix-experiment/effFix-benchmark/lxc/null-ptr-20-lxc/src/src/lxc/af_unix.c > /effFix-experiment/effFix-benchmark/lxc/null-ptr-20-lxc/repair/274.patch
[Wed Jan 21 04:03:16 2026][COMMAND]: /opt/infer/infer/bin/infer --pulse-only --pulse-max-disjuncts 100 --jobs 32 --reactive --pulse-fix-mode --pulse-fix-file=src/lxc/af_unix.c --pulse-fix-function=lxc_abstract_unix_send_credential -o /effFix-experiment/effFix-benchmark/lxc/null-ptr-20-lxc/repair/infer-out-single -- make -j4
[Wed Jan 21 04:03:16 2026][COMMAND]: sed -i -e '238s:^:msg.msg_control = cmsg ;  :' /effFix-experiment/effFix-benchmark/lxc/null-ptr-20-lxc/src/src/lxc/af_unix.c
[Wed Jan 21 04:03:16 2026][COMMAND]: diff -u /effFix-experiment/effFix-benchmark/lxc/null-ptr-20-lxc/repair/af_unix.c.backup /effFix-experiment/effFix-benchmark/lxc/null-ptr-20-lxc/src/src/lxc/af_unix.c > /effFix-experiment/effFix-benchmark/lxc/null-ptr-20-lxc/repair/275.patch
[Wed Jan 21 04:03:16 2026][COMMAND]: /opt/infer/infer/bin/infer --pulse-only --pulse-max-disjuncts 100 --jobs 32 --reactive --pulse-fix-mode --pulse-fix-file=src/lxc/af_unix.c --pulse-fix-function=lxc_abstract_unix_send_credential -o /effFix-experiment/effFix-benchmark/lxc/null-ptr-20-lxc/repair/infer-out-single -- make -j4
[Wed Jan 21 04:03:16 2026][COMMAND]: sed -i -e '238s:^:return call to sendmsg; \& ...->msg_controllen = cmsg->cmsg_len + \& ...->msg_controllen ;  :' /effFix-experiment/effFix-benchmark/lxc/null-ptr-20-lxc/src/src/lxc/af_unix.c
[Wed Jan 21 04:03:17 2026][COMMAND]: diff -u /effFix-experiment/effFix-benchmark/lxc/null-ptr-20-lxc/repair/af_unix.c.backup /effFix-experiment/effFix-benchmark/lxc/null-ptr-20-lxc/src/src/lxc/af_unix.c > /effFix-experiment/effFix-benchmark/lxc/null-ptr-20-lxc/repair/276.patch
[Wed Jan 21 04:03:17 2026][COMMAND]: /opt/infer/infer/bin/infer --pulse-only --pulse-max-disjuncts 100 --jobs 32 --reactive --pulse-fix-mode --pulse-fix-file=src/lxc/af_unix.c --pulse-fix-function=lxc_abstract_unix_send_credential -o /effFix-experiment/effFix-benchmark/lxc/null-ptr-20-lxc/repair/infer-out-single -- make -j4
[Wed Jan 21 04:03:17 2026][COMMAND]: sed -i -e '238s:$: return NULL ; msg.msg_controllen = cmsg->cmsg_len / cmsg->cmsg_len ; :' /effFix-experiment/effFix-benchmark/lxc/null-ptr-20-lxc/src/src/lxc/af_unix.c
[Wed Jan 21 04:03:17 2026][COMMAND]: diff -u /effFix-experiment/effFix-benchmark/lxc/null-ptr-20-lxc/repair/af_unix.c.backup /effFix-experiment/effFix-benchmark/lxc/null-ptr-20-lxc/src/src/lxc/af_unix.c > /effFix-experiment/effFix-benchmark/lxc/null-ptr-20-lxc/repair/277.patch
[Wed Jan 21 04:03:17 2026][COMMAND]: /opt/infer/infer/bin/infer --pulse-only --pulse-max-disjuncts 100 --jobs 32 --reactive --pulse-fix-mode --pulse-fix-file=src/lxc/af_unix.c --pulse-fix-function=lxc_abstract_unix_send_credential -o /effFix-experiment/effFix-benchmark/lxc/null-ptr-20-lxc/repair/infer-out-single -- make -j4
[Wed Jan 21 04:03:17 2026][COMMAND]: sed -i -e '238s:^:cmsg = NULL ;  :' /effFix-experiment/effFix-benchmark/lxc/null-ptr-20-lxc/src/src/lxc/af_unix.c
[Wed Jan 21 04:03:17 2026][COMMAND]: diff -u /effFix-experiment/effFix-benchmark/lxc/null-ptr-20-lxc/repair/af_unix.c.backup /effFix-experiment/effFix-benchmark/lxc/null-ptr-20-lxc/src/src/lxc/af_unix.c > /effFix-experiment/effFix-benchmark/lxc/null-ptr-20-lxc/repair/278.patch
[Wed Jan 21 04:03:17 2026][COMMAND]: /opt/infer/infer/bin/infer --pulse-only --pulse-max-disjuncts 100 --jobs 32 --reactive --pulse-fix-mode --pulse-fix-file=src/lxc/af_unix.c --pulse-fix-function=lxc_abstract_unix_send_credential -o /effFix-experiment/effFix-benchmark/lxc/null-ptr-20-lxc/repair/infer-out-single -- make -j4
[Wed Jan 21 04:03:17 2026][COMMAND]: sed -i -e '238s:$: if ( cmsg->cmsg_len != \& ...->msg_controllen + msg.msg_controllen ) { return 0; } :' /effFix-experiment/effFix-benchmark/lxc/null-ptr-20-lxc/src/src/lxc/af_unix.c
[Wed Jan 21 04:03:17 2026][COMMAND]: diff -u /effFix-experiment/effFix-benchmark/lxc/null-ptr-20-lxc/repair/af_unix.c.backup /effFix-experiment/effFix-benchmark/lxc/null-ptr-20-lxc/src/src/lxc/af_unix.c > /effFix-experiment/effFix-benchmark/lxc/null-ptr-20-lxc/repair/279.patch
[Wed Jan 21 04:03:17 2026][COMMAND]: /opt/infer/infer/bin/infer --pulse-only --pulse-max-disjuncts 100 --jobs 32 --reactive --pulse-fix-mode --pulse-fix-file=src/lxc/af_unix.c --pulse-fix-function=lxc_abstract_unix_send_credential -o /effFix-experiment/effFix-benchmark/lxc/null-ptr-20-lxc/repair/infer-out-single -- make -j4
[Wed Jan 21 04:03:17 2026][COMMAND]: sed -i -e '238s:$: msg.msg_controllen = cmsg->cmsg_len - \& ...->msg_controllen ; :' /effFix-experiment/effFix-benchmark/lxc/null-ptr-20-lxc/src/src/lxc/af_unix.c
[Wed Jan 21 04:03:17 2026][COMMAND]: diff -u /effFix-experiment/effFix-benchmark/lxc/null-ptr-20-lxc/repair/af_unix.c.backup /effFix-experiment/effFix-benchmark/lxc/null-ptr-20-lxc/src/src/lxc/af_unix.c > /effFix-experiment/effFix-benchmark/lxc/null-ptr-20-lxc/repair/280.patch
[Wed Jan 21 04:03:17 2026][COMMAND]: /opt/infer/infer/bin/infer --pulse-only --pulse-max-disjuncts 100 --jobs 32 --reactive --pulse-fix-mode --pulse-fix-file=src/lxc/af_unix.c --pulse-fix-function=lxc_abstract_unix_send_credential -o /effFix-experiment/effFix-benchmark/lxc/null-ptr-20-lxc/repair/infer-out-single -- make -j4
[Wed Jan 21 04:03:17 2026][COMMAND]: sed -i -e '238s:$: cmsg->cmsg_len = \& ...->msg_controllen - msg.msg_controllen ; :' /effFix-experiment/effFix-benchmark/lxc/null-ptr-20-lxc/src/src/lxc/af_unix.c
[Wed Jan 21 04:03:17 2026][COMMAND]: diff -u /effFix-experiment/effFix-benchmark/lxc/null-ptr-20-lxc/repair/af_unix.c.backup /effFix-experiment/effFix-benchmark/lxc/null-ptr-20-lxc/src/src/lxc/af_unix.c > /effFix-experiment/effFix-benchmark/lxc/null-ptr-20-lxc/repair/281.patch
[Wed Jan 21 04:03:17 2026][COMMAND]: /opt/infer/infer/bin/infer --pulse-only --pulse-max-disjuncts 100 --jobs 32 --reactive --pulse-fix-mode --pulse-fix-file=src/lxc/af_unix.c --pulse-fix-function=lxc_abstract_unix_send_credential -o /effFix-experiment/effFix-benchmark/lxc/null-ptr-20-lxc/repair/infer-out-single -- make -j4
[Wed Jan 21 04:03:17 2026][COMMAND]: sed -i -e '238s:^:if ( cmsg->cmsg_len <= msg.msg_controllen \&\& msg.msg_controllen - cmsg->cmsg_len >= 1 ) { msg.msg_controllen = cmsg->cmsg_len / cmsg->cmsg_len ; }  :' /effFix-experiment/effFix-benchmark/lxc/null-ptr-20-lxc/src/src/lxc/af_unix.c
[Wed Jan 21 04:03:17 2026][COMMAND]: diff -u /effFix-experiment/effFix-benchmark/lxc/null-ptr-20-lxc/repair/af_unix.c.backup /effFix-experiment/effFix-benchmark/lxc/null-ptr-20-lxc/src/src/lxc/af_unix.c > /effFix-experiment/effFix-benchmark/lxc/null-ptr-20-lxc/repair/282.patch
[Wed Jan 21 04:03:17 2026][COMMAND]: /opt/infer/infer/bin/infer --pulse-only --pulse-max-disjuncts 100 --jobs 32 --reactive --pulse-fix-mode --pulse-fix-file=src/lxc/af_unix.c --pulse-fix-function=lxc_abstract_unix_send_credential -o /effFix-experiment/effFix-benchmark/lxc/null-ptr-20-lxc/repair/infer-out-single -- make -j4
[Wed Jan 21 04:03:17 2026][COMMAND]: sed -i -e '238s:^:msg.msg_control = NULL ;  :' /effFix-experiment/effFix-benchmark/lxc/null-ptr-20-lxc/src/src/lxc/af_unix.c
[Wed Jan 21 04:03:17 2026][COMMAND]: diff -u /effFix-experiment/effFix-benchmark/lxc/null-ptr-20-lxc/repair/af_unix.c.backup /effFix-experiment/effFix-benchmark/lxc/null-ptr-20-lxc/src/src/lxc/af_unix.c > /effFix-experiment/effFix-benchmark/lxc/null-ptr-20-lxc/repair/283.patch
[Wed Jan 21 04:03:17 2026][COMMAND]: /opt/infer/infer/bin/infer --pulse-only --pulse-max-disjuncts 100 --jobs 32 --reactive --pulse-fix-mode --pulse-fix-file=src/lxc/af_unix.c --pulse-fix-function=lxc_abstract_unix_send_credential -o /effFix-experiment/effFix-benchmark/lxc/null-ptr-20-lxc/repair/infer-out-single -- make -j4
[Wed Jan 21 04:03:17 2026][COMMAND]: sed -i -e '238s:^:\& ...->msg_control = cmsg ;  :' /effFix-experiment/effFix-benchmark/lxc/null-ptr-20-lxc/src/src/lxc/af_unix.c
[Wed Jan 21 04:03:17 2026][COMMAND]: diff -u /effFix-experiment/effFix-benchmark/lxc/null-ptr-20-lxc/repair/af_unix.c.backup /effFix-experiment/effFix-benchmark/lxc/null-ptr-20-lxc/src/src/lxc/af_unix.c > /effFix-experiment/effFix-benchmark/lxc/null-ptr-20-lxc/repair/284.patch
[Wed Jan 21 04:03:17 2026][COMMAND]: /opt/infer/infer/bin/infer --pulse-only --pulse-max-disjuncts 100 --jobs 32 --reactive --pulse-fix-mode --pulse-fix-file=src/lxc/af_unix.c --pulse-fix-function=lxc_abstract_unix_send_credential -o /effFix-experiment/effFix-benchmark/lxc/null-ptr-20-lxc/repair/infer-out-single -- make -j4
[Wed Jan 21 04:03:17 2026][COMMAND]: sed -i -e '238s:$: if ( ! ( cmsg == NULL ) ) { \& ...->msg_controllen = \& ...->msg_controllen / msg.msg_controllen ; \& ...->msg_controllen = \& ...->msg_controllen ; } :' /effFix-experiment/effFix-benchmark/lxc/null-ptr-20-lxc/src/src/lxc/af_unix.c
[Wed Jan 21 04:03:17 2026][COMMAND]: diff -u /effFix-experiment/effFix-benchmark/lxc/null-ptr-20-lxc/repair/af_unix.c.backup /effFix-experiment/effFix-benchmark/lxc/null-ptr-20-lxc/src/src/lxc/af_unix.c > /effFix-experiment/effFix-benchmark/lxc/null-ptr-20-lxc/repair/285.patch
[Wed Jan 21 04:03:17 2026][COMMAND]: /opt/infer/infer/bin/infer --pulse-only --pulse-max-disjuncts 100 --jobs 32 --reactive --pulse-fix-mode --pulse-fix-file=src/lxc/af_unix.c --pulse-fix-function=lxc_abstract_unix_send_credential -o /effFix-experiment/effFix-benchmark/lxc/null-ptr-20-lxc/repair/infer-out-single -- make -j4
[Wed Jan 21 04:03:17 2026][COMMAND]: sed -i -e '238s:^:if ( msg.msg_controllen - cmsg->cmsg_len < 0 \&\& cmsg->cmsg_len != -1 ) { cmsg->cmsg_len = cmsg->cmsg_len ; }  :' /effFix-experiment/effFix-benchmark/lxc/null-ptr-20-lxc/src/src/lxc/af_unix.c
[Wed Jan 21 04:03:17 2026][COMMAND]: diff -u /effFix-experiment/effFix-benchmark/lxc/null-ptr-20-lxc/repair/af_unix.c.backup /effFix-experiment/effFix-benchmark/lxc/null-ptr-20-lxc/src/src/lxc/af_unix.c > /effFix-experiment/effFix-benchmark/lxc/null-ptr-20-lxc/repair/286.patch
[Wed Jan 21 04:03:17 2026][COMMAND]: /opt/infer/infer/bin/infer --pulse-only --pulse-max-disjuncts 100 --jobs 32 --reactive --pulse-fix-mode --pulse-fix-file=src/lxc/af_unix.c --pulse-fix-function=lxc_abstract_unix_send_credential -o /effFix-experiment/effFix-benchmark/lxc/null-ptr-20-lxc/repair/infer-out-single -- make -j4
[Wed Jan 21 04:03:18 2026][COMMAND]: sed -i -e '238s:$: if ( msg.msg_control == NULL ) { return NULL ; msg.msg_controllen = msg.msg_controllen ; } :' /effFix-experiment/effFix-benchmark/lxc/null-ptr-20-lxc/src/src/lxc/af_unix.c
[Wed Jan 21 04:03:18 2026][COMMAND]: diff -u /effFix-experiment/effFix-benchmark/lxc/null-ptr-20-lxc/repair/af_unix.c.backup /effFix-experiment/effFix-benchmark/lxc/null-ptr-20-lxc/src/src/lxc/af_unix.c > /effFix-experiment/effFix-benchmark/lxc/null-ptr-20-lxc/repair/287.patch
[Wed Jan 21 04:03:18 2026][COMMAND]: /opt/infer/infer/bin/infer --pulse-only --pulse-max-disjuncts 100 --jobs 32 --reactive --pulse-fix-mode --pulse-fix-file=src/lxc/af_unix.c --pulse-fix-function=lxc_abstract_unix_send_credential -o /effFix-experiment/effFix-benchmark/lxc/null-ptr-20-lxc/repair/infer-out-single -- make -j4
[Wed Jan 21 04:03:18 2026][COMMAND]: sed -i -e '238s:^:msg.msg_controllen = msg.msg_controllen - \& ...->msg_controllen ;  :' /effFix-experiment/effFix-benchmark/lxc/null-ptr-20-lxc/src/src/lxc/af_unix.c
[Wed Jan 21 04:03:18 2026][COMMAND]: diff -u /effFix-experiment/effFix-benchmark/lxc/null-ptr-20-lxc/repair/af_unix.c.backup /effFix-experiment/effFix-benchmark/lxc/null-ptr-20-lxc/src/src/lxc/af_unix.c > /effFix-experiment/effFix-benchmark/lxc/null-ptr-20-lxc/repair/288.patch
[Wed Jan 21 04:03:18 2026][COMMAND]: /opt/infer/infer/bin/infer --pulse-only --pulse-max-disjuncts 100 --jobs 32 --reactive --pulse-fix-mode --pulse-fix-file=src/lxc/af_unix.c --pulse-fix-function=lxc_abstract_unix_send_credential -o /effFix-experiment/effFix-benchmark/lxc/null-ptr-20-lxc/repair/infer-out-single -- make -j4
[Wed Jan 21 04:03:18 2026][COMMAND]: sed -i -e '238s:^:if ( cmsg->cmsg_len - msg.msg_controllen > 1 \&\& \& ...->msg_controllen > -1 ) { return cmsg ; } return 0;  :' /effFix-experiment/effFix-benchmark/lxc/null-ptr-20-lxc/src/src/lxc/af_unix.c
[Wed Jan 21 04:03:18 2026][COMMAND]: diff -u /effFix-experiment/effFix-benchmark/lxc/null-ptr-20-lxc/repair/af_unix.c.backup /effFix-experiment/effFix-benchmark/lxc/null-ptr-20-lxc/src/src/lxc/af_unix.c > /effFix-experiment/effFix-benchmark/lxc/null-ptr-20-lxc/repair/289.patch
[Wed Jan 21 04:03:18 2026][COMMAND]: /opt/infer/infer/bin/infer --pulse-only --pulse-max-disjuncts 100 --jobs 32 --reactive --pulse-fix-mode --pulse-fix-file=src/lxc/af_unix.c --pulse-fix-function=lxc_abstract_unix_send_credential -o /effFix-experiment/effFix-benchmark/lxc/null-ptr-20-lxc/repair/infer-out-single -- make -j4
[Wed Jan 21 04:03:18 2026][COMMAND]: sed -i -e '238s:^:msg.msg_controllen = msg.msg_controllen * msg.msg_controllen ; free ( msg.msg_control ) ;  :' /effFix-experiment/effFix-benchmark/lxc/null-ptr-20-lxc/src/src/lxc/af_unix.c
[Wed Jan 21 04:03:18 2026][COMMAND]: diff -u /effFix-experiment/effFix-benchmark/lxc/null-ptr-20-lxc/repair/af_unix.c.backup /effFix-experiment/effFix-benchmark/lxc/null-ptr-20-lxc/src/src/lxc/af_unix.c > /effFix-experiment/effFix-benchmark/lxc/null-ptr-20-lxc/repair/290.patch
[Wed Jan 21 04:03:18 2026][COMMAND]: /opt/infer/infer/bin/infer --pulse-only --pulse-max-disjuncts 100 --jobs 32 --reactive --pulse-fix-mode --pulse-fix-file=src/lxc/af_unix.c --pulse-fix-function=lxc_abstract_unix_send_credential -o /effFix-experiment/effFix-benchmark/lxc/null-ptr-20-lxc/repair/infer-out-single -- make -j4
[Wed Jan 21 04:03:18 2026][COMMAND]: sed -i -e '238s:$: \& ...->msg_controllen = cmsg->cmsg_len * msg.msg_controllen ; return call to sendmsg; :' /effFix-experiment/effFix-benchmark/lxc/null-ptr-20-lxc/src/src/lxc/af_unix.c
[Wed Jan 21 04:03:18 2026][COMMAND]: diff -u /effFix-experiment/effFix-benchmark/lxc/null-ptr-20-lxc/repair/af_unix.c.backup /effFix-experiment/effFix-benchmark/lxc/null-ptr-20-lxc/src/src/lxc/af_unix.c > /effFix-experiment/effFix-benchmark/lxc/null-ptr-20-lxc/repair/291.patch
[Wed Jan 21 04:03:18 2026][COMMAND]: /opt/infer/infer/bin/infer --pulse-only --pulse-max-disjuncts 100 --jobs 32 --reactive --pulse-fix-mode --pulse-fix-file=src/lxc/af_unix.c --pulse-fix-function=lxc_abstract_unix_send_credential -o /effFix-experiment/effFix-benchmark/lxc/null-ptr-20-lxc/repair/infer-out-single -- make -j4
[Wed Jan 21 04:03:18 2026][COMMAND]: sed -i -e '238s:$: msg.msg_controllen = msg.msg_controllen ; cmsg->cmsg_len = \& ...->msg_controllen - cmsg->cmsg_len ; :' /effFix-experiment/effFix-benchmark/lxc/null-ptr-20-lxc/src/src/lxc/af_unix.c
[Wed Jan 21 04:03:18 2026][COMMAND]: diff -u /effFix-experiment/effFix-benchmark/lxc/null-ptr-20-lxc/repair/af_unix.c.backup /effFix-experiment/effFix-benchmark/lxc/null-ptr-20-lxc/src/src/lxc/af_unix.c > /effFix-experiment/effFix-benchmark/lxc/null-ptr-20-lxc/repair/292.patch
[Wed Jan 21 04:03:18 2026][COMMAND]: /opt/infer/infer/bin/infer --pulse-only --pulse-max-disjuncts 100 --jobs 32 --reactive --pulse-fix-mode --pulse-fix-file=src/lxc/af_unix.c --pulse-fix-function=lxc_abstract_unix_send_credential -o /effFix-experiment/effFix-benchmark/lxc/null-ptr-20-lxc/repair/infer-out-single -- make -j4
[Wed Jan 21 04:03:18 2026][COMMAND]: sed -i -e '238s:$: msg.msg_controllen = \& ...->msg_controllen - \& ...->msg_controllen ; :' /effFix-experiment/effFix-benchmark/lxc/null-ptr-20-lxc/src/src/lxc/af_unix.c
[Wed Jan 21 04:03:18 2026][COMMAND]: diff -u /effFix-experiment/effFix-benchmark/lxc/null-ptr-20-lxc/repair/af_unix.c.backup /effFix-experiment/effFix-benchmark/lxc/null-ptr-20-lxc/src/src/lxc/af_unix.c > /effFix-experiment/effFix-benchmark/lxc/null-ptr-20-lxc/repair/293.patch
[Wed Jan 21 04:03:18 2026][COMMAND]: /opt/infer/infer/bin/infer --pulse-only --pulse-max-disjuncts 100 --jobs 32 --reactive --pulse-fix-mode --pulse-fix-file=src/lxc/af_unix.c --pulse-fix-function=lxc_abstract_unix_send_credential -o /effFix-experiment/effFix-benchmark/lxc/null-ptr-20-lxc/repair/infer-out-single -- make -j4
[Wed Jan 21 04:03:18 2026][COMMAND]: sed -i -e '238s:$: if ( ! ( msg.msg_control != NULL ) ) { return call to sendmsg; } :' /effFix-experiment/effFix-benchmark/lxc/null-ptr-20-lxc/src/src/lxc/af_unix.c
[Wed Jan 21 04:03:18 2026][COMMAND]: diff -u /effFix-experiment/effFix-benchmark/lxc/null-ptr-20-lxc/repair/af_unix.c.backup /effFix-experiment/effFix-benchmark/lxc/null-ptr-20-lxc/src/src/lxc/af_unix.c > /effFix-experiment/effFix-benchmark/lxc/null-ptr-20-lxc/repair/294.patch
[Wed Jan 21 04:03:18 2026][COMMAND]: /opt/infer/infer/bin/infer --pulse-only --pulse-max-disjuncts 100 --jobs 32 --reactive --pulse-fix-mode --pulse-fix-file=src/lxc/af_unix.c --pulse-fix-function=lxc_abstract_unix_send_credential -o /effFix-experiment/effFix-benchmark/lxc/null-ptr-20-lxc/repair/infer-out-single -- make -j4
[Wed Jan 21 04:03:18 2026][COMMAND]: sed -i -e '238s:^:msg.msg_controllen = cmsg->cmsg_len - msg.msg_controllen ;  :' /effFix-experiment/effFix-benchmark/lxc/null-ptr-20-lxc/src/src/lxc/af_unix.c
[Wed Jan 21 04:03:18 2026][COMMAND]: diff -u /effFix-experiment/effFix-benchmark/lxc/null-ptr-20-lxc/repair/af_unix.c.backup /effFix-experiment/effFix-benchmark/lxc/null-ptr-20-lxc/src/src/lxc/af_unix.c > /effFix-experiment/effFix-benchmark/lxc/null-ptr-20-lxc/repair/295.patch
[Wed Jan 21 04:03:18 2026][COMMAND]: /opt/infer/infer/bin/infer --pulse-only --pulse-max-disjuncts 100 --jobs 32 --reactive --pulse-fix-mode --pulse-fix-file=src/lxc/af_unix.c --pulse-fix-function=lxc_abstract_unix_send_credential -o /effFix-experiment/effFix-benchmark/lxc/null-ptr-20-lxc/repair/infer-out-single -- make -j4
[Wed Jan 21 04:03:18 2026][COMMAND]: sed -i -e '238s:$: if ( \& ...->msg_controllen + \& ...->msg_controllen != cmsg->cmsg_len || \& ...->msg_control == cmsg ) { return \& ...->msg_control ; } :' /effFix-experiment/effFix-benchmark/lxc/null-ptr-20-lxc/src/src/lxc/af_unix.c
[Wed Jan 21 04:03:18 2026][COMMAND]: diff -u /effFix-experiment/effFix-benchmark/lxc/null-ptr-20-lxc/repair/af_unix.c.backup /effFix-experiment/effFix-benchmark/lxc/null-ptr-20-lxc/src/src/lxc/af_unix.c > /effFix-experiment/effFix-benchmark/lxc/null-ptr-20-lxc/repair/296.patch
[Wed Jan 21 04:03:18 2026][COMMAND]: /opt/infer/infer/bin/infer --pulse-only --pulse-max-disjuncts 100 --jobs 32 --reactive --pulse-fix-mode --pulse-fix-file=src/lxc/af_unix.c --pulse-fix-function=lxc_abstract_unix_send_credential -o /effFix-experiment/effFix-benchmark/lxc/null-ptr-20-lxc/repair/infer-out-single -- make -j4
[Wed Jan 21 04:03:18 2026][COMMAND]: sed -i -e '238s:$: msg.msg_controllen = msg.msg_controllen ; :' /effFix-experiment/effFix-benchmark/lxc/null-ptr-20-lxc/src/src/lxc/af_unix.c
[Wed Jan 21 04:03:18 2026][COMMAND]: diff -u /effFix-experiment/effFix-benchmark/lxc/null-ptr-20-lxc/repair/af_unix.c.backup /effFix-experiment/effFix-benchmark/lxc/null-ptr-20-lxc/src/src/lxc/af_unix.c > /effFix-experiment/effFix-benchmark/lxc/null-ptr-20-lxc/repair/297.patch
[Wed Jan 21 04:03:19 2026][COMMAND]: /opt/infer/infer/bin/infer --pulse-only --pulse-max-disjuncts 100 --jobs 32 --reactive --pulse-fix-mode --pulse-fix-file=src/lxc/af_unix.c --pulse-fix-function=lxc_abstract_unix_send_credential -o /effFix-experiment/effFix-benchmark/lxc/null-ptr-20-lxc/repair/infer-out-single -- make -j4
[Wed Jan 21 04:03:19 2026][COMMAND]: sed -i -e '238s:^:if ( \& ...->msg_control == NULL || cmsg != NULL ) { return cmsg ; }  :' /effFix-experiment/effFix-benchmark/lxc/null-ptr-20-lxc/src/src/lxc/af_unix.c
[Wed Jan 21 04:03:19 2026][COMMAND]: diff -u /effFix-experiment/effFix-benchmark/lxc/null-ptr-20-lxc/repair/af_unix.c.backup /effFix-experiment/effFix-benchmark/lxc/null-ptr-20-lxc/src/src/lxc/af_unix.c > /effFix-experiment/effFix-benchmark/lxc/null-ptr-20-lxc/repair/298.patch
[Wed Jan 21 04:03:19 2026][COMMAND]: /opt/infer/infer/bin/infer --pulse-only --pulse-max-disjuncts 100 --jobs 32 --reactive --pulse-fix-mode --pulse-fix-file=src/lxc/af_unix.c --pulse-fix-function=lxc_abstract_unix_send_credential -o /effFix-experiment/effFix-benchmark/lxc/null-ptr-20-lxc/repair/infer-out-single -- make -j4
[Wed Jan 21 04:03:19 2026][COMMAND]: sed -i -e '238s:^:\& ...->msg_controllen = msg.msg_controllen ; return cmsg ;  :' /effFix-experiment/effFix-benchmark/lxc/null-ptr-20-lxc/src/src/lxc/af_unix.c
[Wed Jan 21 04:03:19 2026][COMMAND]: diff -u /effFix-experiment/effFix-benchmark/lxc/null-ptr-20-lxc/repair/af_unix.c.backup /effFix-experiment/effFix-benchmark/lxc/null-ptr-20-lxc/src/src/lxc/af_unix.c > /effFix-experiment/effFix-benchmark/lxc/null-ptr-20-lxc/repair/299.patch
[Wed Jan 21 04:03:19 2026][COMMAND]: /opt/infer/infer/bin/infer --pulse-only --pulse-max-disjuncts 100 --jobs 32 --reactive --pulse-fix-mode --pulse-fix-file=src/lxc/af_unix.c --pulse-fix-function=lxc_abstract_unix_send_credential -o /effFix-experiment/effFix-benchmark/lxc/null-ptr-20-lxc/repair/infer-out-single -- make -j4
[Wed Jan 21 04:03:19 2026][COMMAND]: sed -i -e '238s:$: return call to sendmsg; if ( \& ...->msg_control == NULL || msg.msg_controllen - cmsg->cmsg_len >= \& ...->msg_controllen + cmsg->cmsg_len ) { return call to sendmsg; } :' /effFix-experiment/effFix-benchmark/lxc/null-ptr-20-lxc/src/src/lxc/af_unix.c
[Wed Jan 21 04:03:19 2026][COMMAND]: diff -u /effFix-experiment/effFix-benchmark/lxc/null-ptr-20-lxc/repair/af_unix.c.backup /effFix-experiment/effFix-benchmark/lxc/null-ptr-20-lxc/src/src/lxc/af_unix.c > /effFix-experiment/effFix-benchmark/lxc/null-ptr-20-lxc/repair/300.patch
[Wed Jan 21 04:03:19 2026][COMMAND]: /opt/infer/infer/bin/infer --pulse-only --pulse-max-disjuncts 100 --jobs 32 --reactive --pulse-fix-mode --pulse-fix-file=src/lxc/af_unix.c --pulse-fix-function=lxc_abstract_unix_send_credential -o /effFix-experiment/effFix-benchmark/lxc/null-ptr-20-lxc/repair/infer-out-single -- make -j4
[Wed Jan 21 04:03:19 2026][COMMAND]: sed -i -e '238s:$: msg.msg_controllen = cmsg->cmsg_len + \& ...->msg_controllen ; :' /effFix-experiment/effFix-benchmark/lxc/null-ptr-20-lxc/src/src/lxc/af_unix.c
[Wed Jan 21 04:03:19 2026][COMMAND]: diff -u /effFix-experiment/effFix-benchmark/lxc/null-ptr-20-lxc/repair/af_unix.c.backup /effFix-experiment/effFix-benchmark/lxc/null-ptr-20-lxc/src/src/lxc/af_unix.c > /effFix-experiment/effFix-benchmark/lxc/null-ptr-20-lxc/repair/301.patch
[Wed Jan 21 04:03:19 2026][COMMAND]: /opt/infer/infer/bin/infer --pulse-only --pulse-max-disjuncts 100 --jobs 32 --reactive --pulse-fix-mode --pulse-fix-file=src/lxc/af_unix.c --pulse-fix-function=lxc_abstract_unix_send_credential -o /effFix-experiment/effFix-benchmark/lxc/null-ptr-20-lxc/repair/infer-out-single -- make -j4
[Wed Jan 21 04:03:19 2026][COMMAND]: sed -i -e '238s:$: if ( ! ( msg.msg_control != NULL ) ) { \& ...->msg_controllen = cmsg->cmsg_len ; } :' /effFix-experiment/effFix-benchmark/lxc/null-ptr-20-lxc/src/src/lxc/af_unix.c
[Wed Jan 21 04:03:19 2026][COMMAND]: diff -u /effFix-experiment/effFix-benchmark/lxc/null-ptr-20-lxc/repair/af_unix.c.backup /effFix-experiment/effFix-benchmark/lxc/null-ptr-20-lxc/src/src/lxc/af_unix.c > /effFix-experiment/effFix-benchmark/lxc/null-ptr-20-lxc/repair/302.patch
[Wed Jan 21 04:03:19 2026][COMMAND]: /opt/infer/infer/bin/infer --pulse-only --pulse-max-disjuncts 100 --jobs 32 --reactive --pulse-fix-mode --pulse-fix-file=src/lxc/af_unix.c --pulse-fix-function=lxc_abstract_unix_send_credential -o /effFix-experiment/effFix-benchmark/lxc/null-ptr-20-lxc/repair/infer-out-single -- make -j4
[Wed Jan 21 04:03:19 2026][COMMAND]: sed -i -e '238s:$: \& ...->msg_control = malloc ( sizeof ( * \& ...->msg_control ) ) ; return 0; :' /effFix-experiment/effFix-benchmark/lxc/null-ptr-20-lxc/src/src/lxc/af_unix.c
[Wed Jan 21 04:03:19 2026][COMMAND]: diff -u /effFix-experiment/effFix-benchmark/lxc/null-ptr-20-lxc/repair/af_unix.c.backup /effFix-experiment/effFix-benchmark/lxc/null-ptr-20-lxc/src/src/lxc/af_unix.c > /effFix-experiment/effFix-benchmark/lxc/null-ptr-20-lxc/repair/303.patch
[Wed Jan 21 04:03:19 2026][COMMAND]: /opt/infer/infer/bin/infer --pulse-only --pulse-max-disjuncts 100 --jobs 32 --reactive --pulse-fix-mode --pulse-fix-file=src/lxc/af_unix.c --pulse-fix-function=lxc_abstract_unix_send_credential -o /effFix-experiment/effFix-benchmark/lxc/null-ptr-20-lxc/repair/infer-out-single -- make -j4
[Wed Jan 21 04:03:19 2026][COMMAND]: sed -i -e '238s:$: msg.msg_controllen = cmsg->cmsg_len - cmsg->cmsg_len ; :' /effFix-experiment/effFix-benchmark/lxc/null-ptr-20-lxc/src/src/lxc/af_unix.c
[Wed Jan 21 04:03:19 2026][COMMAND]: diff -u /effFix-experiment/effFix-benchmark/lxc/null-ptr-20-lxc/repair/af_unix.c.backup /effFix-experiment/effFix-benchmark/lxc/null-ptr-20-lxc/src/src/lxc/af_unix.c > /effFix-experiment/effFix-benchmark/lxc/null-ptr-20-lxc/repair/304.patch
[Wed Jan 21 04:03:19 2026][COMMAND]: /opt/infer/infer/bin/infer --pulse-only --pulse-max-disjuncts 100 --jobs 32 --reactive --pulse-fix-mode --pulse-fix-file=src/lxc/af_unix.c --pulse-fix-function=lxc_abstract_unix_send_credential -o /effFix-experiment/effFix-benchmark/lxc/null-ptr-20-lxc/repair/infer-out-single -- make -j4
[Wed Jan 21 04:03:19 2026][COMMAND]: sed -i -e '238s:^:cmsg = \& ...->msg_control ;  :' /effFix-experiment/effFix-benchmark/lxc/null-ptr-20-lxc/src/src/lxc/af_unix.c
[Wed Jan 21 04:03:19 2026][COMMAND]: diff -u /effFix-experiment/effFix-benchmark/lxc/null-ptr-20-lxc/repair/af_unix.c.backup /effFix-experiment/effFix-benchmark/lxc/null-ptr-20-lxc/src/src/lxc/af_unix.c > /effFix-experiment/effFix-benchmark/lxc/null-ptr-20-lxc/repair/305.patch
[Wed Jan 21 04:03:20 2026][COMMAND]: /opt/infer/infer/bin/infer --pulse-only --pulse-max-disjuncts 100 --jobs 32 --reactive --pulse-fix-mode --pulse-fix-file=src/lxc/af_unix.c --pulse-fix-function=lxc_abstract_unix_send_credential -o /effFix-experiment/effFix-benchmark/lxc/null-ptr-20-lxc/repair/infer-out-single -- make -j4
[Wed Jan 21 04:03:20 2026][COMMAND]: sed -i -e '238s:$: msg.msg_controllen = \& ...->msg_controllen - cmsg->cmsg_len ; :' /effFix-experiment/effFix-benchmark/lxc/null-ptr-20-lxc/src/src/lxc/af_unix.c
[Wed Jan 21 04:03:20 2026][COMMAND]: diff -u /effFix-experiment/effFix-benchmark/lxc/null-ptr-20-lxc/repair/af_unix.c.backup /effFix-experiment/effFix-benchmark/lxc/null-ptr-20-lxc/src/src/lxc/af_unix.c > /effFix-experiment/effFix-benchmark/lxc/null-ptr-20-lxc/repair/306.patch
[Wed Jan 21 04:03:20 2026][COMMAND]: /opt/infer/infer/bin/infer --pulse-only --pulse-max-disjuncts 100 --jobs 32 --reactive --pulse-fix-mode --pulse-fix-file=src/lxc/af_unix.c --pulse-fix-function=lxc_abstract_unix_send_credential -o /effFix-experiment/effFix-benchmark/lxc/null-ptr-20-lxc/repair/infer-out-single -- make -j4
[Wed Jan 21 04:03:20 2026][COMMAND]: sed -i -e '238s:$: if ( \& ...->msg_controllen - cmsg->cmsg_len >= msg.msg_controllen || \& ...->msg_control == msg.msg_control ) { return cmsg ; } :' /effFix-experiment/effFix-benchmark/lxc/null-ptr-20-lxc/src/src/lxc/af_unix.c
[Wed Jan 21 04:03:20 2026][COMMAND]: diff -u /effFix-experiment/effFix-benchmark/lxc/null-ptr-20-lxc/repair/af_unix.c.backup /effFix-experiment/effFix-benchmark/lxc/null-ptr-20-lxc/src/src/lxc/af_unix.c > /effFix-experiment/effFix-benchmark/lxc/null-ptr-20-lxc/repair/307.patch
[Wed Jan 21 04:03:20 2026][COMMAND]: /opt/infer/infer/bin/infer --pulse-only --pulse-max-disjuncts 100 --jobs 32 --reactive --pulse-fix-mode --pulse-fix-file=src/lxc/af_unix.c --pulse-fix-function=lxc_abstract_unix_send_credential -o /effFix-experiment/effFix-benchmark/lxc/null-ptr-20-lxc/repair/infer-out-single -- make -j4
[Wed Jan 21 04:03:20 2026][COMMAND]: sed -i -e '238s:$: return msg.msg_control ; return NULL ; :' /effFix-experiment/effFix-benchmark/lxc/null-ptr-20-lxc/src/src/lxc/af_unix.c
[Wed Jan 21 04:03:20 2026][COMMAND]: diff -u /effFix-experiment/effFix-benchmark/lxc/null-ptr-20-lxc/repair/af_unix.c.backup /effFix-experiment/effFix-benchmark/lxc/null-ptr-20-lxc/src/src/lxc/af_unix.c > /effFix-experiment/effFix-benchmark/lxc/null-ptr-20-lxc/repair/308.patch
[Wed Jan 21 04:03:20 2026][COMMAND]: /opt/infer/infer/bin/infer --pulse-only --pulse-max-disjuncts 100 --jobs 32 --reactive --pulse-fix-mode --pulse-fix-file=src/lxc/af_unix.c --pulse-fix-function=lxc_abstract_unix_send_credential -o /effFix-experiment/effFix-benchmark/lxc/null-ptr-20-lxc/repair/infer-out-single -- make -j4
[Wed Jan 21 04:03:20 2026][COMMAND]: sed -i -e '238s:^:if ( cmsg == msg.msg_control \&\& msg.msg_control == NULL ) { return \& ...->msg_control ; return 0; }  :' /effFix-experiment/effFix-benchmark/lxc/null-ptr-20-lxc/src/src/lxc/af_unix.c
[Wed Jan 21 04:03:20 2026][COMMAND]: diff -u /effFix-experiment/effFix-benchmark/lxc/null-ptr-20-lxc/repair/af_unix.c.backup /effFix-experiment/effFix-benchmark/lxc/null-ptr-20-lxc/src/src/lxc/af_unix.c > /effFix-experiment/effFix-benchmark/lxc/null-ptr-20-lxc/repair/309.patch
[Wed Jan 21 04:03:20 2026][COMMAND]: /opt/infer/infer/bin/infer --pulse-only --pulse-max-disjuncts 100 --jobs 32 --reactive --pulse-fix-mode --pulse-fix-file=src/lxc/af_unix.c --pulse-fix-function=lxc_abstract_unix_send_credential -o /effFix-experiment/effFix-benchmark/lxc/null-ptr-20-lxc/repair/infer-out-single -- make -j4
[Wed Jan 21 04:03:20 2026][COMMAND]: sed -i -e '238s:^:if ( ! ( cmsg->cmsg_len / cmsg->cmsg_len >= \& ...->msg_controllen / msg.msg_controllen ) ) { msg.msg_control = malloc ( sizeof ( * \& ...->msg_control ) ) ; }  :' /effFix-experiment/effFix-benchmark/lxc/null-ptr-20-lxc/src/src/lxc/af_unix.c
[Wed Jan 21 04:03:20 2026][COMMAND]: diff -u /effFix-experiment/effFix-benchmark/lxc/null-ptr-20-lxc/repair/af_unix.c.backup /effFix-experiment/effFix-benchmark/lxc/null-ptr-20-lxc/src/src/lxc/af_unix.c > /effFix-experiment/effFix-benchmark/lxc/null-ptr-20-lxc/repair/310.patch
[Wed Jan 21 04:03:20 2026][COMMAND]: /opt/infer/infer/bin/infer --pulse-only --pulse-max-disjuncts 100 --jobs 32 --reactive --pulse-fix-mode --pulse-fix-file=src/lxc/af_unix.c --pulse-fix-function=lxc_abstract_unix_send_credential -o /effFix-experiment/effFix-benchmark/lxc/null-ptr-20-lxc/repair/infer-out-single -- make -j4
[Wed Jan 21 04:03:20 2026][COMMAND]: sed -i -e '238s:^:\& ...->msg_controllen = msg.msg_controllen / \& ...->msg_controllen ;  :' /effFix-experiment/effFix-benchmark/lxc/null-ptr-20-lxc/src/src/lxc/af_unix.c
[Wed Jan 21 04:03:20 2026][COMMAND]: diff -u /effFix-experiment/effFix-benchmark/lxc/null-ptr-20-lxc/repair/af_unix.c.backup /effFix-experiment/effFix-benchmark/lxc/null-ptr-20-lxc/src/src/lxc/af_unix.c > /effFix-experiment/effFix-benchmark/lxc/null-ptr-20-lxc/repair/311.patch
[Wed Jan 21 04:03:20 2026][COMMAND]: /opt/infer/infer/bin/infer --pulse-only --pulse-max-disjuncts 100 --jobs 32 --reactive --pulse-fix-mode --pulse-fix-file=src/lxc/af_unix.c --pulse-fix-function=lxc_abstract_unix_send_credential -o /effFix-experiment/effFix-benchmark/lxc/null-ptr-20-lxc/repair/infer-out-single -- make -j4
[Wed Jan 21 04:03:20 2026][COMMAND]: sed -i -e '238s:^:if ( msg.msg_controllen == cmsg->cmsg_len * msg.msg_controllen || msg.msg_control != cmsg ) { return call to sendmsg; }  :' /effFix-experiment/effFix-benchmark/lxc/null-ptr-20-lxc/src/src/lxc/af_unix.c
[Wed Jan 21 04:03:20 2026][COMMAND]: diff -u /effFix-experiment/effFix-benchmark/lxc/null-ptr-20-lxc/repair/af_unix.c.backup /effFix-experiment/effFix-benchmark/lxc/null-ptr-20-lxc/src/src/lxc/af_unix.c > /effFix-experiment/effFix-benchmark/lxc/null-ptr-20-lxc/repair/312.patch
[Wed Jan 21 04:03:20 2026][COMMAND]: /opt/infer/infer/bin/infer --pulse-only --pulse-max-disjuncts 100 --jobs 32 --reactive --pulse-fix-mode --pulse-fix-file=src/lxc/af_unix.c --pulse-fix-function=lxc_abstract_unix_send_credential -o /effFix-experiment/effFix-benchmark/lxc/null-ptr-20-lxc/repair/infer-out-single -- make -j4
[Wed Jan 21 04:03:20 2026][COMMAND]: sed -i -e '238s:^:free ( \& ...->msg_control ) ; if ( msg.msg_controllen < 1 || msg.msg_controllen / cmsg->cmsg_len > -1 ) { \& ...->msg_controllen = \& ...->msg_controllen * cmsg->cmsg_len ; }  :' /effFix-experiment/effFix-benchmark/lxc/null-ptr-20-lxc/src/src/lxc/af_unix.c
[Wed Jan 21 04:03:20 2026][COMMAND]: diff -u /effFix-experiment/effFix-benchmark/lxc/null-ptr-20-lxc/repair/af_unix.c.backup /effFix-experiment/effFix-benchmark/lxc/null-ptr-20-lxc/src/src/lxc/af_unix.c > /effFix-experiment/effFix-benchmark/lxc/null-ptr-20-lxc/repair/313.patch
[Wed Jan 21 04:03:20 2026][COMMAND]: /opt/infer/infer/bin/infer --pulse-only --pulse-max-disjuncts 100 --jobs 32 --reactive --pulse-fix-mode --pulse-fix-file=src/lxc/af_unix.c --pulse-fix-function=lxc_abstract_unix_send_credential -o /effFix-experiment/effFix-benchmark/lxc/null-ptr-20-lxc/repair/infer-out-single -- make -j4
[Wed Jan 21 04:03:20 2026][COMMAND]: sed -i -e '238s:^:msg.msg_controllen = cmsg->cmsg_len * msg.msg_controllen ;  :' /effFix-experiment/effFix-benchmark/lxc/null-ptr-20-lxc/src/src/lxc/af_unix.c
[Wed Jan 21 04:03:20 2026][COMMAND]: diff -u /effFix-experiment/effFix-benchmark/lxc/null-ptr-20-lxc/repair/af_unix.c.backup /effFix-experiment/effFix-benchmark/lxc/null-ptr-20-lxc/src/src/lxc/af_unix.c > /effFix-experiment/effFix-benchmark/lxc/null-ptr-20-lxc/repair/314.patch
[Wed Jan 21 04:03:20 2026][COMMAND]: /opt/infer/infer/bin/infer --pulse-only --pulse-max-disjuncts 100 --jobs 32 --reactive --pulse-fix-mode --pulse-fix-file=src/lxc/af_unix.c --pulse-fix-function=lxc_abstract_unix_send_credential -o /effFix-experiment/effFix-benchmark/lxc/null-ptr-20-lxc/repair/infer-out-single -- make -j4
[Wed Jan 21 04:03:21 2026][COMMAND]: sed -i -e '238s:^:if ( msg.msg_controllen - \& ...->msg_controllen > 0 ) { return call to sendmsg; }  :' /effFix-experiment/effFix-benchmark/lxc/null-ptr-20-lxc/src/src/lxc/af_unix.c
[Wed Jan 21 04:03:21 2026][COMMAND]: diff -u /effFix-experiment/effFix-benchmark/lxc/null-ptr-20-lxc/repair/af_unix.c.backup /effFix-experiment/effFix-benchmark/lxc/null-ptr-20-lxc/src/src/lxc/af_unix.c > /effFix-experiment/effFix-benchmark/lxc/null-ptr-20-lxc/repair/315.patch
[Wed Jan 21 04:03:21 2026][COMMAND]: /opt/infer/infer/bin/infer --pulse-only --pulse-max-disjuncts 100 --jobs 32 --reactive --pulse-fix-mode --pulse-fix-file=src/lxc/af_unix.c --pulse-fix-function=lxc_abstract_unix_send_credential -o /effFix-experiment/effFix-benchmark/lxc/null-ptr-20-lxc/repair/infer-out-single -- make -j4
[Wed Jan 21 04:03:21 2026][COMMAND]: sed -i -e '238s:$: cmsg->cmsg_len = cmsg->cmsg_len + \& ...->msg_controllen ; :' /effFix-experiment/effFix-benchmark/lxc/null-ptr-20-lxc/src/src/lxc/af_unix.c
[Wed Jan 21 04:03:21 2026][COMMAND]: diff -u /effFix-experiment/effFix-benchmark/lxc/null-ptr-20-lxc/repair/af_unix.c.backup /effFix-experiment/effFix-benchmark/lxc/null-ptr-20-lxc/src/src/lxc/af_unix.c > /effFix-experiment/effFix-benchmark/lxc/null-ptr-20-lxc/repair/316.patch
[Wed Jan 21 04:03:21 2026][COMMAND]: /opt/infer/infer/bin/infer --pulse-only --pulse-max-disjuncts 100 --jobs 32 --reactive --pulse-fix-mode --pulse-fix-file=src/lxc/af_unix.c --pulse-fix-function=lxc_abstract_unix_send_credential -o /effFix-experiment/effFix-benchmark/lxc/null-ptr-20-lxc/repair/infer-out-single -- make -j4
[Wed Jan 21 04:03:21 2026][COMMAND]: sed -i -e '238s:$: if ( msg.msg_controllen < -1 \&\& cmsg == NULL ) { free ( cmsg ) ; } :' /effFix-experiment/effFix-benchmark/lxc/null-ptr-20-lxc/src/src/lxc/af_unix.c
[Wed Jan 21 04:03:21 2026][COMMAND]: diff -u /effFix-experiment/effFix-benchmark/lxc/null-ptr-20-lxc/repair/af_unix.c.backup /effFix-experiment/effFix-benchmark/lxc/null-ptr-20-lxc/src/src/lxc/af_unix.c > /effFix-experiment/effFix-benchmark/lxc/null-ptr-20-lxc/repair/317.patch
[Wed Jan 21 04:03:21 2026][COMMAND]: /opt/infer/infer/bin/infer --pulse-only --pulse-max-disjuncts 100 --jobs 32 --reactive --pulse-fix-mode --pulse-fix-file=src/lxc/af_unix.c --pulse-fix-function=lxc_abstract_unix_send_credential -o /effFix-experiment/effFix-benchmark/lxc/null-ptr-20-lxc/repair/infer-out-single -- make -j4
[Wed Jan 21 04:03:21 2026][COMMAND]: sed -i -e '238s:^:if ( ! ( \& ...->msg_controllen + msg.msg_controllen == cmsg->cmsg_len ) ) { return NULL ; } return NULL ;  :' /effFix-experiment/effFix-benchmark/lxc/null-ptr-20-lxc/src/src/lxc/af_unix.c
[Wed Jan 21 04:03:21 2026][COMMAND]: diff -u /effFix-experiment/effFix-benchmark/lxc/null-ptr-20-lxc/repair/af_unix.c.backup /effFix-experiment/effFix-benchmark/lxc/null-ptr-20-lxc/src/src/lxc/af_unix.c > /effFix-experiment/effFix-benchmark/lxc/null-ptr-20-lxc/repair/318.patch
[Wed Jan 21 04:03:21 2026][COMMAND]: /opt/infer/infer/bin/infer --pulse-only --pulse-max-disjuncts 100 --jobs 32 --reactive --pulse-fix-mode --pulse-fix-file=src/lxc/af_unix.c --pulse-fix-function=lxc_abstract_unix_send_credential -o /effFix-experiment/effFix-benchmark/lxc/null-ptr-20-lxc/repair/infer-out-single -- make -j4
[Wed Jan 21 04:03:21 2026][COMMAND]: sed -i -e '238s:$: cmsg = msg.msg_control ; :' /effFix-experiment/effFix-benchmark/lxc/null-ptr-20-lxc/src/src/lxc/af_unix.c
[Wed Jan 21 04:03:21 2026][COMMAND]: diff -u /effFix-experiment/effFix-benchmark/lxc/null-ptr-20-lxc/repair/af_unix.c.backup /effFix-experiment/effFix-benchmark/lxc/null-ptr-20-lxc/src/src/lxc/af_unix.c > /effFix-experiment/effFix-benchmark/lxc/null-ptr-20-lxc/repair/319.patch
[Wed Jan 21 04:03:21 2026][COMMAND]: /opt/infer/infer/bin/infer --pulse-only --pulse-max-disjuncts 100 --jobs 32 --reactive --pulse-fix-mode --pulse-fix-file=src/lxc/af_unix.c --pulse-fix-function=lxc_abstract_unix_send_credential -o /effFix-experiment/effFix-benchmark/lxc/null-ptr-20-lxc/repair/infer-out-single -- make -j4
[Wed Jan 21 04:03:21 2026][COMMAND]: sed -i -e '238s:^:\& ...->msg_controllen = msg.msg_controllen / msg.msg_controllen ; free ( msg.msg_control ) ;  :' /effFix-experiment/effFix-benchmark/lxc/null-ptr-20-lxc/src/src/lxc/af_unix.c
[Wed Jan 21 04:03:21 2026][COMMAND]: diff -u /effFix-experiment/effFix-benchmark/lxc/null-ptr-20-lxc/repair/af_unix.c.backup /effFix-experiment/effFix-benchmark/lxc/null-ptr-20-lxc/src/src/lxc/af_unix.c > /effFix-experiment/effFix-benchmark/lxc/null-ptr-20-lxc/repair/320.patch
[Wed Jan 21 04:03:21 2026][COMMAND]: /opt/infer/infer/bin/infer --pulse-only --pulse-max-disjuncts 100 --jobs 32 --reactive --pulse-fix-mode --pulse-fix-file=src/lxc/af_unix.c --pulse-fix-function=lxc_abstract_unix_send_credential -o /effFix-experiment/effFix-benchmark/lxc/null-ptr-20-lxc/repair/infer-out-single -- make -j4
[Wed Jan 21 04:03:21 2026][COMMAND]: sed -i -e '238s:$: cmsg = malloc ( sizeof ( * cmsg ) ) ; :' /effFix-experiment/effFix-benchmark/lxc/null-ptr-20-lxc/src/src/lxc/af_unix.c
[Wed Jan 21 04:03:21 2026][COMMAND]: diff -u /effFix-experiment/effFix-benchmark/lxc/null-ptr-20-lxc/repair/af_unix.c.backup /effFix-experiment/effFix-benchmark/lxc/null-ptr-20-lxc/src/src/lxc/af_unix.c > /effFix-experiment/effFix-benchmark/lxc/null-ptr-20-lxc/repair/321.patch
[Wed Jan 21 04:03:21 2026][COMMAND]: /opt/infer/infer/bin/infer --pulse-only --pulse-max-disjuncts 100 --jobs 32 --reactive --pulse-fix-mode --pulse-fix-file=src/lxc/af_unix.c --pulse-fix-function=lxc_abstract_unix_send_credential -o /effFix-experiment/effFix-benchmark/lxc/null-ptr-20-lxc/repair/infer-out-single -- make -j4
[Wed Jan 21 04:03:21 2026][COMMAND]: sed -i -e '238s:^:if ( msg.msg_control != NULL ) { msg.msg_control = malloc ( sizeof ( * \& ...->msg_control ) ) ; }  :' /effFix-experiment/effFix-benchmark/lxc/null-ptr-20-lxc/src/src/lxc/af_unix.c
[Wed Jan 21 04:03:21 2026][COMMAND]: diff -u /effFix-experiment/effFix-benchmark/lxc/null-ptr-20-lxc/repair/af_unix.c.backup /effFix-experiment/effFix-benchmark/lxc/null-ptr-20-lxc/src/src/lxc/af_unix.c > /effFix-experiment/effFix-benchmark/lxc/null-ptr-20-lxc/repair/322.patch
[Wed Jan 21 04:03:21 2026][COMMAND]: /opt/infer/infer/bin/infer --pulse-only --pulse-max-disjuncts 100 --jobs 32 --reactive --pulse-fix-mode --pulse-fix-file=src/lxc/af_unix.c --pulse-fix-function=lxc_abstract_unix_send_credential -o /effFix-experiment/effFix-benchmark/lxc/null-ptr-20-lxc/repair/infer-out-single -- make -j4
[Wed Jan 21 04:03:21 2026][COMMAND]: sed -i -e '238s:^:return call to sendmsg; msg.msg_controllen = \& ...->msg_controllen * cmsg->cmsg_len ;  :' /effFix-experiment/effFix-benchmark/lxc/null-ptr-20-lxc/src/src/lxc/af_unix.c
[Wed Jan 21 04:03:21 2026][COMMAND]: diff -u /effFix-experiment/effFix-benchmark/lxc/null-ptr-20-lxc/repair/af_unix.c.backup /effFix-experiment/effFix-benchmark/lxc/null-ptr-20-lxc/src/src/lxc/af_unix.c > /effFix-experiment/effFix-benchmark/lxc/null-ptr-20-lxc/repair/323.patch
[Wed Jan 21 04:03:21 2026][COMMAND]: /opt/infer/infer/bin/infer --pulse-only --pulse-max-disjuncts 100 --jobs 32 --reactive --pulse-fix-mode --pulse-fix-file=src/lxc/af_unix.c --pulse-fix-function=lxc_abstract_unix_send_credential -o /effFix-experiment/effFix-benchmark/lxc/null-ptr-20-lxc/repair/infer-out-single -- make -j4
[Wed Jan 21 04:03:21 2026][COMMAND]: sed -i -e '238s:$: cmsg->cmsg_len = \& ...->msg_controllen * cmsg->cmsg_len ; :' /effFix-experiment/effFix-benchmark/lxc/null-ptr-20-lxc/src/src/lxc/af_unix.c
[Wed Jan 21 04:03:21 2026][COMMAND]: diff -u /effFix-experiment/effFix-benchmark/lxc/null-ptr-20-lxc/repair/af_unix.c.backup /effFix-experiment/effFix-benchmark/lxc/null-ptr-20-lxc/src/src/lxc/af_unix.c > /effFix-experiment/effFix-benchmark/lxc/null-ptr-20-lxc/repair/324.patch
[Wed Jan 21 04:03:21 2026][COMMAND]: /opt/infer/infer/bin/infer --pulse-only --pulse-max-disjuncts 100 --jobs 32 --reactive --pulse-fix-mode --pulse-fix-file=src/lxc/af_unix.c --pulse-fix-function=lxc_abstract_unix_send_credential -o /effFix-experiment/effFix-benchmark/lxc/null-ptr-20-lxc/repair/infer-out-single -- make -j4
[Wed Jan 21 04:03:22 2026][COMMAND]: sed -i -e '238s:$: \& ...->msg_controllen = cmsg->cmsg_len / msg.msg_controllen ; :' /effFix-experiment/effFix-benchmark/lxc/null-ptr-20-lxc/src/src/lxc/af_unix.c
[Wed Jan 21 04:03:22 2026][COMMAND]: diff -u /effFix-experiment/effFix-benchmark/lxc/null-ptr-20-lxc/repair/af_unix.c.backup /effFix-experiment/effFix-benchmark/lxc/null-ptr-20-lxc/src/src/lxc/af_unix.c > /effFix-experiment/effFix-benchmark/lxc/null-ptr-20-lxc/repair/325.patch
[Wed Jan 21 04:03:22 2026][COMMAND]: /opt/infer/infer/bin/infer --pulse-only --pulse-max-disjuncts 100 --jobs 32 --reactive --pulse-fix-mode --pulse-fix-file=src/lxc/af_unix.c --pulse-fix-function=lxc_abstract_unix_send_credential -o /effFix-experiment/effFix-benchmark/lxc/null-ptr-20-lxc/repair/infer-out-single -- make -j4
[Wed Jan 21 04:03:22 2026][COMMAND]: sed -i -e '238s:^:msg.msg_control = malloc ( sizeof ( * msg.msg_control ) ) ; if ( \& ...->msg_controllen / msg.msg_controllen < 1 \&\& msg.msg_controllen * msg.msg_controllen != \& ...->msg_controllen ) { cmsg = msg.msg_control ; }  :' /effFix-experiment/effFix-benchmark/lxc/null-ptr-20-lxc/src/src/lxc/af_unix.c
[Wed Jan 21 04:03:22 2026][COMMAND]: diff -u /effFix-experiment/effFix-benchmark/lxc/null-ptr-20-lxc/repair/af_unix.c.backup /effFix-experiment/effFix-benchmark/lxc/null-ptr-20-lxc/src/src/lxc/af_unix.c > /effFix-experiment/effFix-benchmark/lxc/null-ptr-20-lxc/repair/326.patch
[Wed Jan 21 04:03:22 2026][COMMAND]: /opt/infer/infer/bin/infer --pulse-only --pulse-max-disjuncts 100 --jobs 32 --reactive --pulse-fix-mode --pulse-fix-file=src/lxc/af_unix.c --pulse-fix-function=lxc_abstract_unix_send_credential -o /effFix-experiment/effFix-benchmark/lxc/null-ptr-20-lxc/repair/infer-out-single -- make -j4
[Wed Jan 21 04:03:22 2026][COMMAND]: sed -i -e '238s:^:if ( msg.msg_control == \& ...->msg_control ) { free ( cmsg ) ; }  :' /effFix-experiment/effFix-benchmark/lxc/null-ptr-20-lxc/src/src/lxc/af_unix.c
[Wed Jan 21 04:03:22 2026][COMMAND]: diff -u /effFix-experiment/effFix-benchmark/lxc/null-ptr-20-lxc/repair/af_unix.c.backup /effFix-experiment/effFix-benchmark/lxc/null-ptr-20-lxc/src/src/lxc/af_unix.c > /effFix-experiment/effFix-benchmark/lxc/null-ptr-20-lxc/repair/327.patch
[Wed Jan 21 04:03:22 2026][COMMAND]: /opt/infer/infer/bin/infer --pulse-only --pulse-max-disjuncts 100 --jobs 32 --reactive --pulse-fix-mode --pulse-fix-file=src/lxc/af_unix.c --pulse-fix-function=lxc_abstract_unix_send_credential -o /effFix-experiment/effFix-benchmark/lxc/null-ptr-20-lxc/repair/infer-out-single -- make -j4
[Wed Jan 21 04:03:22 2026][COMMAND]: sed -i -e '238s:^:return NULL ; free ( cmsg ) ;  :' /effFix-experiment/effFix-benchmark/lxc/null-ptr-20-lxc/src/src/lxc/af_unix.c
[Wed Jan 21 04:03:22 2026][COMMAND]: diff -u /effFix-experiment/effFix-benchmark/lxc/null-ptr-20-lxc/repair/af_unix.c.backup /effFix-experiment/effFix-benchmark/lxc/null-ptr-20-lxc/src/src/lxc/af_unix.c > /effFix-experiment/effFix-benchmark/lxc/null-ptr-20-lxc/repair/328.patch
[Wed Jan 21 04:03:22 2026][COMMAND]: /opt/infer/infer/bin/infer --pulse-only --pulse-max-disjuncts 100 --jobs 32 --reactive --pulse-fix-mode --pulse-fix-file=src/lxc/af_unix.c --pulse-fix-function=lxc_abstract_unix_send_credential -o /effFix-experiment/effFix-benchmark/lxc/null-ptr-20-lxc/repair/infer-out-single -- make -j4
[Wed Jan 21 04:03:22 2026][COMMAND]: sed -i -e '238s:$: msg.msg_controllen = \& ...->msg_controllen + msg.msg_controllen ; :' /effFix-experiment/effFix-benchmark/lxc/null-ptr-20-lxc/src/src/lxc/af_unix.c
[Wed Jan 21 04:03:22 2026][COMMAND]: diff -u /effFix-experiment/effFix-benchmark/lxc/null-ptr-20-lxc/repair/af_unix.c.backup /effFix-experiment/effFix-benchmark/lxc/null-ptr-20-lxc/src/src/lxc/af_unix.c > /effFix-experiment/effFix-benchmark/lxc/null-ptr-20-lxc/repair/329.patch
[Wed Jan 21 04:03:22 2026][COMMAND]: /opt/infer/infer/bin/infer --pulse-only --pulse-max-disjuncts 100 --jobs 32 --reactive --pulse-fix-mode --pulse-fix-file=src/lxc/af_unix.c --pulse-fix-function=lxc_abstract_unix_send_credential -o /effFix-experiment/effFix-benchmark/lxc/null-ptr-20-lxc/repair/infer-out-single -- make -j4
[Wed Jan 21 04:03:22 2026][COMMAND]: sed -i -e '238s:^:if ( cmsg == NULL ) { return NULL ; }  :' /effFix-experiment/effFix-benchmark/lxc/null-ptr-20-lxc/src/src/lxc/af_unix.c
[Wed Jan 21 04:03:22 2026][COMMAND]: diff -u /effFix-experiment/effFix-benchmark/lxc/null-ptr-20-lxc/repair/af_unix.c.backup /effFix-experiment/effFix-benchmark/lxc/null-ptr-20-lxc/src/src/lxc/af_unix.c > /effFix-experiment/effFix-benchmark/lxc/null-ptr-20-lxc/repair/330.patch
[Wed Jan 21 04:03:22 2026][COMMAND]: /opt/infer/infer/bin/infer --pulse-only --pulse-max-disjuncts 100 --jobs 32 --reactive --pulse-fix-mode --pulse-fix-file=src/lxc/af_unix.c --pulse-fix-function=lxc_abstract_unix_send_credential -o /effFix-experiment/effFix-benchmark/lxc/null-ptr-20-lxc/repair/infer-out-single -- make -j4
[Wed Jan 21 04:03:22 2026][COMMAND]: sed -i -e '238s:$: msg.msg_control = malloc ( sizeof ( * cmsg ) ) ; free ( msg.msg_control ) ; :' /effFix-experiment/effFix-benchmark/lxc/null-ptr-20-lxc/src/src/lxc/af_unix.c
[Wed Jan 21 04:03:22 2026][COMMAND]: diff -u /effFix-experiment/effFix-benchmark/lxc/null-ptr-20-lxc/repair/af_unix.c.backup /effFix-experiment/effFix-benchmark/lxc/null-ptr-20-lxc/src/src/lxc/af_unix.c > /effFix-experiment/effFix-benchmark/lxc/null-ptr-20-lxc/repair/331.patch
[Wed Jan 21 04:03:22 2026][COMMAND]: /opt/infer/infer/bin/infer --pulse-only --pulse-max-disjuncts 100 --jobs 32 --reactive --pulse-fix-mode --pulse-fix-file=src/lxc/af_unix.c --pulse-fix-function=lxc_abstract_unix_send_credential -o /effFix-experiment/effFix-benchmark/lxc/null-ptr-20-lxc/repair/infer-out-single -- make -j4
[Wed Jan 21 04:03:22 2026][COMMAND]: sed -i -e '238s:$: if ( msg.msg_controllen > \& ...->msg_controllen || cmsg->cmsg_len != cmsg->cmsg_len - msg.msg_controllen ) { return msg.msg_control ; } :' /effFix-experiment/effFix-benchmark/lxc/null-ptr-20-lxc/src/src/lxc/af_unix.c
[Wed Jan 21 04:03:22 2026][COMMAND]: diff -u /effFix-experiment/effFix-benchmark/lxc/null-ptr-20-lxc/repair/af_unix.c.backup /effFix-experiment/effFix-benchmark/lxc/null-ptr-20-lxc/src/src/lxc/af_unix.c > /effFix-experiment/effFix-benchmark/lxc/null-ptr-20-lxc/repair/332.patch
[Wed Jan 21 04:03:22 2026][COMMAND]: /opt/infer/infer/bin/infer --pulse-only --pulse-max-disjuncts 100 --jobs 32 --reactive --pulse-fix-mode --pulse-fix-file=src/lxc/af_unix.c --pulse-fix-function=lxc_abstract_unix_send_credential -o /effFix-experiment/effFix-benchmark/lxc/null-ptr-20-lxc/repair/infer-out-single -- make -j4
[Wed Jan 21 04:03:22 2026][COMMAND]: sed -i -e '238s:$: cmsg->cmsg_len = cmsg->cmsg_len - msg.msg_controllen ; :' /effFix-experiment/effFix-benchmark/lxc/null-ptr-20-lxc/src/src/lxc/af_unix.c
[Wed Jan 21 04:03:22 2026][COMMAND]: diff -u /effFix-experiment/effFix-benchmark/lxc/null-ptr-20-lxc/repair/af_unix.c.backup /effFix-experiment/effFix-benchmark/lxc/null-ptr-20-lxc/src/src/lxc/af_unix.c > /effFix-experiment/effFix-benchmark/lxc/null-ptr-20-lxc/repair/333.patch
[Wed Jan 21 04:03:22 2026][COMMAND]: /opt/infer/infer/bin/infer --pulse-only --pulse-max-disjuncts 100 --jobs 32 --reactive --pulse-fix-mode --pulse-fix-file=src/lxc/af_unix.c --pulse-fix-function=lxc_abstract_unix_send_credential -o /effFix-experiment/effFix-benchmark/lxc/null-ptr-20-lxc/repair/infer-out-single -- make -j4
[Wed Jan 21 04:03:22 2026][COMMAND]: sed -i -e '238s:$: if ( cmsg != msg.msg_control \&\& cmsg != cmsg ) { return NULL ; } :' /effFix-experiment/effFix-benchmark/lxc/null-ptr-20-lxc/src/src/lxc/af_unix.c
[Wed Jan 21 04:03:22 2026][COMMAND]: diff -u /effFix-experiment/effFix-benchmark/lxc/null-ptr-20-lxc/repair/af_unix.c.backup /effFix-experiment/effFix-benchmark/lxc/null-ptr-20-lxc/src/src/lxc/af_unix.c > /effFix-experiment/effFix-benchmark/lxc/null-ptr-20-lxc/repair/334.patch
[Wed Jan 21 04:03:22 2026][COMMAND]: /opt/infer/infer/bin/infer --pulse-only --pulse-max-disjuncts 100 --jobs 32 --reactive --pulse-fix-mode --pulse-fix-file=src/lxc/af_unix.c --pulse-fix-function=lxc_abstract_unix_send_credential -o /effFix-experiment/effFix-benchmark/lxc/null-ptr-20-lxc/repair/infer-out-single -- make -j4
[Wed Jan 21 04:03:22 2026][COMMAND]: sed -i -e '238s:$: msg.msg_controllen = msg.msg_controllen + cmsg->cmsg_len ; :' /effFix-experiment/effFix-benchmark/lxc/null-ptr-20-lxc/src/src/lxc/af_unix.c
[Wed Jan 21 04:03:22 2026][COMMAND]: diff -u /effFix-experiment/effFix-benchmark/lxc/null-ptr-20-lxc/repair/af_unix.c.backup /effFix-experiment/effFix-benchmark/lxc/null-ptr-20-lxc/src/src/lxc/af_unix.c > /effFix-experiment/effFix-benchmark/lxc/null-ptr-20-lxc/repair/335.patch
[Wed Jan 21 04:03:22 2026][COMMAND]: /opt/infer/infer/bin/infer --pulse-only --pulse-max-disjuncts 100 --jobs 32 --reactive --pulse-fix-mode --pulse-fix-file=src/lxc/af_unix.c --pulse-fix-function=lxc_abstract_unix_send_credential -o /effFix-experiment/effFix-benchmark/lxc/null-ptr-20-lxc/repair/infer-out-single -- make -j4
[Wed Jan 21 04:03:23 2026][COMMAND]: sed -i -e '238s:$: if ( \& ...->msg_control == NULL \&\& msg.msg_control == NULL ) { return call to sendmsg; } :' /effFix-experiment/effFix-benchmark/lxc/null-ptr-20-lxc/src/src/lxc/af_unix.c
[Wed Jan 21 04:03:23 2026][COMMAND]: diff -u /effFix-experiment/effFix-benchmark/lxc/null-ptr-20-lxc/repair/af_unix.c.backup /effFix-experiment/effFix-benchmark/lxc/null-ptr-20-lxc/src/src/lxc/af_unix.c > /effFix-experiment/effFix-benchmark/lxc/null-ptr-20-lxc/repair/336.patch
[Wed Jan 21 04:03:23 2026][COMMAND]: /opt/infer/infer/bin/infer --pulse-only --pulse-max-disjuncts 100 --jobs 32 --reactive --pulse-fix-mode --pulse-fix-file=src/lxc/af_unix.c --pulse-fix-function=lxc_abstract_unix_send_credential -o /effFix-experiment/effFix-benchmark/lxc/null-ptr-20-lxc/repair/infer-out-single -- make -j4
[Wed Jan 21 04:03:23 2026][COMMAND]: sed -i -e '238s:^:if ( ! ( cmsg->cmsg_len - \& ...->msg_controllen <= \& ...->msg_controllen ) ) { msg.msg_control = malloc ( sizeof ( * msg.msg_control ) ) ; }  :' /effFix-experiment/effFix-benchmark/lxc/null-ptr-20-lxc/src/src/lxc/af_unix.c
[Wed Jan 21 04:03:23 2026][COMMAND]: diff -u /effFix-experiment/effFix-benchmark/lxc/null-ptr-20-lxc/repair/af_unix.c.backup /effFix-experiment/effFix-benchmark/lxc/null-ptr-20-lxc/src/src/lxc/af_unix.c > /effFix-experiment/effFix-benchmark/lxc/null-ptr-20-lxc/repair/337.patch
[Wed Jan 21 04:03:23 2026][COMMAND]: /opt/infer/infer/bin/infer --pulse-only --pulse-max-disjuncts 100 --jobs 32 --reactive --pulse-fix-mode --pulse-fix-file=src/lxc/af_unix.c --pulse-fix-function=lxc_abstract_unix_send_credential -o /effFix-experiment/effFix-benchmark/lxc/null-ptr-20-lxc/repair/infer-out-single -- make -j4
[Wed Jan 21 04:03:23 2026][COMMAND]: sed -i -e '238s:^:if ( msg.msg_control == msg.msg_control || \& ...->msg_control == NULL ) { msg.msg_control = NULL ; }  :' /effFix-experiment/effFix-benchmark/lxc/null-ptr-20-lxc/src/src/lxc/af_unix.c
[Wed Jan 21 04:03:23 2026][COMMAND]: diff -u /effFix-experiment/effFix-benchmark/lxc/null-ptr-20-lxc/repair/af_unix.c.backup /effFix-experiment/effFix-benchmark/lxc/null-ptr-20-lxc/src/src/lxc/af_unix.c > /effFix-experiment/effFix-benchmark/lxc/null-ptr-20-lxc/repair/338.patch
[Wed Jan 21 04:03:23 2026][COMMAND]: /opt/infer/infer/bin/infer --pulse-only --pulse-max-disjuncts 100 --jobs 32 --reactive --pulse-fix-mode --pulse-fix-file=src/lxc/af_unix.c --pulse-fix-function=lxc_abstract_unix_send_credential -o /effFix-experiment/effFix-benchmark/lxc/null-ptr-20-lxc/repair/infer-out-single -- make -j4
[Wed Jan 21 04:03:23 2026][COMMAND]: sed -i -e '238s:^:if ( \& ...->msg_controllen / msg.msg_controllen <= 1 \&\& \& ...->msg_control == NULL ) { \& ...->msg_controllen = \& ...->msg_controllen ; }  :' /effFix-experiment/effFix-benchmark/lxc/null-ptr-20-lxc/src/src/lxc/af_unix.c
[Wed Jan 21 04:03:23 2026][COMMAND]: diff -u /effFix-experiment/effFix-benchmark/lxc/null-ptr-20-lxc/repair/af_unix.c.backup /effFix-experiment/effFix-benchmark/lxc/null-ptr-20-lxc/src/src/lxc/af_unix.c > /effFix-experiment/effFix-benchmark/lxc/null-ptr-20-lxc/repair/339.patch
[Wed Jan 21 04:03:23 2026][COMMAND]: /opt/infer/infer/bin/infer --pulse-only --pulse-max-disjuncts 100 --jobs 32 --reactive --pulse-fix-mode --pulse-fix-file=src/lxc/af_unix.c --pulse-fix-function=lxc_abstract_unix_send_credential -o /effFix-experiment/effFix-benchmark/lxc/null-ptr-20-lxc/repair/infer-out-single -- make -j4
[Wed Jan 21 04:03:23 2026][COMMAND]: sed -i -e '238s:^:cmsg->cmsg_len = msg.msg_controllen * msg.msg_controllen ;  :' /effFix-experiment/effFix-benchmark/lxc/null-ptr-20-lxc/src/src/lxc/af_unix.c
[Wed Jan 21 04:03:23 2026][COMMAND]: diff -u /effFix-experiment/effFix-benchmark/lxc/null-ptr-20-lxc/repair/af_unix.c.backup /effFix-experiment/effFix-benchmark/lxc/null-ptr-20-lxc/src/src/lxc/af_unix.c > /effFix-experiment/effFix-benchmark/lxc/null-ptr-20-lxc/repair/340.patch
[Wed Jan 21 04:03:23 2026][COMMAND]: /opt/infer/infer/bin/infer --pulse-only --pulse-max-disjuncts 100 --jobs 32 --reactive --pulse-fix-mode --pulse-fix-file=src/lxc/af_unix.c --pulse-fix-function=lxc_abstract_unix_send_credential -o /effFix-experiment/effFix-benchmark/lxc/null-ptr-20-lxc/repair/infer-out-single -- make -j4
[Wed Jan 21 04:03:23 2026][COMMAND]: sed -i -e '238s:$: msg.msg_controllen = cmsg->cmsg_len / \& ...->msg_controllen ; :' /effFix-experiment/effFix-benchmark/lxc/null-ptr-20-lxc/src/src/lxc/af_unix.c
[Wed Jan 21 04:03:23 2026][COMMAND]: diff -u /effFix-experiment/effFix-benchmark/lxc/null-ptr-20-lxc/repair/af_unix.c.backup /effFix-experiment/effFix-benchmark/lxc/null-ptr-20-lxc/src/src/lxc/af_unix.c > /effFix-experiment/effFix-benchmark/lxc/null-ptr-20-lxc/repair/341.patch
[Wed Jan 21 04:03:23 2026][COMMAND]: /opt/infer/infer/bin/infer --pulse-only --pulse-max-disjuncts 100 --jobs 32 --reactive --pulse-fix-mode --pulse-fix-file=src/lxc/af_unix.c --pulse-fix-function=lxc_abstract_unix_send_credential -o /effFix-experiment/effFix-benchmark/lxc/null-ptr-20-lxc/repair/infer-out-single -- make -j4
[Wed Jan 21 04:03:23 2026][COMMAND]: sed -i -e '238s:$: if ( ! ( \& ...->msg_controllen != 1 ) ) { \& ...->msg_controllen = msg.msg_controllen ; } return NULL ; :' /effFix-experiment/effFix-benchmark/lxc/null-ptr-20-lxc/src/src/lxc/af_unix.c
[Wed Jan 21 04:03:23 2026][COMMAND]: diff -u /effFix-experiment/effFix-benchmark/lxc/null-ptr-20-lxc/repair/af_unix.c.backup /effFix-experiment/effFix-benchmark/lxc/null-ptr-20-lxc/src/src/lxc/af_unix.c > /effFix-experiment/effFix-benchmark/lxc/null-ptr-20-lxc/repair/342.patch
[Wed Jan 21 04:03:23 2026][COMMAND]: /opt/infer/infer/bin/infer --pulse-only --pulse-max-disjuncts 100 --jobs 32 --reactive --pulse-fix-mode --pulse-fix-file=src/lxc/af_unix.c --pulse-fix-function=lxc_abstract_unix_send_credential -o /effFix-experiment/effFix-benchmark/lxc/null-ptr-20-lxc/repair/infer-out-single -- make -j4
[Wed Jan 21 04:03:23 2026][COMMAND]: sed -i -e '238s:^:if ( ! ( cmsg->cmsg_len <= 1 ) ) { return NULL ; }  :' /effFix-experiment/effFix-benchmark/lxc/null-ptr-20-lxc/src/src/lxc/af_unix.c
[Wed Jan 21 04:03:23 2026][COMMAND]: diff -u /effFix-experiment/effFix-benchmark/lxc/null-ptr-20-lxc/repair/af_unix.c.backup /effFix-experiment/effFix-benchmark/lxc/null-ptr-20-lxc/src/src/lxc/af_unix.c > /effFix-experiment/effFix-benchmark/lxc/null-ptr-20-lxc/repair/343.patch
[Wed Jan 21 04:03:23 2026][COMMAND]: /opt/infer/infer/bin/infer --pulse-only --pulse-max-disjuncts 100 --jobs 32 --reactive --pulse-fix-mode --pulse-fix-file=src/lxc/af_unix.c --pulse-fix-function=lxc_abstract_unix_send_credential -o /effFix-experiment/effFix-benchmark/lxc/null-ptr-20-lxc/repair/infer-out-single -- make -j4
[Wed Jan 21 04:03:23 2026][COMMAND]: sed -i -e '238s:^:msg.msg_control = \& ...->msg_control ; msg.msg_controllen = cmsg->cmsg_len * cmsg->cmsg_len ;  :' /effFix-experiment/effFix-benchmark/lxc/null-ptr-20-lxc/src/src/lxc/af_unix.c
[Wed Jan 21 04:03:23 2026][COMMAND]: diff -u /effFix-experiment/effFix-benchmark/lxc/null-ptr-20-lxc/repair/af_unix.c.backup /effFix-experiment/effFix-benchmark/lxc/null-ptr-20-lxc/src/src/lxc/af_unix.c > /effFix-experiment/effFix-benchmark/lxc/null-ptr-20-lxc/repair/344.patch
[Wed Jan 21 04:03:23 2026][COMMAND]: /opt/infer/infer/bin/infer --pulse-only --pulse-max-disjuncts 100 --jobs 32 --reactive --pulse-fix-mode --pulse-fix-file=src/lxc/af_unix.c --pulse-fix-function=lxc_abstract_unix_send_credential -o /effFix-experiment/effFix-benchmark/lxc/null-ptr-20-lxc/repair/infer-out-single -- make -j4
[Wed Jan 21 04:03:24 2026][COMMAND]: sed -i -e '238s:$: \& ...->msg_controllen = msg.msg_controllen - msg.msg_controllen ; :' /effFix-experiment/effFix-benchmark/lxc/null-ptr-20-lxc/src/src/lxc/af_unix.c
[Wed Jan 21 04:03:24 2026][COMMAND]: diff -u /effFix-experiment/effFix-benchmark/lxc/null-ptr-20-lxc/repair/af_unix.c.backup /effFix-experiment/effFix-benchmark/lxc/null-ptr-20-lxc/src/src/lxc/af_unix.c > /effFix-experiment/effFix-benchmark/lxc/null-ptr-20-lxc/repair/345.patch
[Wed Jan 21 04:03:24 2026][COMMAND]: /opt/infer/infer/bin/infer --pulse-only --pulse-max-disjuncts 100 --jobs 32 --reactive --pulse-fix-mode --pulse-fix-file=src/lxc/af_unix.c --pulse-fix-function=lxc_abstract_unix_send_credential -o /effFix-experiment/effFix-benchmark/lxc/null-ptr-20-lxc/repair/infer-out-single -- make -j4
[Wed Jan 21 04:03:24 2026][COMMAND]: sed -i -e '238s:^:if ( ! ( cmsg != NULL ) ) { return call to sendmsg; }  :' /effFix-experiment/effFix-benchmark/lxc/null-ptr-20-lxc/src/src/lxc/af_unix.c
[Wed Jan 21 04:03:24 2026][COMMAND]: diff -u /effFix-experiment/effFix-benchmark/lxc/null-ptr-20-lxc/repair/af_unix.c.backup /effFix-experiment/effFix-benchmark/lxc/null-ptr-20-lxc/src/src/lxc/af_unix.c > /effFix-experiment/effFix-benchmark/lxc/null-ptr-20-lxc/repair/346.patch
[Wed Jan 21 04:03:24 2026][COMMAND]: /opt/infer/infer/bin/infer --pulse-only --pulse-max-disjuncts 100 --jobs 32 --reactive --pulse-fix-mode --pulse-fix-file=src/lxc/af_unix.c --pulse-fix-function=lxc_abstract_unix_send_credential -o /effFix-experiment/effFix-benchmark/lxc/null-ptr-20-lxc/repair/infer-out-single -- make -j4
[Wed Jan 21 04:03:24 2026][COMMAND]: sed -i -e '238s:$: if ( cmsg != NULL || \& ...->msg_control == NULL ) { return call to sendmsg; } :' /effFix-experiment/effFix-benchmark/lxc/null-ptr-20-lxc/src/src/lxc/af_unix.c
[Wed Jan 21 04:03:24 2026][COMMAND]: diff -u /effFix-experiment/effFix-benchmark/lxc/null-ptr-20-lxc/repair/af_unix.c.backup /effFix-experiment/effFix-benchmark/lxc/null-ptr-20-lxc/src/src/lxc/af_unix.c > /effFix-experiment/effFix-benchmark/lxc/null-ptr-20-lxc/repair/347.patch
[Wed Jan 21 04:03:24 2026][COMMAND]: /opt/infer/infer/bin/infer --pulse-only --pulse-max-disjuncts 100 --jobs 32 --reactive --pulse-fix-mode --pulse-fix-file=src/lxc/af_unix.c --pulse-fix-function=lxc_abstract_unix_send_credential -o /effFix-experiment/effFix-benchmark/lxc/null-ptr-20-lxc/repair/infer-out-single -- make -j4
[Wed Jan 21 04:03:24 2026][COMMAND]: sed -i -e '238s:^:if ( cmsg == NULL || cmsg != \& ...->msg_control ) { msg.msg_controllen = msg.msg_controllen / cmsg->cmsg_len ; }  :' /effFix-experiment/effFix-benchmark/lxc/null-ptr-20-lxc/src/src/lxc/af_unix.c
[Wed Jan 21 04:03:24 2026][COMMAND]: diff -u /effFix-experiment/effFix-benchmark/lxc/null-ptr-20-lxc/repair/af_unix.c.backup /effFix-experiment/effFix-benchmark/lxc/null-ptr-20-lxc/src/src/lxc/af_unix.c > /effFix-experiment/effFix-benchmark/lxc/null-ptr-20-lxc/repair/348.patch
[Wed Jan 21 04:03:24 2026][COMMAND]: /opt/infer/infer/bin/infer --pulse-only --pulse-max-disjuncts 100 --jobs 32 --reactive --pulse-fix-mode --pulse-fix-file=src/lxc/af_unix.c --pulse-fix-function=lxc_abstract_unix_send_credential -o /effFix-experiment/effFix-benchmark/lxc/null-ptr-20-lxc/repair/infer-out-single -- make -j4
[Wed Jan 21 04:03:24 2026][COMMAND]: sed -i -e '238s:$: \& ...->msg_control = malloc ( sizeof ( * cmsg ) ) ; :' /effFix-experiment/effFix-benchmark/lxc/null-ptr-20-lxc/src/src/lxc/af_unix.c
[Wed Jan 21 04:03:24 2026][COMMAND]: diff -u /effFix-experiment/effFix-benchmark/lxc/null-ptr-20-lxc/repair/af_unix.c.backup /effFix-experiment/effFix-benchmark/lxc/null-ptr-20-lxc/src/src/lxc/af_unix.c > /effFix-experiment/effFix-benchmark/lxc/null-ptr-20-lxc/repair/349.patch
[Wed Jan 21 04:03:24 2026][COMMAND]: /opt/infer/infer/bin/infer --pulse-only --pulse-max-disjuncts 100 --jobs 32 --reactive --pulse-fix-mode --pulse-fix-file=src/lxc/af_unix.c --pulse-fix-function=lxc_abstract_unix_send_credential -o /effFix-experiment/effFix-benchmark/lxc/null-ptr-20-lxc/repair/infer-out-single -- make -j4
[Wed Jan 21 04:03:24 2026][COMMAND]: sed -i -e '238s:$: return 0; if ( ! ( \& ...->msg_control != \& ...->msg_control ) ) { return call to sendmsg; } :' /effFix-experiment/effFix-benchmark/lxc/null-ptr-20-lxc/src/src/lxc/af_unix.c
[Wed Jan 21 04:03:24 2026][COMMAND]: diff -u /effFix-experiment/effFix-benchmark/lxc/null-ptr-20-lxc/repair/af_unix.c.backup /effFix-experiment/effFix-benchmark/lxc/null-ptr-20-lxc/src/src/lxc/af_unix.c > /effFix-experiment/effFix-benchmark/lxc/null-ptr-20-lxc/repair/350.patch
[Wed Jan 21 04:03:24 2026][COMMAND]: /opt/infer/infer/bin/infer --pulse-only --pulse-max-disjuncts 100 --jobs 32 --reactive --pulse-fix-mode --pulse-fix-file=src/lxc/af_unix.c --pulse-fix-function=lxc_abstract_unix_send_credential -o /effFix-experiment/effFix-benchmark/lxc/null-ptr-20-lxc/repair/infer-out-single -- make -j4
[Wed Jan 21 04:03:24 2026][COMMAND]: sed -i -e '238s:$: return \& ...->msg_control ; if ( \& ...->msg_control == NULL || msg.msg_controllen != cmsg->cmsg_len + \& ...->msg_controllen ) { cmsg->cmsg_len = \& ...->msg_controllen - \& ...->msg_controllen ; } :' /effFix-experiment/effFix-benchmark/lxc/null-ptr-20-lxc/src/src/lxc/af_unix.c
[Wed Jan 21 04:03:24 2026][COMMAND]: diff -u /effFix-experiment/effFix-benchmark/lxc/null-ptr-20-lxc/repair/af_unix.c.backup /effFix-experiment/effFix-benchmark/lxc/null-ptr-20-lxc/src/src/lxc/af_unix.c > /effFix-experiment/effFix-benchmark/lxc/null-ptr-20-lxc/repair/351.patch
[Wed Jan 21 04:03:24 2026][COMMAND]: /opt/infer/infer/bin/infer --pulse-only --pulse-max-disjuncts 100 --jobs 32 --reactive --pulse-fix-mode --pulse-fix-file=src/lxc/af_unix.c --pulse-fix-function=lxc_abstract_unix_send_credential -o /effFix-experiment/effFix-benchmark/lxc/null-ptr-20-lxc/repair/infer-out-single -- make -j4
[Wed Jan 21 04:03:24 2026][COMMAND]: sed -i -e '238s:$: if ( \& ...->msg_control != NULL \&\& \& ...->msg_control != NULL ) { \& ...->msg_controllen = msg.msg_controllen ; } :' /effFix-experiment/effFix-benchmark/lxc/null-ptr-20-lxc/src/src/lxc/af_unix.c
[Wed Jan 21 04:03:24 2026][COMMAND]: diff -u /effFix-experiment/effFix-benchmark/lxc/null-ptr-20-lxc/repair/af_unix.c.backup /effFix-experiment/effFix-benchmark/lxc/null-ptr-20-lxc/src/src/lxc/af_unix.c > /effFix-experiment/effFix-benchmark/lxc/null-ptr-20-lxc/repair/352.patch
[Wed Jan 21 04:03:24 2026][COMMAND]: /opt/infer/infer/bin/infer --pulse-only --pulse-max-disjuncts 100 --jobs 32 --reactive --pulse-fix-mode --pulse-fix-file=src/lxc/af_unix.c --pulse-fix-function=lxc_abstract_unix_send_credential -o /effFix-experiment/effFix-benchmark/lxc/null-ptr-20-lxc/repair/infer-out-single -- make -j4
[Wed Jan 21 04:03:24 2026][COMMAND]: sed -i -e '238s:$: if ( cmsg != \& ...->msg_control || \& ...->msg_control != msg.msg_control ) { return 0; } :' /effFix-experiment/effFix-benchmark/lxc/null-ptr-20-lxc/src/src/lxc/af_unix.c
[Wed Jan 21 04:03:25 2026][COMMAND]: diff -u /effFix-experiment/effFix-benchmark/lxc/null-ptr-20-lxc/repair/af_unix.c.backup /effFix-experiment/effFix-benchmark/lxc/null-ptr-20-lxc/src/src/lxc/af_unix.c > /effFix-experiment/effFix-benchmark/lxc/null-ptr-20-lxc/repair/353.patch
[Wed Jan 21 04:03:25 2026][COMMAND]: /opt/infer/infer/bin/infer --pulse-only --pulse-max-disjuncts 100 --jobs 32 --reactive --pulse-fix-mode --pulse-fix-file=src/lxc/af_unix.c --pulse-fix-function=lxc_abstract_unix_send_credential -o /effFix-experiment/effFix-benchmark/lxc/null-ptr-20-lxc/repair/infer-out-single -- make -j4
[Wed Jan 21 04:03:25 2026][COMMAND]: sed -i -e '238s:$: cmsg = \& ...->msg_control ; :' /effFix-experiment/effFix-benchmark/lxc/null-ptr-20-lxc/src/src/lxc/af_unix.c
[Wed Jan 21 04:03:25 2026][COMMAND]: diff -u /effFix-experiment/effFix-benchmark/lxc/null-ptr-20-lxc/repair/af_unix.c.backup /effFix-experiment/effFix-benchmark/lxc/null-ptr-20-lxc/src/src/lxc/af_unix.c > /effFix-experiment/effFix-benchmark/lxc/null-ptr-20-lxc/repair/354.patch
[Wed Jan 21 04:03:25 2026][COMMAND]: /opt/infer/infer/bin/infer --pulse-only --pulse-max-disjuncts 100 --jobs 32 --reactive --pulse-fix-mode --pulse-fix-file=src/lxc/af_unix.c --pulse-fix-function=lxc_abstract_unix_send_credential -o /effFix-experiment/effFix-benchmark/lxc/null-ptr-20-lxc/repair/infer-out-single -- make -j4
[Wed Jan 21 04:03:25 2026][COMMAND]: sed -i -e '238s:^:if ( \& ...->msg_controllen + \& ...->msg_controllen > 1 || cmsg->cmsg_len - \& ...->msg_controllen == -1 ) { return NULL ; }  :' /effFix-experiment/effFix-benchmark/lxc/null-ptr-20-lxc/src/src/lxc/af_unix.c
[Wed Jan 21 04:03:25 2026][COMMAND]: diff -u /effFix-experiment/effFix-benchmark/lxc/null-ptr-20-lxc/repair/af_unix.c.backup /effFix-experiment/effFix-benchmark/lxc/null-ptr-20-lxc/src/src/lxc/af_unix.c > /effFix-experiment/effFix-benchmark/lxc/null-ptr-20-lxc/repair/355.patch
[Wed Jan 21 04:03:25 2026][COMMAND]: /opt/infer/infer/bin/infer --pulse-only --pulse-max-disjuncts 100 --jobs 32 --reactive --pulse-fix-mode --pulse-fix-file=src/lxc/af_unix.c --pulse-fix-function=lxc_abstract_unix_send_credential -o /effFix-experiment/effFix-benchmark/lxc/null-ptr-20-lxc/repair/infer-out-single -- make -j4
[Wed Jan 21 04:03:25 2026][COMMAND]: sed -i -e '238s:$: if ( msg.msg_control == NULL \&\& \& ...->msg_controllen - msg.msg_controllen != 1 ) { free ( msg.msg_control ) ; } :' /effFix-experiment/effFix-benchmark/lxc/null-ptr-20-lxc/src/src/lxc/af_unix.c
[Wed Jan 21 04:03:25 2026][COMMAND]: diff -u /effFix-experiment/effFix-benchmark/lxc/null-ptr-20-lxc/repair/af_unix.c.backup /effFix-experiment/effFix-benchmark/lxc/null-ptr-20-lxc/src/src/lxc/af_unix.c > /effFix-experiment/effFix-benchmark/lxc/null-ptr-20-lxc/repair/356.patch
[Wed Jan 21 04:03:25 2026][COMMAND]: /opt/infer/infer/bin/infer --pulse-only --pulse-max-disjuncts 100 --jobs 32 --reactive --pulse-fix-mode --pulse-fix-file=src/lxc/af_unix.c --pulse-fix-function=lxc_abstract_unix_send_credential -o /effFix-experiment/effFix-benchmark/lxc/null-ptr-20-lxc/repair/infer-out-single -- make -j4
[Wed Jan 21 04:03:25 2026][COMMAND]: sed -i -e '238s:$: cmsg->cmsg_len = \& ...->msg_controllen - \& ...->msg_controllen ; :' /effFix-experiment/effFix-benchmark/lxc/null-ptr-20-lxc/src/src/lxc/af_unix.c
[Wed Jan 21 04:03:25 2026][COMMAND]: diff -u /effFix-experiment/effFix-benchmark/lxc/null-ptr-20-lxc/repair/af_unix.c.backup /effFix-experiment/effFix-benchmark/lxc/null-ptr-20-lxc/src/src/lxc/af_unix.c > /effFix-experiment/effFix-benchmark/lxc/null-ptr-20-lxc/repair/357.patch
[Wed Jan 21 04:03:25 2026][COMMAND]: /opt/infer/infer/bin/infer --pulse-only --pulse-max-disjuncts 100 --jobs 32 --reactive --pulse-fix-mode --pulse-fix-file=src/lxc/af_unix.c --pulse-fix-function=lxc_abstract_unix_send_credential -o /effFix-experiment/effFix-benchmark/lxc/null-ptr-20-lxc/repair/infer-out-single -- make -j4
[Wed Jan 21 04:03:25 2026][COMMAND]: sed -i -e '238s:^:if ( \& ...->msg_control != \& ...->msg_control ) { return \& ...->msg_control ; }  :' /effFix-experiment/effFix-benchmark/lxc/null-ptr-20-lxc/src/src/lxc/af_unix.c
[Wed Jan 21 04:03:25 2026][COMMAND]: diff -u /effFix-experiment/effFix-benchmark/lxc/null-ptr-20-lxc/repair/af_unix.c.backup /effFix-experiment/effFix-benchmark/lxc/null-ptr-20-lxc/src/src/lxc/af_unix.c > /effFix-experiment/effFix-benchmark/lxc/null-ptr-20-lxc/repair/358.patch
[Wed Jan 21 04:03:25 2026][COMMAND]: /opt/infer/infer/bin/infer --pulse-only --pulse-max-disjuncts 100 --jobs 32 --reactive --pulse-fix-mode --pulse-fix-file=src/lxc/af_unix.c --pulse-fix-function=lxc_abstract_unix_send_credential -o /effFix-experiment/effFix-benchmark/lxc/null-ptr-20-lxc/repair/infer-out-single -- make -j4
[Wed Jan 21 04:03:25 2026][COMMAND]: sed -i -e '238s:^:cmsg = malloc ( sizeof ( * cmsg ) ) ;  :' /effFix-experiment/effFix-benchmark/lxc/null-ptr-20-lxc/src/src/lxc/af_unix.c
[Wed Jan 21 04:03:25 2026][COMMAND]: diff -u /effFix-experiment/effFix-benchmark/lxc/null-ptr-20-lxc/repair/af_unix.c.backup /effFix-experiment/effFix-benchmark/lxc/null-ptr-20-lxc/src/src/lxc/af_unix.c > /effFix-experiment/effFix-benchmark/lxc/null-ptr-20-lxc/repair/359.patch
[Wed Jan 21 04:03:25 2026][COMMAND]: /opt/infer/infer/bin/infer --pulse-only --pulse-max-disjuncts 100 --jobs 32 --reactive --pulse-fix-mode --pulse-fix-file=src/lxc/af_unix.c --pulse-fix-function=lxc_abstract_unix_send_credential -o /effFix-experiment/effFix-benchmark/lxc/null-ptr-20-lxc/repair/infer-out-single -- make -j4
[Wed Jan 21 04:03:25 2026][COMMAND]: sed -i -e '238s:$: if ( \& ...->msg_control != NULL \&\& \& ...->msg_controllen * cmsg->cmsg_len != 0 ) { cmsg->cmsg_len = msg.msg_controllen + cmsg->cmsg_len ; } :' /effFix-experiment/effFix-benchmark/lxc/null-ptr-20-lxc/src/src/lxc/af_unix.c
[Wed Jan 21 04:03:25 2026][COMMAND]: diff -u /effFix-experiment/effFix-benchmark/lxc/null-ptr-20-lxc/repair/af_unix.c.backup /effFix-experiment/effFix-benchmark/lxc/null-ptr-20-lxc/src/src/lxc/af_unix.c > /effFix-experiment/effFix-benchmark/lxc/null-ptr-20-lxc/repair/360.patch
[Wed Jan 21 04:03:25 2026][COMMAND]: /opt/infer/infer/bin/infer --pulse-only --pulse-max-disjuncts 100 --jobs 32 --reactive --pulse-fix-mode --pulse-fix-file=src/lxc/af_unix.c --pulse-fix-function=lxc_abstract_unix_send_credential -o /effFix-experiment/effFix-benchmark/lxc/null-ptr-20-lxc/repair/infer-out-single -- make -j4
[Wed Jan 21 04:03:25 2026][COMMAND]: sed -i -e '238s:^:if ( ! ( \& ...->msg_controllen < msg.msg_controllen ) ) { msg.msg_control = malloc ( sizeof ( * \& ...->msg_control ) ) ; }  :' /effFix-experiment/effFix-benchmark/lxc/null-ptr-20-lxc/src/src/lxc/af_unix.c
[Wed Jan 21 04:03:25 2026][COMMAND]: diff -u /effFix-experiment/effFix-benchmark/lxc/null-ptr-20-lxc/repair/af_unix.c.backup /effFix-experiment/effFix-benchmark/lxc/null-ptr-20-lxc/src/src/lxc/af_unix.c > /effFix-experiment/effFix-benchmark/lxc/null-ptr-20-lxc/repair/361.patch
[Wed Jan 21 04:03:25 2026][COMMAND]: /opt/infer/infer/bin/infer --pulse-only --pulse-max-disjuncts 100 --jobs 32 --reactive --pulse-fix-mode --pulse-fix-file=src/lxc/af_unix.c --pulse-fix-function=lxc_abstract_unix_send_credential -o /effFix-experiment/effFix-benchmark/lxc/null-ptr-20-lxc/repair/infer-out-single -- make -j4
[Wed Jan 21 04:03:25 2026][COMMAND]: sed -i -e '238s:$: return call to sendmsg; cmsg->cmsg_len = \& ...->msg_controllen ; :' /effFix-experiment/effFix-benchmark/lxc/null-ptr-20-lxc/src/src/lxc/af_unix.c
[Wed Jan 21 04:03:25 2026][COMMAND]: diff -u /effFix-experiment/effFix-benchmark/lxc/null-ptr-20-lxc/repair/af_unix.c.backup /effFix-experiment/effFix-benchmark/lxc/null-ptr-20-lxc/src/src/lxc/af_unix.c > /effFix-experiment/effFix-benchmark/lxc/null-ptr-20-lxc/repair/362.patch
[Wed Jan 21 04:03:25 2026][COMMAND]: /opt/infer/infer/bin/infer --pulse-only --pulse-max-disjuncts 100 --jobs 32 --reactive --pulse-fix-mode --pulse-fix-file=src/lxc/af_unix.c --pulse-fix-function=lxc_abstract_unix_send_credential -o /effFix-experiment/effFix-benchmark/lxc/null-ptr-20-lxc/repair/infer-out-single -- make -j4
[Wed Jan 21 04:03:25 2026][COMMAND]: sed -i -e '238s:^:msg.msg_controllen = cmsg->cmsg_len * cmsg->cmsg_len ;  :' /effFix-experiment/effFix-benchmark/lxc/null-ptr-20-lxc/src/src/lxc/af_unix.c
[Wed Jan 21 04:03:25 2026][COMMAND]: diff -u /effFix-experiment/effFix-benchmark/lxc/null-ptr-20-lxc/repair/af_unix.c.backup /effFix-experiment/effFix-benchmark/lxc/null-ptr-20-lxc/src/src/lxc/af_unix.c > /effFix-experiment/effFix-benchmark/lxc/null-ptr-20-lxc/repair/363.patch
[Wed Jan 21 04:03:25 2026][COMMAND]: /opt/infer/infer/bin/infer --pulse-only --pulse-max-disjuncts 100 --jobs 32 --reactive --pulse-fix-mode --pulse-fix-file=src/lxc/af_unix.c --pulse-fix-function=lxc_abstract_unix_send_credential -o /effFix-experiment/effFix-benchmark/lxc/null-ptr-20-lxc/repair/infer-out-single -- make -j4
[Wed Jan 21 04:03:26 2026][COMMAND]: sed -i -e '238s:$: return NULL ; cmsg = malloc ( sizeof ( * cmsg ) ) ; :' /effFix-experiment/effFix-benchmark/lxc/null-ptr-20-lxc/src/src/lxc/af_unix.c
[Wed Jan 21 04:03:26 2026][COMMAND]: diff -u /effFix-experiment/effFix-benchmark/lxc/null-ptr-20-lxc/repair/af_unix.c.backup /effFix-experiment/effFix-benchmark/lxc/null-ptr-20-lxc/src/src/lxc/af_unix.c > /effFix-experiment/effFix-benchmark/lxc/null-ptr-20-lxc/repair/364.patch
[Wed Jan 21 04:03:26 2026][COMMAND]: /opt/infer/infer/bin/infer --pulse-only --pulse-max-disjuncts 100 --jobs 32 --reactive --pulse-fix-mode --pulse-fix-file=src/lxc/af_unix.c --pulse-fix-function=lxc_abstract_unix_send_credential -o /effFix-experiment/effFix-benchmark/lxc/null-ptr-20-lxc/repair/infer-out-single -- make -j4
[Wed Jan 21 04:03:26 2026][COMMAND]: sed -i -e '238s:$: if ( msg.msg_control != \& ...->msg_control ) { \& ...->msg_controllen = msg.msg_controllen ; } :' /effFix-experiment/effFix-benchmark/lxc/null-ptr-20-lxc/src/src/lxc/af_unix.c
[Wed Jan 21 04:03:26 2026][COMMAND]: diff -u /effFix-experiment/effFix-benchmark/lxc/null-ptr-20-lxc/repair/af_unix.c.backup /effFix-experiment/effFix-benchmark/lxc/null-ptr-20-lxc/src/src/lxc/af_unix.c > /effFix-experiment/effFix-benchmark/lxc/null-ptr-20-lxc/repair/365.patch
[Wed Jan 21 04:03:26 2026][COMMAND]: /opt/infer/infer/bin/infer --pulse-only --pulse-max-disjuncts 100 --jobs 32 --reactive --pulse-fix-mode --pulse-fix-file=src/lxc/af_unix.c --pulse-fix-function=lxc_abstract_unix_send_credential -o /effFix-experiment/effFix-benchmark/lxc/null-ptr-20-lxc/repair/infer-out-single -- make -j4
[Wed Jan 21 04:03:26 2026][COMMAND]: sed -i -e '238s:$: \& ...->msg_control = \& ...->msg_control ; :' /effFix-experiment/effFix-benchmark/lxc/null-ptr-20-lxc/src/src/lxc/af_unix.c
[Wed Jan 21 04:03:26 2026][COMMAND]: diff -u /effFix-experiment/effFix-benchmark/lxc/null-ptr-20-lxc/repair/af_unix.c.backup /effFix-experiment/effFix-benchmark/lxc/null-ptr-20-lxc/src/src/lxc/af_unix.c > /effFix-experiment/effFix-benchmark/lxc/null-ptr-20-lxc/repair/366.patch
[Wed Jan 21 04:03:26 2026][COMMAND]: /opt/infer/infer/bin/infer --pulse-only --pulse-max-disjuncts 100 --jobs 32 --reactive --pulse-fix-mode --pulse-fix-file=src/lxc/af_unix.c --pulse-fix-function=lxc_abstract_unix_send_credential -o /effFix-experiment/effFix-benchmark/lxc/null-ptr-20-lxc/repair/infer-out-single -- make -j4
[Wed Jan 21 04:03:26 2026][COMMAND]: sed -i -e '238s:^:if ( \& ...->msg_controllen < \& ...->msg_controllen \&\& msg.msg_control == \& ...->msg_control ) { msg.msg_control = msg.msg_control ; } \& ...->msg_controllen = cmsg->cmsg_len ;  :' /effFix-experiment/effFix-benchmark/lxc/null-ptr-20-lxc/src/src/lxc/af_unix.c
[Wed Jan 21 04:03:26 2026][COMMAND]: diff -u /effFix-experiment/effFix-benchmark/lxc/null-ptr-20-lxc/repair/af_unix.c.backup /effFix-experiment/effFix-benchmark/lxc/null-ptr-20-lxc/src/src/lxc/af_unix.c > /effFix-experiment/effFix-benchmark/lxc/null-ptr-20-lxc/repair/367.patch
[Wed Jan 21 04:03:26 2026][COMMAND]: /opt/infer/infer/bin/infer --pulse-only --pulse-max-disjuncts 100 --jobs 32 --reactive --pulse-fix-mode --pulse-fix-file=src/lxc/af_unix.c --pulse-fix-function=lxc_abstract_unix_send_credential -o /effFix-experiment/effFix-benchmark/lxc/null-ptr-20-lxc/repair/infer-out-single -- make -j4
[Wed Jan 21 04:03:26 2026][COMMAND]: sed -i -e '238s:^:\& ...->msg_controllen = msg.msg_controllen - cmsg->cmsg_len ;  :' /effFix-experiment/effFix-benchmark/lxc/null-ptr-20-lxc/src/src/lxc/af_unix.c
[Wed Jan 21 04:03:26 2026][COMMAND]: diff -u /effFix-experiment/effFix-benchmark/lxc/null-ptr-20-lxc/repair/af_unix.c.backup /effFix-experiment/effFix-benchmark/lxc/null-ptr-20-lxc/src/src/lxc/af_unix.c > /effFix-experiment/effFix-benchmark/lxc/null-ptr-20-lxc/repair/368.patch
[Wed Jan 21 04:03:26 2026][COMMAND]: /opt/infer/infer/bin/infer --pulse-only --pulse-max-disjuncts 100 --jobs 32 --reactive --pulse-fix-mode --pulse-fix-file=src/lxc/af_unix.c --pulse-fix-function=lxc_abstract_unix_send_credential -o /effFix-experiment/effFix-benchmark/lxc/null-ptr-20-lxc/repair/infer-out-single -- make -j4
[Wed Jan 21 04:03:26 2026][COMMAND]: sed -i -e '238s:$: msg.msg_control = malloc ( sizeof ( * \& ...->msg_control ) ) ; :' /effFix-experiment/effFix-benchmark/lxc/null-ptr-20-lxc/src/src/lxc/af_unix.c
[Wed Jan 21 04:03:26 2026][COMMAND]: diff -u /effFix-experiment/effFix-benchmark/lxc/null-ptr-20-lxc/repair/af_unix.c.backup /effFix-experiment/effFix-benchmark/lxc/null-ptr-20-lxc/src/src/lxc/af_unix.c > /effFix-experiment/effFix-benchmark/lxc/null-ptr-20-lxc/repair/369.patch
[Wed Jan 21 04:03:26 2026][COMMAND]: /opt/infer/infer/bin/infer --pulse-only --pulse-max-disjuncts 100 --jobs 32 --reactive --pulse-fix-mode --pulse-fix-file=src/lxc/af_unix.c --pulse-fix-function=lxc_abstract_unix_send_credential -o /effFix-experiment/effFix-benchmark/lxc/null-ptr-20-lxc/repair/infer-out-single -- make -j4
[Wed Jan 21 04:03:26 2026][COMMAND]: sed -i -e '238s:^:if ( ! ( msg.msg_control != NULL ) ) { return NULL ; }  :' /effFix-experiment/effFix-benchmark/lxc/null-ptr-20-lxc/src/src/lxc/af_unix.c
[Wed Jan 21 04:03:26 2026][COMMAND]: diff -u /effFix-experiment/effFix-benchmark/lxc/null-ptr-20-lxc/repair/af_unix.c.backup /effFix-experiment/effFix-benchmark/lxc/null-ptr-20-lxc/src/src/lxc/af_unix.c > /effFix-experiment/effFix-benchmark/lxc/null-ptr-20-lxc/repair/370.patch
[Wed Jan 21 04:03:26 2026][COMMAND]: /opt/infer/infer/bin/infer --pulse-only --pulse-max-disjuncts 100 --jobs 32 --reactive --pulse-fix-mode --pulse-fix-file=src/lxc/af_unix.c --pulse-fix-function=lxc_abstract_unix_send_credential -o /effFix-experiment/effFix-benchmark/lxc/null-ptr-20-lxc/repair/infer-out-single -- make -j4
[Wed Jan 21 04:03:26 2026][COMMAND]: sed -i -e '238s:^:\& ...->msg_control = malloc ( sizeof ( * msg.msg_control ) ) ;  :' /effFix-experiment/effFix-benchmark/lxc/null-ptr-20-lxc/src/src/lxc/af_unix.c
[Wed Jan 21 04:03:26 2026][COMMAND]: diff -u /effFix-experiment/effFix-benchmark/lxc/null-ptr-20-lxc/repair/af_unix.c.backup /effFix-experiment/effFix-benchmark/lxc/null-ptr-20-lxc/src/src/lxc/af_unix.c > /effFix-experiment/effFix-benchmark/lxc/null-ptr-20-lxc/repair/371.patch
[Wed Jan 21 04:03:26 2026][COMMAND]: /opt/infer/infer/bin/infer --pulse-only --pulse-max-disjuncts 100 --jobs 32 --reactive --pulse-fix-mode --pulse-fix-file=src/lxc/af_unix.c --pulse-fix-function=lxc_abstract_unix_send_credential -o /effFix-experiment/effFix-benchmark/lxc/null-ptr-20-lxc/repair/infer-out-single -- make -j4
[Wed Jan 21 04:03:26 2026][COMMAND]: sed -i -e '238s:^:cmsg->cmsg_len = \& ...->msg_controllen ;  :' /effFix-experiment/effFix-benchmark/lxc/null-ptr-20-lxc/src/src/lxc/af_unix.c
[Wed Jan 21 04:03:26 2026][COMMAND]: diff -u /effFix-experiment/effFix-benchmark/lxc/null-ptr-20-lxc/repair/af_unix.c.backup /effFix-experiment/effFix-benchmark/lxc/null-ptr-20-lxc/src/src/lxc/af_unix.c > /effFix-experiment/effFix-benchmark/lxc/null-ptr-20-lxc/repair/372.patch
[Wed Jan 21 04:03:26 2026][COMMAND]: /opt/infer/infer/bin/infer --pulse-only --pulse-max-disjuncts 100 --jobs 32 --reactive --pulse-fix-mode --pulse-fix-file=src/lxc/af_unix.c --pulse-fix-function=lxc_abstract_unix_send_credential -o /effFix-experiment/effFix-benchmark/lxc/null-ptr-20-lxc/repair/infer-out-single -- make -j4
[Wed Jan 21 04:03:26 2026][COMMAND]: sed -i -e '238s:^:if ( \& ...->msg_control == NULL || \& ...->msg_controllen <= msg.msg_controllen / msg.msg_controllen ) { free ( msg.msg_control ) ; }  :' /effFix-experiment/effFix-benchmark/lxc/null-ptr-20-lxc/src/src/lxc/af_unix.c
[Wed Jan 21 04:03:26 2026][COMMAND]: diff -u /effFix-experiment/effFix-benchmark/lxc/null-ptr-20-lxc/repair/af_unix.c.backup /effFix-experiment/effFix-benchmark/lxc/null-ptr-20-lxc/src/src/lxc/af_unix.c > /effFix-experiment/effFix-benchmark/lxc/null-ptr-20-lxc/repair/373.patch
[Wed Jan 21 04:03:26 2026][COMMAND]: /opt/infer/infer/bin/infer --pulse-only --pulse-max-disjuncts 100 --jobs 32 --reactive --pulse-fix-mode --pulse-fix-file=src/lxc/af_unix.c --pulse-fix-function=lxc_abstract_unix_send_credential -o /effFix-experiment/effFix-benchmark/lxc/null-ptr-20-lxc/repair/infer-out-single -- make -j4
[Wed Jan 21 04:03:27 2026][COMMAND]: sed -i -e '238s:$: if ( \& ...->msg_control != NULL || msg.msg_controllen == cmsg->cmsg_len * \& ...->msg_controllen ) { return 0; } :' /effFix-experiment/effFix-benchmark/lxc/null-ptr-20-lxc/src/src/lxc/af_unix.c
[Wed Jan 21 04:03:27 2026][COMMAND]: diff -u /effFix-experiment/effFix-benchmark/lxc/null-ptr-20-lxc/repair/af_unix.c.backup /effFix-experiment/effFix-benchmark/lxc/null-ptr-20-lxc/src/src/lxc/af_unix.c > /effFix-experiment/effFix-benchmark/lxc/null-ptr-20-lxc/repair/374.patch
[Wed Jan 21 04:03:27 2026][COMMAND]: /opt/infer/infer/bin/infer --pulse-only --pulse-max-disjuncts 100 --jobs 32 --reactive --pulse-fix-mode --pulse-fix-file=src/lxc/af_unix.c --pulse-fix-function=lxc_abstract_unix_send_credential -o /effFix-experiment/effFix-benchmark/lxc/null-ptr-20-lxc/repair/infer-out-single -- make -j4
[Wed Jan 21 04:03:27 2026][COMMAND]: sed -i -e '238s:^:if ( \& ...->msg_control != NULL ) { free ( msg.msg_control ) ; }  :' /effFix-experiment/effFix-benchmark/lxc/null-ptr-20-lxc/src/src/lxc/af_unix.c
[Wed Jan 21 04:03:27 2026][COMMAND]: diff -u /effFix-experiment/effFix-benchmark/lxc/null-ptr-20-lxc/repair/af_unix.c.backup /effFix-experiment/effFix-benchmark/lxc/null-ptr-20-lxc/src/src/lxc/af_unix.c > /effFix-experiment/effFix-benchmark/lxc/null-ptr-20-lxc/repair/375.patch
[Wed Jan 21 04:03:27 2026][COMMAND]: /opt/infer/infer/bin/infer --pulse-only --pulse-max-disjuncts 100 --jobs 32 --reactive --pulse-fix-mode --pulse-fix-file=src/lxc/af_unix.c --pulse-fix-function=lxc_abstract_unix_send_credential -o /effFix-experiment/effFix-benchmark/lxc/null-ptr-20-lxc/repair/infer-out-single -- make -j4
[Wed Jan 21 04:03:27 2026][COMMAND]: sed -i -e '238s:^:\& ...->msg_controllen = cmsg->cmsg_len * cmsg->cmsg_len ;  :' /effFix-experiment/effFix-benchmark/lxc/null-ptr-20-lxc/src/src/lxc/af_unix.c
[Wed Jan 21 04:03:27 2026][COMMAND]: diff -u /effFix-experiment/effFix-benchmark/lxc/null-ptr-20-lxc/repair/af_unix.c.backup /effFix-experiment/effFix-benchmark/lxc/null-ptr-20-lxc/src/src/lxc/af_unix.c > /effFix-experiment/effFix-benchmark/lxc/null-ptr-20-lxc/repair/376.patch
[Wed Jan 21 04:03:27 2026][COMMAND]: /opt/infer/infer/bin/infer --pulse-only --pulse-max-disjuncts 100 --jobs 32 --reactive --pulse-fix-mode --pulse-fix-file=src/lxc/af_unix.c --pulse-fix-function=lxc_abstract_unix_send_credential -o /effFix-experiment/effFix-benchmark/lxc/null-ptr-20-lxc/repair/infer-out-single -- make -j4
[Wed Jan 21 04:03:27 2026][COMMAND]: sed -i -e '238s:$: if ( \& ...->msg_control == NULL ) { return call to sendmsg; } :' /effFix-experiment/effFix-benchmark/lxc/null-ptr-20-lxc/src/src/lxc/af_unix.c
[Wed Jan 21 04:03:27 2026][COMMAND]: diff -u /effFix-experiment/effFix-benchmark/lxc/null-ptr-20-lxc/repair/af_unix.c.backup /effFix-experiment/effFix-benchmark/lxc/null-ptr-20-lxc/src/src/lxc/af_unix.c > /effFix-experiment/effFix-benchmark/lxc/null-ptr-20-lxc/repair/377.patch
[Wed Jan 21 04:03:27 2026][COMMAND]: /opt/infer/infer/bin/infer --pulse-only --pulse-max-disjuncts 100 --jobs 32 --reactive --pulse-fix-mode --pulse-fix-file=src/lxc/af_unix.c --pulse-fix-function=lxc_abstract_unix_send_credential -o /effFix-experiment/effFix-benchmark/lxc/null-ptr-20-lxc/repair/infer-out-single -- make -j4
[Wed Jan 21 04:03:27 2026][COMMAND]: sed -i -e '238s:^:cmsg->cmsg_len = cmsg->cmsg_len / msg.msg_controllen ; return call to sendmsg;  :' /effFix-experiment/effFix-benchmark/lxc/null-ptr-20-lxc/src/src/lxc/af_unix.c
[Wed Jan 21 04:03:27 2026][COMMAND]: diff -u /effFix-experiment/effFix-benchmark/lxc/null-ptr-20-lxc/repair/af_unix.c.backup /effFix-experiment/effFix-benchmark/lxc/null-ptr-20-lxc/src/src/lxc/af_unix.c > /effFix-experiment/effFix-benchmark/lxc/null-ptr-20-lxc/repair/378.patch
[Wed Jan 21 04:03:27 2026][COMMAND]: /opt/infer/infer/bin/infer --pulse-only --pulse-max-disjuncts 100 --jobs 32 --reactive --pulse-fix-mode --pulse-fix-file=src/lxc/af_unix.c --pulse-fix-function=lxc_abstract_unix_send_credential -o /effFix-experiment/effFix-benchmark/lxc/null-ptr-20-lxc/repair/infer-out-single -- make -j4
[Wed Jan 21 04:03:27 2026][COMMAND]: sed -i -e '238s:$: cmsg = malloc ( sizeof ( * \& ...->msg_control ) ) ; :' /effFix-experiment/effFix-benchmark/lxc/null-ptr-20-lxc/src/src/lxc/af_unix.c
[Wed Jan 21 04:03:27 2026][COMMAND]: diff -u /effFix-experiment/effFix-benchmark/lxc/null-ptr-20-lxc/repair/af_unix.c.backup /effFix-experiment/effFix-benchmark/lxc/null-ptr-20-lxc/src/src/lxc/af_unix.c > /effFix-experiment/effFix-benchmark/lxc/null-ptr-20-lxc/repair/379.patch
[Wed Jan 21 04:03:27 2026][COMMAND]: /opt/infer/infer/bin/infer --pulse-only --pulse-max-disjuncts 100 --jobs 32 --reactive --pulse-fix-mode --pulse-fix-file=src/lxc/af_unix.c --pulse-fix-function=lxc_abstract_unix_send_credential -o /effFix-experiment/effFix-benchmark/lxc/null-ptr-20-lxc/repair/infer-out-single -- make -j4
[Wed Jan 21 04:03:27 2026][COMMAND]: sed -i -e '238s:^:if ( cmsg->cmsg_len + msg.msg_controllen == \& ...->msg_controllen / cmsg->cmsg_len ) { \& ...->msg_controllen = \& ...->msg_controllen ; }  :' /effFix-experiment/effFix-benchmark/lxc/null-ptr-20-lxc/src/src/lxc/af_unix.c
[Wed Jan 21 04:03:27 2026][COMMAND]: diff -u /effFix-experiment/effFix-benchmark/lxc/null-ptr-20-lxc/repair/af_unix.c.backup /effFix-experiment/effFix-benchmark/lxc/null-ptr-20-lxc/src/src/lxc/af_unix.c > /effFix-experiment/effFix-benchmark/lxc/null-ptr-20-lxc/repair/380.patch
[Wed Jan 21 04:03:27 2026][COMMAND]: /opt/infer/infer/bin/infer --pulse-only --pulse-max-disjuncts 100 --jobs 32 --reactive --pulse-fix-mode --pulse-fix-file=src/lxc/af_unix.c --pulse-fix-function=lxc_abstract_unix_send_credential -o /effFix-experiment/effFix-benchmark/lxc/null-ptr-20-lxc/repair/infer-out-single -- make -j4
[Wed Jan 21 04:03:27 2026][COMMAND]: sed -i -e '238s:^:if ( ! ( \& ...->msg_control == NULL ) ) { cmsg->cmsg_len = cmsg->cmsg_len ; }  :' /effFix-experiment/effFix-benchmark/lxc/null-ptr-20-lxc/src/src/lxc/af_unix.c
[Wed Jan 21 04:03:27 2026][COMMAND]: diff -u /effFix-experiment/effFix-benchmark/lxc/null-ptr-20-lxc/repair/af_unix.c.backup /effFix-experiment/effFix-benchmark/lxc/null-ptr-20-lxc/src/src/lxc/af_unix.c > /effFix-experiment/effFix-benchmark/lxc/null-ptr-20-lxc/repair/381.patch
[Wed Jan 21 04:03:27 2026][COMMAND]: /opt/infer/infer/bin/infer --pulse-only --pulse-max-disjuncts 100 --jobs 32 --reactive --pulse-fix-mode --pulse-fix-file=src/lxc/af_unix.c --pulse-fix-function=lxc_abstract_unix_send_credential -o /effFix-experiment/effFix-benchmark/lxc/null-ptr-20-lxc/repair/infer-out-single -- make -j4
[Wed Jan 21 04:03:27 2026][COMMAND]: sed -i -e '238s:$: return call to sendmsg; free ( msg.msg_control ) ; :' /effFix-experiment/effFix-benchmark/lxc/null-ptr-20-lxc/src/src/lxc/af_unix.c
[Wed Jan 21 04:03:27 2026][COMMAND]: diff -u /effFix-experiment/effFix-benchmark/lxc/null-ptr-20-lxc/repair/af_unix.c.backup /effFix-experiment/effFix-benchmark/lxc/null-ptr-20-lxc/src/src/lxc/af_unix.c > /effFix-experiment/effFix-benchmark/lxc/null-ptr-20-lxc/repair/382.patch
[Wed Jan 21 04:03:27 2026][COMMAND]: /opt/infer/infer/bin/infer --pulse-only --pulse-max-disjuncts 100 --jobs 32 --reactive --pulse-fix-mode --pulse-fix-file=src/lxc/af_unix.c --pulse-fix-function=lxc_abstract_unix_send_credential -o /effFix-experiment/effFix-benchmark/lxc/null-ptr-20-lxc/repair/infer-out-single -- make -j4
[Wed Jan 21 04:03:27 2026][COMMAND]: sed -i -e '238s:^:msg.msg_controllen = msg.msg_controllen ;  :' /effFix-experiment/effFix-benchmark/lxc/null-ptr-20-lxc/src/src/lxc/af_unix.c
[Wed Jan 21 04:03:27 2026][COMMAND]: diff -u /effFix-experiment/effFix-benchmark/lxc/null-ptr-20-lxc/repair/af_unix.c.backup /effFix-experiment/effFix-benchmark/lxc/null-ptr-20-lxc/src/src/lxc/af_unix.c > /effFix-experiment/effFix-benchmark/lxc/null-ptr-20-lxc/repair/383.patch
[Wed Jan 21 04:03:27 2026][COMMAND]: /opt/infer/infer/bin/infer --pulse-only --pulse-max-disjuncts 100 --jobs 32 --reactive --pulse-fix-mode --pulse-fix-file=src/lxc/af_unix.c --pulse-fix-function=lxc_abstract_unix_send_credential -o /effFix-experiment/effFix-benchmark/lxc/null-ptr-20-lxc/repair/infer-out-single -- make -j4
[Wed Jan 21 04:03:28 2026][COMMAND]: sed -i -e '238s:$: msg.msg_controllen = msg.msg_controllen - \& ...->msg_controllen ; :' /effFix-experiment/effFix-benchmark/lxc/null-ptr-20-lxc/src/src/lxc/af_unix.c
[Wed Jan 21 04:03:28 2026][COMMAND]: diff -u /effFix-experiment/effFix-benchmark/lxc/null-ptr-20-lxc/repair/af_unix.c.backup /effFix-experiment/effFix-benchmark/lxc/null-ptr-20-lxc/src/src/lxc/af_unix.c > /effFix-experiment/effFix-benchmark/lxc/null-ptr-20-lxc/repair/384.patch
[Wed Jan 21 04:03:28 2026][COMMAND]: /opt/infer/infer/bin/infer --pulse-only --pulse-max-disjuncts 100 --jobs 32 --reactive --pulse-fix-mode --pulse-fix-file=src/lxc/af_unix.c --pulse-fix-function=lxc_abstract_unix_send_credential -o /effFix-experiment/effFix-benchmark/lxc/null-ptr-20-lxc/repair/infer-out-single -- make -j4
[Wed Jan 21 04:03:28 2026][COMMAND]: sed -i -e '238s:^:\& ...->msg_controllen = \& ...->msg_controllen - msg.msg_controllen ; return call to sendmsg;  :' /effFix-experiment/effFix-benchmark/lxc/null-ptr-20-lxc/src/src/lxc/af_unix.c
[Wed Jan 21 04:03:28 2026][COMMAND]: diff -u /effFix-experiment/effFix-benchmark/lxc/null-ptr-20-lxc/repair/af_unix.c.backup /effFix-experiment/effFix-benchmark/lxc/null-ptr-20-lxc/src/src/lxc/af_unix.c > /effFix-experiment/effFix-benchmark/lxc/null-ptr-20-lxc/repair/385.patch
[Wed Jan 21 04:03:28 2026][COMMAND]: /opt/infer/infer/bin/infer --pulse-only --pulse-max-disjuncts 100 --jobs 32 --reactive --pulse-fix-mode --pulse-fix-file=src/lxc/af_unix.c --pulse-fix-function=lxc_abstract_unix_send_credential -o /effFix-experiment/effFix-benchmark/lxc/null-ptr-20-lxc/repair/infer-out-single -- make -j4
[Wed Jan 21 04:03:28 2026][COMMAND]: sed -i -e '238s:$: msg.msg_controllen = \& ...->msg_controllen ; :' /effFix-experiment/effFix-benchmark/lxc/null-ptr-20-lxc/src/src/lxc/af_unix.c
[Wed Jan 21 04:03:28 2026][COMMAND]: diff -u /effFix-experiment/effFix-benchmark/lxc/null-ptr-20-lxc/repair/af_unix.c.backup /effFix-experiment/effFix-benchmark/lxc/null-ptr-20-lxc/src/src/lxc/af_unix.c > /effFix-experiment/effFix-benchmark/lxc/null-ptr-20-lxc/repair/386.patch
[Wed Jan 21 04:03:28 2026][COMMAND]: /opt/infer/infer/bin/infer --pulse-only --pulse-max-disjuncts 100 --jobs 32 --reactive --pulse-fix-mode --pulse-fix-file=src/lxc/af_unix.c --pulse-fix-function=lxc_abstract_unix_send_credential -o /effFix-experiment/effFix-benchmark/lxc/null-ptr-20-lxc/repair/infer-out-single -- make -j4
[Wed Jan 21 04:03:28 2026][COMMAND]: sed -i -e '238s:^:if ( msg.msg_control == NULL ) { return 0; }  :' /effFix-experiment/effFix-benchmark/lxc/null-ptr-20-lxc/src/src/lxc/af_unix.c
[Wed Jan 21 04:03:28 2026][COMMAND]: diff -u /effFix-experiment/effFix-benchmark/lxc/null-ptr-20-lxc/repair/af_unix.c.backup /effFix-experiment/effFix-benchmark/lxc/null-ptr-20-lxc/src/src/lxc/af_unix.c > /effFix-experiment/effFix-benchmark/lxc/null-ptr-20-lxc/repair/387.patch
[Wed Jan 21 04:03:28 2026][COMMAND]: /opt/infer/infer/bin/infer --pulse-only --pulse-max-disjuncts 100 --jobs 32 --reactive --pulse-fix-mode --pulse-fix-file=src/lxc/af_unix.c --pulse-fix-function=lxc_abstract_unix_send_credential -o /effFix-experiment/effFix-benchmark/lxc/null-ptr-20-lxc/repair/infer-out-single -- make -j4
[Wed Jan 21 04:03:28 2026][COMMAND]: sed -i -e '238s:$: return cmsg ; return \& ...->msg_control ; :' /effFix-experiment/effFix-benchmark/lxc/null-ptr-20-lxc/src/src/lxc/af_unix.c
[Wed Jan 21 04:03:28 2026][COMMAND]: diff -u /effFix-experiment/effFix-benchmark/lxc/null-ptr-20-lxc/repair/af_unix.c.backup /effFix-experiment/effFix-benchmark/lxc/null-ptr-20-lxc/src/src/lxc/af_unix.c > /effFix-experiment/effFix-benchmark/lxc/null-ptr-20-lxc/repair/388.patch
[Wed Jan 21 04:03:28 2026][COMMAND]: /opt/infer/infer/bin/infer --pulse-only --pulse-max-disjuncts 100 --jobs 32 --reactive --pulse-fix-mode --pulse-fix-file=src/lxc/af_unix.c --pulse-fix-function=lxc_abstract_unix_send_credential -o /effFix-experiment/effFix-benchmark/lxc/null-ptr-20-lxc/repair/infer-out-single -- make -j4
[Wed Jan 21 04:03:28 2026][COMMAND]: sed -i -e '238s:$: if ( \& ...->msg_control == cmsg || \& ...->msg_controllen - cmsg->cmsg_len == -1 ) { return 0; } :' /effFix-experiment/effFix-benchmark/lxc/null-ptr-20-lxc/src/src/lxc/af_unix.c
[Wed Jan 21 04:03:28 2026][COMMAND]: diff -u /effFix-experiment/effFix-benchmark/lxc/null-ptr-20-lxc/repair/af_unix.c.backup /effFix-experiment/effFix-benchmark/lxc/null-ptr-20-lxc/src/src/lxc/af_unix.c > /effFix-experiment/effFix-benchmark/lxc/null-ptr-20-lxc/repair/389.patch
[Wed Jan 21 04:03:28 2026][COMMAND]: /opt/infer/infer/bin/infer --pulse-only --pulse-max-disjuncts 100 --jobs 32 --reactive --pulse-fix-mode --pulse-fix-file=src/lxc/af_unix.c --pulse-fix-function=lxc_abstract_unix_send_credential -o /effFix-experiment/effFix-benchmark/lxc/null-ptr-20-lxc/repair/infer-out-single -- make -j4
[Wed Jan 21 04:03:28 2026][COMMAND]: sed -i -e '238s:$: if ( \& ...->msg_control == NULL ) { free ( msg.msg_control ) ; } :' /effFix-experiment/effFix-benchmark/lxc/null-ptr-20-lxc/src/src/lxc/af_unix.c
[Wed Jan 21 04:03:28 2026][COMMAND]: diff -u /effFix-experiment/effFix-benchmark/lxc/null-ptr-20-lxc/repair/af_unix.c.backup /effFix-experiment/effFix-benchmark/lxc/null-ptr-20-lxc/src/src/lxc/af_unix.c > /effFix-experiment/effFix-benchmark/lxc/null-ptr-20-lxc/repair/390.patch
[Wed Jan 21 04:03:28 2026][COMMAND]: /opt/infer/infer/bin/infer --pulse-only --pulse-max-disjuncts 100 --jobs 32 --reactive --pulse-fix-mode --pulse-fix-file=src/lxc/af_unix.c --pulse-fix-function=lxc_abstract_unix_send_credential -o /effFix-experiment/effFix-benchmark/lxc/null-ptr-20-lxc/repair/infer-out-single -- make -j4
[Wed Jan 21 04:03:28 2026][COMMAND]: sed -i -e '238s:^:if ( msg.msg_control != msg.msg_control \&\& \& ...->msg_control == NULL ) { \& ...->msg_controllen = cmsg->cmsg_len ; }  :' /effFix-experiment/effFix-benchmark/lxc/null-ptr-20-lxc/src/src/lxc/af_unix.c
[Wed Jan 21 04:03:28 2026][COMMAND]: diff -u /effFix-experiment/effFix-benchmark/lxc/null-ptr-20-lxc/repair/af_unix.c.backup /effFix-experiment/effFix-benchmark/lxc/null-ptr-20-lxc/src/src/lxc/af_unix.c > /effFix-experiment/effFix-benchmark/lxc/null-ptr-20-lxc/repair/391.patch
[Wed Jan 21 04:03:28 2026][COMMAND]: /opt/infer/infer/bin/infer --pulse-only --pulse-max-disjuncts 100 --jobs 32 --reactive --pulse-fix-mode --pulse-fix-file=src/lxc/af_unix.c --pulse-fix-function=lxc_abstract_unix_send_credential -o /effFix-experiment/effFix-benchmark/lxc/null-ptr-20-lxc/repair/infer-out-single -- make -j4
[Wed Jan 21 04:03:28 2026][COMMAND]: sed -i -e '238s:$: if ( \& ...->msg_control == msg.msg_control || cmsg->cmsg_len / \& ...->msg_controllen >= -1 ) { cmsg = NULL ; } :' /effFix-experiment/effFix-benchmark/lxc/null-ptr-20-lxc/src/src/lxc/af_unix.c
[Wed Jan 21 04:03:28 2026][COMMAND]: diff -u /effFix-experiment/effFix-benchmark/lxc/null-ptr-20-lxc/repair/af_unix.c.backup /effFix-experiment/effFix-benchmark/lxc/null-ptr-20-lxc/src/src/lxc/af_unix.c > /effFix-experiment/effFix-benchmark/lxc/null-ptr-20-lxc/repair/392.patch
[Wed Jan 21 04:03:28 2026][COMMAND]: /opt/infer/infer/bin/infer --pulse-only --pulse-max-disjuncts 100 --jobs 32 --reactive --pulse-fix-mode --pulse-fix-file=src/lxc/af_unix.c --pulse-fix-function=lxc_abstract_unix_send_credential -o /effFix-experiment/effFix-benchmark/lxc/null-ptr-20-lxc/repair/infer-out-single -- make -j4
[Wed Jan 21 04:03:28 2026][COMMAND]: sed -i -e '238s:$: if ( \& ...->msg_controllen * cmsg->cmsg_len <= msg.msg_controllen \&\& cmsg == cmsg ) { \& ...->msg_controllen = msg.msg_controllen ; } :' /effFix-experiment/effFix-benchmark/lxc/null-ptr-20-lxc/src/src/lxc/af_unix.c
[Wed Jan 21 04:03:28 2026][COMMAND]: diff -u /effFix-experiment/effFix-benchmark/lxc/null-ptr-20-lxc/repair/af_unix.c.backup /effFix-experiment/effFix-benchmark/lxc/null-ptr-20-lxc/src/src/lxc/af_unix.c > /effFix-experiment/effFix-benchmark/lxc/null-ptr-20-lxc/repair/393.patch
[Wed Jan 21 04:03:28 2026][COMMAND]: /opt/infer/infer/bin/infer --pulse-only --pulse-max-disjuncts 100 --jobs 32 --reactive --pulse-fix-mode --pulse-fix-file=src/lxc/af_unix.c --pulse-fix-function=lxc_abstract_unix_send_credential -o /effFix-experiment/effFix-benchmark/lxc/null-ptr-20-lxc/repair/infer-out-single -- make -j4
[Wed Jan 21 04:03:29 2026][COMMAND]: sed -i -e '238s:^:msg.msg_control = malloc ( sizeof ( * \& ...->msg_control ) ) ;  :' /effFix-experiment/effFix-benchmark/lxc/null-ptr-20-lxc/src/src/lxc/af_unix.c
[Wed Jan 21 04:03:29 2026][COMMAND]: diff -u /effFix-experiment/effFix-benchmark/lxc/null-ptr-20-lxc/repair/af_unix.c.backup /effFix-experiment/effFix-benchmark/lxc/null-ptr-20-lxc/src/src/lxc/af_unix.c > /effFix-experiment/effFix-benchmark/lxc/null-ptr-20-lxc/repair/394.patch
[Wed Jan 21 04:03:29 2026][COMMAND]: /opt/infer/infer/bin/infer --pulse-only --pulse-max-disjuncts 100 --jobs 32 --reactive --pulse-fix-mode --pulse-fix-file=src/lxc/af_unix.c --pulse-fix-function=lxc_abstract_unix_send_credential -o /effFix-experiment/effFix-benchmark/lxc/null-ptr-20-lxc/repair/infer-out-single -- make -j4
[Wed Jan 21 04:03:29 2026][COMMAND]: sed -i -e '238s:^:if ( ! ( cmsg == cmsg ) ) { free ( cmsg ) ; }  :' /effFix-experiment/effFix-benchmark/lxc/null-ptr-20-lxc/src/src/lxc/af_unix.c
[Wed Jan 21 04:03:29 2026][COMMAND]: diff -u /effFix-experiment/effFix-benchmark/lxc/null-ptr-20-lxc/repair/af_unix.c.backup /effFix-experiment/effFix-benchmark/lxc/null-ptr-20-lxc/src/src/lxc/af_unix.c > /effFix-experiment/effFix-benchmark/lxc/null-ptr-20-lxc/repair/395.patch
[Wed Jan 21 04:03:29 2026][COMMAND]: /opt/infer/infer/bin/infer --pulse-only --pulse-max-disjuncts 100 --jobs 32 --reactive --pulse-fix-mode --pulse-fix-file=src/lxc/af_unix.c --pulse-fix-function=lxc_abstract_unix_send_credential -o /effFix-experiment/effFix-benchmark/lxc/null-ptr-20-lxc/repair/infer-out-single -- make -j4
[Wed Jan 21 04:03:29 2026][COMMAND]: sed -i -e '238s:$: \& ...->msg_controllen = msg.msg_controllen / msg.msg_controllen ; :' /effFix-experiment/effFix-benchmark/lxc/null-ptr-20-lxc/src/src/lxc/af_unix.c
[Wed Jan 21 04:03:29 2026][COMMAND]: diff -u /effFix-experiment/effFix-benchmark/lxc/null-ptr-20-lxc/repair/af_unix.c.backup /effFix-experiment/effFix-benchmark/lxc/null-ptr-20-lxc/src/src/lxc/af_unix.c > /effFix-experiment/effFix-benchmark/lxc/null-ptr-20-lxc/repair/396.patch
[Wed Jan 21 04:03:29 2026][COMMAND]: /opt/infer/infer/bin/infer --pulse-only --pulse-max-disjuncts 100 --jobs 32 --reactive --pulse-fix-mode --pulse-fix-file=src/lxc/af_unix.c --pulse-fix-function=lxc_abstract_unix_send_credential -o /effFix-experiment/effFix-benchmark/lxc/null-ptr-20-lxc/repair/infer-out-single -- make -j4
[Wed Jan 21 04:03:29 2026][COMMAND]: sed -i -e '238s:^:if ( ! ( cmsg != msg.msg_control ) ) { return call to sendmsg; }  :' /effFix-experiment/effFix-benchmark/lxc/null-ptr-20-lxc/src/src/lxc/af_unix.c
[Wed Jan 21 04:03:29 2026][COMMAND]: diff -u /effFix-experiment/effFix-benchmark/lxc/null-ptr-20-lxc/repair/af_unix.c.backup /effFix-experiment/effFix-benchmark/lxc/null-ptr-20-lxc/src/src/lxc/af_unix.c > /effFix-experiment/effFix-benchmark/lxc/null-ptr-20-lxc/repair/397.patch
[Wed Jan 21 04:03:29 2026][COMMAND]: /opt/infer/infer/bin/infer --pulse-only --pulse-max-disjuncts 100 --jobs 32 --reactive --pulse-fix-mode --pulse-fix-file=src/lxc/af_unix.c --pulse-fix-function=lxc_abstract_unix_send_credential -o /effFix-experiment/effFix-benchmark/lxc/null-ptr-20-lxc/repair/infer-out-single -- make -j4
[Wed Jan 21 04:03:29 2026][COMMAND]: sed -i -e '238s:^:if ( cmsg != msg.msg_control \&\& cmsg == msg.msg_control ) { \& ...->msg_controllen = \& ...->msg_controllen / \& ...->msg_controllen ; }  :' /effFix-experiment/effFix-benchmark/lxc/null-ptr-20-lxc/src/src/lxc/af_unix.c
[Wed Jan 21 04:03:29 2026][COMMAND]: diff -u /effFix-experiment/effFix-benchmark/lxc/null-ptr-20-lxc/repair/af_unix.c.backup /effFix-experiment/effFix-benchmark/lxc/null-ptr-20-lxc/src/src/lxc/af_unix.c > /effFix-experiment/effFix-benchmark/lxc/null-ptr-20-lxc/repair/398.patch
[Wed Jan 21 04:03:29 2026][COMMAND]: /opt/infer/infer/bin/infer --pulse-only --pulse-max-disjuncts 100 --jobs 32 --reactive --pulse-fix-mode --pulse-fix-file=src/lxc/af_unix.c --pulse-fix-function=lxc_abstract_unix_send_credential -o /effFix-experiment/effFix-benchmark/lxc/null-ptr-20-lxc/repair/infer-out-single -- make -j4
[Wed Jan 21 04:03:29 2026][COMMAND]: sed -i -e '238s:$: msg.msg_controllen = cmsg->cmsg_len + msg.msg_controllen ; return 0; :' /effFix-experiment/effFix-benchmark/lxc/null-ptr-20-lxc/src/src/lxc/af_unix.c
[Wed Jan 21 04:03:29 2026][COMMAND]: diff -u /effFix-experiment/effFix-benchmark/lxc/null-ptr-20-lxc/repair/af_unix.c.backup /effFix-experiment/effFix-benchmark/lxc/null-ptr-20-lxc/src/src/lxc/af_unix.c > /effFix-experiment/effFix-benchmark/lxc/null-ptr-20-lxc/repair/399.patch
[Wed Jan 21 04:03:29 2026][COMMAND]: /opt/infer/infer/bin/infer --pulse-only --pulse-max-disjuncts 100 --jobs 32 --reactive --pulse-fix-mode --pulse-fix-file=src/lxc/af_unix.c --pulse-fix-function=lxc_abstract_unix_send_credential -o /effFix-experiment/effFix-benchmark/lxc/null-ptr-20-lxc/repair/infer-out-single -- make -j4
[Wed Jan 21 04:03:29 2026][COMMAND]: sed -i -e '238s:^:if ( cmsg->cmsg_len < cmsg->cmsg_len * cmsg->cmsg_len ) { msg.msg_controllen = \& ...->msg_controllen ; }  :' /effFix-experiment/effFix-benchmark/lxc/null-ptr-20-lxc/src/src/lxc/af_unix.c
[Wed Jan 21 04:03:29 2026][COMMAND]: diff -u /effFix-experiment/effFix-benchmark/lxc/null-ptr-20-lxc/repair/af_unix.c.backup /effFix-experiment/effFix-benchmark/lxc/null-ptr-20-lxc/src/src/lxc/af_unix.c > /effFix-experiment/effFix-benchmark/lxc/null-ptr-20-lxc/repair/400.patch
[Wed Jan 21 04:03:29 2026][COMMAND]: /opt/infer/infer/bin/infer --pulse-only --pulse-max-disjuncts 100 --jobs 32 --reactive --pulse-fix-mode --pulse-fix-file=src/lxc/af_unix.c --pulse-fix-function=lxc_abstract_unix_send_credential -o /effFix-experiment/effFix-benchmark/lxc/null-ptr-20-lxc/repair/infer-out-single -- make -j4
[Wed Jan 21 04:03:29 2026][COMMAND]: sed -i -e '238s:$: msg.msg_controllen = cmsg->cmsg_len * cmsg->cmsg_len ; :' /effFix-experiment/effFix-benchmark/lxc/null-ptr-20-lxc/src/src/lxc/af_unix.c
[Wed Jan 21 04:03:29 2026][COMMAND]: diff -u /effFix-experiment/effFix-benchmark/lxc/null-ptr-20-lxc/repair/af_unix.c.backup /effFix-experiment/effFix-benchmark/lxc/null-ptr-20-lxc/src/src/lxc/af_unix.c > /effFix-experiment/effFix-benchmark/lxc/null-ptr-20-lxc/repair/401.patch
[Wed Jan 21 04:03:29 2026][COMMAND]: /opt/infer/infer/bin/infer --pulse-only --pulse-max-disjuncts 100 --jobs 32 --reactive --pulse-fix-mode --pulse-fix-file=src/lxc/af_unix.c --pulse-fix-function=lxc_abstract_unix_send_credential -o /effFix-experiment/effFix-benchmark/lxc/null-ptr-20-lxc/repair/infer-out-single -- make -j4
[Wed Jan 21 04:03:29 2026][COMMAND]: sed -i -e '238s:$: cmsg->cmsg_len = cmsg->cmsg_len + cmsg->cmsg_len ; return msg.msg_control ; :' /effFix-experiment/effFix-benchmark/lxc/null-ptr-20-lxc/src/src/lxc/af_unix.c
[Wed Jan 21 04:03:29 2026][COMMAND]: diff -u /effFix-experiment/effFix-benchmark/lxc/null-ptr-20-lxc/repair/af_unix.c.backup /effFix-experiment/effFix-benchmark/lxc/null-ptr-20-lxc/src/src/lxc/af_unix.c > /effFix-experiment/effFix-benchmark/lxc/null-ptr-20-lxc/repair/402.patch
[Wed Jan 21 04:03:30 2026][COMMAND]: /opt/infer/infer/bin/infer --pulse-only --pulse-max-disjuncts 100 --jobs 32 --reactive --pulse-fix-mode --pulse-fix-file=src/lxc/af_unix.c --pulse-fix-function=lxc_abstract_unix_send_credential -o /effFix-experiment/effFix-benchmark/lxc/null-ptr-20-lxc/repair/infer-out-single -- make -j4
[Wed Jan 21 04:03:30 2026][COMMAND]: sed -i -e '238s:^:if ( \& ...->msg_controllen <= msg.msg_controllen || cmsg->cmsg_len * msg.msg_controllen >= msg.msg_controllen ) { return 0; }  :' /effFix-experiment/effFix-benchmark/lxc/null-ptr-20-lxc/src/src/lxc/af_unix.c
[Wed Jan 21 04:03:30 2026][COMMAND]: diff -u /effFix-experiment/effFix-benchmark/lxc/null-ptr-20-lxc/repair/af_unix.c.backup /effFix-experiment/effFix-benchmark/lxc/null-ptr-20-lxc/src/src/lxc/af_unix.c > /effFix-experiment/effFix-benchmark/lxc/null-ptr-20-lxc/repair/403.patch
[Wed Jan 21 04:03:30 2026][COMMAND]: /opt/infer/infer/bin/infer --pulse-only --pulse-max-disjuncts 100 --jobs 32 --reactive --pulse-fix-mode --pulse-fix-file=src/lxc/af_unix.c --pulse-fix-function=lxc_abstract_unix_send_credential -o /effFix-experiment/effFix-benchmark/lxc/null-ptr-20-lxc/repair/infer-out-single -- make -j4
[Wed Jan 21 04:03:30 2026][COMMAND]: sed -i -e '238s:^:if ( msg.msg_control != NULL || cmsg == NULL ) { return 0; }  :' /effFix-experiment/effFix-benchmark/lxc/null-ptr-20-lxc/src/src/lxc/af_unix.c
[Wed Jan 21 04:03:30 2026][COMMAND]: diff -u /effFix-experiment/effFix-benchmark/lxc/null-ptr-20-lxc/repair/af_unix.c.backup /effFix-experiment/effFix-benchmark/lxc/null-ptr-20-lxc/src/src/lxc/af_unix.c > /effFix-experiment/effFix-benchmark/lxc/null-ptr-20-lxc/repair/404.patch
[Wed Jan 21 04:03:30 2026][COMMAND]: /opt/infer/infer/bin/infer --pulse-only --pulse-max-disjuncts 100 --jobs 32 --reactive --pulse-fix-mode --pulse-fix-file=src/lxc/af_unix.c --pulse-fix-function=lxc_abstract_unix_send_credential -o /effFix-experiment/effFix-benchmark/lxc/null-ptr-20-lxc/repair/infer-out-single -- make -j4
[Wed Jan 21 04:03:30 2026][COMMAND]: sed -i -e '238s:^:return 0; free ( cmsg ) ;  :' /effFix-experiment/effFix-benchmark/lxc/null-ptr-20-lxc/src/src/lxc/af_unix.c
[Wed Jan 21 04:03:30 2026][COMMAND]: diff -u /effFix-experiment/effFix-benchmark/lxc/null-ptr-20-lxc/repair/af_unix.c.backup /effFix-experiment/effFix-benchmark/lxc/null-ptr-20-lxc/src/src/lxc/af_unix.c > /effFix-experiment/effFix-benchmark/lxc/null-ptr-20-lxc/repair/405.patch
[Wed Jan 21 04:03:30 2026][COMMAND]: /opt/infer/infer/bin/infer --pulse-only --pulse-max-disjuncts 100 --jobs 32 --reactive --pulse-fix-mode --pulse-fix-file=src/lxc/af_unix.c --pulse-fix-function=lxc_abstract_unix_send_credential -o /effFix-experiment/effFix-benchmark/lxc/null-ptr-20-lxc/repair/infer-out-single -- make -j4
[Wed Jan 21 04:03:30 2026][COMMAND]: sed -i -e '238s:$: if ( \& ...->msg_control != NULL || msg.msg_control == NULL ) { return NULL ; return msg.msg_control ; } :' /effFix-experiment/effFix-benchmark/lxc/null-ptr-20-lxc/src/src/lxc/af_unix.c
[Wed Jan 21 04:03:30 2026][COMMAND]: diff -u /effFix-experiment/effFix-benchmark/lxc/null-ptr-20-lxc/repair/af_unix.c.backup /effFix-experiment/effFix-benchmark/lxc/null-ptr-20-lxc/src/src/lxc/af_unix.c > /effFix-experiment/effFix-benchmark/lxc/null-ptr-20-lxc/repair/406.patch
[Wed Jan 21 04:03:30 2026][COMMAND]: /opt/infer/infer/bin/infer --pulse-only --pulse-max-disjuncts 100 --jobs 32 --reactive --pulse-fix-mode --pulse-fix-file=src/lxc/af_unix.c --pulse-fix-function=lxc_abstract_unix_send_credential -o /effFix-experiment/effFix-benchmark/lxc/null-ptr-20-lxc/repair/infer-out-single -- make -j4
[Wed Jan 21 04:03:30 2026][COMMAND]: sed -i -e '238s:^:if ( ! ( \& ...->msg_control == NULL ) ) { return \& ...->msg_control ; }  :' /effFix-experiment/effFix-benchmark/lxc/null-ptr-20-lxc/src/src/lxc/af_unix.c
[Wed Jan 21 04:03:30 2026][COMMAND]: diff -u /effFix-experiment/effFix-benchmark/lxc/null-ptr-20-lxc/repair/af_unix.c.backup /effFix-experiment/effFix-benchmark/lxc/null-ptr-20-lxc/src/src/lxc/af_unix.c > /effFix-experiment/effFix-benchmark/lxc/null-ptr-20-lxc/repair/407.patch
[Wed Jan 21 04:03:30 2026][COMMAND]: /opt/infer/infer/bin/infer --pulse-only --pulse-max-disjuncts 100 --jobs 32 --reactive --pulse-fix-mode --pulse-fix-file=src/lxc/af_unix.c --pulse-fix-function=lxc_abstract_unix_send_credential -o /effFix-experiment/effFix-benchmark/lxc/null-ptr-20-lxc/repair/infer-out-single -- make -j4
[Wed Jan 21 04:03:30 2026][COMMAND]: sed -i -e '238s:^:cmsg->cmsg_len = msg.msg_controllen / cmsg->cmsg_len ;  :' /effFix-experiment/effFix-benchmark/lxc/null-ptr-20-lxc/src/src/lxc/af_unix.c
[Wed Jan 21 04:03:30 2026][COMMAND]: diff -u /effFix-experiment/effFix-benchmark/lxc/null-ptr-20-lxc/repair/af_unix.c.backup /effFix-experiment/effFix-benchmark/lxc/null-ptr-20-lxc/src/src/lxc/af_unix.c > /effFix-experiment/effFix-benchmark/lxc/null-ptr-20-lxc/repair/408.patch
[Wed Jan 21 04:03:30 2026][COMMAND]: /opt/infer/infer/bin/infer --pulse-only --pulse-max-disjuncts 100 --jobs 32 --reactive --pulse-fix-mode --pulse-fix-file=src/lxc/af_unix.c --pulse-fix-function=lxc_abstract_unix_send_credential -o /effFix-experiment/effFix-benchmark/lxc/null-ptr-20-lxc/repair/infer-out-single -- make -j4
[Wed Jan 21 04:03:30 2026][COMMAND]: sed -i -e '238s:$: if ( msg.msg_controllen != 0 ) { return 0; } :' /effFix-experiment/effFix-benchmark/lxc/null-ptr-20-lxc/src/src/lxc/af_unix.c
[Wed Jan 21 04:03:30 2026][COMMAND]: diff -u /effFix-experiment/effFix-benchmark/lxc/null-ptr-20-lxc/repair/af_unix.c.backup /effFix-experiment/effFix-benchmark/lxc/null-ptr-20-lxc/src/src/lxc/af_unix.c > /effFix-experiment/effFix-benchmark/lxc/null-ptr-20-lxc/repair/409.patch
[Wed Jan 21 04:03:30 2026][COMMAND]: /opt/infer/infer/bin/infer --pulse-only --pulse-max-disjuncts 100 --jobs 32 --reactive --pulse-fix-mode --pulse-fix-file=src/lxc/af_unix.c --pulse-fix-function=lxc_abstract_unix_send_credential -o /effFix-experiment/effFix-benchmark/lxc/null-ptr-20-lxc/repair/infer-out-single -- make -j4
[Wed Jan 21 04:03:31 2026][COMMAND]: sed -i -e '238s:^:if ( \& ...->msg_control != NULL \&\& cmsg == NULL ) { msg.msg_controllen = cmsg->cmsg_len ; }  :' /effFix-experiment/effFix-benchmark/lxc/null-ptr-20-lxc/src/src/lxc/af_unix.c
[Wed Jan 21 04:03:31 2026][COMMAND]: diff -u /effFix-experiment/effFix-benchmark/lxc/null-ptr-20-lxc/repair/af_unix.c.backup /effFix-experiment/effFix-benchmark/lxc/null-ptr-20-lxc/src/src/lxc/af_unix.c > /effFix-experiment/effFix-benchmark/lxc/null-ptr-20-lxc/repair/410.patch
[Wed Jan 21 04:03:31 2026][COMMAND]: /opt/infer/infer/bin/infer --pulse-only --pulse-max-disjuncts 100 --jobs 32 --reactive --pulse-fix-mode --pulse-fix-file=src/lxc/af_unix.c --pulse-fix-function=lxc_abstract_unix_send_credential -o /effFix-experiment/effFix-benchmark/lxc/null-ptr-20-lxc/repair/infer-out-single -- make -j4
[Wed Jan 21 04:03:31 2026][COMMAND]: sed -i -e '238s:$: msg.msg_control = malloc ( sizeof ( * cmsg ) ) ; return 0; :' /effFix-experiment/effFix-benchmark/lxc/null-ptr-20-lxc/src/src/lxc/af_unix.c
[Wed Jan 21 04:03:31 2026][COMMAND]: diff -u /effFix-experiment/effFix-benchmark/lxc/null-ptr-20-lxc/repair/af_unix.c.backup /effFix-experiment/effFix-benchmark/lxc/null-ptr-20-lxc/src/src/lxc/af_unix.c > /effFix-experiment/effFix-benchmark/lxc/null-ptr-20-lxc/repair/411.patch
[Wed Jan 21 04:03:31 2026][COMMAND]: /opt/infer/infer/bin/infer --pulse-only --pulse-max-disjuncts 100 --jobs 32 --reactive --pulse-fix-mode --pulse-fix-file=src/lxc/af_unix.c --pulse-fix-function=lxc_abstract_unix_send_credential -o /effFix-experiment/effFix-benchmark/lxc/null-ptr-20-lxc/repair/infer-out-single -- make -j4
[Wed Jan 21 04:03:31 2026][COMMAND]: sed -i -e '238s:^:if ( ! ( \& ...->msg_controllen / cmsg->cmsg_len >= msg.msg_controllen ) ) { return NULL ; }  :' /effFix-experiment/effFix-benchmark/lxc/null-ptr-20-lxc/src/src/lxc/af_unix.c
[Wed Jan 21 04:03:31 2026][COMMAND]: diff -u /effFix-experiment/effFix-benchmark/lxc/null-ptr-20-lxc/repair/af_unix.c.backup /effFix-experiment/effFix-benchmark/lxc/null-ptr-20-lxc/src/src/lxc/af_unix.c > /effFix-experiment/effFix-benchmark/lxc/null-ptr-20-lxc/repair/412.patch
[Wed Jan 21 04:03:31 2026][COMMAND]: /opt/infer/infer/bin/infer --pulse-only --pulse-max-disjuncts 100 --jobs 32 --reactive --pulse-fix-mode --pulse-fix-file=src/lxc/af_unix.c --pulse-fix-function=lxc_abstract_unix_send_credential -o /effFix-experiment/effFix-benchmark/lxc/null-ptr-20-lxc/repair/infer-out-single -- make -j4
[Wed Jan 21 04:03:31 2026][COMMAND]: sed -i -e '238s:^:if ( \& ...->msg_control != NULL || msg.msg_controllen != 1 ) { return call to sendmsg; }  :' /effFix-experiment/effFix-benchmark/lxc/null-ptr-20-lxc/src/src/lxc/af_unix.c
[Wed Jan 21 04:03:31 2026][COMMAND]: diff -u /effFix-experiment/effFix-benchmark/lxc/null-ptr-20-lxc/repair/af_unix.c.backup /effFix-experiment/effFix-benchmark/lxc/null-ptr-20-lxc/src/src/lxc/af_unix.c > /effFix-experiment/effFix-benchmark/lxc/null-ptr-20-lxc/repair/413.patch
[Wed Jan 21 04:03:31 2026][COMMAND]: /opt/infer/infer/bin/infer --pulse-only --pulse-max-disjuncts 100 --jobs 32 --reactive --pulse-fix-mode --pulse-fix-file=src/lxc/af_unix.c --pulse-fix-function=lxc_abstract_unix_send_credential -o /effFix-experiment/effFix-benchmark/lxc/null-ptr-20-lxc/repair/infer-out-single -- make -j4
[Wed Jan 21 04:03:31 2026][COMMAND]: sed -i -e '238s:$: \& ...->msg_controllen = cmsg->cmsg_len - msg.msg_controllen ; :' /effFix-experiment/effFix-benchmark/lxc/null-ptr-20-lxc/src/src/lxc/af_unix.c
[Wed Jan 21 04:03:31 2026][COMMAND]: diff -u /effFix-experiment/effFix-benchmark/lxc/null-ptr-20-lxc/repair/af_unix.c.backup /effFix-experiment/effFix-benchmark/lxc/null-ptr-20-lxc/src/src/lxc/af_unix.c > /effFix-experiment/effFix-benchmark/lxc/null-ptr-20-lxc/repair/414.patch
[Wed Jan 21 04:03:31 2026][COMMAND]: /opt/infer/infer/bin/infer --pulse-only --pulse-max-disjuncts 100 --jobs 32 --reactive --pulse-fix-mode --pulse-fix-file=src/lxc/af_unix.c --pulse-fix-function=lxc_abstract_unix_send_credential -o /effFix-experiment/effFix-benchmark/lxc/null-ptr-20-lxc/repair/infer-out-single -- make -j4
[Wed Jan 21 04:03:31 2026][COMMAND]: sed -i -e '238s:$: cmsg->cmsg_len = cmsg->cmsg_len / msg.msg_controllen ; return call to sendmsg; :' /effFix-experiment/effFix-benchmark/lxc/null-ptr-20-lxc/src/src/lxc/af_unix.c
[Wed Jan 21 04:03:31 2026][COMMAND]: diff -u /effFix-experiment/effFix-benchmark/lxc/null-ptr-20-lxc/repair/af_unix.c.backup /effFix-experiment/effFix-benchmark/lxc/null-ptr-20-lxc/src/src/lxc/af_unix.c > /effFix-experiment/effFix-benchmark/lxc/null-ptr-20-lxc/repair/415.patch
[Wed Jan 21 04:03:31 2026][COMMAND]: /opt/infer/infer/bin/infer --pulse-only --pulse-max-disjuncts 100 --jobs 32 --reactive --pulse-fix-mode --pulse-fix-file=src/lxc/af_unix.c --pulse-fix-function=lxc_abstract_unix_send_credential -o /effFix-experiment/effFix-benchmark/lxc/null-ptr-20-lxc/repair/infer-out-single -- make -j4
[Wed Jan 21 04:03:31 2026][COMMAND]: sed -i -e '238s:^:if ( \& ...->msg_control != NULL || msg.msg_controllen + msg.msg_controllen < -1 ) { \& ...->msg_controllen = cmsg->cmsg_len ; }  :' /effFix-experiment/effFix-benchmark/lxc/null-ptr-20-lxc/src/src/lxc/af_unix.c
[Wed Jan 21 04:03:31 2026][COMMAND]: diff -u /effFix-experiment/effFix-benchmark/lxc/null-ptr-20-lxc/repair/af_unix.c.backup /effFix-experiment/effFix-benchmark/lxc/null-ptr-20-lxc/src/src/lxc/af_unix.c > /effFix-experiment/effFix-benchmark/lxc/null-ptr-20-lxc/repair/416.patch
[Wed Jan 21 04:03:31 2026][COMMAND]: /opt/infer/infer/bin/infer --pulse-only --pulse-max-disjuncts 100 --jobs 32 --reactive --pulse-fix-mode --pulse-fix-file=src/lxc/af_unix.c --pulse-fix-function=lxc_abstract_unix_send_credential -o /effFix-experiment/effFix-benchmark/lxc/null-ptr-20-lxc/repair/infer-out-single -- make -j4
[Wed Jan 21 04:03:31 2026][COMMAND]: sed -i -e '238s:$: msg.msg_controllen = \& ...->msg_controllen - msg.msg_controllen ; :' /effFix-experiment/effFix-benchmark/lxc/null-ptr-20-lxc/src/src/lxc/af_unix.c
[Wed Jan 21 04:03:31 2026][COMMAND]: diff -u /effFix-experiment/effFix-benchmark/lxc/null-ptr-20-lxc/repair/af_unix.c.backup /effFix-experiment/effFix-benchmark/lxc/null-ptr-20-lxc/src/src/lxc/af_unix.c > /effFix-experiment/effFix-benchmark/lxc/null-ptr-20-lxc/repair/417.patch
[Wed Jan 21 04:03:31 2026][COMMAND]: /opt/infer/infer/bin/infer --pulse-only --pulse-max-disjuncts 100 --jobs 32 --reactive --pulse-fix-mode --pulse-fix-file=src/lxc/af_unix.c --pulse-fix-function=lxc_abstract_unix_send_credential -o /effFix-experiment/effFix-benchmark/lxc/null-ptr-20-lxc/repair/infer-out-single -- make -j4
[Wed Jan 21 04:03:31 2026][COMMAND]: sed -i -e '238s:$: cmsg->cmsg_len = cmsg->cmsg_len ; return cmsg ; :' /effFix-experiment/effFix-benchmark/lxc/null-ptr-20-lxc/src/src/lxc/af_unix.c
[Wed Jan 21 04:03:31 2026][COMMAND]: diff -u /effFix-experiment/effFix-benchmark/lxc/null-ptr-20-lxc/repair/af_unix.c.backup /effFix-experiment/effFix-benchmark/lxc/null-ptr-20-lxc/src/src/lxc/af_unix.c > /effFix-experiment/effFix-benchmark/lxc/null-ptr-20-lxc/repair/418.patch
[Wed Jan 21 04:03:31 2026][COMMAND]: /opt/infer/infer/bin/infer --pulse-only --pulse-max-disjuncts 100 --jobs 32 --reactive --pulse-fix-mode --pulse-fix-file=src/lxc/af_unix.c --pulse-fix-function=lxc_abstract_unix_send_credential -o /effFix-experiment/effFix-benchmark/lxc/null-ptr-20-lxc/repair/infer-out-single -- make -j4
[Wed Jan 21 04:03:31 2026][COMMAND]: sed -i -e '238s:^:cmsg->cmsg_len = cmsg->cmsg_len ;  :' /effFix-experiment/effFix-benchmark/lxc/null-ptr-20-lxc/src/src/lxc/af_unix.c
[Wed Jan 21 04:03:32 2026][COMMAND]: diff -u /effFix-experiment/effFix-benchmark/lxc/null-ptr-20-lxc/repair/af_unix.c.backup /effFix-experiment/effFix-benchmark/lxc/null-ptr-20-lxc/src/src/lxc/af_unix.c > /effFix-experiment/effFix-benchmark/lxc/null-ptr-20-lxc/repair/419.patch
[Wed Jan 21 04:03:32 2026][COMMAND]: /opt/infer/infer/bin/infer --pulse-only --pulse-max-disjuncts 100 --jobs 32 --reactive --pulse-fix-mode --pulse-fix-file=src/lxc/af_unix.c --pulse-fix-function=lxc_abstract_unix_send_credential -o /effFix-experiment/effFix-benchmark/lxc/null-ptr-20-lxc/repair/infer-out-single -- make -j4
[Wed Jan 21 04:03:32 2026][COMMAND]: sed -i -e '238s:$: free ( msg.msg_control ) ; return 0; :' /effFix-experiment/effFix-benchmark/lxc/null-ptr-20-lxc/src/src/lxc/af_unix.c
[Wed Jan 21 04:03:32 2026][COMMAND]: diff -u /effFix-experiment/effFix-benchmark/lxc/null-ptr-20-lxc/repair/af_unix.c.backup /effFix-experiment/effFix-benchmark/lxc/null-ptr-20-lxc/src/src/lxc/af_unix.c > /effFix-experiment/effFix-benchmark/lxc/null-ptr-20-lxc/repair/420.patch
[Wed Jan 21 04:03:32 2026][COMMAND]: /opt/infer/infer/bin/infer --pulse-only --pulse-max-disjuncts 100 --jobs 32 --reactive --pulse-fix-mode --pulse-fix-file=src/lxc/af_unix.c --pulse-fix-function=lxc_abstract_unix_send_credential -o /effFix-experiment/effFix-benchmark/lxc/null-ptr-20-lxc/repair/infer-out-single -- make -j4
[Wed Jan 21 04:03:32 2026][COMMAND]: sed -i -e '238s:^:return call to sendmsg; msg.msg_controllen = cmsg->cmsg_len ;  :' /effFix-experiment/effFix-benchmark/lxc/null-ptr-20-lxc/src/src/lxc/af_unix.c
[Wed Jan 21 04:03:32 2026][COMMAND]: diff -u /effFix-experiment/effFix-benchmark/lxc/null-ptr-20-lxc/repair/af_unix.c.backup /effFix-experiment/effFix-benchmark/lxc/null-ptr-20-lxc/src/src/lxc/af_unix.c > /effFix-experiment/effFix-benchmark/lxc/null-ptr-20-lxc/repair/421.patch
[Wed Jan 21 04:03:32 2026][COMMAND]: /opt/infer/infer/bin/infer --pulse-only --pulse-max-disjuncts 100 --jobs 32 --reactive --pulse-fix-mode --pulse-fix-file=src/lxc/af_unix.c --pulse-fix-function=lxc_abstract_unix_send_credential -o /effFix-experiment/effFix-benchmark/lxc/null-ptr-20-lxc/repair/infer-out-single -- make -j4
[Wed Jan 21 04:03:32 2026][COMMAND]: sed -i -e '238s:$: return 0; if ( \& ...->msg_control == NULL ) { free ( \& ...->msg_control ) ; } :' /effFix-experiment/effFix-benchmark/lxc/null-ptr-20-lxc/src/src/lxc/af_unix.c
[Wed Jan 21 04:03:32 2026][COMMAND]: diff -u /effFix-experiment/effFix-benchmark/lxc/null-ptr-20-lxc/repair/af_unix.c.backup /effFix-experiment/effFix-benchmark/lxc/null-ptr-20-lxc/src/src/lxc/af_unix.c > /effFix-experiment/effFix-benchmark/lxc/null-ptr-20-lxc/repair/422.patch
[Wed Jan 21 04:03:32 2026][COMMAND]: /opt/infer/infer/bin/infer --pulse-only --pulse-max-disjuncts 100 --jobs 32 --reactive --pulse-fix-mode --pulse-fix-file=src/lxc/af_unix.c --pulse-fix-function=lxc_abstract_unix_send_credential -o /effFix-experiment/effFix-benchmark/lxc/null-ptr-20-lxc/repair/infer-out-single -- make -j4
[Wed Jan 21 04:03:32 2026][COMMAND]: sed -i -e '238s:^:cmsg = msg.msg_control ; if ( \& ...->msg_control != msg.msg_control \&\& \& ...->msg_control != \& ...->msg_control ) { cmsg->cmsg_len = \& ...->msg_controllen ; }  :' /effFix-experiment/effFix-benchmark/lxc/null-ptr-20-lxc/src/src/lxc/af_unix.c
[Wed Jan 21 04:03:32 2026][COMMAND]: diff -u /effFix-experiment/effFix-benchmark/lxc/null-ptr-20-lxc/repair/af_unix.c.backup /effFix-experiment/effFix-benchmark/lxc/null-ptr-20-lxc/src/src/lxc/af_unix.c > /effFix-experiment/effFix-benchmark/lxc/null-ptr-20-lxc/repair/423.patch
[Wed Jan 21 04:03:32 2026][COMMAND]: /opt/infer/infer/bin/infer --pulse-only --pulse-max-disjuncts 100 --jobs 32 --reactive --pulse-fix-mode --pulse-fix-file=src/lxc/af_unix.c --pulse-fix-function=lxc_abstract_unix_send_credential -o /effFix-experiment/effFix-benchmark/lxc/null-ptr-20-lxc/repair/infer-out-single -- make -j4
[Wed Jan 21 04:03:32 2026][COMMAND]: sed -i -e '238s:^:free ( msg.msg_control ) ; \& ...->msg_controllen = msg.msg_controllen ;  :' /effFix-experiment/effFix-benchmark/lxc/null-ptr-20-lxc/src/src/lxc/af_unix.c
[Wed Jan 21 04:03:32 2026][COMMAND]: diff -u /effFix-experiment/effFix-benchmark/lxc/null-ptr-20-lxc/repair/af_unix.c.backup /effFix-experiment/effFix-benchmark/lxc/null-ptr-20-lxc/src/src/lxc/af_unix.c > /effFix-experiment/effFix-benchmark/lxc/null-ptr-20-lxc/repair/424.patch
[Wed Jan 21 04:03:32 2026][COMMAND]: /opt/infer/infer/bin/infer --pulse-only --pulse-max-disjuncts 100 --jobs 32 --reactive --pulse-fix-mode --pulse-fix-file=src/lxc/af_unix.c --pulse-fix-function=lxc_abstract_unix_send_credential -o /effFix-experiment/effFix-benchmark/lxc/null-ptr-20-lxc/repair/infer-out-single -- make -j4
[Wed Jan 21 04:03:32 2026][COMMAND]: sed -i -e '238s:^:if ( \& ...->msg_control == \& ...->msg_control \&\& cmsg == NULL ) { return cmsg ; }  :' /effFix-experiment/effFix-benchmark/lxc/null-ptr-20-lxc/src/src/lxc/af_unix.c
[Wed Jan 21 04:03:32 2026][COMMAND]: diff -u /effFix-experiment/effFix-benchmark/lxc/null-ptr-20-lxc/repair/af_unix.c.backup /effFix-experiment/effFix-benchmark/lxc/null-ptr-20-lxc/src/src/lxc/af_unix.c > /effFix-experiment/effFix-benchmark/lxc/null-ptr-20-lxc/repair/425.patch
[Wed Jan 21 04:03:32 2026][COMMAND]: /opt/infer/infer/bin/infer --pulse-only --pulse-max-disjuncts 100 --jobs 32 --reactive --pulse-fix-mode --pulse-fix-file=src/lxc/af_unix.c --pulse-fix-function=lxc_abstract_unix_send_credential -o /effFix-experiment/effFix-benchmark/lxc/null-ptr-20-lxc/repair/infer-out-single -- make -j4
[Wed Jan 21 04:03:32 2026][COMMAND]: sed -i -e '238s:$: return NULL ; return 0; :' /effFix-experiment/effFix-benchmark/lxc/null-ptr-20-lxc/src/src/lxc/af_unix.c
[Wed Jan 21 04:03:32 2026][COMMAND]: diff -u /effFix-experiment/effFix-benchmark/lxc/null-ptr-20-lxc/repair/af_unix.c.backup /effFix-experiment/effFix-benchmark/lxc/null-ptr-20-lxc/src/src/lxc/af_unix.c > /effFix-experiment/effFix-benchmark/lxc/null-ptr-20-lxc/repair/426.patch
[Wed Jan 21 04:03:32 2026][COMMAND]: /opt/infer/infer/bin/infer --pulse-only --pulse-max-disjuncts 100 --jobs 32 --reactive --pulse-fix-mode --pulse-fix-file=src/lxc/af_unix.c --pulse-fix-function=lxc_abstract_unix_send_credential -o /effFix-experiment/effFix-benchmark/lxc/null-ptr-20-lxc/repair/infer-out-single -- make -j4
[Wed Jan 21 04:03:32 2026][COMMAND]: sed -i -e '238s:$: return 0; return call to sendmsg; :' /effFix-experiment/effFix-benchmark/lxc/null-ptr-20-lxc/src/src/lxc/af_unix.c
[Wed Jan 21 04:03:32 2026][COMMAND]: diff -u /effFix-experiment/effFix-benchmark/lxc/null-ptr-20-lxc/repair/af_unix.c.backup /effFix-experiment/effFix-benchmark/lxc/null-ptr-20-lxc/src/src/lxc/af_unix.c > /effFix-experiment/effFix-benchmark/lxc/null-ptr-20-lxc/repair/427.patch
[Wed Jan 21 04:03:32 2026][COMMAND]: /opt/infer/infer/bin/infer --pulse-only --pulse-max-disjuncts 100 --jobs 32 --reactive --pulse-fix-mode --pulse-fix-file=src/lxc/af_unix.c --pulse-fix-function=lxc_abstract_unix_send_credential -o /effFix-experiment/effFix-benchmark/lxc/null-ptr-20-lxc/repair/infer-out-single -- make -j4
[Wed Jan 21 04:03:32 2026][COMMAND]: sed -i -e '238s:$: msg.msg_control = \& ...->msg_control ; :' /effFix-experiment/effFix-benchmark/lxc/null-ptr-20-lxc/src/src/lxc/af_unix.c
[Wed Jan 21 04:03:32 2026][COMMAND]: diff -u /effFix-experiment/effFix-benchmark/lxc/null-ptr-20-lxc/repair/af_unix.c.backup /effFix-experiment/effFix-benchmark/lxc/null-ptr-20-lxc/src/src/lxc/af_unix.c > /effFix-experiment/effFix-benchmark/lxc/null-ptr-20-lxc/repair/428.patch
[Wed Jan 21 04:03:32 2026][COMMAND]: /opt/infer/infer/bin/infer --pulse-only --pulse-max-disjuncts 100 --jobs 32 --reactive --pulse-fix-mode --pulse-fix-file=src/lxc/af_unix.c --pulse-fix-function=lxc_abstract_unix_send_credential -o /effFix-experiment/effFix-benchmark/lxc/null-ptr-20-lxc/repair/infer-out-single -- make -j4
[Wed Jan 21 04:03:32 2026][COMMAND]: sed -i -e '238s:$: cmsg->cmsg_len = cmsg->cmsg_len + \& ...->msg_controllen ; free ( cmsg ) ; :' /effFix-experiment/effFix-benchmark/lxc/null-ptr-20-lxc/src/src/lxc/af_unix.c
[Wed Jan 21 04:03:32 2026][COMMAND]: diff -u /effFix-experiment/effFix-benchmark/lxc/null-ptr-20-lxc/repair/af_unix.c.backup /effFix-experiment/effFix-benchmark/lxc/null-ptr-20-lxc/src/src/lxc/af_unix.c > /effFix-experiment/effFix-benchmark/lxc/null-ptr-20-lxc/repair/429.patch
[Wed Jan 21 04:03:32 2026][COMMAND]: /opt/infer/infer/bin/infer --pulse-only --pulse-max-disjuncts 100 --jobs 32 --reactive --pulse-fix-mode --pulse-fix-file=src/lxc/af_unix.c --pulse-fix-function=lxc_abstract_unix_send_credential -o /effFix-experiment/effFix-benchmark/lxc/null-ptr-20-lxc/repair/infer-out-single -- make -j4
[Wed Jan 21 04:03:32 2026][COMMAND]: sed -i -e '238s:^:cmsg->cmsg_len = cmsg->cmsg_len * \& ...->msg_controllen ;  :' /effFix-experiment/effFix-benchmark/lxc/null-ptr-20-lxc/src/src/lxc/af_unix.c
[Wed Jan 21 04:03:33 2026][COMMAND]: diff -u /effFix-experiment/effFix-benchmark/lxc/null-ptr-20-lxc/repair/af_unix.c.backup /effFix-experiment/effFix-benchmark/lxc/null-ptr-20-lxc/src/src/lxc/af_unix.c > /effFix-experiment/effFix-benchmark/lxc/null-ptr-20-lxc/repair/430.patch
[Wed Jan 21 04:03:33 2026][COMMAND]: /opt/infer/infer/bin/infer --pulse-only --pulse-max-disjuncts 100 --jobs 32 --reactive --pulse-fix-mode --pulse-fix-file=src/lxc/af_unix.c --pulse-fix-function=lxc_abstract_unix_send_credential -o /effFix-experiment/effFix-benchmark/lxc/null-ptr-20-lxc/repair/infer-out-single -- make -j4
[Wed Jan 21 04:03:33 2026][COMMAND]: sed -i -e '238s:$: return 0; cmsg->cmsg_len = \& ...->msg_controllen / cmsg->cmsg_len ; :' /effFix-experiment/effFix-benchmark/lxc/null-ptr-20-lxc/src/src/lxc/af_unix.c
[Wed Jan 21 04:03:33 2026][COMMAND]: diff -u /effFix-experiment/effFix-benchmark/lxc/null-ptr-20-lxc/repair/af_unix.c.backup /effFix-experiment/effFix-benchmark/lxc/null-ptr-20-lxc/src/src/lxc/af_unix.c > /effFix-experiment/effFix-benchmark/lxc/null-ptr-20-lxc/repair/431.patch
[Wed Jan 21 04:03:33 2026][COMMAND]: /opt/infer/infer/bin/infer --pulse-only --pulse-max-disjuncts 100 --jobs 32 --reactive --pulse-fix-mode --pulse-fix-file=src/lxc/af_unix.c --pulse-fix-function=lxc_abstract_unix_send_credential -o /effFix-experiment/effFix-benchmark/lxc/null-ptr-20-lxc/repair/infer-out-single -- make -j4
[Wed Jan 21 04:03:33 2026][COMMAND]: sed -i -e '238s:^:if ( \& ...->msg_controllen * \& ...->msg_controllen == \& ...->msg_controllen ) { free ( cmsg ) ; }  :' /effFix-experiment/effFix-benchmark/lxc/null-ptr-20-lxc/src/src/lxc/af_unix.c
[Wed Jan 21 04:03:33 2026][COMMAND]: diff -u /effFix-experiment/effFix-benchmark/lxc/null-ptr-20-lxc/repair/af_unix.c.backup /effFix-experiment/effFix-benchmark/lxc/null-ptr-20-lxc/src/src/lxc/af_unix.c > /effFix-experiment/effFix-benchmark/lxc/null-ptr-20-lxc/repair/432.patch
[Wed Jan 21 04:03:33 2026][COMMAND]: /opt/infer/infer/bin/infer --pulse-only --pulse-max-disjuncts 100 --jobs 32 --reactive --pulse-fix-mode --pulse-fix-file=src/lxc/af_unix.c --pulse-fix-function=lxc_abstract_unix_send_credential -o /effFix-experiment/effFix-benchmark/lxc/null-ptr-20-lxc/repair/infer-out-single -- make -j4
[Wed Jan 21 04:03:33 2026][COMMAND]: sed -i -e '238s:^:msg.msg_controllen = msg.msg_controllen - cmsg->cmsg_len ;  :' /effFix-experiment/effFix-benchmark/lxc/null-ptr-20-lxc/src/src/lxc/af_unix.c
[Wed Jan 21 04:03:33 2026][COMMAND]: diff -u /effFix-experiment/effFix-benchmark/lxc/null-ptr-20-lxc/repair/af_unix.c.backup /effFix-experiment/effFix-benchmark/lxc/null-ptr-20-lxc/src/src/lxc/af_unix.c > /effFix-experiment/effFix-benchmark/lxc/null-ptr-20-lxc/repair/433.patch
[Wed Jan 21 04:03:33 2026][COMMAND]: /opt/infer/infer/bin/infer --pulse-only --pulse-max-disjuncts 100 --jobs 32 --reactive --pulse-fix-mode --pulse-fix-file=src/lxc/af_unix.c --pulse-fix-function=lxc_abstract_unix_send_credential -o /effFix-experiment/effFix-benchmark/lxc/null-ptr-20-lxc/repair/infer-out-single -- make -j4
[Wed Jan 21 04:03:33 2026][COMMAND]: sed -i -e '238s:^:if ( \& ...->msg_controllen >= 0 ) { return 0; }  :' /effFix-experiment/effFix-benchmark/lxc/null-ptr-20-lxc/src/src/lxc/af_unix.c
[Wed Jan 21 04:03:33 2026][COMMAND]: diff -u /effFix-experiment/effFix-benchmark/lxc/null-ptr-20-lxc/repair/af_unix.c.backup /effFix-experiment/effFix-benchmark/lxc/null-ptr-20-lxc/src/src/lxc/af_unix.c > /effFix-experiment/effFix-benchmark/lxc/null-ptr-20-lxc/repair/434.patch
[Wed Jan 21 04:03:33 2026][COMMAND]: /opt/infer/infer/bin/infer --pulse-only --pulse-max-disjuncts 100 --jobs 32 --reactive --pulse-fix-mode --pulse-fix-file=src/lxc/af_unix.c --pulse-fix-function=lxc_abstract_unix_send_credential -o /effFix-experiment/effFix-benchmark/lxc/null-ptr-20-lxc/repair/infer-out-single -- make -j4
[Wed Jan 21 04:03:33 2026][COMMAND]: sed -i -e '238s:$: return cmsg ; return call to sendmsg; :' /effFix-experiment/effFix-benchmark/lxc/null-ptr-20-lxc/src/src/lxc/af_unix.c
[Wed Jan 21 04:03:33 2026][COMMAND]: diff -u /effFix-experiment/effFix-benchmark/lxc/null-ptr-20-lxc/repair/af_unix.c.backup /effFix-experiment/effFix-benchmark/lxc/null-ptr-20-lxc/src/src/lxc/af_unix.c > /effFix-experiment/effFix-benchmark/lxc/null-ptr-20-lxc/repair/435.patch
[Wed Jan 21 04:03:33 2026][COMMAND]: /opt/infer/infer/bin/infer --pulse-only --pulse-max-disjuncts 100 --jobs 32 --reactive --pulse-fix-mode --pulse-fix-file=src/lxc/af_unix.c --pulse-fix-function=lxc_abstract_unix_send_credential -o /effFix-experiment/effFix-benchmark/lxc/null-ptr-20-lxc/repair/infer-out-single -- make -j4
[Wed Jan 21 04:03:33 2026][COMMAND]: sed -i -e '238s:^:return msg.msg_control ; return call to sendmsg;  :' /effFix-experiment/effFix-benchmark/lxc/null-ptr-20-lxc/src/src/lxc/af_unix.c
[Wed Jan 21 04:03:33 2026][COMMAND]: diff -u /effFix-experiment/effFix-benchmark/lxc/null-ptr-20-lxc/repair/af_unix.c.backup /effFix-experiment/effFix-benchmark/lxc/null-ptr-20-lxc/src/src/lxc/af_unix.c > /effFix-experiment/effFix-benchmark/lxc/null-ptr-20-lxc/repair/436.patch
[Wed Jan 21 04:03:33 2026][COMMAND]: /opt/infer/infer/bin/infer --pulse-only --pulse-max-disjuncts 100 --jobs 32 --reactive --pulse-fix-mode --pulse-fix-file=src/lxc/af_unix.c --pulse-fix-function=lxc_abstract_unix_send_credential -o /effFix-experiment/effFix-benchmark/lxc/null-ptr-20-lxc/repair/infer-out-single -- make -j4
[Wed Jan 21 04:03:33 2026][COMMAND]: sed -i -e '238s:^:cmsg->cmsg_len = msg.msg_controllen - \& ...->msg_controllen ;  :' /effFix-experiment/effFix-benchmark/lxc/null-ptr-20-lxc/src/src/lxc/af_unix.c
[Wed Jan 21 04:03:33 2026][COMMAND]: diff -u /effFix-experiment/effFix-benchmark/lxc/null-ptr-20-lxc/repair/af_unix.c.backup /effFix-experiment/effFix-benchmark/lxc/null-ptr-20-lxc/src/src/lxc/af_unix.c > /effFix-experiment/effFix-benchmark/lxc/null-ptr-20-lxc/repair/437.patch
[Wed Jan 21 04:03:33 2026][COMMAND]: /opt/infer/infer/bin/infer --pulse-only --pulse-max-disjuncts 100 --jobs 32 --reactive --pulse-fix-mode --pulse-fix-file=src/lxc/af_unix.c --pulse-fix-function=lxc_abstract_unix_send_credential -o /effFix-experiment/effFix-benchmark/lxc/null-ptr-20-lxc/repair/infer-out-single -- make -j4
[Wed Jan 21 04:03:33 2026][COMMAND]: sed -i -e '238s:$: free ( \& ...->msg_control ) ; return call to sendmsg; :' /effFix-experiment/effFix-benchmark/lxc/null-ptr-20-lxc/src/src/lxc/af_unix.c
[Wed Jan 21 04:03:33 2026][COMMAND]: diff -u /effFix-experiment/effFix-benchmark/lxc/null-ptr-20-lxc/repair/af_unix.c.backup /effFix-experiment/effFix-benchmark/lxc/null-ptr-20-lxc/src/src/lxc/af_unix.c > /effFix-experiment/effFix-benchmark/lxc/null-ptr-20-lxc/repair/438.patch
[Wed Jan 21 04:03:33 2026][COMMAND]: /opt/infer/infer/bin/infer --pulse-only --pulse-max-disjuncts 100 --jobs 32 --reactive --pulse-fix-mode --pulse-fix-file=src/lxc/af_unix.c --pulse-fix-function=lxc_abstract_unix_send_credential -o /effFix-experiment/effFix-benchmark/lxc/null-ptr-20-lxc/repair/infer-out-single -- make -j4
[Wed Jan 21 04:03:33 2026][COMMAND]: sed -i -e '238s:^:if ( ! ( cmsg->cmsg_len + cmsg->cmsg_len < 1 ) ) { free ( \& ...->msg_control ) ; }  :' /effFix-experiment/effFix-benchmark/lxc/null-ptr-20-lxc/src/src/lxc/af_unix.c
[Wed Jan 21 04:03:33 2026][COMMAND]: diff -u /effFix-experiment/effFix-benchmark/lxc/null-ptr-20-lxc/repair/af_unix.c.backup /effFix-experiment/effFix-benchmark/lxc/null-ptr-20-lxc/src/src/lxc/af_unix.c > /effFix-experiment/effFix-benchmark/lxc/null-ptr-20-lxc/repair/439.patch
[Wed Jan 21 04:03:33 2026][COMMAND]: /opt/infer/infer/bin/infer --pulse-only --pulse-max-disjuncts 100 --jobs 32 --reactive --pulse-fix-mode --pulse-fix-file=src/lxc/af_unix.c --pulse-fix-function=lxc_abstract_unix_send_credential -o /effFix-experiment/effFix-benchmark/lxc/null-ptr-20-lxc/repair/infer-out-single -- make -j4
[Wed Jan 21 04:03:33 2026][COMMAND]: sed -i -e '238s:$: msg.msg_control = msg.msg_control ; :' /effFix-experiment/effFix-benchmark/lxc/null-ptr-20-lxc/src/src/lxc/af_unix.c
[Wed Jan 21 04:03:33 2026][COMMAND]: diff -u /effFix-experiment/effFix-benchmark/lxc/null-ptr-20-lxc/repair/af_unix.c.backup /effFix-experiment/effFix-benchmark/lxc/null-ptr-20-lxc/src/src/lxc/af_unix.c > /effFix-experiment/effFix-benchmark/lxc/null-ptr-20-lxc/repair/440.patch
[Wed Jan 21 04:03:33 2026][COMMAND]: /opt/infer/infer/bin/infer --pulse-only --pulse-max-disjuncts 100 --jobs 32 --reactive --pulse-fix-mode --pulse-fix-file=src/lxc/af_unix.c --pulse-fix-function=lxc_abstract_unix_send_credential -o /effFix-experiment/effFix-benchmark/lxc/null-ptr-20-lxc/repair/infer-out-single -- make -j4
[Wed Jan 21 04:03:33 2026][COMMAND]: sed -i -e '238s:^:return 0; return \& ...->msg_control ;  :' /effFix-experiment/effFix-benchmark/lxc/null-ptr-20-lxc/src/src/lxc/af_unix.c
[Wed Jan 21 04:03:33 2026][COMMAND]: diff -u /effFix-experiment/effFix-benchmark/lxc/null-ptr-20-lxc/repair/af_unix.c.backup /effFix-experiment/effFix-benchmark/lxc/null-ptr-20-lxc/src/src/lxc/af_unix.c > /effFix-experiment/effFix-benchmark/lxc/null-ptr-20-lxc/repair/441.patch
[Wed Jan 21 04:03:34 2026][COMMAND]: /opt/infer/infer/bin/infer --pulse-only --pulse-max-disjuncts 100 --jobs 32 --reactive --pulse-fix-mode --pulse-fix-file=src/lxc/af_unix.c --pulse-fix-function=lxc_abstract_unix_send_credential -o /effFix-experiment/effFix-benchmark/lxc/null-ptr-20-lxc/repair/infer-out-single -- make -j4
[Wed Jan 21 04:03:34 2026][COMMAND]: sed -i -e '238s:$: return \& ...->msg_control ; if ( ! ( msg.msg_control == \& ...->msg_control ) ) { return NULL ; } :' /effFix-experiment/effFix-benchmark/lxc/null-ptr-20-lxc/src/src/lxc/af_unix.c
[Wed Jan 21 04:03:34 2026][COMMAND]: diff -u /effFix-experiment/effFix-benchmark/lxc/null-ptr-20-lxc/repair/af_unix.c.backup /effFix-experiment/effFix-benchmark/lxc/null-ptr-20-lxc/src/src/lxc/af_unix.c > /effFix-experiment/effFix-benchmark/lxc/null-ptr-20-lxc/repair/442.patch
[Wed Jan 21 04:03:34 2026][COMMAND]: /opt/infer/infer/bin/infer --pulse-only --pulse-max-disjuncts 100 --jobs 32 --reactive --pulse-fix-mode --pulse-fix-file=src/lxc/af_unix.c --pulse-fix-function=lxc_abstract_unix_send_credential -o /effFix-experiment/effFix-benchmark/lxc/null-ptr-20-lxc/repair/infer-out-single -- make -j4
[Wed Jan 21 04:03:34 2026][COMMAND]: sed -i -e '238s:$: return 0; return 0; :' /effFix-experiment/effFix-benchmark/lxc/null-ptr-20-lxc/src/src/lxc/af_unix.c
[Wed Jan 21 04:03:34 2026][COMMAND]: diff -u /effFix-experiment/effFix-benchmark/lxc/null-ptr-20-lxc/repair/af_unix.c.backup /effFix-experiment/effFix-benchmark/lxc/null-ptr-20-lxc/src/src/lxc/af_unix.c > /effFix-experiment/effFix-benchmark/lxc/null-ptr-20-lxc/repair/443.patch
[Wed Jan 21 04:03:34 2026][COMMAND]: /opt/infer/infer/bin/infer --pulse-only --pulse-max-disjuncts 100 --jobs 32 --reactive --pulse-fix-mode --pulse-fix-file=src/lxc/af_unix.c --pulse-fix-function=lxc_abstract_unix_send_credential -o /effFix-experiment/effFix-benchmark/lxc/null-ptr-20-lxc/repair/infer-out-single -- make -j4
[Wed Jan 21 04:03:34 2026][COMMAND]: sed -i -e '238s:^:if ( msg.msg_controllen >= cmsg->cmsg_len + cmsg->cmsg_len || msg.msg_control != \& ...->msg_control ) { msg.msg_controllen = \& ...->msg_controllen ; }  :' /effFix-experiment/effFix-benchmark/lxc/null-ptr-20-lxc/src/src/lxc/af_unix.c
[Wed Jan 21 04:03:34 2026][COMMAND]: diff -u /effFix-experiment/effFix-benchmark/lxc/null-ptr-20-lxc/repair/af_unix.c.backup /effFix-experiment/effFix-benchmark/lxc/null-ptr-20-lxc/src/src/lxc/af_unix.c > /effFix-experiment/effFix-benchmark/lxc/null-ptr-20-lxc/repair/444.patch
[Wed Jan 21 04:03:34 2026][COMMAND]: /opt/infer/infer/bin/infer --pulse-only --pulse-max-disjuncts 100 --jobs 32 --reactive --pulse-fix-mode --pulse-fix-file=src/lxc/af_unix.c --pulse-fix-function=lxc_abstract_unix_send_credential -o /effFix-experiment/effFix-benchmark/lxc/null-ptr-20-lxc/repair/infer-out-single -- make -j4
[Wed Jan 21 04:03:34 2026][COMMAND]: sed -i -e '238s:$: if ( cmsg->cmsg_len > cmsg->cmsg_len + cmsg->cmsg_len ) { return msg.msg_control ; } :' /effFix-experiment/effFix-benchmark/lxc/null-ptr-20-lxc/src/src/lxc/af_unix.c
[Wed Jan 21 04:03:34 2026][COMMAND]: diff -u /effFix-experiment/effFix-benchmark/lxc/null-ptr-20-lxc/repair/af_unix.c.backup /effFix-experiment/effFix-benchmark/lxc/null-ptr-20-lxc/src/src/lxc/af_unix.c > /effFix-experiment/effFix-benchmark/lxc/null-ptr-20-lxc/repair/445.patch
[Wed Jan 21 04:03:34 2026][COMMAND]: /opt/infer/infer/bin/infer --pulse-only --pulse-max-disjuncts 100 --jobs 32 --reactive --pulse-fix-mode --pulse-fix-file=src/lxc/af_unix.c --pulse-fix-function=lxc_abstract_unix_send_credential -o /effFix-experiment/effFix-benchmark/lxc/null-ptr-20-lxc/repair/infer-out-single -- make -j4
[Wed Jan 21 04:03:34 2026][COMMAND]: sed -i -e '238s:$: if ( ! ( msg.msg_controllen < 1 ) ) { cmsg->cmsg_len = msg.msg_controllen ; } :' /effFix-experiment/effFix-benchmark/lxc/null-ptr-20-lxc/src/src/lxc/af_unix.c
[Wed Jan 21 04:03:34 2026][COMMAND]: diff -u /effFix-experiment/effFix-benchmark/lxc/null-ptr-20-lxc/repair/af_unix.c.backup /effFix-experiment/effFix-benchmark/lxc/null-ptr-20-lxc/src/src/lxc/af_unix.c > /effFix-experiment/effFix-benchmark/lxc/null-ptr-20-lxc/repair/446.patch
[Wed Jan 21 04:03:34 2026][COMMAND]: /opt/infer/infer/bin/infer --pulse-only --pulse-max-disjuncts 100 --jobs 32 --reactive --pulse-fix-mode --pulse-fix-file=src/lxc/af_unix.c --pulse-fix-function=lxc_abstract_unix_send_credential -o /effFix-experiment/effFix-benchmark/lxc/null-ptr-20-lxc/repair/infer-out-single -- make -j4
[Wed Jan 21 04:03:34 2026][COMMAND]: sed -i -e '238s:$: return cmsg ; cmsg->cmsg_len = cmsg->cmsg_len ; :' /effFix-experiment/effFix-benchmark/lxc/null-ptr-20-lxc/src/src/lxc/af_unix.c
[Wed Jan 21 04:03:34 2026][COMMAND]: diff -u /effFix-experiment/effFix-benchmark/lxc/null-ptr-20-lxc/repair/af_unix.c.backup /effFix-experiment/effFix-benchmark/lxc/null-ptr-20-lxc/src/src/lxc/af_unix.c > /effFix-experiment/effFix-benchmark/lxc/null-ptr-20-lxc/repair/447.patch
[Wed Jan 21 04:03:34 2026][COMMAND]: /opt/infer/infer/bin/infer --pulse-only --pulse-max-disjuncts 100 --jobs 32 --reactive --pulse-fix-mode --pulse-fix-file=src/lxc/af_unix.c --pulse-fix-function=lxc_abstract_unix_send_credential -o /effFix-experiment/effFix-benchmark/lxc/null-ptr-20-lxc/repair/infer-out-single -- make -j4
[Wed Jan 21 04:03:34 2026][COMMAND]: sed -i -e '238s:^:\& ...->msg_controllen = cmsg->cmsg_len - \& ...->msg_controllen ;  :' /effFix-experiment/effFix-benchmark/lxc/null-ptr-20-lxc/src/src/lxc/af_unix.c
[Wed Jan 21 04:03:34 2026][COMMAND]: diff -u /effFix-experiment/effFix-benchmark/lxc/null-ptr-20-lxc/repair/af_unix.c.backup /effFix-experiment/effFix-benchmark/lxc/null-ptr-20-lxc/src/src/lxc/af_unix.c > /effFix-experiment/effFix-benchmark/lxc/null-ptr-20-lxc/repair/448.patch
[Wed Jan 21 04:03:34 2026][COMMAND]: /opt/infer/infer/bin/infer --pulse-only --pulse-max-disjuncts 100 --jobs 32 --reactive --pulse-fix-mode --pulse-fix-file=src/lxc/af_unix.c --pulse-fix-function=lxc_abstract_unix_send_credential -o /effFix-experiment/effFix-benchmark/lxc/null-ptr-20-lxc/repair/infer-out-single -- make -j4
[Wed Jan 21 04:03:34 2026][COMMAND]: sed -i -e '238s:$: if ( msg.msg_control == msg.msg_control || \& ...->msg_controllen * cmsg->cmsg_len >= -1 ) { return NULL ; } :' /effFix-experiment/effFix-benchmark/lxc/null-ptr-20-lxc/src/src/lxc/af_unix.c
[Wed Jan 21 04:03:34 2026][COMMAND]: diff -u /effFix-experiment/effFix-benchmark/lxc/null-ptr-20-lxc/repair/af_unix.c.backup /effFix-experiment/effFix-benchmark/lxc/null-ptr-20-lxc/src/src/lxc/af_unix.c > /effFix-experiment/effFix-benchmark/lxc/null-ptr-20-lxc/repair/449.patch
[Wed Jan 21 04:03:34 2026][COMMAND]: /opt/infer/infer/bin/infer --pulse-only --pulse-max-disjuncts 100 --jobs 32 --reactive --pulse-fix-mode --pulse-fix-file=src/lxc/af_unix.c --pulse-fix-function=lxc_abstract_unix_send_credential -o /effFix-experiment/effFix-benchmark/lxc/null-ptr-20-lxc/repair/infer-out-single -- make -j4
[Wed Jan 21 04:03:34 2026][COMMAND]: sed -i -e '238s:$: return NULL ; msg.msg_controllen = msg.msg_controllen ; :' /effFix-experiment/effFix-benchmark/lxc/null-ptr-20-lxc/src/src/lxc/af_unix.c
[Wed Jan 21 04:03:34 2026][COMMAND]: diff -u /effFix-experiment/effFix-benchmark/lxc/null-ptr-20-lxc/repair/af_unix.c.backup /effFix-experiment/effFix-benchmark/lxc/null-ptr-20-lxc/src/src/lxc/af_unix.c > /effFix-experiment/effFix-benchmark/lxc/null-ptr-20-lxc/repair/450.patch
[Wed Jan 21 04:03:34 2026][COMMAND]: /opt/infer/infer/bin/infer --pulse-only --pulse-max-disjuncts 100 --jobs 32 --reactive --pulse-fix-mode --pulse-fix-file=src/lxc/af_unix.c --pulse-fix-function=lxc_abstract_unix_send_credential -o /effFix-experiment/effFix-benchmark/lxc/null-ptr-20-lxc/repair/infer-out-single -- make -j4
[Wed Jan 21 04:03:34 2026][COMMAND]: sed -i -e '238s:$: \& ...->msg_controllen = cmsg->cmsg_len - \& ...->msg_controllen ; :' /effFix-experiment/effFix-benchmark/lxc/null-ptr-20-lxc/src/src/lxc/af_unix.c
[Wed Jan 21 04:03:34 2026][COMMAND]: diff -u /effFix-experiment/effFix-benchmark/lxc/null-ptr-20-lxc/repair/af_unix.c.backup /effFix-experiment/effFix-benchmark/lxc/null-ptr-20-lxc/src/src/lxc/af_unix.c > /effFix-experiment/effFix-benchmark/lxc/null-ptr-20-lxc/repair/451.patch
[Wed Jan 21 04:03:34 2026][COMMAND]: /opt/infer/infer/bin/infer --pulse-only --pulse-max-disjuncts 100 --jobs 32 --reactive --pulse-fix-mode --pulse-fix-file=src/lxc/af_unix.c --pulse-fix-function=lxc_abstract_unix_send_credential -o /effFix-experiment/effFix-benchmark/lxc/null-ptr-20-lxc/repair/infer-out-single -- make -j4
[Wed Jan 21 04:03:35 2026][COMMAND]: sed -i -e '238s:$: if ( ! ( \& ...->msg_controllen / cmsg->cmsg_len >= 0 ) ) { msg.msg_controllen = cmsg->cmsg_len ; } :' /effFix-experiment/effFix-benchmark/lxc/null-ptr-20-lxc/src/src/lxc/af_unix.c
[Wed Jan 21 04:03:35 2026][COMMAND]: diff -u /effFix-experiment/effFix-benchmark/lxc/null-ptr-20-lxc/repair/af_unix.c.backup /effFix-experiment/effFix-benchmark/lxc/null-ptr-20-lxc/src/src/lxc/af_unix.c > /effFix-experiment/effFix-benchmark/lxc/null-ptr-20-lxc/repair/452.patch
[Wed Jan 21 04:03:35 2026][COMMAND]: /opt/infer/infer/bin/infer --pulse-only --pulse-max-disjuncts 100 --jobs 32 --reactive --pulse-fix-mode --pulse-fix-file=src/lxc/af_unix.c --pulse-fix-function=lxc_abstract_unix_send_credential -o /effFix-experiment/effFix-benchmark/lxc/null-ptr-20-lxc/repair/infer-out-single -- make -j4
[Wed Jan 21 04:03:35 2026][COMMAND]: sed -i -e '238s:^:if ( \& ...->msg_control == NULL \&\& msg.msg_control == cmsg ) { return call to sendmsg; }  :' /effFix-experiment/effFix-benchmark/lxc/null-ptr-20-lxc/src/src/lxc/af_unix.c
[Wed Jan 21 04:03:35 2026][COMMAND]: diff -u /effFix-experiment/effFix-benchmark/lxc/null-ptr-20-lxc/repair/af_unix.c.backup /effFix-experiment/effFix-benchmark/lxc/null-ptr-20-lxc/src/src/lxc/af_unix.c > /effFix-experiment/effFix-benchmark/lxc/null-ptr-20-lxc/repair/453.patch
[Wed Jan 21 04:03:35 2026][COMMAND]: /opt/infer/infer/bin/infer --pulse-only --pulse-max-disjuncts 100 --jobs 32 --reactive --pulse-fix-mode --pulse-fix-file=src/lxc/af_unix.c --pulse-fix-function=lxc_abstract_unix_send_credential -o /effFix-experiment/effFix-benchmark/lxc/null-ptr-20-lxc/repair/infer-out-single -- make -j4
[Wed Jan 21 04:03:35 2026][COMMAND]: sed -i -e '238s:^:cmsg->cmsg_len = msg.msg_controllen + msg.msg_controllen ;  :' /effFix-experiment/effFix-benchmark/lxc/null-ptr-20-lxc/src/src/lxc/af_unix.c
[Wed Jan 21 04:03:35 2026][COMMAND]: diff -u /effFix-experiment/effFix-benchmark/lxc/null-ptr-20-lxc/repair/af_unix.c.backup /effFix-experiment/effFix-benchmark/lxc/null-ptr-20-lxc/src/src/lxc/af_unix.c > /effFix-experiment/effFix-benchmark/lxc/null-ptr-20-lxc/repair/454.patch
[Wed Jan 21 04:03:35 2026][COMMAND]: /opt/infer/infer/bin/infer --pulse-only --pulse-max-disjuncts 100 --jobs 32 --reactive --pulse-fix-mode --pulse-fix-file=src/lxc/af_unix.c --pulse-fix-function=lxc_abstract_unix_send_credential -o /effFix-experiment/effFix-benchmark/lxc/null-ptr-20-lxc/repair/infer-out-single -- make -j4
[Wed Jan 21 04:03:35 2026][COMMAND]: sed -i -e '238s:^:\& ...->msg_control = malloc ( sizeof ( * cmsg ) ) ;  :' /effFix-experiment/effFix-benchmark/lxc/null-ptr-20-lxc/src/src/lxc/af_unix.c
[Wed Jan 21 04:03:35 2026][COMMAND]: diff -u /effFix-experiment/effFix-benchmark/lxc/null-ptr-20-lxc/repair/af_unix.c.backup /effFix-experiment/effFix-benchmark/lxc/null-ptr-20-lxc/src/src/lxc/af_unix.c > /effFix-experiment/effFix-benchmark/lxc/null-ptr-20-lxc/repair/455.patch
[Wed Jan 21 04:03:35 2026][COMMAND]: /opt/infer/infer/bin/infer --pulse-only --pulse-max-disjuncts 100 --jobs 32 --reactive --pulse-fix-mode --pulse-fix-file=src/lxc/af_unix.c --pulse-fix-function=lxc_abstract_unix_send_credential -o /effFix-experiment/effFix-benchmark/lxc/null-ptr-20-lxc/repair/infer-out-single -- make -j4
[Wed Jan 21 04:03:35 2026][COMMAND]: sed -i -e '238s:$: if ( msg.msg_controllen + cmsg->cmsg_len < 0 || \& ...->msg_controllen + \& ...->msg_controllen > 1 ) { cmsg = msg.msg_control ; } :' /effFix-experiment/effFix-benchmark/lxc/null-ptr-20-lxc/src/src/lxc/af_unix.c
[Wed Jan 21 04:03:35 2026][COMMAND]: diff -u /effFix-experiment/effFix-benchmark/lxc/null-ptr-20-lxc/repair/af_unix.c.backup /effFix-experiment/effFix-benchmark/lxc/null-ptr-20-lxc/src/src/lxc/af_unix.c > /effFix-experiment/effFix-benchmark/lxc/null-ptr-20-lxc/repair/456.patch
[Wed Jan 21 04:03:35 2026][COMMAND]: /opt/infer/infer/bin/infer --pulse-only --pulse-max-disjuncts 100 --jobs 32 --reactive --pulse-fix-mode --pulse-fix-file=src/lxc/af_unix.c --pulse-fix-function=lxc_abstract_unix_send_credential -o /effFix-experiment/effFix-benchmark/lxc/null-ptr-20-lxc/repair/infer-out-single -- make -j4
[Wed Jan 21 04:03:35 2026][COMMAND]: sed -i -e '238s:^:\& ...->msg_controllen = \& ...->msg_controllen * msg.msg_controllen ; if ( msg.msg_control == NULL || \& ...->msg_control == \& ...->msg_control ) { free ( msg.msg_control ) ; }  :' /effFix-experiment/effFix-benchmark/lxc/null-ptr-20-lxc/src/src/lxc/af_unix.c
[Wed Jan 21 04:03:35 2026][COMMAND]: diff -u /effFix-experiment/effFix-benchmark/lxc/null-ptr-20-lxc/repair/af_unix.c.backup /effFix-experiment/effFix-benchmark/lxc/null-ptr-20-lxc/src/src/lxc/af_unix.c > /effFix-experiment/effFix-benchmark/lxc/null-ptr-20-lxc/repair/457.patch
[Wed Jan 21 04:03:35 2026][COMMAND]: /opt/infer/infer/bin/infer --pulse-only --pulse-max-disjuncts 100 --jobs 32 --reactive --pulse-fix-mode --pulse-fix-file=src/lxc/af_unix.c --pulse-fix-function=lxc_abstract_unix_send_credential -o /effFix-experiment/effFix-benchmark/lxc/null-ptr-20-lxc/repair/infer-out-single -- make -j4
[Wed Jan 21 04:03:35 2026][COMMAND]: sed -i -e '238s:^:msg.msg_control = \& ...->msg_control ;  :' /effFix-experiment/effFix-benchmark/lxc/null-ptr-20-lxc/src/src/lxc/af_unix.c
[Wed Jan 21 04:03:35 2026][COMMAND]: diff -u /effFix-experiment/effFix-benchmark/lxc/null-ptr-20-lxc/repair/af_unix.c.backup /effFix-experiment/effFix-benchmark/lxc/null-ptr-20-lxc/src/src/lxc/af_unix.c > /effFix-experiment/effFix-benchmark/lxc/null-ptr-20-lxc/repair/458.patch
[Wed Jan 21 04:03:35 2026][COMMAND]: /opt/infer/infer/bin/infer --pulse-only --pulse-max-disjuncts 100 --jobs 32 --reactive --pulse-fix-mode --pulse-fix-file=src/lxc/af_unix.c --pulse-fix-function=lxc_abstract_unix_send_credential -o /effFix-experiment/effFix-benchmark/lxc/null-ptr-20-lxc/repair/infer-out-single -- make -j4
[Wed Jan 21 04:03:35 2026][INFO]: Loc 238: Ending repair loop since time budget is exceeded
[Wed Jan 21 04:03:35 2026][INFO]: Loc 238: Repair loop finished
[Wed Jan 21 04:03:35 2026][INFO]: [Timer] Accumulated duration for patch-generation: 0.371s
[Wed Jan 21 04:03:35 2026][INFO]: [Timer] Average duration for patch-generation: 0.00081s
[Wed Jan 21 04:03:35 2026][INFO]: [Timer] Accumulated duration for probabilities-update: 0.002s
[Wed Jan 21 04:03:35 2026][INFO]: [Timer] Average duration for probabilities-update: 0.00000s
[Wed Jan 21 04:03:35 2026][INFO]: [Timer] Accumulated duration for patch-signature-generation: 0.128s
[Wed Jan 21 04:03:35 2026][INFO]: [Timer] Average duration for patch-signature-generation: 0.00028s
[Wed Jan 21 04:03:35 2026][INFO]: [Timer] Accumulated duration for footprint-generation: 45.396s
[Wed Jan 21 04:03:35 2026][INFO]: [Timer] Average duration for footprint-generation: 0.09912s
[Wed Jan 21 04:03:35 2026][INFO]: [Timer] Accumulated duration for patch-clustering: 0.295s
[Wed Jan 21 04:03:35 2026][INFO]: [Timer] Average duration for patch-clustering: 0.00064s
[Wed Jan 21 04:03:35 2026][INFO]: Number of prod-rule-combos: 2
[Wed Jan 21 04:03:35 2026][INFO]: Number of plausible prod-rule-combos: 0
[Wed Jan 21 04:03:35 2026][INFO]: Number of clusters: 4
[Wed Jan 21 04:03:35 2026][INFO]: Number of clustered patches: 458
[Wed Jan 21 04:03:35 2026][INFO]: Average number of patches per cluster:114.500
[Wed Jan 21 04:03:35 2026][INFO]: plausible-prod-combo-1: 0
[Wed Jan 21 04:03:35 2026][INFO]: plausible-prod-combo-2: 0
[Wed Jan 21 04:03:35 2026][INFO]: prod-combo-1: 1
[Wed Jan 21 04:03:35 2026][INFO]: prod-combo-2: 1
[Wed Jan 21 04:03:35 2026][INFO]: Explored 458/861132200499442452838883500105957745884321956870595589963659290076741989701826753337417227117909785172498271719772435917364648890499494510069216486596855237115643279059307594838124884(0.000%) patches
[Wed Jan 21 04:03:35 2026][INFO]: [Timer] Duration for total-repair: 222.581s
[Wed Jan 21 04:03:35 2026][INFO]: Validating locally good clusters
[Wed Jan 21 04:03:35 2026][INFO]: Checking which clusters are locally good
[Wed Jan 21 04:03:35 2026][INFO]: Number of locally good clusters: 0
[Wed Jan 21 04:03:35 2026][INFO]: Locally good clusters are: []
[Wed Jan 21 04:03:35 2026][WARNING]: no locally good clusters found. cannot validate.
[Wed Jan 21 04:03:35 2026][INFO]: [Timer] Duration for total-validation: 0.002s
[Wed Jan 21 04:03:35 2026][INFO]: Finalizing and exiting tool
[Wed Jan 21 04:03:35 2026][INFO]: [Timer] Duration for total-run-time: 300.047s
[Wed Jan 21 04:03:35 2026][LOG]: Run time statistics:
-----------------------
[Wed Jan 21 04:03:35 2026][LOG]: effFix (Stage: repair) finished successfully after 300.047 seconds
[Wed Jan 21 04:03:35 2026][LOG]: Time duration
----------------------
[Wed Jan 21 04:03:35 2026][LOG]: effFix (Stage: repair) finished successfully after 300.047 seconds
[Wed Jan 21 04:03:35 2026][END] effFix ended at  2026-01-21 04:03:35.695996

